region,period,t_anomaly,n_stations
Алтайский край,2014-01,1.43,12
Алтайский край,2014-02,-5.18,12
Алтайский край,2014-03,3.3,12
Алтайский край,2014-04,1.64,12
Алтайский край,2014-05,-1.55,11
Алтайский край,2014-06,-0.25,11
Алтайский край,2014-07,-0.36,11
Алтайский край,2014-08,0.62,11
Алтайский край,2014-09,-1.93,11
Алтайский край,2014-10,-1.95,12
Алтайский край,2014-11,-1.51,12
Алтайский край,2014-12,0.36,12
Алтайский край,2015-01,3.2,12
Алтайский край,2015-02,2.01,12
Алтайский край,2015-03,0.23,12
Алтайский край,2015-04,-0.01,12
Алтайский край,2015-05,0.64,12
Алтайский край,2015-06,1.21,12
Алтайский край,2015-07,0.27,11
Алтайский край,2015-08,-0.04,12
Алтайский край,2015-09,-1.19,12
Алтайский край,2015-10,0.74,12
Алтайский край,2015-11,-1.62,12
Алтайский край,2015-12,7.44,12
Алтайский край,2016-01,-3.1,12
Алтайский край,2016-02,4.44,12
Алтайский край,2016-03,3.65,12
Алтайский край,2016-04,3.17,12
Алтайский край,2016-05,-1.28,12
Алтайский край,2016-06,0.62,12
Алтайский край,2016-07,0.6,12
Алтайский край,2016-08,-0.55,12
Алтайский край,2016-09,2.75,12
Алтайский край,2016-10,-5.68,12
Алтайский край,2016-11,-6.63,12
Алтайский край,2016-12,2.3,12
Алтайский край,2017-01,3.99,12
Алтайский край,2017-02,0.29,12
Алтайский край,2017-03,-0.59,12
Алтайский край,2017-04,0.81,12
Алтайский край,2017-05,1.02,12
Алтайский край,2017-06,1.55,12
Алтайский край,2017-07,-0.59,12
Алтайский край,2017-08,-0.45,12
Алтайский край,2017-09,-0.91,12
Алтайский край,2017-10,-1.24,12
Алтайский край,2017-11,1.73,11
Алтайский край,2017-12,-0.15,12
Алтайский край,2018-01,-5.61,12
Алтайский край,2018-02,-0.52,12
Алтайский край,2018-03,0.37,12
Алтайский край,2018-04,-0.79,12
Алтайский край,2018-05,-3.04,12
Алтайский край,2018-06,1.28,12
Алтайский край,2018-07,-1.33,11
Алтайский край,2018-08,-0.12,11
Алтайский край,2018-09,0.13,11
Алтайский край,2018-10,1.17,11
Алтайский край,2018-11,-0.92,11
Алтайский край,2018-12,-5.78,11
Алтайский край,2019-01,0.64,11
Алтайский край,2019-02,-2.08,11
Алтайский край,2019-03,3.01,11
Алтайский край,2019-04,-0.34,11
Алтайский край,2019-05,-1.92,11
Алтайский край,2019-06,-1.57,11
Алтайский край,2019-07,-0.18,8
Алтайский край,2019-08,1.62,8
Алтайский край,2019-09,0.52,8
Алтайский край,2019-10,1.41,8
Алтайский край,2019-11,-2.93,8
Алтайский край,2019-12,4.39,7
Алтайский край,2020-01,5.42,7
Алтайский край,2020-02,6.45,7
Алтайский край,2020-03,2.75,7
Алтайский край,2020-04,4.61,7
Алтайский край,2020-05,3.92,7
Алтайский край,2020-06,-0.83,7
Алтайский край,2020-07,0.1,7
Алтайский край,2020-08,0.99,7
Алтайский край,2020-09,-0.1,7
Алтайский край,2020-10,-0.76,7
Алтайский край,2020-11,1.45,7
Алтайский край,2020-12,-2.22,7
Алтайский край,2021-01,-2.6,7
Алтайский край,2021-02,2.73,7
Алтайский край,2021-03,0.34,7
Алтайский край,2021-04,-1.19,7
Алтайский край,2021-05,2.37,7
Алтайский край,2021-06,-1.25,7
Алтайский край,2021-07,0.02,7
Алтайский край,2021-08,0.41,7
Алтайский край,2021-09,-0.85,7
Алтайский край,2021-10,-0.83,7
Алтайский край,2021-11,0.77,7
Алтайский край,2021-12,4.7,7
Алтайский край,2022-01,2.51,7
Алтайский край,2022-02,1.43,7
Алтайский край,2022-03,-0.11,7
Алтайский край,2022-04,1.65,7
Алтайский край,2022-05,3.9,7
Алтайский край,2022-06,0.49,7
Алтайский край,2022-07,-0.62,6
Алтайский край,2022-08,-1.32,7
Алтайский край,2022-09,0.84,7
Алтайский край,2022-10,0.41,7
Алтайский край,2022-11,-2.16,7
Алтайский край,2022-12,-4.02,7
Алтайский край,2023-01,4.31,7
Алтайский край,2023-02,1.42,7
Алтайский край,2023-03,4.64,7
Алтайский край,2023-04,-2.49,7
Алтайский край,2023-05,-0.77,7
Алтайский край,2023-06,1.32,7
Алтайский край,2023-07,1.25,7
Алтайский край,2023-08,0.61,7
Алтайский край,2023-09,0.81,7
Алтайский край,2023-10,1.01,7
Алтайский край,2023-11,5.16,7
Алтайский край,2023-12,1.4,7
Алтайский край,2024-01,2.97,7
Алтайский край,2024-02,-0.42,7
Алтайский край,2024-03,2.66,7
Алтайский край,2024-04,1.31,7
Алтайский край,2024-05,0.01,7
Алтайский край,2024-06,2.1,7
Алтайский край,2024-07,1.59,7
Алтайский край,2024-08,1.51,7
Алтайский край,2024-09,-1.8,7
Алтайский край,2024-10,-0.07,7
Алтайский край,2024-11,2.04,7
Алтайский край,2024-12,2.32,7
Алтайский край,2025-01,6.92,7
Алтайский край,2025-02,3.81,7
Алтайский край,2025-03,2.02,7
Алтайский край,2025-04,3.84,7
Алтайский край,2025-05,1.58,7
Алтайский край,2025-06,2.8,7
Алтайский край,2025-07,-0.05,7
Алтайский край,2025-08,-1.06,3
Алтайский край,2025-09,1.07,3
Алтайский край,2025-10,-3.23,3
Алтайский край,2025-11,3.11,3
Алтайский край,2025-12,3.79,3
Алтайский край,2026-01,-0.48,3
Алтайский край,2026-02,0.46,3
Алтайский край,2026-03,2.67,2
Алтайский край,2026-04,1.59,3
Алтайский край,2026-05,-0.71,3
Алтайский край,2026-06,3.77,2
Амурская область,2014-01,-2.91,17
Амурская область,2014-02,-3.76,17
Амурская область,2014-03,2.1,17
Амурская область,2014-04,3.89,18
Амурская область,2014-05,0.61,17
Амурская область,2014-06,1.68,18
Амурская область,2014-07,-0.72,17
Амурская область,2014-08,1.28,18
Амурская область,2014-09,0.28,18
Амурская область,2014-10,-2.04,18
Амурская область,2014-11,1.64,18
Амурская область,2014-12,-0.73,18
Амурская область,2015-01,1.68,18
Амурская область,2015-02,3.85,18
Амурская область,2015-03,2.47,18
Амурская область,2015-04,-1.16,18
Амурская область,2015-05,-1.35,18
Амурская область,2015-06,0.13,17
Амурская область,2015-07,0.29,18
Амурская область,2015-08,2.65,18
Амурская область,2015-09,0.14,18
Амурская область,2015-10,0.57,17
Амурская область,2015-11,-0.81,17
Амурская область,2015-12,2.5,18
Амурская область,2016-01,1.28,17
Амурская область,2016-02,-1.78,18
Амурская область,2016-03,2.37,18
Амурская область,2016-04,0.11,18
Амурская область,2016-05,0.17,18
Амурская область,2016-06,-1.55,17
Амурская область,2016-07,-0.36,18
Амурская область,2016-08,-0.99,18
Амурская область,2016-09,1.95,18
Амурская область,2016-10,-4.16,18
Амурская область,2016-11,-3.74,18
Амурская область,2016-12,0.49,18
Амурская область,2017-01,2.59,18
Амурская область,2017-02,3.77,18
Амурская область,2017-03,4.31,18
Амурская область,2017-04,0.82,18
Амурская область,2017-05,0.12,18
Амурская область,2017-06,0.47,18
Амурская область,2017-07,0.25,18
Амурская область,2017-08,0.83,18
Амурская область,2017-09,0.42,18
Амурская область,2017-10,-1.61,18
Амурская область,2017-11,-0.57,18
Амурская область,2017-12,-0.39,18
Амурская область,2018-01,0.07,18
Амурская область,2018-02,-2.48,18
Амурская область,2018-03,0.45,18
Амурская область,2018-04,0.97,18
Амурская область,2018-05,1.44,18
Амурская область,2018-06,-1.09,18
Амурская область,2018-07,-0.06,16
Амурская область,2018-08,0.36,15
Амурская область,2018-09,0.36,16
Амурская область,2018-10,3.58,16
Амурская область,2018-11,1.67,15
Амурская область,2018-12,0.74,16
Амурская область,2019-01,2.83,16
Амурская область,2019-02,2.0,16
Амурская область,2019-03,2.61,16
Амурская область,2019-04,0.23,16
Амурская область,2019-05,-0.34,16
Амурская область,2019-06,-0.71,16
Амурская область,2019-07,-0.84,12
Амурская область,2019-08,-0.31,12
Амурская область,2019-09,0.11,13
Амурская область,2019-10,0.78,13
Амурская область,2019-11,-1.24,13
Амурская область,2019-12,-1.91,13
Амурская область,2020-01,1.83,13
Амурская область,2020-02,2.45,13
Амурская область,2020-03,2.87,13
Амурская область,2020-04,1.12,13
Амурская область,2020-05,-0.12,13
Амурская область,2020-06,-1.61,13
Амурская область,2020-07,1.48,13
Амурская область,2020-08,-1.68,13
Амурская область,2020-09,2.39,13
Амурская область,2020-10,1.17,13
Амурская область,2020-11,3.0,13
Амурская область,2020-12,0.92,13
Амурская область,2021-01,-3.59,13
Амурская область,2021-02,-2.35,13
Амурская область,2021-03,2.61,13
Амурская область,2021-04,-0.72,13
Амурская область,2021-05,-1.65,13
Амурская область,2021-06,1.1,13
Амурская область,2021-07,1.21,13
Амурская область,2021-08,-0.24,12
Амурская область,2021-09,1.51,13
Амурская область,2021-10,0.34,13
Амурская область,2021-11,4.39,13
Амурская область,2021-12,-0.14,13
Амурская область,2022-01,-0.21,13
Амурская область,2022-02,1.7,13
Амурская область,2022-03,2.24,13
Амурская область,2022-04,-0.87,13
Амурская область,2022-05,-1.3,13
Амурская область,2022-06,1.0,13
Амурская область,2022-07,1.89,13
Амурская область,2022-08,-1.48,12
Амурская область,2022-09,-0.57,11
Амурская область,2022-10,0.07,13
Амурская область,2022-11,1.79,13
Амурская область,2022-12,0.88,13
Амурская область,2023-01,-4.48,13
Амурская область,2023-02,0.12,13
Амурская область,2023-03,4.47,13
Амурская область,2023-04,-0.41,13
Амурская область,2023-05,-0.52,13
Амурская область,2023-06,-0.37,13
Амурская область,2023-07,1.03,13
Амурская область,2023-08,0.72,13
Амурская область,2023-09,-0.01,13
Амурская область,2023-10,2.24,13
Амурская область,2023-11,0.83,13
Амурская область,2023-12,-0.91,13
Амурская область,2024-01,-0.27,13
Амурская область,2024-02,0.25,13
Амурская область,2024-03,0.53,13
Амурская область,2024-04,1.28,13
Амурская область,2024-05,-0.16,13
Амурская область,2024-06,-0.99,13
Амурская область,2024-07,1.06,13
Амурская область,2024-08,0.4,13
Амурская область,2024-09,-0.67,13
Амурская область,2024-10,-0.08,13
Амурская область,2024-11,4.19,13
Амурская область,2024-12,2.35,13
Амурская область,2025-01,1.6,13
Амурская область,2025-02,1.67,13
Амурская область,2025-03,-0.83,13
Амурская область,2025-04,1.54,13
Амурская область,2025-05,-0.18,13
Амурская область,2025-06,0.24,13
Амурская область,2025-07,0.07,13
Амурская область,2025-08,-1.47,4
Амурская область,2025-09,0.05,4
Амурская область,2025-10,-4.43,4
Амурская область,2025-11,-0.7,4
Амурская область,2025-12,-3.3,4
Амурская область,2026-01,-1.02,4
Амурская область,2026-02,-0.92,4
Амурская область,2026-03,1.19,3
Амурская область,2026-04,-2.09,4
Амурская область,2026-05,-2.05,4
Амурская область,2026-06,-1.6,4
Архангельская область,2014-01,-1.4,23
Архангельская область,2014-02,3.79,23
Архангельская область,2014-03,2.96,23
Архангельская область,2014-04,-0.6,22
Архангельская область,2014-05,1.16,23
Архангельская область,2014-06,-0.83,23
Архангельская область,2014-07,-1.06,23
Архангельская область,2014-08,2.26,23
Архангельская область,2014-09,0.63,23
Архангельская область,2014-10,-3.53,22
Архангельская область,2014-11,1.16,24
Архангельская область,2014-12,1.4,24
Архангельская область,2015-01,-1.22,24
Архангельская область,2015-02,4.61,23
Архангельская область,2015-03,4.7,23
Архангельская область,2015-04,1.2,23
Архангельская область,2015-05,4.01,23
Архангельская область,2015-06,0.91,21
Архангельская область,2015-07,-3.22,21
Архангельская область,2015-08,-0.91,21
Архангельская область,2015-09,1.57,21
Архангельская область,2015-10,0.14,21
Архангельская область,2015-11,1.02,23
Архангельская область,2015-12,3.7,23
Архангельская область,2016-01,-4.61,23
Архангельская область,2016-02,7.5,23
Архангельская область,2016-03,2.64,23
Архангельская область,2016-04,3.08,23
Архангельская область,2016-05,3.52,22
Архангельская область,2016-06,0.52,21
Архангельская область,2016-07,2.71,21
Архангельская область,2016-08,2.53,21
Архангельская область,2016-09,0.51,21
Архангельская область,2016-10,0.6,22
Архангельская область,2016-11,-2.63,23
Архангельская область,2016-12,0.18,23
Архангельская область,2017-01,1.57,23
Архангельская область,2017-02,1.95,23
Архангельская область,2017-03,4.12,23
Архангельская область,2017-04,-1.47,23
Архангельская область,2017-05,-4.23,23
Архангельская область,2017-06,-2.7,21
Архангельская область,2017-07,0.98,21
Архангельская область,2017-08,1.76,21
Архангельская область,2017-09,-0.82,21
Архангельская область,2017-10,0.45,22
Архангельская область,2017-11,2.91,23
Архангельская область,2017-12,4.47,23
Архангельская область,2018-01,5.24,22
Архангельская область,2018-02,-1.68,23
Архангельская область,2018-03,-5.62,23
Архангельская область,2018-04,0.08,23
Архангельская область,2018-05,1.36,22
Архангельская область,2018-06,-0.64,21
Архангельская область,2018-07,1.93,21
Архангельская область,2018-08,1.53,21
Архангельская область,2018-09,1.84,21
Архангельская область,2018-10,1.23,22
Архангельская область,2018-11,2.71,23
Архангельская область,2018-12,0.39,23
Архангельская область,2019-01,-0.26,23
Архангельская область,2019-02,3.49,23
Архангельская область,2019-03,2.1,23
Архангельская область,2019-04,0.73,23
Архангельская область,2019-05,1.31,22
Архангельская область,2019-06,0.37,21
Архангельская область,2019-07,-2.69,21
Архангельская область,2019-08,-2.12,21
Архангельская область,2019-09,-0.0,21
Архангельская область,2019-10,-0.37,22
Архангельская область,2019-11,0.56,23
Архангельская область,2019-12,5.33,23
Архангельская область,2020-01,5.32,22
Архангельская область,2020-02,5.9,23
Архангельская область,2020-03,3.81,23
Архангельская область,2020-04,-0.4,23
Архангельская область,2020-05,-0.26,22
Архангельская область,2020-06,0.52,21
Архангельская область,2020-07,0.78,21
Архангельская область,2020-08,-0.31,21
Архангельская область,2020-09,1.31,21
Архангельская область,2020-10,1.86,22
Архангельская область,2020-11,4.45,23
Архангельская область,2020-12,0.84,23
Архангельская область,2021-01,-1.7,23
Архангельская область,2021-02,-7.11,21
Архангельская область,2021-03,-0.42,23
Архангельская область,2021-04,2.81,22
Архангельская область,2021-05,2.17,22
Архангельская область,2021-06,3.58,20
Архангельская область,2021-07,0.38,20
Архангельская область,2021-08,0.81,20
Архангельская область,2021-09,-2.13,20
Архангельская область,2021-10,1.39,21
Архангельская область,2021-11,1.17,22
Архангельская область,2021-12,-4.54,22
Архангельская область,2022-01,1.3,21
Архангельская область,2022-02,4.69,21
Архангельская область,2022-03,0.29,22
Архангельская область,2022-04,-0.57,22
Архангельская область,2022-05,-1.15,20
Архангельская область,2022-06,1.3,20
Архангельская область,2022-07,2.64,20
Архангельская область,2022-08,3.75,20
Архангельская область,2022-09,-1.0,20
Архангельская область,2022-10,2.31,21
Архангельская область,2022-11,-0.23,21
Архангельская область,2022-12,-0.3,22
Архангельская область,2023-01,3.44,22
Архангельская область,2023-02,2.99,22
Архангельская область,2023-03,0.35,21
Архангельская область,2023-04,0.46,21
Архангельская область,2023-05,2.84,21
Архангельская область,2023-06,-1.19,20
Архангельская область,2023-07,0.17,20
Архангельская область,2023-08,2.3,20
Архангельская область,2023-09,3.59,20
Архангельская область,2023-10,-0.28,20
Архангельская область,2023-11,-0.72,22
Архангельская область,2023-12,-2.58,22
Архангельская область,2024-01,-1.22,17
Архангельская область,2024-02,0.96,22
Архангельская область,2024-03,2.6,23
Архангельская область,2024-04,-0.6,23
Архангельская область,2024-05,-2.07,22
Архангельская область,2024-06,2.22,16
Архангельская область,2024-07,1.28,21
Архангельская область,2024-08,1.64,20
Архангельская область,2024-09,4.58,20
Архангельская область,2024-10,1.48,21
Архангельская область,2024-11,4.19,22
Архангельская область,2024-12,2.51,22
Архангельская область,2025-01,5.35,22
Архангельская область,2025-02,3.58,22
Архангельская область,2025-03,3.92,21
Архангельская область,2025-04,-0.35,22
Архангельская область,2025-05,1.97,21
Архангельская область,2025-06,-0.42,15
Архангельская область,2025-07,-0.49,20
Архангельская область,2025-08,-10.03,1
Архангельская область,2025-09,-8.28,1
Архангельская область,2025-10,2.03,6
Архангельская область,2025-11,3.21,6
Архангельская область,2025-12,1.54,6
Архангельская область,2026-01,-2.8,6
Архангельская область,2026-02,-7.05,1
Архангельская область,2026-03,1.67,5
Архангельская область,2026-04,0.4,6
Архангельская область,2026-05,2.12,6
Архангельская область,2026-06,0.5,6
Астраханская область,2014-01,-3.48,2
Астраханская область,2014-02,2.6,2
Астраханская область,2014-03,1.46,2
Астраханская область,2014-04,-0.72,2
Астраханская область,2014-05,3.78,2
Астраханская область,2014-06,0.26,2
Астраханская область,2014-07,-0.62,2
Астраханская область,2014-08,4.03,2
Астраханская область,2014-09,-0.4,2
Астраханская область,2014-10,-2.98,2
Астраханская область,2014-11,-2.87,2
Астраханская область,2014-12,0.93,2
Астраханская область,2015-01,1.37,2
Астраханская область,2015-02,0.95,2
Астраханская область,2015-03,0.67,2
Астраханская область,2015-04,-0.53,2
Астраханская область,2015-05,0.2,2
Астраханская область,2015-06,3.11,2
Астраханская область,2015-07,0.03,2
Астраханская область,2015-08,-0.34,2
Астраханская область,2015-09,3.11,2
Астраханская область,2015-10,-2.49,2
Астраханская область,2015-11,1.96,2
Астраханская область,2015-12,3.66,2
Астраханская область,2016-01,-0.21,2
Астраханская область,2016-02,5.38,2
Астраханская область,2016-03,2.19,2
Астраханская область,2016-04,1.98,2
Астраханская область,2016-05,0.4,2
Астраханская область,2016-06,-0.14,2
Астраханская область,2016-07,0.18,2
Астраханская область,2016-08,3.26,2
Астраханская область,2016-09,-1.06,2
Астраханская область,2016-10,-2.79,2
Астраханская область,2016-11,-1.29,2
Астраханская область,2016-12,-2.39,2
Астраханская область,2017-01,0.32,2
Астраханская область,2017-02,-1.19,2
Астраханская область,2017-03,1.74,2
Астраханская область,2017-04,-0.11,2
Астраханская область,2017-05,-0.79,2
Астраханская область,2017-06,-1.85,2
Астраханская область,2017-07,0.79,2
Астраханская область,2017-08,2.1,2
Астраханская область,2017-09,1.95,2
Астраханская область,2017-10,-0.6,2
Астраханская область,2017-11,1.63,2
Астраханская область,2017-12,1.56,2
Астраханская область,2018-01,-1.78,2
Астраханская область,2018-02,-0.22,2
Астраханская область,2018-03,-3.74,2
Астраханская область,2018-04,-0.77,2
Астраханская область,2018-05,2.57,2
Астраханская область,2018-06,-0.34,2
Астраханская область,2018-07,2.19,2
Астраханская область,2018-08,-0.69,2
Астраханская область,2018-09,1.68,2
Астраханская область,2018-10,1.64,2
Астраханская область,2018-11,-1.19,2
Астраханская область,2018-12,0.46,2
Астраханская область,2019-01,0.82,2
Астраханская область,2019-02,1.06,2
Астраханская область,2019-03,1.59,2
Астраханская область,2019-04,0.54,2
Астраханская область,2019-05,1.81,2
Астраханская область,2019-06,2.97,2
Астраханская область,2019-07,-0.83,2
Астраханская область,2019-08,-1.2,2
Астраханская область,2019-09,-1.75,2
Астраханская область,2019-10,2.12,2
Астраханская область,2019-11,-0.92,2
Астраханская область,2019-12,3.03,2
Астраханская область,2020-01,4.37,2
Астраханская область,2020-02,4.93,2
Астраханская область,2020-03,4.76,2
Астраханская область,2020-04,-1.69,2
Астраханская область,2020-05,-0.25,2
Астраханская область,2020-06,2.59,2
Астраханская область,2020-07,2.15,2
Астраханская область,2020-08,-1.53,2
Астраханская область,2020-09,0.53,2
Астраханская область,2020-10,2.42,2
Астраханская область,2020-11,-0.04,2
Астраханская область,2020-12,-2.92,2
Астраханская область,2021-01,2.44,2
Астраханская область,2021-02,0.26,2
Астраханская область,2021-03,-1.46,2
Астраханская область,2021-04,3.13,1
Астраханская область,2021-05,2.55,2
Астраханская область,2021-06,2.01,2
Астраханская область,2021-07,2.02,2
Астраханская область,2021-08,3.92,2
Астраханская область,2021-09,-1.45,2
Астраханская область,2021-10,-1.08,2
Астраханская область,2021-11,1.58,2
Астраханская область,2021-12,3.46,2
Астраханская область,2022-01,2.69,2
Астраханская область,2022-02,5.91,2
Астраханская область,2022-03,-1.64,2
Астраханская область,2022-04,2.63,2
Астраханская область,2022-05,-2.7,2
Астраханская область,2022-06,0.46,2
Астраханская область,2022-07,-1.03,2
Астраханская область,2022-08,3.27,2
Астраханская область,2022-09,1.28,2
Астраханская область,2022-10,0.99,2
Астраханская область,2022-11,1.48,2
Астраханская область,2022-12,-0.49,2
Астраханская область,2023-01,-0.58,2
Астраханская область,2023-02,0.21,2
Астраханская область,2023-03,5.39,2
Астраханская область,2023-04,1.93,2
Астраханская область,2023-05,0.48,2
Астраханская область,2023-06,-0.11,2
Астраханская область,2023-07,0.25,2
Астраханская область,2023-08,2.45,2
Астраханская область,2023-09,1.13,2
Астраханская область,2023-10,1.47,2
Астраханская область,2023-11,5.08,2
Астраханская область,2023-12,2.88,2
Астраханская область,2024-01,0.39,2
Астраханская область,2024-02,3.03,2
Астраханская область,2024-03,-0.34,2
Астраханская область,2024-04,5.96,2
Астраханская область,2024-05,-2.27,2
Астраханская область,2024-06,2.06,2
Астраханская область,2024-07,1.52,2
Астраханская область,2024-08,0.1,2
Астраханская область,2024-09,1.48,2
Астраханская область,2024-10,0.24,2
Астраханская область,2024-11,2.01,2
Астраханская область,2024-12,2.88,2
Астраханская область,2025-01,5.32,2
Астраханская область,2025-02,-1.37,2
Астраханская область,2025-03,3.84,2
Астраханская область,2025-04,1.91,2
Астраханская область,2025-05,0.4,2
Астраханская область,2025-06,-0.56,2
Астраханская область,2025-07,1.42,2
Астраханская область,2025-08,0.15,2
Астраханская область,2025-09,0.3,2
Астраханская область,2025-10,1.17,2
Астраханская область,2025-11,5.03,2
Астраханская область,2025-12,1.71,2
Астраханская область,2026-01,-1.41,2
Астраханская область,2026-02,-0.12,2
Астраханская область,2026-03,3.74,2
Астраханская область,2026-04,-0.59,2
Астраханская область,2026-05,0.88,2
Астраханская область,2026-06,-1.39,2
Белгородская область,2014-01,-2.39,3
Белгородская область,2014-02,2.0,3
Белгородская область,2014-03,3.83,3
Белгородская область,2014-04,-0.08,3
Белгородская область,2014-05,2.84,3
Белгородская область,2014-06,-1.53,3
Белгородская область,2014-07,0.36,3
Белгородская область,2014-08,1.19,3
Белгородская область,2014-09,-0.07,3
Белгородская область,2014-10,-2.17,3
Белгородская область,2014-11,-1.06,3
Белгородская область,2014-12,0.7,3
Белгородская область,2015-01,1.5,3
Белгородская область,2015-02,1.59,3
Белгородская область,2015-03,2.36,3
Белгородская область,2015-04,-0.85,3
Белгородская область,2015-05,0.06,3
Белгородская область,2015-06,1.29,3
Белгородская область,2015-07,-0.25,3
Белгородская область,2015-08,-0.08,3
Белгородская область,2015-09,3.29,3
Белгородская область,2015-10,-2.68,3
Белгородская область,2015-11,2.2,3
Белгородская область,2015-12,3.79,3
Белгородская область,2016-01,-2.85,3
Белгородская область,2016-02,5.57,3
Белгородская область,2016-03,2.81,3
Белгородская область,2016-04,2.17,3
Белгородская область,2016-05,-0.16,3
Белгородская область,2016-06,0.27,3
Белгородская область,2016-07,0.98,3
Белгородская область,2016-08,1.69,3
Белгородская область,2016-09,-1.37,3
Белгородская область,2016-10,-1.69,3
Белгородская область,2016-11,-1.32,3
Белгородская область,2016-12,-1.9,3
Белгородская область,2017-01,-0.92,3
Белгородская область,2017-02,-0.22,3
Белгородская область,2017-03,3.16,3
Белгородская область,2017-04,-0.42,3
Белгородская область,2017-05,-1.56,3
Белгородская область,2017-06,-1.03,3
Белгородская область,2017-07,-0.75,3
Белгородская область,2017-08,1.58,3
Белгородская область,2017-09,1.31,3
Белгородская область,2017-10,-0.77,3
Белгородская область,2017-11,0.45,3
Белгородская область,2017-12,6.02,3
Белгородская область,2018-01,1.0,3
Белгородская область,2018-02,-1.76,3
Белгородская область,2018-03,-5.32,3
Белгородская область,2018-04,1.05,3
Белгородская область,2018-05,2.41,3
Белгородская область,2018-06,-0.23,3
Белгородская область,2018-07,0.62,3
Белгородская область,2018-08,0.35,3
Белгородская область,2018-09,2.46,3
Белгородская область,2018-10,2.07,3
Белгородская область,2018-11,-2.09,3
Белгородская область,2018-12,-0.31,3
Белгородская область,2019-01,-0.66,3
Белгородская область,2019-02,2.96,3
Белгородская область,2019-03,2.03,3
Белгородская область,2019-04,0.73,3
Белгородская область,2019-05,1.42,3
Белгородская область,2019-06,2.74,3
Белгородская область,2019-07,-1.66,3
Белгородская область,2019-08,-0.62,3
Белгородская область,2019-09,0.49,3
Белгородская область,2019-10,2.4,3
Белгородская область,2019-11,1.77,3
Белгородская область,2019-12,4.77,3
Белгородская область,2020-01,4.91,3
Белгородская область,2020-02,4.52,3
Белгородская область,2020-03,5.21,3
Белгородская область,2020-04,-1.61,3
Белгородская область,2020-05,-2.27,3
Белгородская область,2020-06,2.72,3
Белгородская область,2020-07,0.11,3
Белгородская область,2020-08,-0.47,3
Белгородская область,2020-09,2.7,3
Белгородская область,2020-10,4.09,3
Белгородская область,2020-11,0.89,3
Белгородская область,2020-12,-0.09,3
Белгородская область,2021-01,2.21,3
Белгородская область,2021-02,-1.99,3
Белгородская область,2021-03,-0.28,3
Белгородская область,2021-04,-0.86,3
Белгородская область,2021-05,0.02,3
Белгородская область,2021-06,1.37,3
Белгородская область,2021-07,2.12,3
Белгородская область,2021-08,2.67,3
Белгородская область,2021-09,-2.03,2
Белгородская область,2021-10,-0.75,3
Белгородская область,2021-11,2.18,3
Белгородская область,2021-12,-0.13,3
Белгородская область,2022-01,1.12,3
Белгородская область,2022-02,4.21,3
Белгородская область,2022-03,-1.57,3
Белгородская область,2022-04,1.24,3
Белгородская область,2022-05,-3.02,3
Белгородская область,2022-06,0.88,3
Белгородская область,2022-07,-0.57,3
Белгородская область,2022-08,3.43,3
Белгородская область,2022-09,-2.13,3
Белгородская область,2022-10,1.25,3
Белгородская область,2022-11,0.38,3
Белгородская область,2022-12,2.65,3
Белгородская область,2023-01,1.44,3
Белгородская область,2023-02,1.21,3
Белгородская область,2023-03,3.44,3
Белгородская область,2023-04,0.75,3
Белгородская область,2023-05,-0.81,3
Белгородская область,2023-06,-1.37,3
Белгородская область,2023-07,-0.35,3
Белгородская область,2023-08,1.68,3
Белгородская область,2023-09,1.79,3
Белгородская область,2023-10,0.97,3
Белгородская область,2023-11,2.42,3
Белгородская область,2023-12,2.57,3
Белгородская область,2024-01,-0.61,3
Белгородская область,2024-02,4.05,3
Белгородская область,2024-03,1.73,3
Белгородская область,2024-04,4.36,3
Белгородская область,2024-05,-1.31,3
Белгородская область,2024-06,2.03,3
Белгородская область,2024-07,2.77,3
Белгородская область,2024-08,1.84,3
Белгородская область,2024-09,4.49,3
Белгородская область,2024-10,2.19,3
Белгородская область,2024-11,1.02,3
Белгородская область,2024-12,3.07,3
Белгородская область,2025-01,6.19,3
Белгородская область,2025-02,-2.28,3
Белгородская область,2025-03,5.4,3
Белгородская область,2025-04,1.63,3
Белгородская область,2025-05,-0.83,3
Белгородская область,2025-06,-1.23,3
Белгородская область,2025-07,1.66,3
Белгородская область,2025-08,-1.72,1
Белгородская область,2025-09,0.78,1
Белгородская область,2025-10,0.16,1
Белгородская область,2025-11,4.06,1
Белгородская область,2025-12,1.89,1
Белгородская область,2026-01,-3.81,1
Белгородская область,2026-02,-3.36,1
Белгородская область,2026-03,3.02,1
Белгородская область,2026-04,-2.32,1
Белгородская область,2026-05,0.31,1
Белгородская область,2026-06,-0.35,1
Брянская область,2014-01,-2.85,4
Брянская область,2014-02,2.96,4
Брянская область,2014-03,3.92,4
Брянская область,2014-04,0.17,4
Брянская область,2014-05,2.23,4
Брянская область,2014-06,-1.52,4
Брянская область,2014-07,0.94,4
Брянская область,2014-08,1.08,4
Брянская область,2014-09,-0.19,4
Брянская область,2014-10,-1.93,4
Брянская область,2014-11,-0.86,4
Брянская область,2014-12,-0.07,4
Брянская область,2015-01,2.59,4
Брянская область,2015-02,2.74,4
Брянская область,2015-03,3.09,4
Брянская область,2015-04,-0.85,4
Брянская область,2015-05,0.12,4
Брянская область,2015-06,-0.1,4
Брянская область,2015-07,-0.7,4
Брянская область,2015-08,0.22,4
Брянская область,2015-09,2.37,4
Брянская область,2015-10,-2.35,4
Брянская область,2015-11,1.64,4
Брянская область,2015-12,4.31,4
Брянская область,2016-01,-3.26,4
Брянская область,2016-02,4.82,4
Брянская область,2016-03,1.31,4
Брянская область,2016-04,1.31,4
Брянская область,2016-05,0.65,4
Брянская область,2016-06,0.56,4
Брянская область,2016-07,0.95,4
Брянская область,2016-08,0.91,4
Брянская область,2016-09,-0.4,4
Брянская область,2016-10,-1.71,4
Брянская область,2016-11,-2.08,4
Брянская область,2016-12,-0.01,4
Брянская область,2017-01,-0.68,4
Брянская область,2017-02,0.96,4
Брянская область,2017-03,3.85,4
Брянская область,2017-04,-0.53,4
Брянская область,2017-05,-1.88,4
Брянская область,2017-06,-1.47,4
Брянская область,2017-07,-1.62,4
Брянская область,2017-08,1.25,4
Брянская область,2017-09,1.03,4
Брянская область,2017-10,-0.81,4
Брянская область,2017-11,0.66,4
Брянская область,2017-12,3.93,4
Брянская область,2018-01,0.81,4
Брянская область,2018-02,-2.31,4
Брянская область,2018-03,-4.87,4
Брянская область,2018-04,1.09,4
Брянская область,2018-05,2.66,4
Брянская область,2018-06,-0.14,4
Брянская область,2018-07,0.48,4
Брянская область,2018-08,0.96,4
Брянская область,2018-09,2.79,4
Брянская область,2018-10,0.82,4
Брянская область,2018-11,-1.8,4
Брянская область,2018-12,-0.36,4
Брянская область,2019-01,-1.06,4
Брянская область,2019-02,3.48,4
Брянская область,2019-03,2.02,4
Брянская область,2019-04,0.5,4
Брянская область,2019-05,2.03,4
Брянская область,2019-06,3.05,4
Брянская область,2019-07,-2.54,3
Брянская область,2019-08,-1.52,3
Брянская область,2019-09,-0.5,3
Брянская область,2019-10,2.46,3
Брянская область,2019-11,1.94,3
Брянская область,2019-12,4.84,3
Брянская область,2020-01,5.39,3
Брянская область,2020-02,5.33,3
Брянская область,2020-03,4.23,3
Брянская область,2020-04,-1.4,3
Брянская область,2020-05,-3.06,3
Брянская область,2020-06,2.57,3
Брянская область,2020-07,-0.87,3
Брянская область,2020-08,-0.43,3
Брянская область,2020-09,2.25,3
Брянская область,2020-10,3.5,3
Брянская область,2020-11,1.67,3
Брянская область,2020-12,1.17,3
Брянская область,2021-01,1.31,3
Брянская область,2021-02,-3.91,3
Брянская область,2021-03,-0.21,3
Брянская область,2021-04,-1.15,3
Брянская область,2021-05,-0.85,3
Брянская область,2021-06,1.8,3
Брянская область,2021-07,2.54,3
Брянская область,2021-08,0.54,3
Брянская область,2021-09,-2.65,3
Брянская область,2021-10,-0.58,3
Брянская область,2021-11,2.33,3
Брянская область,2021-12,-0.36,3
Брянская область,2022-01,1.24,3
Брянская область,2022-02,4.06,3
Брянская область,2022-03,-0.42,3
Брянская область,2022-04,-1.93,3
Брянская область,2022-05,-2.66,3
Брянская область,2022-06,1.58,3
Брянская область,2022-07,-1.26,3
Брянская область,2022-08,2.54,3
Брянская область,2022-09,-2.44,3
Брянская область,2022-10,1.28,3
Брянская область,2022-11,0.43,3
Брянская область,2022-12,1.16,3
Брянская область,2023-01,2.65,3
Брянская область,2023-02,1.61,3
Брянская область,2023-03,2.37,3
Брянская область,2023-04,1.73,3
Брянская область,2023-05,-1.34,3
Брянская область,2023-06,-0.67,3
Брянская область,2023-07,-0.76,3
Брянская область,2023-08,2.21,3
Брянская область,2023-09,2.12,3
Брянская область,2023-10,0.56,3
Брянская область,2023-11,1.19,3
Брянская область,2023-12,1.81,3
Брянская область,2024-01,-1.79,3
Брянская область,2024-02,4.21,3
Брянская область,2024-03,2.18,3
Брянская область,2024-04,2.72,3
Брянская область,2024-05,-1.13,3
Брянская область,2024-06,1.9,3
Брянская область,2024-07,2.18,3
Брянская область,2024-08,1.56,3
Брянская область,2024-09,4.57,3
Брянская область,2024-10,2.31,3
Брянская область,2024-11,1.14,3
Брянская область,2024-12,2.61,3
Брянская область,2025-01,6.26,3
Брянская область,2025-02,-1.13,3
Брянская область,2025-03,4.34,3
Брянская область,2025-04,1.09,3
Брянская область,2025-05,-1.57,3
Брянская область,2025-06,-1.13,3
Брянская область,2025-07,1.29,3
Брянская область,2025-08,-0.98,1
Брянская область,2025-09,0.9,1
Брянская область,2025-10,1.09,1
Брянская область,2025-11,4.09,1
Брянская область,2025-12,2.64,1
Брянская область,2026-01,-5.97,1
Брянская область,2026-02,-3.74,1
Брянская область,2026-03,3.86,1
Брянская область,2026-04,-1.63,1
Брянская область,2026-05,1.24,1
Брянская область,2026-06,0.5,1
Владимирская область,2014-01,-2.31,2
Владимирская область,2014-02,4.32,2
Владимирская область,2014-03,3.24,2
Владимирская область,2014-04,-0.2,2
Владимирская область,2014-05,2.45,2
Владимирская область,2014-06,-1.4,2
Владимирская область,2014-07,0.19,2
Владимирская область,2014-08,1.26,2
Владимирская область,2014-09,0.13,2
Владимирская область,2014-10,-2.7,2
Владимирская область,2014-11,-0.83,2
Владимирская область,2014-12,1.64,2
Владимирская область,2015-01,1.53,2
Владимирская область,2015-02,4.2,2
Владимирская область,2015-03,2.46,2
Владимирская область,2015-11,1.0,2
Владимирская область,2015-12,4.7,2
Владимирская область,2016-01,-3.21,2
Владимирская область,2016-02,6.0,2
Владимирская область,2016-03,1.23,2
Владимирская область,2016-11,-1.68,2
Владимирская область,2016-12,-0.59,2
Владимирская область,2017-01,-1.99,2
Владимирская область,2017-02,1.59,2
Владимирская область,2017-03,3.64,2
Владимирская область,2017-11,0.42,2
Владимирская область,2017-12,4.93,2
Владимирская область,2018-01,1.99,2
Владимирская область,2018-02,-3.14,2
Владимирская область,2018-03,-5.72,2
Владимирская область,2018-11,-0.4,1
Владимирская область,2018-12,-1.31,2
Владимирская область,2019-01,-0.76,2
Владимирская область,2019-02,4.32,2
Владимирская область,2019-03,1.4,2
Владимирская область,2019-11,1.61,2
Владимирская область,2019-12,4.97,2
Владимирская область,2020-01,6.78,2
Владимирская область,2020-02,5.52,2
Владимирская область,2020-03,4.89,2
Владимирская область,2020-11,2.45,2
Владимирская область,2020-12,-1.11,2
Владимирская область,2021-01,0.94,2
Владимирская область,2021-02,-6.09,2
Владимирская область,2021-03,-1.04,2
Владимирская область,2021-11,2.92,2
Владимирская область,2021-12,-2.94,2
Владимирская область,2022-01,0.75,2
Владимирская область,2022-02,5.31,2
Владимирская область,2022-03,-0.44,2
Владимирская область,2022-11,0.13,2
Владимирская область,2022-12,0.06,2
Владимирская область,2023-01,0.7,2
Владимирская область,2023-02,2.17,2
Владимирская область,2023-03,2.71,2
Владимирская область,2023-11,1.48,2
Владимирская область,2023-12,0.03,2
Владимирская область,2024-01,-4.52,2
Владимирская область,2024-02,0.68,2
Владимирская область,2024-03,1.1,2
Владимирская область,2024-11,1.89,2
Владимирская область,2024-12,2.34,2
Владимирская область,2025-01,6.39,2
Владимирская область,2025-02,0.85,2
Владимирская область,2025-03,4.98,2
Волгоградская область,2014-01,-1.97,10
Волгоградская область,2014-02,-0.36,10
Волгоградская область,2014-03,0.97,10
Волгоградская область,2014-04,-1.11,10
Волгоградская область,2014-05,2.85,10
Волгоградская область,2014-06,-1.07,10
Волгоградская область,2014-07,-0.3,10
Волгоградская область,2014-08,1.83,10
Волгоградская область,2014-09,-0.88,10
Волгоградская область,2014-10,-2.63,10
Волгоградская область,2014-11,-2.78,10
Волгоградская область,2014-12,0.97,10
Волгоградская область,2015-01,-0.68,10
Волгоградская область,2015-02,1.84,10
Волгоградская область,2015-03,0.89,10
Волгоградская область,2015-04,-0.22,3
Волгоградская область,2015-05,0.52,3
Волгоградская область,2015-06,2.44,3
Волгоградская область,2015-07,-0.26,4
Волгоградская область,2015-08,-1.02,3
Волгоградская область,2015-09,3.56,3
Волгоградская область,2015-10,-2.77,4
Волгоградская область,2015-11,2.57,10
Волгоградская область,2015-12,4.61,10
Волгоградская область,2016-01,-1.07,10
Волгоградская область,2016-02,6.77,10
Волгоградская область,2016-03,3.78,10
Волгоградская область,2016-04,2.18,3
Волгоградская область,2016-05,0.09,3
Волгоградская область,2016-06,0.14,3
Волгоградская область,2016-07,0.62,3
Волгоградская область,2016-08,3.19,3
Волгоградская область,2016-09,-1.55,3
Волгоградская область,2016-10,-1.57,3
Волгоградская область,2016-11,-1.32,10
Волгоградская область,2016-12,-2.81,10
Волгоградская область,2017-01,-0.07,10
Волгоградская область,2017-02,0.03,10
Волгоградская область,2017-03,2.98,10
Волгоградская область,2017-04,-0.26,3
Волгоградская область,2017-05,-1.7,3
Волгоградская область,2017-06,-2.29,3
Волгоградская область,2017-07,-0.17,3
Волгоградская область,2017-08,1.71,3
Волгоградская область,2017-09,0.99,3
Волгоградская область,2017-10,-0.7,4
Волгоградская область,2017-11,1.39,10
Волгоградская область,2017-12,3.86,10
Волгоградская область,2018-01,-0.37,10
Волгоградская область,2018-02,-1.53,10
Волгоградская область,2018-03,-5.19,10
Волгоградская область,2018-04,-0.36,3
Волгоградская область,2018-05,2.79,4
Волгоградская область,2018-06,0.44,4
Волгоградская область,2018-07,1.61,4
Волгоградская область,2018-08,-0.29,4
Волгоградская область,2018-09,2.47,4
Волгоградская область,2018-10,2.05,3
Волгоградская область,2018-11,-2.17,9
Волгоградская область,2018-12,-0.78,10
Волгоградская область,2019-01,-0.45,10
Волгоградская область,2019-02,1.42,10
Волгоградская область,2019-03,1.53,10
Волгоградская область,2019-04,0.58,3
Волгоградская область,2019-05,1.56,3
Волгоградская область,2019-06,2.3,3
Волгоградская область,2019-08,0.04,1
Волгоградская область,2019-09,0.66,1
Волгоградская область,2019-11,-0.35,10
Волгоградская область,2019-12,3.43,10
Волгоградская область,2020-01,5.57,10
Волгоградская область,2020-02,5.27,10
Волгоградская область,2020-03,5.29,10
Волгоградская область,2020-11,-0.12,10
Волгоградская область,2020-12,-3.72,10
Волгоградская область,2021-01,2.51,10
Волгоградская область,2021-02,-0.94,10
Волгоградская область,2021-03,-0.99,10
Волгоградская область,2021-11,2.49,6
Волгоградская область,2021-12,1.53,6
Волгоградская область,2022-01,2.21,6
Волгоградская область,2022-02,5.93,6
Волгоградская область,2022-03,-1.58,6
Волгоградская область,2022-11,1.72,6
Волгоградская область,2022-12,1.26,6
Волгоградская область,2023-01,-0.34,6
Волгоградская область,2023-02,1.08,6
Волгоградская область,2023-03,6.0,6
Волгоградская область,2023-11,4.32,6
Волгоградская область,2023-12,3.04,6
Волгоградская область,2024-01,-0.11,6
Волгоградская область,2024-02,2.08,6
Волгоградская область,2024-03,-0.33,6
Волгоградская область,2024-11,2.13,6
Волгоградская область,2024-12,2.49,6
Волгоградская область,2025-01,6.46,6
Волгоградская область,2025-02,-1.17,6
Волгоградская область,2025-03,5.19,6
Вологодская область,2014-01,-1.75,9
Вологодская область,2014-02,4.71,9
Вологодская область,2014-03,3.04,9
Вологодская область,2014-04,-0.31,9
Вологодская область,2014-05,1.99,9
Вологодская область,2014-06,-1.35,9
Вологодская область,2014-07,-0.27,9
Вологодская область,2014-08,1.68,9
Вологодская область,2014-09,0.27,9
Вологодская область,2014-10,-3.11,9
Вологодская область,2014-11,-0.01,9
Вологодская область,2014-12,1.7,9
Вологодская область,2015-01,-0.38,9
Вологодская область,2015-02,4.76,9
Вологодская область,2015-03,3.25,9
Вологодская область,2015-04,-0.4,9
Вологодская область,2015-05,2.25,9
Вологодская область,2015-06,0.58,9
Вологодская область,2015-07,-2.5,9
Вологодская область,2015-08,-0.63,9
Вологодская область,2015-09,1.87,9
Вологодская область,2015-10,-1.07,9
Вологодская область,2015-11,1.07,9
Вологодская область,2015-12,4.92,9
Вологодская область,2016-01,-4.65,9
Вологодская область,2016-02,6.69,9
Вологодская область,2016-03,1.13,9
Вологодская область,2016-04,2.05,9
Вологодская область,2016-05,2.5,9
Вологодская область,2016-06,-0.05,9
Вологодская область,2016-07,1.94,9
Вологодская область,2016-08,2.58,9
Вологодская область,2016-09,-0.32,9
Вологодская область,2016-10,-1.06,9
Вологодская область,2016-11,-3.24,9
Вологодская область,2016-12,0.15,9
Вологодская область,2017-01,-0.89,9
Вологодская область,2017-02,1.05,9
Вологодская область,2017-03,3.3,9
Вологодская область,2017-04,-1.84,9
Вологодская область,2017-05,-4.39,9
Вологодская область,2017-06,-2.75,9
Вологодская область,2017-07,-1.25,9
Вологодская область,2017-08,1.39,9
Вологодская область,2017-09,0.11,9
Вологодская область,2017-10,-0.52,9
Вологодская область,2017-11,1.94,9
Вологодская область,2017-12,4.73,9
Вологодская область,2018-01,3.98,9
Вологодская область,2018-02,-2.93,9
Вологодская область,2018-03,-5.6,9
Вологодская область,2018-04,-0.01,9
Вологодская область,2018-05,1.79,9
Вологодская область,2018-06,-0.97,9
Вологодская область,2018-07,1.2,9
Вологодская область,2018-08,1.87,9
Вологодская область,2018-09,1.72,9
Вологодская область,2018-10,1.06,9
Вологодская область,2018-11,1.65,9
Вологодская область,2018-12,-1.38,9
Вологодская область,2019-01,0.86,9
Вологодская область,2019-02,4.45,9
Вологодская область,2019-03,1.67,9
Вологодская область,2019-04,-0.14,9
Вологодская область,2019-05,1.52,9
Вологодская область,2019-06,1.29,9
Вологодская область,2019-07,-3.13,8
Вологодская область,2019-08,-2.25,9
Вологодская область,2019-09,-0.6,9
Вологодская область,2019-10,0.01,9
Вологодская область,2019-11,0.93,9
Вологодская область,2019-12,5.91,9
Вологодская область,2020-01,7.14,9
Вологодская область,2020-02,6.44,9
Вологодская область,2020-03,3.92,9
Вологодская область,2020-04,-1.81,9
Вологодская область,2020-05,-1.48,9
Вологодская область,2020-06,0.47,9
Вологодская область,2020-07,-0.18,9
Вологодская область,2020-08,-0.59,9
Вологодская область,2020-09,1.25,9
Вологодская область,2020-10,2.08,8
Вологодская область,2020-11,2.99,8
Вологодская область,2020-12,-0.09,7
Вологодская область,2021-01,-0.68,8
Вологодская область,2021-02,-7.12,8
Вологодская область,2021-03,-0.83,8
Вологодская область,2021-04,1.14,9
Вологодская область,2021-05,1.62,9
Вологодская область,2021-06,4.08,9
Вологодская область,2021-07,1.54,8
Вологодская область,2021-08,1.04,8
Вологодская область,2021-09,-2.67,8
Вологодская область,2021-10,1.46,9
Вологодская область,2021-11,2.62,7
Вологодская область,2021-12,-5.2,8
Вологодская область,2022-01,0.38,9
Вологодская область,2022-02,5.12,9
Вологодская область,2022-03,-0.22,9
Вологодская область,2022-04,-1.07,9
Вологодская область,2022-05,-2.97,9
Вологодская область,2022-06,0.59,9
Вологодская область,2022-07,1.24,9
Вологодская область,2022-08,3.76,9
Вологодская область,2022-09,-1.74,9
Вологодская область,2022-10,1.63,9
Вологодская область,2022-11,-1.22,9
Вологодская область,2022-12,-0.52,9
Вологодская область,2023-01,2.04,9
Вологодская область,2023-02,1.95,9
Вологодская область,2023-03,2.17,9
Вологодская область,2023-04,1.33,9
Вологодская область,2023-05,1.02,8
Вологодская область,2023-06,-1.66,9
Вологодская область,2023-07,-1.08,9
Вологодская область,2023-08,1.92,9
Вологодская область,2023-09,2.93,9
Вологодская область,2023-10,-0.85,9
Вологодская область,2023-11,-0.02,9
Вологодская область,2023-12,-1.8,9
Вологодская область,2024-01,-3.68,6
Вологодская область,2024-02,-0.33,9
Вологодская область,2024-03,3.13,9
Вологодская область,2024-04,2.55,9
Вологодская область,2024-05,-1.87,9
Вологодская область,2024-06,2.64,6
Вологодская область,2024-07,1.5,9
Вологодская область,2024-08,1.03,9
Вологодская область,2024-09,4.08,9
Вологодская область,2024-10,1.21,9
Вологодская область,2024-11,2.92,9
Вологодская область,2024-12,2.7,9
Вологодская область,2025-01,6.34,9
Вологодская область,2025-02,1.77,9
Вологодская область,2025-03,4.07,9
Вологодская область,2025-04,-0.95,9
Вологодская область,2025-05,0.67,9
Вологодская область,2025-06,-0.43,6
Вологодская область,2025-07,0.94,9
Вологодская область,2025-10,1.51,3
Вологодская область,2025-11,3.52,3
Вологодская область,2025-12,3.71,3
Вологодская область,2026-01,-2.87,3
Вологодская область,2026-03,5.66,3
Вологодская область,2026-04,0.72,3
Вологодская область,2026-05,2.4,3
Вологодская область,2026-06,1.37,3
Воронежская область,2014-01,-3.49,6
Воронежская область,2014-02,0.1,6
Воронежская область,2014-03,2.62,6
Воронежская область,2014-04,-0.1,6
Воронежская область,2014-05,3.03,6
Воронежская область,2014-06,-1.38,6
Воронежская область,2014-07,0.09,6
Воронежская область,2014-08,1.76,6
Воронежская область,2014-09,-0.21,6
Воронежская область,2014-10,-2.41,6
Воронежская область,2014-11,-1.97,6
Воронежская область,2014-12,0.75,6
Воронежская область,2015-01,0.4,6
Воронежская область,2015-02,1.76,6
Воронежская область,2015-03,1.43,6
Воронежская область,2015-04,-0.61,6
Воронежская область,2015-05,0.29,6
Воронежская область,2015-06,1.72,6
Воронежская область,2015-07,-0.55,6
Воронежская область,2015-08,-1.17,6
Воронежская область,2015-09,3.41,6
Воронежская область,2015-10,-2.89,6
Воронежская область,2015-11,1.96,6
Воронежская область,2015-12,4.06,6
Воронежская область,2016-01,-1.64,6
Воронежская область,2016-02,6.59,6
Воронежская область,2016-03,3.71,6
Воронежская область,2016-04,1.82,6
Воронежская область,2016-05,-0.31,6
Воронежская область,2016-06,0.18,6
Воронежская область,2016-07,1.23,6
Воронежская область,2016-08,2.4,6
Воронежская область,2016-09,-1.6,6
Воронежская область,2016-10,-1.77,6
Воронежская область,2016-11,-1.5,6
Воронежская область,2016-12,-2.4,6
Воронежская область,2017-01,-0.25,6
Воронежская область,2017-02,-0.37,6
Воронежская область,2017-03,3.79,6
Воронежская область,2017-04,-0.54,6
Воронежская область,2017-05,-1.96,6
Воронежская область,2017-06,-2.05,6
Воронежская область,2017-07,-0.61,6
Воронежская область,2017-08,1.53,6
Воронежская область,2017-09,0.74,6
Воронежская область,2017-10,-1.06,6
Воронежская область,2017-11,0.36,6
Воронежская область,2017-12,5.45,6
Воронежская область,2018-01,0.62,6
Воронежская область,2018-02,-1.6,6
Воронежская область,2018-03,-5.56,6
Воронежская область,2018-04,-0.27,6
Воронежская область,2018-05,2.32,6
Воронежская область,2018-06,-0.42,6
Воронежская область,2018-07,0.94,6
Воронежская область,2018-08,0.4,6
Воронежская область,2018-09,2.81,6
Воронежская область,2018-10,1.61,6
Воронежская область,2018-11,-2.27,6
Воронежская область,2018-12,-0.73,6
Воронежская область,2019-01,-0.95,6
Воронежская область,2019-02,2.43,6
Воронежская область,2019-03,1.35,6
Воронежская область,2019-04,0.65,6
Воронежская область,2019-05,1.45,6
Воронежская область,2019-06,2.36,6
Воронежская область,2019-07,-1.9,5
Воронежская область,2019-08,-1.3,5
Воронежская область,2019-09,-0.92,5
Воронежская область,2019-10,2.52,5
Воронежская область,2019-11,0.77,5
Воронежская область,2019-12,4.16,5
Воронежская область,2020-01,5.73,5
Воронежская область,2020-02,5.24,5
Воронежская область,2020-03,5.47,5
Воронежская область,2020-04,-1.61,5
Воронежская область,2020-05,-1.86,5
Воронежская область,2020-06,2.07,5
Воронежская область,2020-07,0.75,5
Воронежская область,2020-08,-0.6,5
Воронежская область,2020-09,1.75,5
Воронежская область,2020-10,3.55,5
Воронежская область,2020-11,0.41,5
Воронежская область,2020-12,-2.03,5
Воронежская область,2021-01,2.38,5
Воронежская область,2021-02,-1.84,5
Воронежская область,2021-03,-0.67,5
Воронежская область,2021-04,0.16,5
Воронежская область,2021-05,1.04,5
Воронежская область,2021-06,1.78,5
Воронежская область,2021-07,2.14,5
Воронежская область,2021-08,3.18,5
Воронежская область,2021-09,-1.79,5
Воронежская область,2021-10,-1.0,5
Воронежская область,2021-11,2.33,5
Воронежская область,2021-12,0.29,5
Воронежская область,2022-01,1.02,5
Воронежская область,2022-02,4.8,5
Воронежская область,2022-03,-2.14,5
Воронежская область,2022-04,2.19,5
Воронежская область,2022-05,-3.85,5
Воронежская область,2022-06,0.86,4
Воронежская область,2022-07,-0.11,4
Воронежская область,2022-08,3.73,4
Воронежская область,2022-09,-1.61,4
Воронежская область,2022-10,1.01,4
Воронежская область,2022-11,0.66,5
Воронежская область,2022-12,2.12,5
Воронежская область,2023-01,0.13,5
Воронежская область,2023-02,0.9,5
Воронежская область,2023-03,4.22,5
Воронежская область,2023-04,1.15,5
Воронежская область,2023-05,-0.81,5
Воронежская область,2023-06,-2.09,5
Воронежская область,2023-07,-0.45,5
Воронежская область,2023-08,1.36,5
Воронежская область,2023-09,1.31,5
Воронежская область,2023-10,0.38,5
Воронежская область,2023-11,2.85,5
Воронежская область,2023-12,2.41,5
Воронежская область,2024-01,-1.5,4
Воронежская область,2024-02,2.89,4
Воронежская область,2024-03,0.63,4
Воронежская область,2024-04,5.89,4
Воронежская область,2024-05,-1.84,4
Воронежская область,2024-06,2.21,4
Воронежская область,2024-07,2.38,4
Воронежская область,2024-08,1.35,4
Воронежская область,2024-09,3.55,4
Воронежская область,2024-10,1.87,4
Воронежская область,2024-11,1.19,4
Воронежская область,2024-12,2.57,4
Воронежская область,2025-01,6.3,4
Воронежская область,2025-02,-1.87,4
Воронежская область,2025-03,5.31,4
Воронежская область,2025-04,2.05,4
Воронежская область,2025-05,0.03,4
Воронежская область,2025-06,-0.93,4
Воронежская область,2025-07,1.86,4
Воронежская область,2025-08,-1.08,1
Воронежская область,2025-09,1.3,1
Воронежская область,2025-10,0.81,1
Воронежская область,2025-11,5.29,1
Воронежская область,2025-12,2.5,1
Воронежская область,2026-01,-2.4,1
Воронежская область,2026-02,-2.42,1
Воронежская область,2026-03,3.73,1
Воронежская область,2026-04,-1.21,1
Воронежская область,2026-05,1.18,1
Воронежская область,2026-06,-0.53,1
Еврейская автономная область,2014-01,-3.5,4
Еврейская автономная область,2014-02,-3.28,4
Еврейская автономная область,2014-03,0.85,4
Еврейская автономная область,2014-04,2.19,4
Еврейская автономная область,2014-05,-0.4,3
Еврейская автономная область,2014-06,1.64,3
Еврейская автономная область,2014-07,-0.25,3
Еврейская автономная область,2014-08,0.3,4
Еврейская автономная область,2014-09,0.48,4
Еврейская автономная область,2014-10,-1.84,4
Еврейская автономная область,2014-11,0.16,4
Еврейская автономная область,2014-12,-3.51,4
Еврейская автономная область,2015-01,0.82,4
Еврейская автономная область,2015-02,1.52,4
Еврейская автономная область,2015-03,2.17,4
Еврейская автономная область,2015-04,-0.66,4
Еврейская автономная область,2015-05,-1.83,4
Еврейская автономная область,2015-06,0.17,4
Еврейская автономная область,2015-07,-0.45,4
Еврейская автономная область,2015-08,1.81,4
Еврейская автономная область,2015-09,0.64,4
Еврейская автономная область,2015-10,-0.4,4
Еврейская автономная область,2015-11,0.46,4
Еврейская автономная область,2015-12,1.84,4
Еврейская автономная область,2016-01,-0.42,4
Еврейская автономная область,2016-02,-2.44,4
Еврейская автономная область,2016-03,0.72,4
Еврейская автономная область,2016-04,-0.13,4
Еврейская автономная область,2016-05,-0.1,4
Еврейская автономная область,2016-06,-0.86,4
Еврейская автономная область,2016-07,0.57,4
Еврейская автономная область,2016-08,0.42,4
Еврейская автономная область,2016-09,1.76,3
Еврейская автономная область,2016-10,-3.39,4
Еврейская автономная область,2016-11,-4.51,4
Еврейская автономная область,2016-12,0.72,4
Еврейская автономная область,2017-01,2.35,4
Еврейская автономная область,2017-02,2.4,4
Еврейская автономная область,2017-03,2.52,4
Еврейская автономная область,2017-04,0.35,4
Еврейская автономная область,2017-05,0.98,4
Еврейская автономная область,2017-06,-1.16,4
Еврейская автономная область,2017-07,0.54,4
Еврейская автономная область,2017-08,0.3,4
Еврейская автономная область,2017-09,-0.11,4
Еврейская автономная область,2017-10,-1.61,4
Еврейская автономная область,2017-11,-2.52,4
Еврейская автономная область,2017-12,-1.37,4
Еврейская автономная область,2018-01,-0.41,4
Еврейская автономная область,2018-02,-3.2,4
Еврейская автономная область,2018-03,-0.53,4
Еврейская автономная область,2018-04,0.98,4
Еврейская автономная область,2018-05,0.66,4
Еврейская автономная область,2018-06,-0.77,4
Еврейская автономная область,2018-07,0.39,4
Еврейская автономная область,2018-08,-0.14,4
Еврейская автономная область,2018-09,-0.35,4
Еврейская автономная область,2018-10,2.01,4
Еврейская автономная область,2018-11,1.5,4
Еврейская автономная область,2018-12,1.58,4
Еврейская автономная область,2019-01,3.39,4
Еврейская автономная область,2019-02,2.35,4
Еврейская автономная область,2019-03,3.34,4
Еврейская автономная область,2019-04,0.46,4
Еврейская автономная область,2019-05,-0.0,4
Еврейская автономная область,2019-06,-1.89,4
Еврейская автономная область,2019-07,-0.2,4
Еврейская автономная область,2019-08,-0.93,4
Еврейская автономная область,2019-09,0.74,4
Еврейская автономная область,2019-10,0.94,4
Еврейская автономная область,2019-11,-1.21,4
Еврейская автономная область,2019-12,-1.08,4
Еврейская автономная область,2020-01,3.2,4
Еврейская автономная область,2020-02,1.92,4
Еврейская автономная область,2020-03,3.86,4
Еврейская автономная область,2020-04,0.75,4
Еврейская автономная область,2020-05,0.43,4
Еврейская автономная область,2020-06,-2.18,4
Еврейская автономная область,2020-07,1.18,4
Еврейская автономная область,2020-08,-0.84,4
Еврейская автономная область,2020-09,1.6,4
Еврейская автономная область,2020-10,0.74,4
Еврейская автономная область,2020-11,1.79,4
Еврейская автономная область,2020-12,1.54,4
Еврейская автономная область,2021-01,-2.0,4
Еврейская автономная область,2021-02,-0.36,4
Еврейская автономная область,2021-03,2.54,4
Еврейская автономная область,2021-04,0.82,4
Еврейская автономная область,2021-05,-0.2,4
Еврейская автономная область,2021-06,1.03,4
Еврейская автономная область,2021-07,2.97,4
Еврейская автономная область,2021-08,0.24,4
Еврейская автономная область,2021-09,1.02,4
Еврейская автономная область,2021-10,0.18,4
Еврейская автономная область,2021-11,2.87,4
Еврейская автономная область,2021-12,-2.25,4
Еврейская автономная область,2022-01,-2.11,4
Еврейская автономная область,2022-02,-0.23,4
Еврейская автономная область,2022-03,0.34,4
Еврейская автономная область,2022-04,-0.71,4
Еврейская автономная область,2022-05,-0.96,4
Еврейская автономная область,2022-06,0.28,4
Еврейская автономная область,2022-07,1.72,4
Еврейская автономная область,2022-08,-0.51,4
Еврейская автономная область,2022-09,0.36,4
Еврейская автономная область,2022-10,-0.11,4
Еврейская автономная область,2022-11,1.54,4
Еврейская автономная область,2022-12,1.07,4
Еврейская автономная область,2023-01,-3.55,4
Еврейская автономная область,2023-02,0.35,4
Еврейская автономная область,2023-03,4.65,4
Еврейская автономная область,2023-04,0.13,4
Еврейская автономная область,2023-05,0.19,4
Еврейская автономная область,2023-06,0.56,4
Еврейская автономная область,2023-07,1.0,4
Еврейская автономная область,2023-08,1.25,4
Еврейская автономная область,2023-09,0.79,4
Еврейская автономная область,2023-10,1.85,4
Еврейская автономная область,2023-11,-1.63,4
Еврейская автономная область,2023-12,-2.24,4
Еврейская автономная область,2024-01,-0.59,4
Еврейская автономная область,2024-02,0.91,4
Еврейская автономная область,2024-03,0.83,4
Еврейская автономная область,2024-04,3.13,4
Еврейская автономная область,2024-05,-0.79,4
Еврейская автономная область,2024-06,-1.31,4
Еврейская автономная область,2024-07,0.49,4
Еврейская автономная область,2024-08,1.34,4
Еврейская автономная область,2024-09,0.1,4
Еврейская автономная область,2024-10,0.85,4
Еврейская автономная область,2024-11,3.45,4
Еврейская автономная область,2024-12,-1.36,4
Еврейская автономная область,2025-01,0.96,4
Еврейская автономная область,2025-02,1.68,4
Еврейская автономная область,2025-03,-1.11,4
Еврейская автономная область,2025-04,1.59,4
Еврейская автономная область,2025-05,-0.21,4
Еврейская автономная область,2025-06,1.65,4
Еврейская автономная область,2025-07,2.31,4
Еврейская автономная область,2025-08,1.14,1
Еврейская автономная область,2025-09,3.05,1
Еврейская автономная область,2025-10,-0.91,1
Еврейская автономная область,2025-11,3.56,1
Еврейская автономная область,2025-12,0.3,1
Еврейская автономная область,2026-01,1.64,1
Еврейская автономная область,2026-02,2.39,1
Еврейская автономная область,2026-03,3.32,1
Еврейская автономная область,2026-04,0.61,1
Еврейская автономная область,2026-05,2.0,1
Еврейская автономная область,2026-06,0.43,1
Забайкальский край,2014-01,1.28,24
Забайкальский край,2014-02,-2.66,24
Забайкальский край,2014-03,2.35,24
Забайкальский край,2014-04,4.1,24
Забайкальский край,2014-05,-0.34,24
Забайкальский край,2014-06,0.38,24
Забайкальский край,2014-07,-0.91,24
Забайкальский край,2014-08,-0.55,24
Забайкальский край,2014-09,-0.79,24
Забайкальский край,2014-10,-1.54,23
Забайкальский край,2014-11,1.7,23
Забайкальский край,2014-12,1.63,24
Забайкальский край,2015-01,2.76,24
Забайкальский край,2015-02,2.97,24
Забайкальский край,2015-03,1.73,23
Забайкальский край,2015-04,0.37,22
Забайкальский край,2015-05,-0.52,18
Забайкальский край,2015-06,-0.56,19
Забайкальский край,2015-07,1.75,22
Забайкальский край,2015-08,1.86,22
Забайкальский край,2015-09,0.45,22
Забайкальский край,2015-10,1.18,22
Забайкальский край,2015-11,-1.88,22
Забайкальский край,2015-12,1.81,22
Забайкальский край,2016-01,0.05,22
Забайкальский край,2016-02,1.87,22
Забайкальский край,2016-03,3.63,22
Забайкальский край,2016-04,-0.53,22
Забайкальский край,2016-05,-0.25,22
Забайкальский край,2016-06,-1.13,17
Забайкальский край,2016-07,0.69,22
Забайкальский край,2016-08,0.01,22
Забайкальский край,2016-09,2.05,22
Забайкальский край,2016-10,-4.39,22
Забайкальский край,2016-11,-3.35,21
Забайкальский край,2016-12,2.38,22
Забайкальский край,2017-01,1.09,22
Забайкальский край,2017-02,2.94,22
Забайкальский край,2017-03,3.0,22
Забайкальский край,2017-04,2.23,22
Забайкальский край,2017-05,0.9,22
Забайкальский край,2017-06,1.1,22
Забайкальский край,2017-07,0.26,22
Забайкальский край,2017-08,0.14,22
Забайкальский край,2017-09,-0.21,22
Забайкальский край,2017-10,-0.66,22
Забайкальский край,2017-11,0.04,22
Забайкальский край,2017-12,1.03,22
Забайкальский край,2018-01,0.44,22
Забайкальский край,2018-02,-1.84,22
Забайкальский край,2018-03,1.55,22
Забайкальский край,2018-04,0.94,22
Забайкальский край,2018-05,1.94,22
Забайкальский край,2018-06,0.35,22
Забайкальский край,2018-07,-0.48,21
Забайкальский край,2018-08,0.81,19
Забайкальский край,2018-09,0.45,19
Забайкальский край,2018-10,2.78,19
Забайкальский край,2018-11,0.92,19
Забайкальский край,2018-12,-0.02,19
Забайкальский край,2019-01,4.04,19
Забайкальский край,2019-02,1.48,19
Забайкальский край,2019-03,3.18,19
Забайкальский край,2019-04,0.2,16
Забайкальский край,2019-05,-0.53,16
Забайкальский край,2019-06,0.84,16
Забайкальский край,2019-07,-0.03,16
Забайкальский край,2019-08,-0.42,16
Забайкальский край,2019-09,1.7,16
Забайкальский край,2019-10,0.4,16
Забайкальский край,2019-11,-0.51,16
Забайкальский край,2019-12,0.72,15
Забайкальский край,2020-01,3.03,16
Забайкальский край,2020-02,3.46,16
Забайкальский край,2020-03,3.58,16
Забайкальский край,2020-04,2.47,16
Забайкальский край,2020-05,0.81,16
Забайкальский край,2020-06,-0.85,16
Забайкальский край,2020-07,0.87,16
Забайкальский край,2020-08,-0.43,16
Забайкальский край,2020-09,1.54,16
Забайкальский край,2020-10,0.14,16
Забайкальский край,2020-11,3.9,16
Забайкальский край,2020-12,2.92,16
Забайкальский край,2021-01,0.89,16
Забайкальский край,2021-02,-0.45,16
Забайкальский край,2021-03,2.88,16
Забайкальский край,2021-04,0.51,16
Забайкальский край,2021-05,-1.89,16
Забайкальский край,2021-06,-0.03,16
Забайкальский край,2021-07,-0.16,16
Забайкальский край,2021-08,-0.01,16
Забайкальский край,2021-09,0.43,16
Забайкальский край,2021-10,0.84,16
Забайкальский край,2021-11,3.56,15
Забайкальский край,2021-12,4.35,15
Забайкальский край,2022-01,2.46,16
Забайкальский край,2022-02,0.2,16
Забайкальский край,2022-03,1.35,16
Забайкальский край,2022-04,0.41,16
Забайкальский край,2022-05,0.27,15
Забайкальский край,2022-06,0.64,11
Забайкальский край,2022-07,0.17,16
Забайкальский край,2022-08,-1.99,16
Забайкальский край,2022-09,0.54,16
Забайкальский край,2022-10,0.24,15
Забайкальский край,2022-11,1.57,16
Забайкальский край,2022-12,2.32,16
Забайкальский край,2023-01,1.05,16
Забайкальский край,2023-02,3.31,16
Забайкальский край,2023-03,4.9,16
Забайкальский край,2023-04,-1.87,16
Забайкальский край,2023-05,-0.44,15
Забайкальский край,2023-06,-0.75,16
Забайкальский край,2023-07,0.1,16
Забайкальский край,2023-08,0.47,16
Забайкальский край,2023-09,1.28,16
Забайкальский край,2023-10,3.23,16
Забайкальский край,2023-11,0.64,16
Забайкальский край,2023-12,-0.12,16
Забайкальский край,2024-01,2.69,15
Забайкальский край,2024-02,-0.55,16
Забайкальский край,2024-03,2.09,16
Забайкальский край,2024-04,1.46,16
Забайкальский край,2024-05,1.48,16
Забайкальский край,2024-06,0.41,15
Забайкальский край,2024-07,2.65,15
Забайкальский край,2024-08,1.57,15
Забайкальский край,2024-09,-0.24,16
Забайкальский край,2024-10,0.1,16
Забайкальский край,2024-11,2.98,16
Забайкальский край,2024-12,4.03,14
Забайкальский край,2025-01,3.75,15
Забайкальский край,2025-02,-0.09,15
Забайкальский край,2025-03,2.98,14
Забайкальский край,2025-04,2.06,15
Забайкальский край,2025-05,-0.24,15
Забайкальский край,2025-06,0.78,15
Забайкальский край,2025-07,-0.33,15
Забайкальский край,2025-08,-0.13,9
Забайкальский край,2025-09,1.76,9
Забайкальский край,2025-10,-2.24,9
Забайкальский край,2025-11,3.5,9
Забайкальский край,2025-12,-0.06,9
Забайкальский край,2026-01,-0.5,9
Забайкальский край,2026-02,1.67,9
Забайкальский край,2026-03,1.36,9
Забайкальский край,2026-04,-1.14,9
Забайкальский край,2026-05,0.39,9
Забайкальский край,2026-06,-1.95,9
Ивановская область,2014-01,-1.84,2
Ивановская область,2014-02,4.94,2
Ивановская область,2014-03,3.32,2
Ивановская область,2014-04,-0.34,2
Ивановская область,2014-05,2.39,2
Ивановская область,2014-06,-1.5,2
Ивановская область,2014-07,-0.82,2
Ивановская область,2014-08,1.51,2
Ивановская область,2014-09,0.15,2
Ивановская область,2014-10,-3.7,2
Ивановская область,2014-11,-0.28,2
Ивановская область,2014-12,2.07,2
Ивановская область,2015-01,1.77,2
Ивановская область,2015-02,4.78,2
Ивановская область,2015-03,2.47,2
Ивановская область,2015-11,0.87,2
Ивановская область,2015-12,4.57,2
Ивановская область,2016-01,-3.1,2
Ивановская область,2016-02,6.56,2
Ивановская область,2016-03,1.12,2
Ивановская область,2016-11,-2.18,2
Ивановская область,2016-12,-0.7,2
Ивановская область,2017-01,-2.07,2
Ивановская область,2017-02,1.84,2
Ивановская область,2017-03,3.39,2
Ивановская область,2017-11,0.89,2
Ивановская область,2017-12,4.88,2
Ивановская область,2018-01,2.35,2
Ивановская область,2018-02,-3.01,2
Ивановская область,2018-03,-5.37,2
Ивановская область,2018-11,0.49,2
Ивановская область,2018-12,-1.06,2
Ивановская область,2019-01,0.25,2
Ивановская область,2019-02,4.53,2
Ивановская область,2019-03,1.48,2
Ивановская область,2019-11,1.64,2
Ивановская область,2019-12,5.16,2
Ивановская область,2020-01,7.11,2
Ивановская область,2020-02,6.27,2
Ивановская область,2020-03,4.64,2
Ивановская область,2020-11,2.39,2
Ивановская область,2020-12,-1.44,2
Ивановская область,2021-01,0.53,2
Ивановская область,2021-02,-6.67,2
Ивановская область,2021-03,-1.15,2
Ивановская область,2021-11,2.6,1
Ивановская область,2021-12,-3.6,2
Ивановская область,2022-01,0.65,2
Ивановская область,2022-02,5.7,2
Ивановская область,2022-03,-0.49,2
Ивановская область,2022-11,-0.16,2
Ивановская область,2022-12,-0.01,2
Ивановская область,2023-01,1.08,2
Ивановская область,2023-02,2.57,2
Ивановская область,2023-03,2.66,2
Ивановская область,2023-11,1.62,2
Ивановская область,2023-12,-0.82,2
Ивановская область,2024-01,-4.22,2
Ивановская область,2024-02,-0.01,2
Ивановская область,2024-03,1.98,2
Ивановская область,2024-11,2.04,1
Ивановская область,2024-12,2.35,1
Ивановская область,2025-01,6.29,1
Ивановская область,2025-02,1.79,1
Ивановская область,2025-03,4.78,1
Иркутская область,2014-01,1.26,28
Иркутская область,2014-02,-3.37,27
Иркутская область,2014-03,2.52,27
Иркутская область,2014-04,4.04,28
Иркутская область,2014-05,-1.02,28
Иркутская область,2014-06,-0.18,28
Иркутская область,2014-07,-0.07,28
Иркутская область,2014-08,-0.75,28
Иркутская область,2014-09,-1.57,28
Иркутская область,2014-10,-1.44,28
Иркутская область,2014-11,1.01,28
Иркутская область,2014-12,2.9,28
Иркутская область,2015-01,5.62,28
Иркутская область,2015-02,2.22,27
Иркутская область,2015-03,1.58,28
Иркутская область,2015-04,0.68,28
Иркутская область,2015-05,0.45,26
Иркутская область,2015-06,-0.2,27
Иркутская область,2015-07,1.12,28
Иркутская область,2015-08,1.65,28
Иркутская область,2015-09,0.05,27
Иркутская область,2015-10,0.89,26
Иркутская область,2015-11,-3.64,27
Иркутская область,2015-12,5.69,27
Иркутская область,2016-01,-2.66,27
Иркутская область,2016-02,2.56,27
Иркутская область,2016-03,3.06,27
Иркутская область,2016-04,0.11,27
Иркутская область,2016-05,-1.36,27
Иркутская область,2016-06,0.74,27
Иркутская область,2016-07,0.23,27
Иркутская область,2016-08,0.39,27
Иркутская область,2016-09,1.44,27
Иркутская область,2016-10,-5.55,27
Иркутская область,2016-11,-3.33,27
Иркутская область,2016-12,2.62,26
Иркутская область,2017-01,0.91,27
Иркутская область,2017-02,2.46,27
Иркутская область,2017-03,3.84,27
Иркутская область,2017-04,2.09,26
Иркутская область,2017-05,0.48,25
Иркутская область,2017-06,1.98,27
Иркутская область,2017-07,-0.1,27
Иркутская область,2017-08,0.23,27
Иркутская область,2017-09,-0.97,27
Иркутская область,2017-10,-0.34,26
Иркутская область,2017-11,-1.02,27
Иркутская область,2017-12,2.03,27
Иркутская область,2018-01,-1.61,27
Иркутская область,2018-02,-2.02,27
Иркутская область,2018-03,0.2,27
Иркутская область,2018-04,0.93,27
Иркутская область,2018-05,0.14,27
Иркутская область,2018-06,1.93,26
Иркутская область,2018-07,-1.65,27
Иркутская область,2018-08,0.91,26
Иркутская область,2018-09,0.39,27
Иркутская область,2018-10,3.09,27
Иркутская область,2018-11,-0.1,27
Иркутская область,2018-12,-2.16,27
Иркутская область,2019-01,3.11,27
Иркутская область,2019-02,-0.76,24
Иркутская область,2019-03,4.37,22
Иркутская область,2019-04,2.07,18
Иркутская область,2019-05,-0.34,12
Иркутская область,2019-06,1.28,22
Иркутская область,2019-07,1.12,23
Иркутская область,2019-08,0.27,23
Иркутская область,2019-09,1.08,22
Иркутская область,2019-10,0.49,23
Иркутская область,2019-11,-2.6,22
Иркутская область,2019-12,0.83,23
Иркутская область,2020-01,5.69,23
Иркутская область,2020-02,3.4,22
Иркутская область,2020-03,4.02,22
Иркутская область,2020-04,4.57,22
Иркутская область,2020-05,1.7,23
Иркутская область,2020-06,0.41,22
Иркутская область,2020-07,0.22,23
Иркутская область,2020-08,0.7,23
Иркутская область,2020-09,1.58,22
Иркутская область,2020-10,0.29,23
Иркутская область,2020-11,3.84,21
Иркутская область,2020-12,0.22,23
Иркутская область,2021-01,-3.59,23
Иркутская область,2021-02,-1.33,21
Иркутская область,2021-03,0.98,23
Иркутская область,2021-04,-0.92,22
Иркутская область,2021-05,-1.53,23
Иркутская область,2021-06,-0.04,22
Иркутская область,2021-07,0.91,23
Иркутская область,2021-08,0.42,23
Иркутская область,2021-09,-0.85,23
Иркутская область,2021-10,1.18,23
Иркутская область,2021-11,3.57,23
Иркутская область,2021-12,1.32,22
Иркутская область,2022-01,2.19,22
Иркутская область,2022-02,-1.11,23
Иркутская область,2022-03,-0.87,23
Иркутская область,2022-04,0.74,23
Иркутская область,2022-05,2.35,23
Иркутская область,2022-06,1.06,23
Иркутская область,2022-07,-0.69,23
Иркутская область,2022-08,-2.26,23
Иркутская область,2022-09,-0.63,23
Иркутская область,2022-10,0.92,23
Иркутская область,2022-11,1.01,23
Иркутская область,2022-12,0.72,23
Иркутская область,2023-01,-0.91,24
Иркутская область,2023-02,2.27,24
Иркутская область,2023-03,3.59,24
Иркутская область,2023-04,-2.9,22
Иркутская область,2023-05,-0.78,21
Иркутская область,2023-06,0.29,22
Иркутская область,2023-07,0.75,23
Иркутская область,2023-08,1.85,23
Иркутская область,2023-09,1.63,22
Иркутская область,2023-10,3.7,21
Иркутская область,2023-11,0.4,22
Иркутская область,2023-12,-2.8,22
Иркутская область,2024-01,1.28,23
Иркутская область,2024-02,-2.18,21
Иркутская область,2024-03,2.1,21
Иркутская область,2024-04,1.53,23
Иркутская область,2024-05,2.77,23
Иркутская область,2024-06,0.66,22
Иркутская область,2024-07,2.94,22
Иркутская область,2024-08,1.98,21
Иркутская область,2024-09,-0.55,20
Иркутская область,2024-10,0.98,22
Иркутская область,2024-11,4.84,21
Иркутская область,2024-12,4.37,21
Иркутская область,2025-01,5.19,21
Иркутская область,2025-02,0.27,20
Иркутская область,2025-03,2.85,20
Иркутская область,2025-04,2.16,21
Иркутская область,2025-05,1.04,20
Иркутская область,2025-06,1.41,20
Иркутская область,2025-07,-0.08,20
Иркутская область,2025-08,1.28,9
Иркутская область,2025-09,2.49,9
Иркутская область,2025-10,-1.95,9
Иркутская область,2025-11,4.08,9
Иркутская область,2025-12,-0.66,9
Иркутская область,2026-01,-3.69,9
Иркутская область,2026-02,0.2,9
Иркутская область,2026-03,1.55,9
Иркутская область,2026-04,-0.92,9
Иркутская область,2026-05,0.85,9
Иркутская область,2026-06,0.66,9
Кабардино-Балкарская Республика,2014-01,-0.46,1
Кабардино-Балкарская Республика,2014-02,-2.24,1
Кабардино-Балкарская Республика,2014-03,0.87,1
Кабардино-Балкарская Республика,2014-04,0.02,1
Кабардино-Балкарская Республика,2014-05,2.21,1
Кабардино-Балкарская Республика,2014-06,-0.22,1
Кабардино-Балкарская Республика,2014-07,-0.32,1
Кабардино-Балкарская Республика,2014-08,1.98,1
Кабардино-Балкарская Республика,2014-09,-0.97,1
Кабардино-Балкарская Республика,2014-10,-3.25,1
Кабардино-Балкарская Республика,2014-11,-1.72,1
Кабардино-Балкарская Республика,2014-12,0.96,1
Кабардино-Балкарская Республика,2015-01,0.58,1
Кабардино-Балкарская Республика,2015-02,0.37,1
Кабардино-Балкарская Республика,2015-03,-0.62,1
Кабардино-Балкарская Республика,2015-04,-1.08,1
Кабардино-Балкарская Республика,2015-05,0.76,1
Кабардино-Балкарская Республика,2015-06,1.41,1
Кабардино-Балкарская Республика,2015-07,0.64,1
Кабардино-Балкарская Республика,2015-08,-0.02,1
Кабардино-Балкарская Республика,2015-09,2.29,1
Кабардино-Балкарская Республика,2015-10,-2.26,1
Кабардино-Балкарская Республика,2015-11,2.22,1
Кабардино-Балкарская Республика,2015-12,2.16,1
Кабардино-Балкарская Республика,2016-01,-0.55,1
Кабардино-Балкарская Республика,2016-02,3.93,1
Кабардино-Балкарская Республика,2016-03,0.76,1
Кабардино-Балкарская Республика,2016-04,2.43,1
Кабардино-Балкарская Республика,2016-05,0.36,1
Кабардино-Балкарская Республика,2016-06,0.41,1
Кабардино-Балкарская Республика,2016-07,-0.01,1
Кабардино-Балкарская Республика,2016-08,1.83,1
Кабардино-Балкарская Республика,2016-09,-0.44,1
Кабардино-Балкарская Республика,2016-10,-3.58,1
Кабардино-Балкарская Республика,2016-11,0.03,1
Кабардино-Балкарская Республика,2016-12,-3.24,1
Кабардино-Балкарская Республика,2017-01,-1.01,1
Кабардино-Балкарская Республика,2017-02,-0.2,1
Кабардино-Балкарская Республика,2017-03,0.53,1
Кабардино-Балкарская Республика,2017-04,0.2,1
Кабардино-Балкарская Республика,2017-05,-0.26,1
Кабардино-Балкарская Республика,2017-06,-0.66,1
Кабардино-Балкарская Республика,2017-09,1.57,1
Кабардино-Балкарская Республика,2017-10,-1.4,1
Кабардино-Балкарская Республика,2017-11,0.01,1
Кабардино-Балкарская Республика,2017-12,1.64,1
Кабардино-Балкарская Республика,2018-01,-0.37,1
Кабардино-Балкарская Республика,2018-02,2.04,1
Кабардино-Балкарская Республика,2018-03,0.02,1
Кабардино-Балкарская Республика,2018-04,0.83,1
Кабардино-Балкарская Республика,2018-05,2.48,1
Кабардино-Балкарская Республика,2018-06,1.8,1
Кабардино-Балкарская Республика,2018-07,2.73,1
Кабардино-Балкарская Республика,2018-08,-1.17,1
Кабардино-Балкарская Республика,2018-09,1.13,1
Кабардино-Балкарская Республика,2018-10,1.09,1
Кабардино-Балкарская Республика,2018-11,-0.52,1
Кабардино-Балкарская Республика,2018-12,0.82,1
Кабардино-Балкарская Республика,2019-01,1.53,1
Кабардино-Балкарская Республика,2019-02,1.87,1
Кабардино-Балкарская Республика,2019-03,0.84,1
Кабардино-Балкарская Республика,2019-04,0.07,1
Кабардино-Балкарская Республика,2019-05,2.34,1
Кабардино-Балкарская Республика,2019-06,3.62,1
Кабардино-Балкарская Республика,2019-07,-0.25,1
Кабардино-Балкарская Республика,2019-08,0.25,1
Кабардино-Балкарская Республика,2019-09,-1.05,1
Кабардино-Балкарская Республика,2019-10,1.39,1
Кабардино-Балкарская Республика,2019-11,-0.76,1
Кабардино-Балкарская Республика,2019-12,1.35,1
Кабардино-Балкарская Республика,2020-01,1.94,1
Кабардино-Балкарская Республика,2020-02,2.43,1
Кабардино-Балкарская Республика,2020-03,2.43,1
Кабардино-Балкарская Республика,2020-04,-0.8,1
Кабардино-Балкарская Республика,2020-05,0.72,1
Кабардино-Балкарская Республика,2020-06,1.94,1
Кабардино-Балкарская Республика,2020-07,2.37,1
Кабардино-Балкарская Республика,2020-08,-0.3,1
Кабардино-Балкарская Республика,2020-09,1.53,1
Кабардино-Балкарская Республика,2020-10,2.4,1
Кабардино-Балкарская Республика,2020-11,0.59,1
Кабардино-Балкарская Республика,2020-12,-1.47,1
Кабардино-Балкарская Республика,2021-01,2.22,1
Кабардино-Балкарская Республика,2021-02,-0.03,1
Кабардино-Балкарская Республика,2021-03,-1.57,1
Кабардино-Балкарская Республика,2021-04,1.67,1
Кабардино-Балкарская Республика,2021-05,2.8,1
Кабардино-Балкарская Республика,2021-06,1.31,1
Кабардино-Балкарская Республика,2021-07,1.58,1
Кабардино-Балкарская Республика,2021-08,2.41,1
Кабардино-Балкарская Республика,2021-09,-2.37,1
Кабардино-Балкарская Республика,2021-10,-2.65,1
Кабардино-Балкарская Республика,2021-11,1.9,1
Кабардино-Балкарская Республика,2021-12,1.23,1
Кабардино-Балкарская Республика,2022-01,1.65,1
Кабардино-Балкарская Республика,2022-02,3.75,1
Кабардино-Балкарская Республика,2022-03,-3.33,1
Кабардино-Балкарская Республика,2022-04,2.95,1
Кабардино-Балкарская Республика,2022-05,-0.83,1
Кабардино-Балкарская Республика,2022-06,1.45,1
Кабардино-Балкарская Республика,2022-07,0.36,1
Кабардино-Балкарская Республика,2022-08,2.26,1
Кабардино-Балкарская Республика,2022-09,1.43,1
Кабардино-Балкарская Республика,2022-10,0.58,1
Кабардино-Балкарская Республика,2022-11,2.26,1
Кабардино-Балкарская Республика,2022-12,-1.15,1
Кабардино-Балкарская Республика,2023-01,-0.07,1
Кабардино-Балкарская Республика,2023-02,-0.19,1
Кабардино-Балкарская Республика,2023-03,3.27,1
Кабардино-Балкарская Республика,2023-04,0.45,1
Кабардино-Балкарская Республика,2023-05,0.14,1
Кабардино-Балкарская Республика,2023-06,0.25,1
Кабардино-Балкарская Республика,2023-07,0.49,1
Кабардино-Балкарская Республика,2023-08,2.82,1
Кабардино-Балкарская Республика,2023-09,0.04,1
Кабардино-Балкарская Республика,2023-10,1.63,1
Кабардино-Балкарская Республика,2023-11,4.37,1
Кабардино-Балкарская Республика,2023-12,3.03,1
Кабардино-Балкарская Республика,2024-01,0.6,1
Кабардино-Балкарская Республика,2024-02,3.36,1
Кабардино-Балкарская Республика,2024-03,-1.05,1
Кабардино-Балкарская Республика,2024-04,5.59,1
Кабардино-Балкарская Республика,2024-05,-1.3,1
Кабардино-Балкарская Республика,2024-06,3.37,1
Кабардино-Балкарская Республика,2024-07,2.64,1
Кабардино-Балкарская Республика,2024-08,1.14,1
Кабардино-Балкарская Республика,2024-09,0.16,1
Кабардино-Балкарская Республика,2024-10,-0.42,1
Кабардино-Балкарская Республика,2024-11,0.8,1
Кабардино-Балкарская Республика,2024-12,0.57,1
Кабардино-Балкарская Республика,2025-01,3.7,1
Кабардино-Балкарская Республика,2025-02,-3.38,1
Кабардино-Балкарская Республика,2025-03,2.85,1
Кабардино-Балкарская Республика,2025-04,0.75,1
Кабардино-Балкарская Республика,2025-05,0.29,1
Кабардино-Балкарская Республика,2025-06,0.61,1
Кабардино-Балкарская Республика,2025-07,2.84,1
Калининградская область,2014-01,-2.42,1
Калининградская область,2014-02,2.57,1
Калининградская область,2014-03,3.21,1
Калининградская область,2014-04,1.81,1
Калининградская область,2014-05,0.76,1
Калининградская область,2014-06,-1.0,1
Калининградская область,2014-07,2.07,1
Калининградская область,2014-08,-0.09,1
Калининградская область,2014-09,0.52,1
Калининградская область,2014-10,0.68,1
Калининградская область,2014-11,0.7,1
Калининградская область,2014-12,0.04,1
Калининградская область,2015-01,2.45,1
Калининградская область,2015-02,2.03,1
Калининградская область,2015-03,2.84,1
Калининградская область,2015-04,-0.33,1
Калининградская область,2015-05,-0.9,1
Калининградская область,2015-06,-0.9,1
Калининградская область,2015-07,-1.02,1
Калининградская область,2015-08,1.12,1
Калининградская область,2015-09,0.51,1
Калининградская область,2015-10,-1.41,1
Калининградская область,2015-11,2.01,1
Калининградская область,2015-12,4.07,1
Калининградская область,2016-01,-2.75,1
Калининградская область,2016-02,3.3,1
Калининградская область,2016-03,1.13,1
Калининградская область,2016-04,0.37,1
Калининградская область,2016-05,2.09,1
Калининградская область,2016-06,1.28,1
Калининградская область,2016-07,0.45,1
Калининградская область,2016-08,-0.36,1
Калининградская область,2016-09,1.04,1
Калининградская область,2016-10,-1.97,1
Калининградская область,2016-11,-0.34,1
Калининградская область,2016-12,2.1,1
Калининградская область,2017-01,-0.34,1
Калининградская область,2017-02,0.19,1
Калининградская область,2017-03,1.95,1
Калининградская область,2017-04,-1.8,1
Калининградская область,2017-05,-0.07,1
Калининградская область,2017-06,-0.08,1
Калининградская область,2017-07,-1.57,1
Калининградская область,2017-08,-0.29,1
Калининградская область,2017-09,0.21,1
Калининградская область,2017-10,0.8,1
Калининградская область,2017-11,0.96,1
Калининградская область,2017-12,2.31,1
Калининградская область,2018-01,1.08,1
Калининградская область,2018-02,-3.56,1
Калининградская область,2018-03,-3.09,1
Калининградская область,2018-04,2.9,1
Калининградская область,2018-05,3.52,1
Калининградская область,2018-06,1.19,1
Калининградская область,2018-07,2.13,1
Калининградская область,2018-08,1.56,1
Калининградская область,2018-09,1.73,1
Калининградская область,2018-10,1.38,1
Калининградская область,2018-11,0.3,1
Калининградская область,2018-12,0.92,1
Калининградская область,2019-01,-0.75,1
Калининградская область,2019-02,3.35,1
Калининградская область,2019-03,2.22,1
Калининградская область,2019-04,1.26,1
Калининградская область,2019-05,-0.43,1
Калининградская область,2019-06,4.23,1
Калининградская область,2019-07,-1.33,1
Калининградская область,2019-08,0.12,1
Калининградская область,2019-09,-0.02,1
Калининградская область,2019-10,1.82,1
Калининградская область,2019-11,1.81,1
Калининградская область,2019-12,3.44,1
Калининградская область,2020-01,5.48,1
Калининградская область,2020-02,4.45,1
Калининградская область,2020-03,1.72,1
Калининградская область,2020-04,-0.87,1
Калининградская область,2020-05,-2.61,1
Калининградская область,2020-06,1.43,1
Калининградская область,2020-07,-1.49,1
Калининградская область,2020-08,0.56,1
Калининградская область,2020-09,1.62,1
Калининградская область,2020-10,2.17,1
Калининградская область,2020-11,3.07,1
Калининградская область,2020-12,1.57,1
Калининградская область,2021-01,-0.25,1
Калининградская область,2021-02,-2.25,1
Калининградская область,2021-03,0.39,1
Калининградская область,2021-04,-2.43,1
Калининградская область,2021-05,-1.49,1
Калининградская область,2021-06,2.19,1
Калининградская область,2021-07,2.82,1
Калининградская область,2021-08,-1.51,1
Калининградская область,2021-09,-0.61,1
Калининградская область,2021-10,0.65,1
Калининградская область,2021-11,1.63,1
Калининградская область,2021-12,-1.39,1
Калининградская область,2022-01,3.17,1
Калининградская область,2022-02,3.47,1
Калининградская область,2022-03,-0.56,1
Калининградская область,2022-04,-1.85,1
Калининградская область,2022-05,-1.73,1
Калининградская область,2022-06,0.55,1
Калининградская область,2022-07,-1.06,1
Калининградская область,2022-08,2.28,1
Калининградская область,2022-09,-2.01,1
Калининградская область,2022-10,2.74,1
Калининградская область,2022-11,0.44,1
Калининградская область,2022-12,-0.89,1
Калининградская область,2023-01,3.66,1
Калининградская область,2023-02,2.45,1
Калининградская область,2023-03,0.86,1
Калининградская область,2023-04,-0.66,1
Калининградская область,2023-05,-0.76,1
Калининградская область,2023-06,0.47,1
Калининградская область,2023-07,-0.89,1
Калининградская область,2023-08,0.67,1
Калининградская область,2023-09,3.14,1
Калининградская область,2023-10,0.87,1
Калининградская область,2023-11,-0.71,1
Калининградская область,2023-12,1.36,1
Калининградская область,2024-01,0.2,1
Калининградская область,2024-02,4.47,1
Калининградская область,2024-03,1.63,1
Калининградская область,2024-04,0.61,1
Калининградская область,2024-05,2.47,1
Калининградская область,2024-06,0.99,1
Калининградская область,2024-07,0.56,1
Калининградская область,2024-08,0.89,1
Калининградская область,2024-09,2.9,1
Калининградская область,2024-10,1.08,1
Калининградская область,2024-11,1.22,1
Калининградская область,2024-12,3.23,1
Калининградская область,2025-01,4.16,1
Калининградская область,2025-02,-0.52,1
Калининградская область,2025-03,2.31,1
Калининградская область,2025-04,0.39,1
Калининградская область,2025-05,-3.04,1
Калининградская область,2025-06,-0.75,1
Калининградская область,2025-07,-0.13,1
Калужская область,2014-01,-4.16,3
Калужская область,2014-02,3.77,3
Калужская область,2014-03,3.62,3
Калужская область,2014-04,-0.01,3
Калужская область,2014-05,1.98,3
Калужская область,2014-06,-1.35,3
Калужская область,2014-07,0.86,3
Калужская область,2014-08,0.91,3
Калужская область,2014-09,-0.46,3
Калужская область,2014-10,-2.05,3
Калужская область,2014-11,-1.39,3
Калужская область,2014-12,-0.85,3
Калужская область,2015-01,2.52,3
Калужская область,2015-02,3.49,3
Калужская область,2015-03,3.12,3
Калужская область,2015-04,-0.8,2
Калужская область,2015-05,0.31,2
Калужская область,2015-06,0.27,2
Калужская область,2015-07,-1.11,2
Калужская область,2015-08,-0.29,2
Калужская область,2015-09,2.12,2
Калужская область,2015-10,-1.92,2
Калужская область,2015-11,1.16,3
Калужская область,2015-12,4.84,3
Калужская область,2016-01,-3.29,3
Калужская область,2016-02,5.3,3
Калужская область,2016-03,0.99,3
Калужская область,2016-04,1.08,2
Калужская область,2016-05,0.46,2
Калужская область,2016-06,0.45,2
Калужская область,2016-07,1.01,2
Калужская область,2016-08,1.14,2
Калужская область,2016-09,-0.65,2
Калужская область,2016-10,-1.8,2
Калужская область,2016-11,-2.35,2
Калужская область,2016-12,-0.03,3
Калужская область,2017-01,-1.0,3
Калужская область,2017-02,1.31,3
Калужская область,2017-03,3.68,3
Калужская область,2017-04,-0.92,2
Калужская область,2017-05,-2.29,2
Калужская область,2017-06,-2.39,2
Калужская область,2017-07,-1.4,2
Калужская область,2017-08,1.29,2
Калужская область,2017-09,0.79,2
Калужская область,2017-10,-1.15,2
Калужская область,2017-11,0.54,3
Калужская область,2017-12,4.41,3
Калужская область,2018-01,1.71,3
Калужская область,2018-02,-2.88,3
Калужская область,2018-03,-4.61,3
Калужская область,2018-04,0.89,2
Калужская область,2018-05,2.66,2
Калужская область,2018-06,-0.43,2
Калужская область,2018-07,0.69,2
Калужская область,2018-08,1.31,2
Калужская область,2018-09,2.31,2
Калужская область,2018-10,0.96,2
Калужская область,2018-11,-1.09,3
Калужская область,2018-12,-0.87,3
Калужская область,2019-01,-0.77,3
Калужская область,2019-02,4.33,3
Калужская область,2019-03,1.68,3
Калужская область,2019-04,0.64,2
Калужская область,2019-05,1.87,2
Калужская область,2019-06,2.37,2
Калужская область,2019-07,-2.75,2
Калужская область,2019-08,-1.61,2
Калужская область,2019-09,-0.46,2
Калужская область,2019-10,2.65,2
Калужская область,2019-11,2.07,3
Калужская область,2019-12,5.23,3
Калужская область,2020-01,5.98,3
Калужская область,2020-02,5.67,3
Калужская область,2020-03,4.75,3
Калужская область,2020-04,-2.07,2
Калужская область,2020-05,-2.58,2
Калужская область,2020-06,1.84,2
Калужская область,2020-07,-0.63,2
Калужская область,2020-08,-0.62,2
Калужская область,2020-09,1.71,2
Калужская область,2020-10,3.36,2
Калужская область,2020-11,1.99,3
Калужская область,2020-12,1.01,3
Калужская область,2021-01,0.71,3
Калужская область,2021-02,-4.41,3
Калужская область,2021-03,-0.73,3
Калужская область,2021-04,1.29,2
Калужская область,2021-05,-0.29,2
Калужская область,2021-06,2.31,2
Калужская область,2021-07,1.92,2
Калужская область,2021-08,1.54,2
Калужская область,2021-09,-2.45,2
Калужская область,2021-10,-0.35,2
Калужская область,2021-11,2.37,3
Калужская область,2021-12,-1.29,3
Калужская область,2022-01,0.92,3
Калужская область,2022-02,4.74,3
Калужская область,2022-03,-0.35,3
Калужская область,2022-04,-1.79,2
Калужская область,2022-05,-3.06,2
Калужская область,2022-06,0.66,2
Калужская область,2022-07,-0.3,2
Калужская область,2022-08,2.76,2
Калужская область,2022-09,-2.78,2
Калужская область,2022-10,0.93,2
Калужская область,2022-11,0.13,3
Калужская область,2022-12,0.76,3
Калужская область,2023-01,2.13,3
Калужская область,2023-02,1.43,3
Калужская область,2023-03,1.87,3
Калужская область,2023-04,2.33,2
Калужская область,2023-05,-1.71,2
Калужская область,2023-06,-0.87,2
Калужская область,2023-07,-0.92,2
Калужская область,2023-08,1.97,2
Калужская область,2023-09,2.54,2
Калужская область,2023-10,-0.76,3
Калужская область,2023-11,1.13,3
Калужская область,2023-12,0.77,3
Калужская область,2024-01,-2.82,3
Калужская область,2024-02,2.76,3
Калужская область,2024-03,1.44,3
Калужская область,2024-04,3.54,2
Калужская область,2024-05,-1.63,2
Калужская область,2024-06,2.12,2
Калужская область,2024-07,2.08,2
Калужская область,2024-08,1.36,2
Калужская область,2024-09,4.35,2
Калужская область,2024-10,2.16,2
Калужская область,2024-11,1.18,3
Калужская область,2024-12,2.58,3
Калужская область,2025-01,6.37,3
Калужская область,2025-02,0.28,3
Калужская область,2025-03,4.32,3
Калужская область,2025-04,1.75,2
Калужская область,2025-05,-0.71,2
Калужская область,2025-06,-1.0,2
Калужская область,2025-07,1.8,2
Калужская область,2025-08,-0.93,1
Калужская область,2025-09,0.95,1
Калужская область,2025-10,1.11,1
Калужская область,2025-11,3.77,1
Калужская область,2025-12,2.57,2
Калужская область,2026-01,-5.38,2
Калужская область,2026-02,-3.44,2
Калужская область,2026-03,5.14,1
Калужская область,2026-04,-2.03,2
Калужская область,2026-05,1.09,2
Калужская область,2026-06,0.79,2
Камчатский край,2014-01,-1.61,12
Камчатский край,2014-02,4.68,12
Камчатский край,2014-03,-1.15,12
Камчатский край,2014-04,0.73,12
Камчатский край,2014-05,0.48,12
Камчатский край,2014-06,0.84,11
Камчатский край,2014-07,1.26,11
Камчатский край,2014-08,0.81,12
Камчатский край,2014-09,0.77,11
Камчатский край,2014-10,1.53,12
Камчатский край,2014-11,1.1,12
Камчатский край,2014-12,0.94,12
Камчатский край,2015-01,3.06,12
Камчатский край,2015-02,2.25,12
Камчатский край,2015-03,-0.49,12
Камчатский край,2015-04,-1.69,12
Камчатский край,2015-05,-1.21,12
Камчатский край,2015-06,-0.12,12
Камчатский край,2015-07,-0.19,12
Камчатский край,2015-08,0.0,12
Камчатский край,2015-09,0.94,12
Камчатский край,2015-10,0.73,12
Камчатский край,2015-11,-3.71,12
Камчатский край,2015-12,-3.31,12
Камчатский край,2016-01,-3.78,12
Камчатский край,2016-02,-3.99,12
Камчатский край,2016-03,-0.32,12
Камчатский край,2016-04,-0.1,12
Камчатский край,2016-05,1.22,12
Камчатский край,2016-06,1.14,12
Камчатский край,2016-07,1.75,11
Камчатский край,2016-08,2.39,12
Камчатский край,2016-09,-0.28,12
Камчатский край,2016-10,0.57,12
Камчатский край,2016-11,-0.96,12
Камчатский край,2016-12,2.07,12
Камчатский край,2017-01,-0.66,11
Камчатский край,2017-02,5.62,11
Камчатский край,2017-03,7.44,11
Камчатский край,2017-04,2.27,11
Камчатский край,2017-05,0.61,11
Камчатский край,2017-06,-0.45,11
Камчатский край,2017-07,0.07,11
Камчатский край,2017-08,1.28,11
Камчатский край,2017-09,1.0,11
Камчатский край,2017-10,-0.66,11
Камчатский край,2017-11,3.75,11
Камчатский край,2017-12,2.51,11
Камчатский край,2018-01,3.79,11
Камчатский край,2018-02,6.15,11
Камчатский край,2018-03,0.45,11
Камчатский край,2018-04,1.91,11
Камчатский край,2018-05,-0.01,11
Камчатский край,2018-06,-0.56,11
Камчатский край,2018-07,0.82,11
Камчатский край,2018-08,-0.97,11
Камчатский край,2018-09,0.79,11
Камчатский край,2018-10,2.38,11
Камчатский край,2018-11,0.75,11
Камчатский край,2018-12,0.55,11
Камчатский край,2019-01,1.09,11
Камчатский край,2019-02,-0.68,11
Камчатский край,2019-03,-1.14,11
Камчатский край,2019-04,2.8,11
Камчатский край,2019-05,1.71,6
Камчатский край,2019-06,-0.33,6
Камчатский край,2019-07,-0.95,6
Камчатский край,2019-08,-0.31,6
Камчатский край,2019-09,-0.27,6
Камчатский край,2019-10,-0.82,6
Камчатский край,2019-11,3.65,6
Камчатский край,2019-12,1.65,6
Камчатский край,2020-01,4.06,6
Камчатский край,2020-02,-1.9,6
Камчатский край,2020-03,3.36,6
Камчатский край,2020-04,-0.93,6
Камчатский край,2020-05,0.17,5
Камчатский край,2020-06,1.32,6
Камчатский край,2020-07,-0.85,6
Камчатский край,2020-08,-1.06,6
Камчатский край,2020-09,-0.71,6
Камчатский край,2020-10,2.06,6
Камчатский край,2020-11,1.15,6
Камчатский край,2020-12,1.28,6
Камчатский край,2021-01,0.01,6
Камчатский край,2021-02,2.75,6
Камчатский край,2021-03,-0.76,5
Камчатский край,2021-04,1.08,6
Камчатский край,2021-05,-0.76,6
Камчатский край,2021-06,0.38,6
Камчатский край,2021-07,0.09,6
Камчатский край,2021-08,-0.33,6
Камчатский край,2021-09,-0.7,6
Камчатский край,2021-10,-1.26,6
Камчатский край,2021-11,1.65,6
Камчатский край,2021-12,3.19,6
Камчатский край,2022-01,4.74,6
Камчатский край,2022-02,2.9,6
Камчатский край,2022-03,3.81,6
Камчатский край,2022-04,1.23,6
Камчатский край,2022-05,0.84,6
Камчатский край,2022-06,-0.21,6
Камчатский край,2022-07,1.21,6
Камчатский край,2022-08,0.61,6
Камчатский край,2022-09,0.38,6
Камчатский край,2022-10,-0.53,6
Камчатский край,2022-11,0.76,6
Камчатский край,2022-12,5.61,6
Камчатский край,2023-01,0.73,6
Камчатский край,2023-02,-2.68,6
Камчатский край,2023-03,-0.56,6
Камчатский край,2023-04,1.23,6
Камчатский край,2023-05,0.12,6
Камчатский край,2023-06,1.28,5
Камчатский край,2023-07,0.07,5
Камчатский край,2023-08,-0.01,6
Камчатский край,2023-09,0.68,6
Камчатский край,2023-10,2.21,6
Камчатский край,2023-11,2.44,6
Камчатский край,2023-12,-0.0,6
Камчатский край,2024-01,-1.98,6
Камчатский край,2024-02,-4.48,6
Камчатский край,2024-03,1.66,6
Камчатский край,2024-04,1.3,6
Камчатский край,2024-05,-0.01,6
Камчатский край,2024-06,-0.16,6
Камчатский край,2024-07,-0.39,6
Камчатский край,2024-08,-0.74,6
Камчатский край,2024-09,0.99,6
Камчатский край,2024-10,1.68,6
Камчатский край,2024-11,0.78,6
Камчатский край,2024-12,2.77,6
Камчатский край,2025-01,0.3,6
Камчатский край,2025-02,2.5,6
Камчатский край,2025-03,-0.65,6
Камчатский край,2025-04,3.02,6
Камчатский край,2025-05,0.38,6
Камчатский край,2025-06,0.71,6
Камчатский край,2025-07,-0.54,6
Камчатский край,2025-08,1.38,4
Камчатский край,2025-09,1.17,4
Камчатский край,2025-10,-2.46,4
Камчатский край,2025-11,0.04,4
Камчатский край,2025-12,5.87,4
Камчатский край,2026-01,4.52,4
Камчатский край,2026-02,3.97,4
Камчатский край,2026-03,4.57,4
Камчатский край,2026-04,0.99,4
Камчатский край,2026-05,0.98,4
Камчатский край,2026-06,0.83,4
Карачаево-Черкесская Республика,2014-01,0.6,1
Карачаево-Черкесская Республика,2014-02,1.27,1
Карачаево-Черкесская Республика,2014-03,-1.64,1
Карачаево-Черкесская Республика,2014-04,0.54,1
Карачаево-Черкесская Республика,2014-05,2.98,1
Карачаево-Черкесская Республика,2014-06,-0.3,1
Карачаево-Черкесская Республика,2014-07,2.06,1
Карачаево-Черкесская Республика,2014-08,3.98,1
Карачаево-Черкесская Республика,2014-09,0.33,1
Карачаево-Черкесская Республика,2014-10,-1.93,1
Карачаево-Черкесская Республика,2014-11,-2.81,1
Карачаево-Черкесская Республика,2014-12,0.95,1
Карачаево-Черкесская Республика,2015-01,-0.4,1
Карачаево-Черкесская Республика,2015-02,2.02,1
Карачаево-Черкесская Республика,2015-03,2.21,1
Карачаево-Черкесская Республика,2015-04,-2.26,1
Карачаево-Черкесская Республика,2015-05,-0.41,1
Карачаево-Черкесская Республика,2015-06,1.04,1
Карачаево-Черкесская Республика,2015-07,0.01,1
Карачаево-Черкесская Республика,2015-08,0.56,1
Карачаево-Черкесская Республика,2015-09,3.99,1
Карачаево-Черкесская Республика,2015-10,-1.17,1
Карачаево-Черкесская Республика,2015-12,-0.55,1
Карачаево-Черкесская Республика,2016-01,-1.35,1
Карачаево-Черкесская Республика,2016-02,4.22,1
Карачаево-Черкесская Республика,2016-03,1.41,1
Карачаево-Черкесская Республика,2016-04,1.89,1
Карачаево-Черкесская Республика,2016-05,-0.6,1
Карачаево-Черкесская Республика,2016-06,0.59,1
Карачаево-Черкесская Республика,2016-07,-0.51,1
Карачаево-Черкесская Республика,2016-08,1.94,1
Карачаево-Черкесская Республика,2016-09,-1.97,1
Карачаево-Черкесская Республика,2016-10,-2.58,1
Карачаево-Черкесская Республика,2016-11,-0.16,1
Карачаево-Черкесская Республика,2016-12,-4.2,1
Карачаево-Черкесская Республика,2017-01,-1.15,1
Карачаево-Черкесская Республика,2017-02,-0.83,1
Карачаево-Черкесская Республика,2017-03,2.01,1
Карачаево-Черкесская Республика,2017-04,0.84,1
Карачаево-Черкесская Республика,2017-05,-0.95,1
Карачаево-Черкесская Республика,2017-06,-0.48,1
Карачаево-Черкесская Республика,2017-07,0.85,1
Карачаево-Черкесская Республика,2017-08,1.63,1
Карачаево-Черкесская Республика,2017-09,2.38,1
Карачаево-Черкесская Республика,2017-10,-1.13,1
Карачаево-Черкесская Республика,2017-11,-0.31,1
Карачаево-Черкесская Республика,2017-12,3.6,1
Карачаево-Черкесская Республика,2018-01,1.7,1
Карачаево-Черкесская Республика,2018-02,3.07,1
Карачаево-Черкесская Республика,2018-03,2.56,1
Карачаево-Черкесская Республика,2018-04,1.89,1
Карачаево-Черкесская Республика,2018-05,2.38,1
Карачаево-Черкесская Республика,2018-06,1.34,1
Карачаево-Черкесская Республика,2018-07,1.6,1
Карачаево-Черкесская Республика,2018-08,-0.83,1
Карачаево-Черкесская Республика,2018-09,0.99,1
Карачаево-Черкесская Республика,2018-10,1.97,1
Карачаево-Черкесская Республика,2018-11,0.49,1
Карачаево-Черкесская Республика,2018-12,0.55,1
Карачаево-Черкесская Республика,2019-01,1.8,1
Карачаево-Черкесская Республика,2019-02,2.07,1
Карачаево-Черкесская Республика,2019-03,-0.84,1
Карачаево-Черкесская Республика,2019-04,-0.71,1
Карачаево-Черкесская Республика,2019-05,1.8,1
Карачаево-Черкесская Республика,2019-06,3.05,1
Карачаево-Черкесская Республика,2019-07,-0.94,1
Карачаево-Черкесская Республика,2019-08,0.03,1
Карачаево-Черкесская Республика,2019-09,-1.72,1
Карачаево-Черкесская Республика,2019-10,0.42,1
Карачаево-Черкесская Республика,2019-11,3.14,1
Карачаево-Черкесская Республика,2019-12,2.05,1
Карачаево-Черкесская Республика,2020-02,0.82,1
Карачаево-Черкесская Республика,2020-03,5.36,1
Карачаево-Черкесская Республика,2020-04,-1.96,1
Карачаево-Черкесская Республика,2020-06,1.6,1
Карачаево-Черкесская Республика,2020-07,1.31,1
Карачаево-Черкесская Республика,2020-08,-1.82,1
Карачаево-Черкесская Республика,2020-09,3.18,1
Карачаево-Черкесская Республика,2020-10,3.97,1
Карачаево-Черкесская Республика,2020-11,-0.71,1
Карачаево-Черкесская Республика,2020-12,1.55,1
Карачаево-Черкесская Республика,2021-01,2.75,1
Карачаево-Черкесская Республика,2021-02,1.87,1
Карачаево-Черкесская Республика,2021-03,-2.89,1
Карачаево-Черкесская Республика,2021-04,1.94,1
Карачаево-Черкесская Республика,2021-05,1.98,1
Карачаево-Черкесская Республика,2021-06,1.2,1
Карачаево-Черкесская Республика,2021-07,0.96,1
Карачаево-Черкесская Республика,2021-08,1.98,1
Карачаево-Черкесская Республика,2021-09,-1.67,1
Карачаево-Черкесская Республика,2021-10,-1.78,1
Карачаево-Черкесская Республика,2021-11,2.59,1
Карачаево-Черкесская Республика,2021-12,1.55,1
Карачаево-Черкесская Республика,2022-01,-0.45,1
Карачаево-Черкесская Республика,2022-02,1.37,1
Карачаево-Черкесская Республика,2022-03,-4.94,1
Карачаево-Черкесская Республика,2022-04,3.34,1
Карачаево-Черкесская Республика,2022-05,-1.07,1
Карачаево-Черкесская Республика,2022-06,1.0,1
Карачаево-Черкесская Республика,2022-07,-1.04,1
Карачаево-Черкесская Республика,2022-08,2.33,1
Карачаево-Черкесская Республика,2022-09,1.23,1
Карачаево-Черкесская Республика,2022-10,-0.23,1
Карачаево-Черкесская Республика,2022-11,1.69,1
Карачаево-Черкесская Республика,2022-12,1.4,1
Карачаево-Черкесская Республика,2023-01,2.65,1
Карачаево-Черкесская Республика,2023-02,-2.18,1
Карачаево-Черкесская Республика,2023-03,2.46,1
Карачаево-Черкесская Республика,2023-04,1.59,1
Карачаево-Черкесская Республика,2023-05,-0.87,1
Карачаево-Черкесская Республика,2023-06,0.05,1
Карачаево-Черкесская Республика,2023-07,-0.49,1
Карачаево-Черкесская Республика,2023-08,2.28,1
Карачаево-Черкесская Республика,2023-09,-0.52,1
Карачаево-Черкесская Республика,2023-10,0.77,1
Карачаево-Черкесская Республика,2023-11,2.89,1
Карачаево-Черкесская Республика,2023-12,3.75,1
Карачаево-Черкесская Республика,2024-01,0.25,1
Карачаево-Черкесская Республика,2024-02,2.77,1
Карачаево-Черкесская Республика,2024-03,0.41,1
Карачаево-Черкесская Республика,2024-05,-2.27,1
Карачаево-Черкесская Республика,2024-06,1.55,1
Карачаево-Черкесская Республика,2024-07,1.21,1
Карачаево-Черкесская Республика,2024-08,0.48,1
Карачаево-Черкесская Республика,2024-09,0.73,1
Карачаево-Черкесская Республика,2024-10,-1.63,1
Карачаево-Черкесская Республика,2024-11,0.04,1
Карачаево-Черкесская Республика,2024-12,3.75,1
Карачаево-Черкесская Республика,2025-01,3.65,1
Карачаево-Черкесская Республика,2025-02,-4.18,1
Карачаево-Черкесская Республика,2025-04,-0.26,1
Карачаево-Черкесская Республика,2025-05,0.83,1
Карачаево-Черкесская Республика,2025-06,-1.0,1
Карачаево-Черкесская Республика,2025-07,1.66,1
Карачаево-Черкесская Республика,2025-08,1.08,1
Карачаево-Черкесская Республика,2025-09,-0.52,1
Карачаево-Черкесская Республика,2025-10,0.27,1
Карачаево-Черкесская Республика,2025-11,6.34,1
Карачаево-Черкесская Республика,2025-12,-0.0,1
Карачаево-Черкесская Республика,2026-01,0.9,1
Карачаево-Черкесская Республика,2026-02,3.27,1
Карачаево-Черкесская Республика,2026-03,-0.04,1
Карачаево-Черкесская Республика,2026-04,-1.81,1
Карачаево-Черкесская Республика,2026-05,-0.77,1
Карачаево-Черкесская Республика,2026-06,-0.85,1
Кемеровская область,2014-01,1.09,7
Кемеровская область,2014-02,-4.69,7
Кемеровская область,2014-03,3.52,7
Кемеровская область,2014-04,2.47,7
Кемеровская область,2014-05,-2.72,7
Кемеровская область,2014-06,-0.93,7
Кемеровская область,2014-07,0.44,7
Кемеровская область,2014-08,0.72,7
Кемеровская область,2014-09,-1.81,7
Кемеровская область,2014-10,-2.76,7
Кемеровская область,2014-11,-2.21,7
Кемеровская область,2014-12,2.57,7
Кемеровская область,2015-01,4.56,7
Кемеровская область,2015-02,2.64,7
Кемеровская область,2015-03,0.94,7
Кемеровская область,2015-04,2.09,7
Кемеровская область,2015-05,0.54,7
Кемеровская область,2015-06,1.05,7
Кемеровская область,2015-07,0.51,7
Кемеровская область,2015-08,0.36,7
Кемеровская область,2015-09,-1.43,7
Кемеровская область,2015-10,0.99,7
Кемеровская область,2015-11,-2.34,7
Кемеровская область,2015-12,7.5,7
Кемеровская область,2016-01,-3.32,7
Кемеровская область,2016-02,3.94,7
Кемеровская область,2016-03,2.02,7
Кемеровская область,2016-04,3.04,7
Кемеровская область,2016-05,-1.73,7
Кемеровская область,2016-06,1.57,7
Кемеровская область,2016-07,1.25,7
Кемеровская область,2016-08,0.13,7
Кемеровская область,2016-09,2.47,7
Кемеровская область,2016-10,-5.59,7
Кемеровская область,2016-11,-5.34,7
Кемеровская область,2016-12,2.11,7
Кемеровская область,2017-01,2.86,7
Кемеровская область,2017-02,1.7,7
Кемеровская область,2017-03,2.39,7
Кемеровская область,2017-04,1.81,7
Кемеровская область,2017-05,0.69,7
Кемеровская область,2017-06,1.83,7
Кемеровская область,2017-07,-0.77,6
Кемеровская область,2017-08,0.1,6
Кемеровская область,2017-09,-1.36,7
Кемеровская область,2017-10,-1.08,7
Кемеровская область,2017-11,1.42,7
Кемеровская область,2017-12,2.21,7
Кемеровская область,2018-01,-4.52,7
Кемеровская область,2018-02,-1.54,7
Кемеровская область,2018-03,-1.1,7
Кемеровская область,2018-04,0.03,7
Кемеровская область,2018-05,-3.92,7
Кемеровская область,2018-06,2.81,7
Кемеровская область,2018-07,-1.57,7
Кемеровская область,2018-08,-0.21,7
Кемеровская область,2018-09,1.21,7
Кемеровская область,2018-10,2.48,7
Кемеровская область,2018-11,-2.02,7
Кемеровская область,2018-12,-6.15,7
Кемеровская область,2019-01,2.07,7
Кемеровская область,2019-02,-2.06,7
Кемеровская область,2019-03,4.39,7
Кемеровская область,2019-04,-0.03,7
Кемеровская область,2019-05,-1.13,7
Кемеровская область,2019-06,-0.51,7
Кемеровская область,2019-07,-0.73,4
Кемеровская область,2019-08,1.4,4
Кемеровская область,2019-09,0.55,4
Кемеровская область,2019-10,1.25,4
Кемеровская область,2019-11,-3.74,4
Кемеровская область,2019-12,4.0,4
Кемеровская область,2020-01,6.37,4
Кемеровская область,2020-02,5.22,4
Кемеровская область,2020-03,2.37,4
Кемеровская область,2020-04,5.52,4
Кемеровская область,2020-05,3.49,4
Кемеровская область,2020-06,-1.05,4
Кемеровская область,2020-07,-0.27,4
Кемеровская область,2020-08,1.75,4
Кемеровская область,2020-09,0.28,4
Кемеровская область,2020-10,-0.28,4
Кемеровская область,2020-11,1.81,4
Кемеровская область,2020-12,-2.76,4
Кемеровская область,2021-01,-4.23,4
Кемеровская область,2021-02,-0.52,4
Кемеровская область,2021-03,-0.2,4
Кемеровская область,2021-04,-0.1,4
Кемеровская область,2021-05,1.32,4
Кемеровская область,2021-06,-1.53,4
Кемеровская область,2021-07,0.35,4
Кемеровская область,2021-08,1.03,4
Кемеровская область,2021-09,-1.11,4
Кемеровская область,2021-10,0.06,4
Кемеровская область,2021-11,0.72,4
Кемеровская область,2021-12,3.62,4
Кемеровская область,2022-01,2.88,4
Кемеровская область,2022-02,2.43,4
Кемеровская область,2022-03,-1.49,4
Кемеровская область,2022-04,1.67,4
Кемеровская область,2022-05,3.92,4
Кемеровская область,2022-06,-0.32,4
Кемеровская область,2022-07,-1.43,4
Кемеровская область,2022-08,-0.85,4
Кемеровская область,2022-09,-0.13,4
Кемеровская область,2022-10,0.33,3
Кемеровская область,2022-11,-1.8,3
Кемеровская область,2022-12,-2.96,3
Кемеровская область,2023-01,2.88,3
Кемеровская область,2023-02,0.4,3
Кемеровская область,2023-03,2.67,3
Кемеровская область,2023-04,-3.51,3
Кемеровская область,2023-05,-0.92,3
Кемеровская область,2023-06,1.2,3
Кемеровская область,2023-07,0.99,3
Кемеровская область,2023-08,1.14,3
Кемеровская область,2023-09,1.52,3
Кемеровская область,2023-10,1.96,3
Кемеровская область,2023-11,3.32,3
Кемеровская область,2023-12,-0.82,3
Кемеровская область,2024-01,1.99,3
Кемеровская область,2024-02,-1.1,2
Кемеровская область,2024-03,1.06,3
Кемеровская область,2024-04,-0.23,3
Кемеровская область,2024-05,-0.11,3
Кемеровская область,2024-06,2.1,3
Кемеровская область,2024-07,2.29,3
Кемеровская область,2024-08,1.75,3
Кемеровская область,2024-09,-1.58,3
Кемеровская область,2024-10,-0.0,3
Кемеровская область,2024-11,2.41,3
Кемеровская область,2024-12,2.93,3
Кемеровская область,2025-01,6.75,3
Кемеровская область,2025-02,2.49,3
Кемеровская область,2025-03,2.34,3
Кемеровская область,2025-04,3.14,3
Кемеровская область,2025-05,0.18,3
Кемеровская область,2025-06,2.88,3
Кемеровская область,2025-07,0.02,3
Кемеровская область,2025-08,0.13,1
Кемеровская область,2025-09,2.62,1
Кемеровская область,2025-10,-2.29,1
Кемеровская область,2025-11,3.11,1
Кемеровская область,2025-12,1.79,1
Кемеровская область,2026-01,-3.26,1
Кемеровская область,2026-02,-0.77,1
Кемеровская область,2026-03,0.72,1
Кемеровская область,2026-04,0.66,1
Кемеровская область,2026-05,-0.04,1
Кемеровская область,2026-06,3.79,1
Кировская область,2014-01,-1.43,6
Кировская область,2014-02,-0.23,6
Кировская область,2014-03,2.83,6
Кировская область,2014-04,-1.64,6
Кировская область,2014-05,2.89,6
Кировская область,2014-06,-1.03,6
Кировская область,2014-07,-2.29,6
Кировская область,2014-08,1.83,6
Кировская область,2014-09,-0.06,6
Кировская область,2014-10,-4.18,6
Кировская область,2014-11,-0.05,6
Кировская область,2014-12,1.78,6
Кировская область,2015-01,0.23,6
Кировская область,2015-02,4.26,6
Кировская область,2015-03,1.61,7
Кировская область,2015-04,-0.41,7
Кировская область,2015-05,2.6,7
Кировская область,2015-06,2.38,7
Кировская область,2015-07,-2.77,7
Кировская область,2015-08,-1.82,7
Кировская область,2015-09,2.86,7
Кировская область,2015-10,-2.23,7
Кировская область,2015-11,0.73,7
Кировская область,2015-12,4.74,7
Кировская область,2016-01,-1.92,7
Кировская область,2016-02,7.41,7
Кировская область,2016-03,1.12,7
Кировская область,2016-04,2.14,7
Кировская область,2016-05,1.54,7
Кировская область,2016-06,-0.05,7
Кировская область,2016-07,1.79,7
Кировская область,2016-08,5.43,7
Кировская область,2016-09,-0.01,7
Кировская область,2016-10,-1.04,7
Кировская область,2016-11,-4.1,7
Кировская область,2016-12,-3.67,7
Кировская область,2017-01,-2.55,7
Кировская область,2017-02,1.95,7
Кировская область,2017-03,2.65,7
Кировская область,2017-04,-1.5,7
Кировская область,2017-05,-3.55,7
Кировская область,2017-06,-2.3,7
Кировская область,2017-07,-0.84,7
Кировская область,2017-08,1.29,7
Кировская область,2017-09,-0.34,7
Кировская область,2017-10,-0.17,7
Кировская область,2017-11,3.24,7
Кировская область,2017-12,4.01,7
Кировская область,2018-01,2.08,7
Кировская область,2018-02,-1.8,7
Кировская область,2018-03,-5.48,7
Кировская область,2018-04,-1.29,7
Кировская область,2018-05,-0.04,7
Кировская область,2018-06,-1.78,7
Кировская область,2018-07,1.69,7
Кировская область,2018-08,0.7,7
Кировская область,2018-09,1.03,7
Кировская область,2018-10,0.61,7
Кировская область,2018-11,0.65,7
Кировская область,2018-12,0.29,7
Кировская область,2019-01,1.07,7
Кировская область,2019-02,2.42,7
Кировская область,2019-03,2.03,7
Кировская область,2019-04,-0.39,7
Кировская область,2019-05,1.85,7
Кировская область,2019-06,-0.4,7
Кировская область,2019-07,-2.61,5
Кировская область,2019-08,-2.66,5
Кировская область,2019-09,-1.73,5
Кировская область,2019-10,1.16,5
Кировская область,2019-11,0.3,5
Кировская область,2019-12,4.92,5
Кировская область,2020-01,6.87,5
Кировская область,2020-02,6.45,5
Кировская область,2020-03,4.47,5
Кировская область,2020-04,-1.5,5
Кировская область,2020-05,0.25,5
Кировская область,2020-06,-1.63,5
Кировская область,2020-07,1.66,5
Кировская область,2020-08,-0.85,5
Кировская область,2020-09,0.06,5
Кировская область,2020-10,1.16,5
Кировская область,2020-11,0.37,5
Кировская область,2020-12,-1.93,5
Кировская область,2021-01,0.13,5
Кировская область,2021-02,-7.48,5
Кировская область,2021-03,-1.8,5
Кировская область,2021-04,0.8,5
Кировская область,2021-05,3.19,5
Кировская область,2021-06,3.48,5
Кировская область,2021-07,0.48,5
Кировская область,2021-08,2.69,5
Кировская область,2021-09,-2.91,5
Кировская область,2021-10,1.15,5
Кировская область,2021-11,2.5,5
Кировская область,2021-12,-2.02,5
Кировская область,2022-01,0.48,5
Кировская область,2022-02,6.39,5
Кировская область,2022-03,-2.57,5
Кировская область,2022-04,-0.54,5
Кировская область,2022-05,-3.34,5
Кировская область,2022-06,-0.52,5
Кировская область,2022-07,0.83,5
Кировская область,2022-08,3.17,5
Кировская область,2022-09,-1.32,5
Кировская область,2022-10,1.39,5
Кировская область,2022-11,-0.43,5
Кировская область,2022-12,-0.27,5
Кировская область,2023-01,-0.16,5
Кировская область,2023-02,1.78,5
Кировская область,2023-03,2.85,5
Кировская область,2023-04,2.4,5
Кировская область,2023-05,1.7,5
Кировская область,2023-06,-2.51,5
Кировская область,2023-07,0.37,5
Кировская область,2023-08,1.1,5
Кировская область,2023-09,2.77,5
Кировская область,2023-10,0.44,5
Кировская область,2023-11,1.8,5
Кировская область,2023-12,-2.28,5
Кировская область,2024-01,-2.73,5
Кировская область,2024-02,-0.4,5
Кировская область,2024-03,1.54,4
Кировская область,2024-04,3.59,5
Кировская область,2024-05,-4.32,5
Кировская область,2024-06,2.29,5
Кировская область,2024-07,0.8,5
Кировская область,2024-08,0.09,5
Кировская область,2024-09,3.33,5
Кировская область,2024-10,0.42,5
Кировская область,2024-11,2.73,5
Кировская область,2024-12,2.77,5
Кировская область,2025-01,6.18,5
Кировская область,2025-02,2.37,5
Кировская область,2025-03,3.55,5
Кировская область,2025-04,1.37,5
Кировская область,2025-05,0.22,5
Кировская область,2025-06,0.28,5
Кировская область,2025-07,-0.66,5
Кировская область,2025-08,0.96,1
Кировская область,2025-09,-0.13,1
Кировская область,2025-10,1.02,1
Кировская область,2025-11,4.33,1
Кировская область,2025-12,-0.86,1
Кировская область,2026-01,-3.27,1
Кировская область,2026-02,-2.33,1
Кировская область,2026-03,2.74,1
Кировская область,2026-04,-0.08,1
Кировская область,2026-05,2.29,1
Кировская область,2026-06,-0.22,1
Костромская область,2014-01,-1.59,5
Костромская область,2014-02,4.09,5
Костромская область,2014-03,3.09,5
Костромская область,2014-04,-0.5,5
Костромская область,2014-05,2.28,5
Костромская область,2014-06,-1.05,5
Костромская область,2014-07,-0.97,5
Костромская область,2014-08,1.67,5
Костромская область,2014-09,-0.18,5
Костромская область,2014-10,-3.92,5
Костромская область,2014-11,-0.3,5
Костромская область,2014-12,2.29,5
Костромская область,2015-01,1.43,5
Костромская область,2015-02,4.67,5
Костромская область,2015-03,2.62,5
Костромская область,2015-04,-1.13,5
Костромская область,2015-05,2.27,2
Костромская область,2015-06,1.14,2
Костромская область,2015-07,-2.34,2
Костромская область,2015-08,-0.88,2
Костромская область,2015-09,2.44,2
Костромская область,2015-10,-1.83,2
Костромская область,2015-11,0.63,5
Костромская область,2015-12,4.63,5
Костромская область,2016-01,-3.66,5
Костромская область,2016-02,6.78,5
Костромская область,2016-03,1.03,5
Костромская область,2016-04,1.79,2
Костромская область,2016-05,2.38,2
Костромская область,2016-06,-0.55,2
Костромская область,2016-07,1.56,2
Костромская область,2016-08,3.24,2
Костромская область,2016-09,-0.87,2
Костромская область,2016-10,-0.91,2
Костромская область,2016-11,-2.89,5
Костромская область,2016-12,-0.92,5
Костромская область,2017-01,-2.32,5
Костромская область,2017-02,1.37,5
Костромская область,2017-03,3.67,5
Костромская область,2017-04,-0.95,2
Костромская область,2017-05,-3.6,2
Костромская область,2017-06,-3.07,2
Костромская область,2017-07,-1.22,2
Костромская область,2017-08,1.27,2
Костромская область,2017-09,0.43,2
Костромская область,2017-10,-0.33,3
Костромская область,2017-11,1.62,5
Костромская область,2017-12,5.02,5
Костромская область,2018-01,2.82,5
Костромская область,2018-02,-2.99,5
Костромская область,2018-03,-5.72,5
Костромская область,2018-04,0.12,2
Костромская область,2018-05,1.24,2
Костромская область,2018-06,-1.22,2
Костромская область,2018-07,1.58,2
Костромская область,2018-08,1.83,2
Костромская область,2018-09,1.89,2
Костромская область,2018-10,0.93,2
Костромская область,2018-11,1.0,5
Костромская область,2018-12,-0.81,5
Костромская область,2019-01,0.84,5
Костромская область,2019-02,4.16,5
Костромская область,2019-03,1.6,5
Костромская область,2019-04,0.51,2
Костромская область,2019-05,2.12,2
Костромская область,2019-06,0.72,2
Костромская область,2019-07,-2.88,1
Костромская область,2019-08,-1.31,1
Костромская область,2019-09,0.35,1
Костромская область,2019-10,2.09,1
Костромская область,2019-11,0.96,5
Костромская область,2019-12,5.78,5
Костромская область,2020-01,7.15,5
Костромская область,2020-02,6.26,4
Костромская область,2020-03,4.48,5
Костромская область,2020-04,-1.24,1
Костромская область,2020-05,-0.49,1
Костромская область,2020-06,0.66,1
Костромская область,2020-07,0.54,2
Костромская область,2020-08,-0.21,1
Костромская область,2020-09,2.6,1
Костромская область,2020-10,3.49,1
Костромская область,2020-11,2.45,5
Костромская область,2020-12,-1.82,5
Костромская область,2021-01,0.33,5
Костромская область,2021-02,-6.05,5
Костромская область,2021-03,-0.95,5
Костромская область,2021-04,2.31,1
Костромская область,2021-05,2.16,1
Костромская область,2021-06,3.86,1
Костромская область,2021-07,2.17,1
Костромская область,2021-08,2.59,1
Костромская область,2021-09,-1.25,1
Костромская область,2021-10,1.99,1
Костромская область,2021-11,3.46,4
Костромская область,2021-12,-4.15,4
Костромская область,2022-01,0.3,4
Костромская область,2022-02,6.02,4
Костромская область,2022-03,-0.39,4
Костромская область,2022-04,-1.64,1
Костромская область,2022-05,-2.24,1
Костромская область,2022-06,0.81,1
Костромская область,2022-07,1.87,1
Костромская область,2022-08,5.14,1
Костромская область,2022-09,-0.5,1
Костромская область,2022-10,2.64,1
Костромская область,2022-11,-0.84,4
Костромская область,2022-12,-0.0,4
Костромская область,2023-01,1.2,4
Костромская область,2023-02,2.36,4
Костромская область,2023-03,2.85,4
Костромская область,2023-04,3.61,1
Костромская область,2023-05,1.41,1
Костромская область,2023-06,-1.44,1
Костромская область,2023-07,-0.08,1
Костромская область,2023-08,2.64,1
Костромская область,2023-09,3.75,1
Костромская область,2023-10,0.14,1
Костромская область,2023-11,1.23,3
Костромская область,2023-12,-0.58,3
Костромская область,2024-01,-3.58,3
Костромская область,2024-02,0.1,3
Костромская область,2024-03,3.09,3
Костромская область,2024-04,5.36,1
Костромская область,2024-05,-1.14,1
Костромская область,2024-06,3.16,1
Костромская область,2024-07,2.02,1
Костромская область,2024-08,2.14,1
Костромская область,2024-09,5.0,1
Костромская область,2024-10,2.14,1
Костромская область,2024-11,1.21,3
Костромская область,2024-12,3.22,3
Костромская область,2025-01,6.84,3
Костромская область,2025-02,1.79,3
Костромская область,2025-03,5.01,3
Костромская область,2025-04,3.11,1
Костромская область,2025-05,0.46,1
Костромская область,2025-06,-0.09,1
Костромская область,2025-07,1.92,1
Костромская область,2025-08,1.14,1
Костромская область,2025-09,2.2,1
Костромская область,2025-10,1.64,1
Костромская область,2025-11,5.17,1
Костромская область,2025-12,5.25,1
Костромская область,2026-01,-0.87,1
Костромская область,2026-02,-2.01,1
Костромская область,2026-03,6.36,1
Костромская область,2026-04,1.41,1
Костромская область,2026-05,2.91,1
Костромская область,2026-06,-4.99,1
Краснодарский край,2014-01,0.56,7
Краснодарский край,2014-02,1.4,7
Краснодарский край,2014-03,1.91,7
Краснодарский край,2014-04,0.78,7
Краснодарский край,2014-05,2.2,7
Краснодарский край,2014-06,0.12,7
Краснодарский край,2014-07,0.81,7
Краснодарский край,2014-08,1.78,7
Краснодарский край,2014-09,0.42,7
Краснодарский край,2014-10,-1.45,7
Краснодарский край,2014-11,-0.63,7
Краснодарский край,2014-12,2.03,7
Краснодарский край,2015-01,0.98,7
Краснодарский край,2015-02,2.26,7
Краснодарский край,2015-03,1.42,7
Краснодарский край,2015-04,-1.65,6
Краснодарский край,2015-05,0.18,6
Краснодарский край,2015-06,0.94,6
Краснодарский край,2015-07,0.04,6
Краснодарский край,2015-08,1.54,6
Краснодарский край,2015-09,4.15,6
Краснодарский край,2015-10,-0.78,6
Краснодарский край,2015-11,2.31,6
Краснодарский край,2015-12,1.06,7
Краснодарский край,2016-01,-0.52,6
Краснодарский край,2016-02,4.23,7
Краснодарский край,2016-03,1.98,7
Краснодарский край,2016-04,1.97,6
Краснодарский край,2016-05,-0.04,6
Краснодарский край,2016-06,1.12,6
Краснодарский край,2016-07,0.48,6
Краснодарский край,2016-08,2.18,6
Краснодарский край,2016-09,-0.79,6
Краснодарский край,2016-10,-1.5,6
Краснодарский край,2016-11,0.67,6
Краснодарский край,2016-12,-3.88,7
Краснодарский край,2017-01,-0.56,7
Краснодарский край,2017-02,-0.86,7
Краснодарский край,2017-03,2.1,7
Краснодарский край,2017-04,-0.24,6
Краснодарский край,2017-05,-0.62,6
Краснодарский край,2017-06,-0.16,6
Краснодарский край,2017-07,0.88,6
Краснодарский край,2017-08,2.19,6
Краснодарский край,2017-09,2.52,5
Краснодарский край,2017-10,-0.21,5
Краснодарский край,2017-11,0.55,6
Краснодарский край,2017-12,3.25,6
Краснодарский край,2018-01,1.32,6
Краснодарский край,2018-02,2.58,6
Краснодарский край,2018-03,0.99,6
Краснодарский край,2018-04,1.95,5
Краснодарский край,2018-05,2.57,5
Краснодарский край,2018-06,1.88,5
Краснодарский край,2018-07,1.39,5
Краснодарский край,2018-08,1.01,5
Краснодарский край,2018-09,1.39,5
Краснодарский край,2018-10,1.99,5
Краснодарский край,2018-11,-0.47,6
Краснодарский край,2018-12,1.18,6
Краснодарский край,2019-01,2.23,6
Краснодарский край,2019-02,2.0,6
Краснодарский край,2019-03,-0.15,6
Краснодарский край,2019-04,0.3,5
Краснодарский край,2019-05,1.79,5
Краснодарский край,2019-06,3.3,5
Краснодарский край,2019-07,-2.68,2
Краснодарский край,2019-08,-1.3,2
Краснодарский край,2019-09,-1.59,2
Краснодарский край,2019-10,1.04,1
Краснодарский край,2019-11,-0.27,4
Краснодарский край,2019-12,0.39,4
Краснодарский край,2020-01,0.02,4
Краснодарский край,2020-02,0.07,4
Краснодарский край,2020-03,2.55,4
Краснодарский край,2020-04,-2.32,1
Краснодарский край,2020-05,-1.76,1
Краснодарский край,2020-06,-0.54,1
Краснодарский край,2020-07,-0.67,1
Краснодарский край,2020-08,-2.46,1
Краснодарский край,2020-09,2.06,1
Краснодарский край,2020-10,2.64,1
Краснодарский край,2020-11,-1.73,4
Краснодарский край,2020-12,-1.28,4
Краснодарский край,2021-01,0.2,4
Краснодарский край,2021-02,-2.43,4
Краснодарский край,2021-03,-3.25,3
Краснодарский край,2021-04,-0.86,2
Краснодарский край,2021-05,0.25,2
Краснодарский край,2021-06,-0.83,2
Краснодарский край,2021-07,0.59,2
Краснодарский край,2021-08,0.49,2
Краснодарский край,2021-09,-3.0,2
Краснодарский край,2021-10,-2.61,2
Краснодарский край,2021-11,-0.04,4
Краснодарский край,2021-12,0.74,3
Краснодарский край,2022-01,-1.02,2
Краснодарский край,2022-02,1.42,3
Краснодарский край,2022-03,-4.53,3
Краснодарский край,2022-04,0.76,2
Краснодарский край,2022-05,-3.1,2
Краснодарский край,2022-06,0.25,2
Краснодарский край,2022-07,-1.85,2
Краснодарский край,2022-08,1.5,2
Краснодарский край,2022-09,-0.92,2
Краснодарский край,2022-10,-1.12,2
Краснодарский край,2022-11,0.75,2
Краснодарский край,2022-12,0.84,2
Краснодарский край,2023-01,1.08,2
Краснодарский край,2023-02,-2.04,2
Краснодарский край,2023-03,1.75,2
Краснодарский край,2023-04,-0.04,2
Краснодарский край,2023-05,-1.21,3
Краснодарский край,2023-06,-0.49,3
Краснодарский край,2023-07,-1.45,2
Краснодарский край,2023-08,2.1,3
Краснодарский край,2023-09,0.26,2
Краснодарский край,2023-10,0.24,2
Краснодарский край,2023-11,1.62,2
Краснодарский край,2023-12,1.83,2
Краснодарский край,2024-01,-0.58,2
Краснодарский край,2024-02,2.54,2
Краснодарский край,2024-03,-0.17,2
Краснодарский край,2024-04,4.37,2
Краснодарский край,2024-05,-2.05,2
Краснодарский край,2024-06,2.21,3
Краснодарский край,2024-07,2.27,3
Краснодарский край,2024-08,0.17,2
Краснодарский край,2024-09,1.95,2
Краснодарский край,2024-10,-0.83,3
Краснодарский край,2024-11,-1.51,2
Краснодарский край,2024-12,0.87,2
Краснодарский край,2025-01,2.15,2
Краснодарский край,2025-02,-4.42,2
Краснодарский край,2025-03,2.5,2
Краснодарский край,2025-04,-0.82,2
Краснодарский край,2025-05,-0.91,2
Краснодарский край,2025-06,-1.99,2
Краснодарский край,2025-07,1.22,2
Краснодарский край,2025-08,-1.01,1
Краснодарский край,2025-09,-1.34,1
Краснодарский край,2025-10,-1.06,1
Краснодарский край,2025-11,4.55,1
Краснодарский край,2025-12,1.27,1
Краснодарский край,2026-01,0.25,1
Краснодарский край,2026-02,3.01,1
Краснодарский край,2026-03,0.93,1
Краснодарский край,2026-04,-3.17,1
Краснодарский край,2026-05,-2.96,1
Краснодарский край,2026-06,-2.79,1
Красноярский край,2014-01,-0.34,46
Красноярский край,2014-02,-3.88,46
Красноярский край,2014-03,4.3,45
Красноярский край,2014-04,4.11,46
Красноярский край,2014-05,-1.08,46
Красноярский край,2014-06,0.09,46
Красноярский край,2014-07,0.54,46
Красноярский край,2014-08,-0.53,46
Красноярский край,2014-09,-1.68,46
Красноярский край,2014-10,-2.05,45
Красноярский край,2014-11,-0.72,44
Красноярский край,2014-12,5.61,45
Красноярский край,2015-01,4.51,45
Красноярский край,2015-02,3.9,45
Красноярский край,2015-03,1.9,45
Красноярский край,2015-04,3.48,45
Красноярский край,2015-05,2.12,44
Красноярский край,2015-06,1.14,45
Красноярский край,2015-07,1.1,45
Красноярский край,2015-08,0.73,44
Красноярский край,2015-09,-0.47,45
Красноярский край,2015-10,0.83,45
Красноярский край,2015-11,-1.08,45
Красноярский край,2015-12,7.83,46
Красноярский край,2016-01,-2.12,46
Красноярский край,2016-02,4.26,46
Красноярский край,2016-03,2.93,46
Красноярский край,2016-04,3.16,46
Красноярский край,2016-05,-1.23,46
Красноярский край,2016-06,2.21,45
Красноярский край,2016-07,1.73,45
Красноярский край,2016-08,0.5,46
Красноярский край,2016-09,2.51,46
Красноярский край,2016-10,-4.15,46
Красноярский край,2016-11,-3.08,46
Красноярский край,2016-12,2.04,46
Красноярский край,2017-01,2.53,46
Красноярский край,2017-02,3.13,46
Красноярский край,2017-03,5.32,46
Красноярский край,2017-04,2.23,45
Красноярский край,2017-05,0.57,45
Красноярский край,2017-06,2.83,43
Красноярский край,2017-07,-0.2,43
Красноярский край,2017-08,0.22,43
Красноярский край,2017-09,-1.12,44
Красноярский край,2017-10,0.09,44
Красноярский край,2017-11,1.08,44
Красноярский край,2017-12,4.68,44
Красноярский край,2018-01,-1.85,43
Красноярский край,2018-02,-0.71,43
Красноярский край,2018-03,-0.58,43
Красноярский край,2018-04,1.08,43
Красноярский край,2018-05,-1.58,42
Красноярский край,2018-06,3.88,43
Красноярский край,2018-07,-1.48,44
Красноярский край,2018-08,1.04,42
Красноярский край,2018-09,1.17,44
Красноярский край,2018-10,4.34,44
Красноярский край,2018-11,-0.47,44
Красноярский край,2018-12,-3.07,43
Красноярский край,2019-01,3.57,43
Красноярский край,2019-02,-0.06,44
Красноярский край,2019-03,6.19,45
Красноярский край,2019-04,1.0,44
Красноярский край,2019-05,0.12,45
Красноярский край,2019-06,1.09,45
Красноярский край,2019-07,0.77,38
Красноярский край,2019-08,2.5,38
Красноярский край,2019-09,1.14,39
Красноярский край,2019-10,2.34,39
Красноярский край,2019-11,-1.3,39
Красноярский край,2019-12,3.77,39
Красноярский край,2020-01,8.32,39
Красноярский край,2020-02,6.43,39
Красноярский край,2020-03,4.3,39
Красноярский край,2020-04,7.63,39
Красноярский край,2020-05,4.87,39
Красноярский край,2020-06,0.22,39
Красноярский край,2020-07,0.1,39
Красноярский край,2020-08,2.89,38
Красноярский край,2020-09,2.59,38
Красноярский край,2020-10,1.29,38
Красноярский край,2020-11,5.88,38
Красноярский край,2020-12,-0.35,39
Красноярский край,2021-01,-3.99,38
Красноярский край,2021-02,-1.23,38
Красноярский край,2021-03,0.81,38
Красноярский край,2021-04,1.65,38
Красноярский край,2021-05,1.12,39
Красноярский край,2021-06,-0.76,38
Красноярский край,2021-07,0.75,39
Красноярский край,2021-08,1.33,39
Красноярский край,2021-09,-0.17,39
Красноярский край,2021-10,1.79,40
Красноярский край,2021-11,3.7,40
Красноярский край,2021-12,1.45,40
Красноярский край,2022-01,4.33,40
Красноярский край,2022-02,2.45,39
Красноярский край,2022-03,-0.41,40
Красноярский край,2022-04,2.58,40
Красноярский край,2022-05,4.03,40
Красноярский край,2022-06,1.05,40
Красноярский край,2022-07,-0.78,40
Красноярский край,2022-08,-0.67,39
Красноярский край,2022-09,-0.29,40
Красноярский край,2022-10,2.32,39
Красноярский край,2022-11,0.85,40
Красноярский край,2022-12,1.18,40
Красноярский край,2023-01,0.3,40
Красноярский край,2023-02,2.91,40
Красноярский край,2023-03,3.7,40
Красноярский край,2023-04,-2.64,40
Красноярский край,2023-05,1.02,39
Красноярский край,2023-06,1.06,40
Красноярский край,2023-07,1.22,40
Красноярский край,2023-08,2.43,40
Красноярский край,2023-09,2.07,40
Красноярский край,2023-10,3.82,40
Красноярский край,2023-11,2.26,40
Красноярский край,2023-12,0.07,40
Красноярский край,2024-01,2.68,40
Красноярский край,2024-02,-0.23,40
Красноярский край,2024-03,1.22,40
Красноярский край,2024-04,1.24,39
Красноярский край,2024-05,1.67,40
Красноярский край,2024-06,1.37,40
Красноярский край,2024-07,2.54,40
Красноярский край,2024-08,2.5,40
Красноярский край,2024-09,-0.16,40
Красноярский край,2024-10,1.04,40
Красноярский край,2024-11,5.36,40
Красноярский край,2024-12,6.11,40
Красноярский край,2025-01,7.28,39
Красноярский край,2025-02,2.38,40
Красноярский край,2025-03,2.89,40
Красноярский край,2025-04,2.67,40
Красноярский край,2025-05,1.43,40
Красноярский край,2025-06,2.58,40
Красноярский край,2025-07,1.08,39
Красноярский край,2025-08,1.79,17
Красноярский край,2025-09,-0.62,18
Красноярский край,2025-10,-2.34,18
Красноярский край,2025-11,-2.65,18
Красноярский край,2025-12,-5.14,18
Красноярский край,2026-01,-6.92,18
Красноярский край,2026-02,-4.12,18
Красноярский край,2026-03,-5.46,17
Красноярский край,2026-04,-3.33,18
Красноярский край,2026-05,-2.11,18
Красноярский край,2026-06,1.92,18
Курганская область,2014-01,-0.18,6
Курганская область,2014-02,-3.83,6
Курганская область,2014-03,3.57,6
Курганская область,2014-04,-1.43,6
Курганская область,2014-05,1.42,5
Курганская область,2014-06,-0.12,5
Курганская область,2014-07,-4.23,5
Курганская область,2014-08,1.35,5
Курганская область,2014-09,-2.27,5
Курганская область,2014-10,-4.34,6
Курганская область,2014-11,-0.87,6
Курганская область,2014-12,2.73,6
Курганская область,2015-01,1.03,6
Курганская область,2015-02,3.46,6
Курганская область,2015-03,0.38,6
Курганская область,2015-04,0.25,6
Курганская область,2015-05,0.7,4
Курганская область,2015-06,2.57,5
Курганская область,2015-07,-1.84,5
Курганская область,2015-08,-3.26,5
Курганская область,2015-09,-0.15,5
Курганская область,2015-10,-2.89,6
Курганская область,2015-11,-1.72,6
Курганская область,2015-12,4.75,6
Курганская область,2016-01,-3.48,6
Курганская область,2016-02,6.21,6
Курганская область,2016-03,1.04,6
Курганская область,2016-04,3.5,6
Курганская область,2016-05,-0.64,5
Курганская область,2016-06,-0.77,5
Курганская область,2016-07,0.05,5
Курганская область,2016-08,3.77,5
Курганская область,2016-09,0.7,5
Курганская область,2016-10,-3.39,6
Курганская область,2016-11,-5.17,6
Курганская область,2016-12,-4.31,6
Курганская область,2017-01,-0.43,6
Курганская область,2017-02,-1.25,6
Курганская область,2017-03,0.46,6
Курганская область,2017-04,0.43,6
Курганская область,2017-05,-1.43,5
Курганская область,2017-06,-0.5,5
Курганская область,2017-07,-1.27,5
Курганская область,2017-08,0.91,4
Курганская область,2017-09,-1.3,4
Курганская область,2017-10,-2.63,6
Курганская область,2017-11,3.57,6
Курганская область,2017-12,1.59,6
Курганская область,2018-01,-2.62,6
Курганская область,2018-02,0.11,6
Курганская область,2018-03,-3.07,6
Курганская область,2018-04,-1.94,6
Курганская область,2018-05,-3.6,4
Курганская область,2018-06,-2.62,4
Курганская область,2018-07,0.92,4
Курганская область,2018-08,-0.65,4
Курганская область,2018-09,0.98,4
Курганская область,2018-10,0.94,4
Курганская область,2018-11,0.51,4
Курганская область,2018-12,-2.46,4
Курганская область,2019-01,0.66,4
Курганская область,2019-02,-1.48,4
Курганская область,2019-03,3.1,4
Курганская область,2019-04,-0.96,4
Курганская область,2019-05,0.24,4
Курганская область,2019-06,-1.63,4
Курганская область,2019-07,0.93,3
Курганская область,2019-08,-0.69,3
Курганская область,2019-09,-1.31,3
Курганская область,2019-10,1.95,3
Курганская область,2019-11,-1.32,3
Курганская область,2019-12,3.77,3
Курганская область,2020-01,6.04,3
Курганская область,2020-02,7.35,3
Курганская область,2020-03,5.97,3
Курганская область,2020-04,2.5,3
Курганская область,2020-05,2.7,3
Курганская область,2020-06,-2.5,3
Курганская область,2020-07,2.13,3
Курганская область,2020-08,1.72,3
Курганская область,2020-09,0.22,2
Курганская область,2020-10,0.91,3
Курганская область,2020-11,-0.06,3
Курганская область,2020-12,0.15,3
Курганская область,2021-01,-3.24,3
Курганская область,2021-02,-2.51,3
Курганская область,2021-03,-0.74,3
Курганская область,2021-04,1.07,3
Курганская область,2021-05,5.55,2
Курганская область,2021-06,0.45,3
Курганская область,2021-07,0.16,3
Курганская область,2021-08,2.45,3
Курганская область,2021-09,-1.75,3
Курганская область,2021-10,0.1,3
Курганская область,2021-11,0.71,3
Курганская область,2021-12,3.08,3
Курганская область,2022-01,1.44,3
Курганская область,2022-02,4.56,3
Курганская область,2022-03,-2.72,3
Курганская область,2022-04,2.23,3
Курганская область,2022-05,-0.0,2
Курганская область,2022-06,-0.97,2
Курганская область,2022-07,0.99,2
Курганская область,2022-08,0.91,2
Курганская область,2022-09,1.07,2
Курганская область,2022-10,0.98,3
Курганская область,2022-11,-2.07,3
Курганская область,2022-12,-0.98,3
Курганская область,2023-01,2.79,3
Курганская область,2023-02,1.99,3
Курганская область,2023-03,4.15,3
Курганская область,2023-04,1.13,3
Курганская область,2023-05,1.11,3
Курганская область,2023-06,-0.47,3
Курганская область,2023-07,3.19,3
Курганская область,2023-08,-0.22,3
Курганская область,2023-09,1.42,3
Курганская область,2023-10,1.33,2
Курганская область,2023-11,4.85,3
Курганская область,2023-12,-0.79,3
Курганская область,2024-01,-0.16,3
Курганская область,2024-02,0.77,3
Курганская область,2024-03,1.8,3
Курганская область,2024-04,3.28,3
Курганская область,2024-05,-4.03,3
Курганская область,2024-06,1.88,3
Курганская область,2024-07,0.21,3
Курганская область,2024-08,0.01,3
Курганская область,2024-09,0.0,3
Курганская область,2024-10,-0.42,3
Курганская область,2024-11,1.94,3
Курганская область,2024-12,5.88,3
Курганская область,2025-01,5.55,3
Курганская область,2025-02,4.47,3
Курганская область,2025-03,3.85,3
Курганская область,2025-04,4.05,3
Курганская область,2025-05,1.26,3
Курганская область,2025-06,1.62,3
Курганская область,2025-07,-0.6,3
Курганская область,2025-08,0.29,2
Курганская область,2025-09,0.85,2
Курганская область,2025-10,-0.41,2
Курганская область,2025-11,5.13,2
Курганская область,2025-12,2.14,2
Курганская область,2026-01,-1.97,2
Курганская область,2026-02,-0.23,2
Курганская область,2026-03,2.61,2
Курганская область,2026-04,3.03,2
Курганская область,2026-05,2.75,2
Курганская область,2026-06,2.31,2
Курская область,2014-01,-2.72,3
Курская область,2014-02,2.69,3
Курская область,2014-03,4.06,3
Курская область,2014-04,0.17,3
Курская область,2014-05,2.55,3
Курская область,2014-06,-1.69,3
Курская область,2014-07,0.8,3
Курская область,2014-08,1.5,3
Курская область,2014-09,0.02,3
Курская область,2014-10,-1.74,3
Курская область,2014-11,-0.92,3
Курская область,2014-12,0.75,3
Курская область,2015-01,1.92,3
Курская область,2015-02,1.91,3
Курская область,2015-03,2.46,3
Курская область,2015-04,-0.67,3
Курская область,2015-05,0.46,3
Курская область,2015-06,1.11,3
Курская область,2015-07,-0.18,3
Курская область,2015-08,0.21,3
Курская область,2015-09,2.95,3
Курская область,2015-10,-2.52,3
Курская область,2015-11,2.12,3
Курская область,2015-12,4.1,3
Курская область,2016-01,-3.37,3
Курская область,2016-02,5.35,3
Курская область,2016-03,2.21,3
Курская область,2016-04,1.99,3
Курская область,2016-05,-0.08,3
Курская область,2016-06,0.48,3
Курская область,2016-07,1.33,3
Курская область,2016-08,1.31,3
Курская область,2016-09,-1.21,3
Курская область,2016-10,-1.5,3
Курская область,2016-11,-1.46,3
Курская область,2016-12,-1.12,3
Курская область,2017-01,-0.98,3
Курская область,2017-02,0.51,3
Курская область,2017-03,3.92,3
Курская область,2017-04,0.12,3
Курская область,2017-05,-1.55,3
Курская область,2017-06,-1.41,3
Курская область,2017-07,-1.27,3
Курская область,2017-08,1.67,3
Курская область,2017-09,1.04,3
Курская область,2017-10,-0.82,3
Курская область,2017-11,0.42,3
Курская область,2017-12,5.73,3
Курская область,2018-01,1.24,3
Курская область,2018-02,-1.95,3
Курская область,2018-03,-5.49,3
Курская область,2018-04,1.02,3
Курская область,2018-05,2.61,3
Курская область,2018-06,0.05,3
Курская область,2018-07,0.78,3
Курская область,2018-08,1.28,3
Курская область,2018-09,2.66,3
Курская область,2018-10,1.59,3
Курская область,2018-11,-1.91,3
Курская область,2018-12,-0.54,3
Курская область,2019-01,-0.7,3
Курская область,2019-02,3.34,3
Курская область,2019-03,1.74,3
Курская область,2019-04,1.02,3
Курская область,2019-05,1.71,3
Курская область,2019-06,2.88,3
Курская область,2019-07,-2.14,2
Курская область,2019-08,-0.84,2
Курская область,2019-09,0.1,2
Курская область,2019-10,2.06,2
Курская область,2019-11,1.74,2
Курская область,2019-12,4.83,2
Курская область,2020-01,5.18,2
Курская область,2020-02,4.8,2
Курская область,2020-03,5.16,2
Курская область,2020-04,-1.48,2
Курская область,2020-05,-3.02,2
Курская область,2020-06,2.24,2
Курская область,2020-07,-0.32,2
Курская область,2020-08,-0.61,2
Курская область,2020-09,2.62,2
Курская область,2020-10,3.62,2
Курская область,2020-11,1.4,2
Курская область,2020-12,0.21,2
Курская область,2021-01,1.63,2
Курская область,2021-02,-3.33,2
Курская область,2021-03,-0.49,2
Курская область,2021-04,-0.9,2
Курская область,2021-05,-0.21,2
Курская область,2021-06,1.8,2
Курская область,2021-07,2.16,2
Курская область,2021-08,2.22,2
Курская область,2021-09,-2.36,2
Курская область,2021-10,-0.91,2
Курская область,2021-11,2.59,2
Курская область,2021-12,0.1,2
Курская область,2022-01,1.18,2
Курская область,2022-02,4.31,2
Курская область,2022-03,-1.03,2
Курская область,2022-04,0.03,2
Курская область,2022-05,-3.05,2
Курская область,2022-06,1.12,2
Курская область,2022-07,-0.43,2
Курская область,2022-08,2.98,2
Курская область,2022-09,-2.7,2
Курская область,2022-10,1.06,2
Курская область,2022-11,0.5,2
Курская область,2022-12,2.3,2
Курская область,2023-01,1.54,2
Курская область,2023-02,1.55,2
Курская область,2023-03,3.18,2
Курская область,2023-04,1.44,2
Курская область,2023-05,-1.16,2
Курская область,2023-06,-1.25,2
Курская область,2023-07,-0.57,2
Курская область,2023-08,1.52,2
Курская область,2023-09,1.79,2
Курская область,2023-10,0.63,2
Курская область,2023-11,2.14,2
Курская область,2023-12,2.21,2
Курская область,2024-01,-1.83,2
Курская область,2024-02,3.73,2
Курская область,2024-03,0.81,2
Курская область,2024-04,3.76,2
Курская область,2024-05,-1.5,2
Курская область,2024-06,1.88,2
Курская область,2024-07,2.24,2
Курская область,2024-08,1.75,2
Курская область,2024-09,4.74,2
Курская область,2024-10,2.29,2
Курская область,2024-11,1.01,2
Курская область,2024-12,3.0,2
Курская область,2025-01,6.49,2
Курская область,2025-02,-1.81,2
Курская область,2025-03,5.22,2
Курская область,2025-04,1.78,2
Курская область,2025-05,-0.69,2
Курская область,2025-06,-1.27,2
Курская область,2025-07,1.22,2
Ленинградская область,2014-01,-2.81,10
Ленинградская область,2014-02,4.88,10
Ленинградская область,2014-03,3.01,10
Ленинградская область,2014-04,0.58,10
Ленинградская область,2014-05,1.45,10
Ленинградская область,2014-06,-1.26,10
Ленинградская область,2014-07,1.47,10
Ленинградская область,2014-08,0.81,10
Ленинградская область,2014-09,0.32,10
Ленинградская область,2014-10,-1.91,10
Ленинградская область,2014-11,-0.67,10
Ленинградская область,2014-12,0.9,10
Ленинградская область,2015-01,1.59,10
Ленинградская область,2015-02,3.97,10
Ленинградская область,2015-03,3.11,10
Ленинградская область,2015-04,0.05,10
Ленинградская область,2015-05,0.4,10
Ленинградская область,2015-06,-0.11,10
Ленинградская область,2015-07,-2.07,10
Ленинградская область,2015-08,-0.18,10
Ленинградская область,2015-09,1.12,10
Ленинградская область,2015-10,-1.3,10
Ленинградская область,2015-11,2.01,10
Ленинградская область,2015-12,4.14,9
Ленинградская область,2016-01,-7.1,9
Ленинградская область,2016-02,5.16,10
Ленинградская область,2016-03,1.36,10
Ленинградская область,2016-04,1.03,10
Ленинградская область,2016-05,2.46,10
Ленинградская область,2016-06,0.58,10
Ленинградская область,2016-07,0.62,10
Ленинградская область,2016-08,0.12,10
Ленинградская область,2016-09,0.28,10
Ленинградская область,2016-10,-1.49,10
Ленинградская область,2016-11,-3.04,10
Ленинградская область,2016-12,1.03,10
Ленинградская область,2017-01,0.2,10
Ленинградская область,2017-02,0.87,10
Ленинградская область,2017-03,2.33,10
Ленинградская область,2017-04,-2.42,10
Ленинградская область,2017-05,-2.76,10
Ленинградская область,2017-06,-2.43,10
Ленинградская область,2017-07,-2.21,10
Ленинградская область,2017-08,0.14,10
Ленинградская область,2017-09,-0.0,10
Ленинградская область,2017-10,-0.76,10
Ленинградская область,2017-11,1.22,10
Ленинградская область,2017-12,2.86,10
Ленинградская область,2018-01,2.01,11
Ленинградская область,2018-02,-3.21,11
Ленинградская область,2018-03,-4.03,11
Ленинградская область,2018-04,0.43,11
Ленинградская область,2018-05,2.88,11
Ленинградская область,2018-06,-0.36,11
Ленинградская область,2018-07,1.58,11
Ленинградская область,2018-08,1.5,10
Ленинградская область,2018-09,2.02,10
Ленинградская область,2018-10,0.99,10
Ленинградская область,2018-11,1.32,10
Ленинградская область,2018-12,-1.03,10
Ленинградская область,2019-01,-1.15,10
Ленинградская область,2019-02,4.65,11
Ленинградская область,2019-03,1.35,11
Ленинградская область,2019-04,0.71,11
Ленинградская область,2019-05,0.46,11
Ленинградская область,2019-06,2.16,11
Ленинградская область,2019-07,-2.57,10
Ленинградская область,2019-08,-1.07,10
Ленинградская область,2019-09,-0.69,10
Ленинградская область,2019-10,-0.25,10
Ленинградская область,2019-11,0.7,10
Ленинградская область,2019-12,4.33,10
Ленинградская область,2020-01,6.32,10
Ленинградская область,2020-02,5.65,10
Ленинградская область,2020-03,3.14,10
Ленинградская область,2020-04,-1.35,10
Ленинградская область,2020-05,-2.06,10
Ленинградская область,2020-06,2.57,10
Ленинградская область,2020-07,-1.36,10
Ленинградская область,2020-08,-0.49,10
Ленинградская область,2020-09,1.42,10
Ленинградская область,2020-10,2.43,10
Ленинградская область,2020-11,2.8,10
Ленинградская область,2020-12,1.41,10
Ленинградская область,2021-01,-0.76,10
Ленинградская область,2021-02,-4.4,10
Ленинградская область,2021-03,-0.18,10
Ленинградская область,2021-04,-0.03,10
Ленинградская область,2021-05,0.62,10
Ленинградская область,2021-06,4.23,10
Ленинградская область,2021-07,3.11,10
Ленинградская область,2021-08,-0.45,10
Ленинградская область,2021-09,-2.39,10
Ленинградская область,2021-10,1.25,10
Ленинградская область,2021-11,1.1,10
Ленинградская область,2021-12,-5.33,10
Ленинградская область,2022-01,0.25,10
Ленинградская область,2022-02,3.9,10
Ленинградская область,2022-03,0.05,10
Ленинградская область,2022-04,-1.5,10
Ленинградская область,2022-05,-1.57,10
Ленинградская область,2022-06,1.17,10
Ленинградская область,2022-07,0.65,10
Ленинградская область,2022-08,2.99,10
Ленинградская область,2022-09,-2.36,10
Ленинградская область,2022-10,1.37,10
Ленинградская область,2022-11,-0.58,10
Ленинградская область,2022-12,-0.99,10
Ленинградская область,2023-01,1.97,10
Ленинградская область,2023-02,1.67,10
Ленинградская область,2023-03,0.63,10
Ленинградская область,2023-04,1.12,10
Ленинградская область,2023-05,0.13,10
Ленинградская область,2023-06,-0.06,10
Ленинградская область,2023-07,-1.2,10
Ленинградская область,2023-08,2.04,10
Ленинградская область,2023-09,3.1,10
Ленинградская область,2023-10,-1.62,10
Ленинградская область,2023-11,-1.25,10
Ленинградская область,2023-12,-2.51,10
Ленинградская область,2024-01,-4.94,10
Ленинградская область,2024-02,0.62,10
Ленинградская область,2024-03,2.59,10
Ленинградская область,2024-04,0.55,10
Ленинградская область,2024-05,1.05,10
Ленинградская область,2024-06,2.37,10
Ленинградская область,2024-07,1.64,10
Ленинградская область,2024-08,1.07,10
Ленинградская область,2024-09,3.82,10
Ленинградская область,2024-10,1.29,10
Ленинградская область,2024-11,1.9,10
Ленинградская область,2024-12,1.36,10
Ленинградская область,2025-01,4.31,10
Ленинградская область,2025-02,0.43,10
Ленинградская область,2025-03,3.33,10
Ленинградская область,2025-04,0.3,10
Ленинградская область,2025-05,-0.35,10
Ленинградская область,2025-06,-0.58,10
Ленинградская область,2025-07,2.24,10
Ленинградская область,2025-08,-1.08,1
Ленинградская область,2025-09,1.67,1
Ленинградская область,2025-10,0.08,1
Ленинградская область,2025-11,2.53,1
Ленинградская область,2025-12,2.97,1
Ленинградская область,2026-01,-4.96,1
Ленинградская область,2026-02,-5.84,1
Ленинградская область,2026-04,-0.24,1
Ленинградская область,2026-05,1.96,1
Ленинградская область,2026-06,2.08,1
Липецкая область,2014-01,-2.91,2
Липецкая область,2014-02,2.47,2
Липецкая область,2014-03,3.04,2
Липецкая область,2014-04,-0.14,2
Липецкая область,2014-05,2.93,2
Липецкая область,2014-06,-1.24,2
Липецкая область,2014-07,1.07,2
Липецкая область,2014-08,1.6,2
Липецкая область,2014-09,0.18,2
Липецкая область,2014-10,-1.72,2
Липецкая область,2014-11,-1.51,2
Липецкая область,2014-12,0.86,2
Липецкая область,2015-01,1.47,2
Липецкая область,2015-02,2.42,2
Липецкая область,2015-03,2.24,2
Липецкая область,2015-04,-1.25,2
Липецкая область,2015-05,0.85,2
Липецкая область,2015-06,1.03,2
Липецкая область,2015-07,-1.14,2
Липецкая область,2015-08,-0.97,2
Липецкая область,2015-09,2.9,2
Липецкая область,2015-10,-2.49,2
Липецкая область,2015-11,1.5,2
Липецкая область,2015-12,4.31,2
Липецкая область,2016-01,-2.96,2
Липецкая область,2016-02,5.73,2
Липецкая область,2016-03,2.27,2
Липецкая область,2016-04,1.42,2
Липецкая область,2016-05,-0.35,2
Липецкая область,2016-06,-0.21,2
Липецкая область,2016-07,1.17,2
Липецкая область,2016-08,1.44,2
Липецкая область,2016-09,-1.44,2
Липецкая область,2016-10,-1.88,2
Липецкая область,2016-11,-1.99,2
Липецкая область,2016-12,-1.62,2
Липецкая область,2017-01,-0.74,2
Липецкая область,2017-02,0.35,2
Липецкая область,2017-03,3.64,2
Липецкая область,2017-04,-0.48,2
Липецкая область,2017-05,-1.88,2
Липецкая область,2017-06,-2.35,2
Липецкая область,2017-07,-1.56,2
Липецкая область,2017-08,1.38,2
Липецкая область,2017-09,0.32,2
Липецкая область,2017-10,-1.07,2
Липецкая область,2017-11,-0.09,2
Липецкая область,2017-12,5.75,2
Липецкая область,2018-01,1.0,2
Липецкая область,2018-02,-2.39,2
Липецкая область,2018-03,-5.54,2
Липецкая область,2018-04,0.17,2
Липецкая область,2018-05,1.96,2
Липецкая область,2018-06,-0.94,2
Липецкая область,2018-07,0.72,2
Липецкая область,2018-08,1.26,2
Липецкая область,2018-09,3.35,2
Липецкая область,2018-10,1.23,2
Липецкая область,2018-11,-2.06,2
Липецкая область,2018-12,-1.02,2
Липецкая область,2019-01,-1.25,2
Липецкая область,2019-02,3.64,2
Липецкая область,2019-03,1.49,2
Липецкая область,2019-04,0.63,2
Липецкая область,2019-05,1.67,2
Липецкая область,2019-06,2.06,2
Липецкая область,2019-07,-2.54,2
Липецкая область,2019-08,-0.87,2
Липецкая область,2019-09,0.07,2
Липецкая область,2019-10,2.65,2
Липецкая область,2019-11,1.53,2
Липецкая область,2019-12,4.5,2
Липецкая область,2020-01,5.8,2
Липецкая область,2020-02,5.1,2
Липецкая область,2020-03,5.91,2
Липецкая область,2020-04,-1.87,2
Липецкая область,2020-05,-2.46,2
Липецкая область,2020-06,1.49,2
Липецкая область,2020-07,-0.12,2
Липецкая область,2020-08,-0.59,2
Липецкая область,2020-09,2.21,2
Липецкая область,2020-10,3.38,2
Липецкая область,2020-11,1.24,2
Липецкая область,2020-12,-1.03,2
Липецкая область,2021-01,1.75,2
Липецкая область,2021-02,-3.73,2
Липецкая область,2021-03,-0.71,2
Липецкая область,2021-04,-0.2,2
Липецкая область,2021-05,0.2,2
Липецкая область,2021-06,2.05,2
Липецкая область,2021-07,2.25,2
Липецкая область,2021-08,3.39,2
Липецкая область,2021-09,-2.21,2
Липецкая область,2021-10,-0.98,2
Липецкая область,2021-11,2.84,2
Липецкая область,2021-12,-0.33,2
Липецкая область,2022-01,0.71,2
Липецкая область,2022-02,4.27,2
Липецкая область,2022-03,-1.84,2
Липецкая область,2022-04,0.49,2
Липецкая область,2022-05,-3.7,2
Липецкая область,2022-06,1.06,2
Липецкая область,2022-07,-0.15,2
Липецкая область,2022-08,2.99,2
Липецкая область,2022-09,-2.65,2
Липецкая область,2022-10,1.24,2
Липецкая область,2022-11,0.47,2
Липецкая область,2022-12,2.05,2
Липецкая область,2023-01,0.55,2
Липецкая область,2023-02,1.65,2
Липецкая область,2023-03,3.73,2
Липецкая область,2023-04,1.52,2
Липецкая область,2023-05,-1.21,2
Липецкая область,2023-06,-1.33,2
Липецкая область,2023-07,-0.99,2
Липецкая область,2023-08,1.43,2
Липецкая область,2023-09,1.39,2
Липецкая область,2023-10,0.01,2
Липецкая область,2023-11,2.15,2
Липецкая область,2023-12,1.5,2
Липецкая область,2024-01,-3.36,2
Липецкая область,2024-02,2.31,2
Липецкая область,2024-03,-0.98,2
Липецкая область,2024-04,4.92,2
Липецкая область,2024-05,-2.29,2
Липецкая область,2024-06,2.03,2
Липецкая область,2024-07,2.21,2
Липецкая область,2024-08,1.4,2
Липецкая область,2024-09,4.13,2
Липецкая область,2024-10,2.41,2
Липецкая область,2024-11,1.2,2
Липецкая область,2024-12,2.92,2
Липецкая область,2025-01,6.57,2
Липецкая область,2025-02,-1.31,2
Липецкая область,2025-03,5.19,2
Липецкая область,2025-04,2.17,2
Липецкая область,2025-05,-0.59,2
Липецкая область,2025-06,-1.25,2
Липецкая область,2025-07,1.35,2
Магаданская область,2014-01,-0.39,9
Магаданская область,2014-02,4.88,9
Магаданская область,2014-03,1.3,9
Магаданская область,2014-04,-0.11,9
Магаданская область,2014-05,-0.56,9
Магаданская область,2014-06,-0.47,9
Магаданская область,2014-07,-0.77,9
Магаданская область,2014-08,1.95,9
Магаданская область,2014-09,1.44,9
Магаданская область,2014-10,1.7,9
Магаданская область,2014-11,-0.53,9
Магаданская область,2014-12,0.41,9
Магаданская область,2015-01,5.74,9
Магаданская область,2015-02,1.65,9
Магаданская область,2015-03,-1.48,9
Магаданская область,2015-04,-2.29,9
Магаданская область,2015-05,-1.85,9
Магаданская область,2015-06,0.16,9
Магаданская область,2015-07,0.91,9
Магаданская область,2015-08,0.72,9
Магаданская область,2015-09,0.45,9
Магаданская область,2015-10,1.21,9
Магаданская область,2015-11,-2.78,9
Магаданская область,2015-12,-3.19,9
Магаданская область,2016-01,1.1,9
Магаданская область,2016-02,-2.65,9
Магаданская область,2016-03,1.14,9
Магаданская область,2016-04,0.85,8
Магаданская область,2016-05,1.37,9
Магаданская область,2016-06,1.76,9
Магаданская область,2016-07,1.08,9
Магаданская область,2016-08,1.56,9
Магаданская область,2016-09,-0.09,9
Магаданская область,2016-10,1.89,9
Магаданская область,2016-11,0.18,9
Магаданская область,2016-12,4.37,9
Магаданская область,2017-01,-3.5,9
Магаданская область,2017-02,2.71,9
Магаданская область,2017-03,6.68,9
Магаданская область,2017-04,2.39,9
Магаданская область,2017-05,0.67,9
Магаданская область,2017-06,-0.62,9
Магаданская область,2017-07,-1.13,9
Магаданская область,2017-08,2.08,9
Магаданская область,2017-09,1.94,9
Магаданская область,2017-10,-0.77,9
Магаданская область,2017-11,-0.62,9
Магаданская область,2017-12,1.19,9
Магаданская область,2018-01,1.56,9
Магаданская область,2018-02,7.05,9
Магаданская область,2018-03,-1.88,9
Магаданская область,2018-04,1.83,9
Магаданская область,2018-05,-0.13,8
Магаданская область,2018-06,-1.07,8
Магаданская область,2018-07,0.06,8
Магаданская область,2018-08,-0.42,8
Магаданская область,2018-09,1.17,9
Магаданская область,2018-10,1.58,9
Магаданская область,2018-11,0.2,9
Магаданская область,2018-12,-1.54,8
Магаданская область,2019-01,0.75,9
Магаданская область,2019-02,-0.41,9
Магаданская область,2019-03,-0.96,8
Магаданская область,2019-04,5.06,8
Магаданская область,2019-05,2.58,8
Магаданская область,2019-06,0.31,8
Магаданская область,2019-07,-0.69,6
Магаданская область,2019-08,-0.14,6
Магаданская область,2019-09,-1.37,6
Магаданская область,2019-10,-1.85,6
Магаданская область,2019-11,2.64,6
Магаданская область,2019-12,-5.06,6
Магаданская область,2020-01,-4.63,6
Магаданская область,2020-02,-6.52,6
Магаданская область,2020-03,0.27,6
Магаданская область,2020-04,-0.53,6
Магаданская область,2020-05,0.9,6
Магаданская область,2020-06,3.31,6
Магаданская область,2020-07,0.04,6
Магаданская область,2020-08,-1.87,6
Магаданская область,2020-09,-0.05,6
Магаданская область,2020-10,0.47,6
Магаданская область,2020-11,-0.55,6
Магаданская область,2020-12,-6.38,6
Магаданская область,2021-01,-7.21,6
Магаданская область,2021-02,-1.28,6
Магаданская область,2021-03,-4.36,6
Магаданская область,2021-04,-1.27,6
Магаданская область,2021-05,1.26,6
Магаданская область,2021-06,1.73,6
Магаданская область,2021-07,0.94,6
Магаданская область,2021-08,0.71,6
Магаданская область,2021-09,-0.98,6
Магаданская область,2021-10,-4.31,6
Магаданская область,2021-11,-1.03,6
Магаданская область,2021-12,-8.12,6
Магаданская область,2022-01,-4.06,6
Магаданская область,2022-02,-4.61,6
Магаданская область,2022-03,0.92,6
Магаданская область,2022-04,-1.89,6
Магаданская область,2022-05,1.74,6
Магаданская область,2022-06,1.52,6
Магаданская область,2022-07,2.89,6
Магаданская область,2022-08,2.27,6
Магаданская область,2022-09,-1.39,6
Магаданская область,2022-10,-5.82,5
Магаданская область,2022-11,-7.86,6
Магаданская область,2022-12,-6.99,6
Магаданская область,2023-01,-7.15,6
Магаданская область,2023-02,-6.4,6
Магаданская область,2023-03,-2.71,6
Магаданская область,2023-04,1.15,6
Магаданская область,2023-05,1.59,6
Магаданская область,2023-06,4.21,6
Магаданская область,2023-07,1.76,6
Магаданская область,2023-08,0.18,6
Магаданская область,2023-09,-0.98,6
Магаданская область,2023-10,-1.7,6
Магаданская область,2023-11,-2.22,6
Магаданская область,2023-12,-5.63,6
Магаданская область,2024-01,-12.21,5
Магаданская область,2024-02,-6.62,6
Магаданская область,2024-03,2.15,6
Магаданская область,2024-04,1.9,6
Магаданская область,2024-05,2.94,5
Магаданская область,2024-06,1.01,6
Магаданская область,2024-07,0.27,6
Магаданская область,2024-08,-1.78,6
Магаданская область,2024-09,0.29,6
Магаданская область,2024-10,-0.89,6
Магаданская область,2024-11,-4.88,6
Магаданская область,2024-12,2.98,6
Магаданская область,2025-01,-9.76,6
Магаданская область,2025-02,-5.14,6
Магаданская область,2025-03,-3.98,6
Магаданская область,2025-04,5.59,6
Магаданская область,2025-05,2.43,6
Магаданская область,2025-06,2.99,5
Магаданская область,2025-07,0.87,6
Магаданская область,2025-08,0.1,3
Магаданская область,2025-09,0.12,3
Магаданская область,2025-10,-6.29,3
Магаданская область,2025-11,-9.08,3
Магаданская область,2025-12,-0.87,3
Магаданская область,2026-01,0.14,3
Магаданская область,2026-02,-6.05,3
Магаданская область,2026-03,6.19,3
Магаданская область,2026-04,-2.07,3
Магаданская область,2026-05,1.09,3
Магаданская область,2026-06,2.15,3
Московская область,2014-01,-2.81,3
Московская область,2014-02,4.07,3
Московская область,2014-03,3.68,3
Московская область,2014-04,0.18,3
Московская область,2014-05,2.33,3
Московская область,2014-06,-0.83,3
Московская область,2014-07,0.7,3
Московская область,2014-08,1.65,3
Московская область,2014-09,0.52,3
Московская область,2014-10,-1.88,3
Московская область,2014-11,-1.4,3
Московская область,2014-12,0.53,3
Московская область,2015-01,2.3,3
Московская область,2015-02,4.03,3
Московская область,2015-03,3.2,3
Московская область,2015-04,-0.47,2
Московская область,2015-05,0.47,2
Московская область,2015-06,0.37,2
Московская область,2015-07,-1.26,2
Московская область,2015-08,-0.55,2
Московская область,2015-09,2.2,2
Московская область,2015-10,-1.34,2
Московская область,2015-11,0.97,2
Московская область,2015-12,5.0,3
Московская область,2016-01,-3.68,3
Московская область,2016-02,5.85,3
Московская область,2016-03,1.23,3
Московская область,2016-04,1.37,2
Московская область,2016-05,0.86,2
Московская область,2016-06,0.75,2
Московская область,2016-07,1.14,2
Московская область,2016-08,1.59,2
Московская область,2016-09,-0.31,2
Московская область,2016-10,-1.27,2
Московская область,2016-11,-2.15,3
Московская область,2016-12,-0.41,3
Московская область,2017-01,-1.17,3
Московская область,2017-02,1.56,3
Московская область,2017-03,3.69,3
Московская область,2017-04,-1.07,2
Московская область,2017-05,-2.59,2
Московская область,2017-06,-2.44,2
Московская область,2017-07,-1.64,2
Московская область,2017-08,0.8,2
Московская область,2017-09,1.03,2
Московская область,2017-10,-0.69,2
Московская область,2017-11,0.54,3
Московская область,2017-12,4.79,3
Московская область,2018-01,1.91,3
Московская область,2018-02,-3.11,3
Московская область,2018-03,-4.84,3
Московская область,2018-04,0.98,2
Московская область,2018-05,2.03,2
Московская область,2018-06,-0.65,2
Московская область,2018-07,0.65,2
Московская область,2018-08,1.23,2
Московская область,2018-09,2.4,2
Московская область,2018-10,1.45,2
Московская область,2018-11,-0.6,3
Московская область,2018-12,-1.49,3
Московская область,2019-01,-1.02,3
Московская область,2019-02,4.91,3
Московская область,2019-03,1.71,3
Московская область,2019-04,0.6,2
Московская область,2019-05,2.11,2
Московская область,2019-06,1.53,2
Московская область,2019-11,2.19,1
Московская область,2019-12,5.36,1
Московская область,2020-01,6.86,1
Московская область,2020-02,6.14,1
Московская область,2020-03,5.55,1
Московская область,2020-11,2.38,1
Московская область,2020-12,-0.17,1
Московская область,2021-01,1.19,1
Московская область,2021-02,-4.1,1
Московская область,2021-03,-0.24,1
Московская область,2021-11,3.32,1
Московская область,2021-12,-1.37,1
Московская область,2022-01,1.52,1
Московская область,2022-02,5.47,1
Московская область,2022-03,0.79,1
Московская область,2022-04,-0.34,1
Московская область,2022-07,3.53,1
Московская область,2022-08,7.44,1
Московская область,2022-09,-0.65,1
Московская область,2022-10,1.76,1
Московская область,2022-11,-0.22,1
Московская область,2022-12,0.84,1
Московская область,2023-01,0.85,1
Московская область,2023-02,2.67,1
Московская область,2023-04,5.64,1
Московская область,2023-05,2.0,1
Московская область,2023-10,0.44,1
Московская область,2023-11,1.77,1
Московская область,2023-12,0.71,1
Московская область,2024-01,-4.73,1
Московская область,2024-02,2.04,1
Московская область,2024-04,6.15,1
Московская область,2024-07,6.44,1
Московская область,2024-10,2.79,1
Московская область,2024-11,1.25,1
Московская область,2024-12,2.73,1
Московская область,2025-01,6.59,1
Московская область,2025-02,0.78,1
Московская область,2025-03,4.69,1
Московская область,2025-04,2.92,1
Московская область,2025-05,-0.28,1
Московская область,2025-06,-0.41,1
Московская область,2025-07,2.15,1
Мурманская область,2014-01,-2.96,11
Мурманская область,2014-02,5.02,11
Мурманская область,2014-03,2.73,11
Мурманская область,2014-04,0.53,11
Мурманская область,2014-05,-0.5,11
Мурманская область,2014-06,-1.1,11
Мурманская область,2014-07,0.61,11
Мурманская область,2014-08,1.46,11
Мурманская область,2014-09,0.03,11
Мурманская область,2014-10,-1.78,11
Мурманская область,2014-11,0.56,11
Мурманская область,2014-12,-0.07,11
Мурманская область,2015-01,-2.17,11
Мурманская область,2015-02,3.52,10
Мурманская область,2015-03,4.54,10
Мурманская область,2015-04,1.61,11
Мурманская область,2015-05,2.42,11
Мурманская область,2015-06,0.25,10
Мурманская область,2015-07,-3.43,9
Мурманская область,2015-08,0.63,10
Мурманская область,2015-09,2.0,10
Мурманская область,2015-10,1.03,10
Мурманская область,2015-11,1.72,11
Мурманская область,2015-12,0.1,10
Мурманская область,2016-01,-7.58,10
Мурманская область,2016-02,4.84,11
Мурманская область,2016-03,2.49,10
Мурманская область,2016-04,2.37,10
Мурманская область,2016-05,3.92,11
Мурманская область,2016-06,1.02,10
Мурманская область,2016-07,2.91,11
Мурманская область,2016-08,1.05,11
Мурманская область,2016-09,0.89,11
Мурманская область,2016-10,1.89,11
Мурманская область,2016-11,0.03,11
Мурманская область,2016-12,2.05,10
Мурманская область,2017-01,2.01,11
Мурманская область,2017-02,2.01,11
Мурманская область,2017-03,1.79,11
Мурманская область,2017-04,-1.96,11
Мурманская область,2017-05,-2.82,11
Мурманская область,2017-06,-2.73,11
Мурманская область,2017-07,0.82,11
Мурманская область,2017-08,-0.05,11
Мурманская область,2017-09,-0.42,11
Мурманская область,2017-10,0.45,11
Мурманская область,2017-11,0.5,10
Мурманская область,2017-12,-0.55,11
Мурманская область,2018-01,0.74,11
Мурманская область,2018-02,-0.77,11
Мурманская область,2018-03,-3.64,11
Мурманская область,2018-04,0.56,11
Мурманская область,2018-05,2.92,11
Мурманская область,2018-06,-0.09,11
Мурманская область,2018-07,4.16,11
Мурманская область,2018-08,1.33,10
Мурманская область,2018-09,1.31,10
Мурманская область,2018-10,-0.03,10
Мурманская область,2018-11,3.85,10
Мурманская область,2018-12,1.08,11
Мурманская область,2019-01,-1.97,11
Мурманская область,2019-02,0.45,10
Мурманская область,2019-03,0.1,10
Мурманская область,2019-04,2.52,11
Мурманская область,2019-05,0.17,11
Мурманская область,2019-06,-0.44,11
Мурманская область,2019-07,-2.33,6
Мурманская область,2019-08,-0.57,6
Мурманская область,2019-09,0.82,6
Мурманская область,2019-10,-2.56,6
Мурманская область,2019-11,-1.95,6
Мурманская область,2019-12,2.03,6
Мурманская область,2020-01,0.64,6
Мурманская область,2020-02,3.41,6
Мурманская область,2020-03,1.8,6
Мурманская область,2020-04,-0.25,6
Мурманская область,2020-05,-0.01,6
Мурманская область,2020-06,2.02,6
Мурманская область,2020-07,2.23,6
Мурманская область,2020-08,0.23,6
Мурманская область,2020-09,1.25,6
Мурманская область,2020-10,1.46,6
Мурманская область,2020-11,4.2,6
Мурманская область,2020-12,1.21,6
Мурманская область,2021-01,-1.73,6
Мурманская область,2021-02,-4.29,6
Мурманская область,2021-03,0.47,6
Мурманская область,2021-04,2.44,6
Мурманская область,2021-05,-0.71,6
Мурманская область,2021-06,3.95,6
Мурманская область,2021-07,0.93,6
Мурманская область,2021-08,0.35,6
Мурманская область,2021-09,-1.56,6
Мурманская область,2021-10,0.6,6
Мурманская область,2021-11,-1.72,6
Мурманская область,2021-12,-3.2,6
Мурманская область,2022-01,1.1,6
Мурманская область,2022-02,2.15,6
Мурманская область,2022-03,2.26,6
Мурманская область,2022-04,0.46,6
Мурманская область,2022-05,-0.09,6
Мурманская область,2022-06,2.05,6
Мурманская область,2022-07,2.92,6
Мурманская область,2022-08,3.3,6
Мурманская область,2022-09,-0.0,6
Мурманская область,2022-10,2.03,6
Мурманская область,2022-11,2.09,6
Мурманская область,2022-12,-0.2,6
Мурманская область,2023-01,4.39,6
Мурманская область,2023-02,2.15,6
Мурманская область,2023-03,-2.76,6
Мурманская область,2023-04,1.16,6
Мурманская область,2023-05,3.99,6
Мурманская область,2023-06,0.55,6
Мурманская область,2023-07,-0.06,6
Мурманская область,2023-08,3.0,6
Мурманская область,2023-09,3.2,6
Мурманская область,2023-10,-1.4,6
Мурманская область,2023-11,-3.58,6
Мурманская область,2023-12,-3.51,6
Мурманская область,2024-01,-1.13,6
Мурманская область,2024-02,-0.17,6
Мурманская область,2024-03,2.36,6
Мурманская область,2024-04,-2.09,6
Мурманская область,2024-05,-0.38,6
Мурманская область,2024-06,3.34,6
Мурманская область,2024-07,2.99,6
Мурманская область,2024-08,3.59,6
Мурманская область,2024-09,4.33,6
Мурманская область,2024-10,1.91,6
Мурманская область,2024-11,2.65,6
Мурманская область,2024-12,-1.08,6
Мурманская область,2025-01,-0.26,6
Мурманская область,2025-02,5.29,6
Мурманская область,2025-03,2.66,6
Мурманская область,2025-04,-0.85,6
Мурманская область,2025-05,1.44,6
Мурманская область,2025-06,-0.13,6
Мурманская область,2025-07,0.76,6
Мурманская область,2025-08,2.62,3
Мурманская область,2025-09,4.46,3
Мурманская область,2025-10,3.0,3
Мурманская область,2025-11,1.14,3
Мурманская область,2025-12,2.23,3
Мурманская область,2026-01,-2.07,3
Мурманская область,2026-02,-2.02,3
Мурманская область,2026-03,9.38,2
Мурманская область,2026-04,2.58,3
Мурманская область,2026-05,0.74,1
Мурманская область,2026-06,2.24,3
Ненецкий автономный округ,2014-01,-4.49,6
Ненецкий автономный округ,2014-02,-1.46,6
Ненецкий автономный округ,2014-03,4.06,6
Ненецкий автономный округ,2014-04,1.7,6
Ненецкий автономный округ,2014-05,0.41,6
Ненецкий автономный округ,2014-06,0.68,6
Ненецкий автономный округ,2014-07,-3.16,6
Ненецкий автономный округ,2014-08,1.4,6
Ненецкий автономный округ,2014-09,-0.35,6
Ненецкий автономный округ,2014-10,-4.36,6
Ненецкий автономный округ,2014-11,1.91,6
Ненецкий автономный округ,2014-12,0.53,6
Ненецкий автономный округ,2015-01,-5.62,6
Ненецкий автономный округ,2015-02,3.08,6
Ненецкий автономный округ,2015-03,6.22,6
Ненецкий автономный округ,2015-04,2.38,6
Ненецкий автономный округ,2015-05,5.12,6
Ненецкий автономный округ,2015-06,3.98,6
Ненецкий автономный округ,2015-07,-2.38,6
Ненецкий автономный округ,2015-08,-0.37,6
Ненецкий автономный округ,2015-09,0.99,6
Ненецкий автономный округ,2015-10,-0.75,6
Ненецкий автономный округ,2015-11,0.05,6
Ненецкий автономный округ,2015-12,1.82,6
Ненецкий автономный округ,2016-01,-2.0,6
Ненецкий автономный округ,2016-02,9.28,6
Ненецкий автономный округ,2016-03,1.75,6
Ненецкий автономный округ,2016-04,4.74,5
Ненецкий автономный округ,2016-05,3.79,5
Ненецкий автономный округ,2016-06,2.32,5
Ненецкий автономный округ,2016-07,5.87,5
Ненецкий автономный округ,2016-08,4.03,5
Ненецкий автономный округ,2016-09,3.15,5
Ненецкий автономный округ,2016-10,3.24,5
Ненецкий автономный округ,2016-11,-0.68,5
Ненецкий автономный округ,2016-12,-2.55,5
Ненецкий автономный округ,2017-01,3.4,5
Ненецкий автономный округ,2017-02,3.22,5
Ненецкий автономный округ,2017-03,7.66,5
Ненецкий автономный округ,2017-04,-0.99,5
Ненецкий автономный округ,2017-05,-2.09,5
Ненецкий автономный округ,2017-06,-1.87,5
Ненецкий автономный округ,2017-07,4.18,5
Ненецкий автономный округ,2017-08,1.53,5
Ненецкий автономный округ,2017-09,-0.4,5
Ненецкий автономный округ,2017-10,0.86,5
Ненецкий автономный округ,2017-11,2.9,4
Ненецкий автономный округ,2017-12,6.11,5
Ненецкий автономный округ,2018-01,6.91,5
Ненецкий автономный округ,2018-02,1.98,5
Ненецкий автономный округ,2018-03,-5.18,5
Ненецкий автономный округ,2018-04,1.25,5
Ненецкий автономный округ,2018-05,0.0,4
Ненецкий автономный округ,2018-06,0.33,4
Ненецкий автономный округ,2018-07,2.5,5
Ненецкий автономный округ,2018-08,1.71,4
Ненецкий автономный округ,2018-09,2.38,5
Ненецкий автономный округ,2018-10,1.78,5
Ненецкий автономный округ,2018-11,1.74,5
Ненецкий автономный округ,2018-12,5.49,5
Ненецкий автономный округ,2019-01,-0.43,4
Ненецкий автономный округ,2019-02,3.08,5
Ненецкий автономный округ,2019-03,3.91,5
Ненецкий автономный округ,2019-04,2.64,5
Ненецкий автономный округ,2019-05,1.42,5
Ненецкий автономный округ,2019-06,-0.51,5
Ненецкий автономный округ,2019-07,-0.92,5
Ненецкий автономный округ,2019-08,-0.41,5
Ненецкий автономный округ,2019-09,1.16,5
Ненецкий автономный округ,2019-10,-0.7,4
Ненецкий автономный округ,2019-11,-0.06,5
Ненецкий автономный округ,2019-12,3.26,5
Ненецкий автономный округ,2020-01,4.18,5
Ненецкий автономный округ,2020-02,7.56,5
Ненецкий автономный округ,2020-03,6.59,5
Ненецкий автономный округ,2020-04,3.02,5
Ненецкий автономный округ,2020-05,2.92,5
Ненецкий автономный округ,2020-06,1.41,5
Ненецкий автономный округ,2020-07,4.05,5
Ненецкий автономный округ,2020-08,1.86,5
Ненецкий автономный округ,2020-09,2.46,5
Ненецкий автономный округ,2020-10,1.22,5
Ненецкий автономный округ,2020-11,5.71,5
Ненецкий автономный округ,2020-12,1.19,5
Ненецкий автономный округ,2021-01,-4.63,5
Ненецкий автономный округ,2021-02,-5.82,4
Ненецкий автономный округ,2021-03,-0.82,5
Ненецкий автономный округ,2021-04,5.59,5
Ненецкий автономный округ,2021-05,3.56,5
Ненецкий автономный округ,2021-06,3.93,4
Ненецкий автономный округ,2021-07,0.51,4
Ненецкий автономный округ,2021-08,2.1,5
Ненецкий автономный округ,2021-09,-0.11,5
Ненецкий автономный округ,2021-10,1.19,5
Ненецкий автономный округ,2021-11,-0.03,5
Ненецкий автономный округ,2021-12,-3.02,5
Ненецкий автономный округ,2022-01,3.72,5
Ненецкий автономный округ,2022-02,6.05,5
Ненецкий автономный округ,2022-03,1.25,5
Ненецкий автономный округ,2022-04,1.37,5
Ненецкий автономный округ,2022-05,1.9,5
Ненецкий автономный округ,2022-06,1.54,5
Ненецкий автономный округ,2022-07,3.79,5
Ненецкий автономный округ,2022-08,4.64,5
Ненецкий автономный округ,2022-09,0.18,5
Ненецкий автономный округ,2022-10,3.64,5
Ненецкий автономный округ,2022-11,3.16,5
Ненецкий автономный округ,2022-12,0.45,5
Ненецкий автономный округ,2023-01,6.74,5
Ненецкий автономный округ,2023-02,6.04,5
Ненецкий автономный округ,2023-03,1.72,5
Ненецкий автономный округ,2023-04,1.51,5
Ненецкий автономный округ,2023-05,5.05,5
Ненецкий автономный округ,2023-06,-0.09,5
Ненецкий автономный округ,2023-07,2.95,5
Ненецкий автономный округ,2023-08,4.66,5
Ненецкий автономный округ,2023-09,3.92,5
Ненецкий автономный округ,2023-10,0.78,5
Ненецкий автономный округ,2023-11,-0.28,5
Ненецкий автономный округ,2023-12,-1.12,5
Ненецкий автономный округ,2024-01,7.4,4
Ненецкий автономный округ,2024-02,3.54,5
Ненецкий автономный округ,2024-03,1.08,5
Ненецкий автономный округ,2024-04,-2.52,5
Ненецкий автономный округ,2024-05,-2.32,5
Ненецкий автономный округ,2024-06,-3.01,4
Ненецкий автономный округ,2024-07,1.54,5
Ненецкий автономный округ,2024-08,2.02,5
Ненецкий автономный округ,2024-09,4.72,5
Ненецкий автономный округ,2024-10,2.61,5
Ненецкий автономный округ,2024-11,5.58,5
Ненецкий автономный округ,2024-12,4.24,5
Ненецкий автономный округ,2025-01,4.95,5
Ненецкий автономный округ,2025-02,5.6,5
Ненецкий автономный округ,2025-03,4.94,5
Ненецкий автономный округ,2025-04,2.78,4
Ненецкий автономный округ,2025-05,2.69,5
Ненецкий автономный округ,2025-06,-0.36,3
Ненецкий автономный округ,2025-07,-0.09,5
Ненецкий автономный округ,2025-09,2.11,1
Ненецкий автономный округ,2025-10,3.16,3
Ненецкий автономный округ,2025-11,0.06,3
Ненецкий автономный округ,2025-12,4.21,3
Ненецкий автономный округ,2026-01,0.8,3
Ненецкий автономный округ,2026-03,-0.06,3
Ненецкий автономный округ,2026-04,3.17,3
Ненецкий автономный округ,2026-05,3.21,3
Ненецкий автономный округ,2026-06,2.22,3
Нижегородская область,2014-01,-1.26,8
Нижегородская область,2014-02,2.83,8
Нижегородская область,2014-03,3.06,8
Нижегородская область,2014-04,-0.45,8
Нижегородская область,2014-05,2.82,8
Нижегородская область,2014-06,-1.21,8
Нижегородская область,2014-07,-0.49,8
Нижегородская область,2014-08,1.87,8
Нижегородская область,2014-09,0.23,8
Нижегородская область,2014-10,-3.46,8
Нижегородская область,2014-11,-0.84,8
Нижегородская область,2014-12,2.25,8
Нижегородская область,2015-01,1.66,8
Нижегородская область,2015-02,4.3,8
Нижегородская область,2015-03,1.73,8
Нижегородская область,2015-04,-1.1,8
Нижегородская область,2015-05,2.31,8
Нижегородская область,2015-06,1.77,8
Нижегородская область,2015-07,-1.94,8
Нижегородская область,2015-08,-1.49,8
Нижегородская область,2015-09,2.96,8
Нижегородская область,2015-10,-2.28,8
Нижегородская область,2015-11,1.34,8
Нижегородская область,2015-12,4.94,8
Нижегородская область,2016-01,-2.33,8
Нижегородская область,2016-02,6.84,8
Нижегородская область,2016-03,1.46,8
Нижегородская область,2016-04,1.85,8
Нижегородская область,2016-05,1.4,8
Нижегородская область,2016-06,0.15,8
Нижегородская область,2016-07,1.43,8
Нижегородская область,2016-08,3.62,8
Нижегородская область,2016-09,-1.09,8
Нижегородская область,2016-10,-1.02,8
Нижегородская область,2016-11,-1.84,8
Нижегородская область,2016-12,-1.38,8
Нижегородская область,2017-01,-2.02,8
Нижегородская область,2017-02,1.91,8
Нижегородская область,2017-03,3.36,8
Нижегородская область,2017-04,-0.73,8
Нижегородская область,2017-05,-2.95,8
Нижегородская область,2017-06,-2.84,8
Нижегородская область,2017-07,-1.31,8
Нижегородская область,2017-08,1.0,8
Нижегородская область,2017-09,0.29,8
Нижегородская область,2017-10,-0.45,8
Нижегородская область,2017-11,1.72,8
Нижегородская область,2017-12,5.17,8
Нижегородская область,2018-01,1.85,8
Нижегородская область,2018-02,-2.33,8
Нижегородская область,2018-03,-5.63,8
Нижегородская область,2018-04,-0.22,8
Нижегородская область,2018-05,1.3,8
Нижегородская область,2018-06,-1.24,8
Нижегородская область,2018-07,1.47,8
Нижегородская область,2018-08,1.6,8
Нижегородская область,2018-09,2.02,8
Нижегородская область,2018-10,0.9,8
Нижегородская область,2018-11,0.03,8
Нижегородская область,2018-12,-0.33,8
Нижегородская область,2019-01,0.07,8
Нижегородская область,2019-02,3.82,8
Нижегородская область,2019-03,1.78,8
Нижегородская область,2019-04,0.44,8
Нижегородская область,2019-05,2.31,7
Нижегородская область,2019-06,0.75,7
Нижегородская область,2019-07,-2.8,8
Нижегородская область,2019-08,-2.24,8
Нижегородская область,2019-09,-1.2,7
Нижегородская область,2019-10,2.58,7
Нижегородская область,2019-11,1.42,8
Нижегородская область,2019-12,4.79,8
Нижегородская область,2020-01,7.0,8
Нижегородская область,2020-02,5.95,8
Нижегородская область,2020-03,5.26,8
Нижегородская область,2020-04,-1.79,8
Нижегородская область,2020-05,-1.03,8
Нижегородская область,2020-06,-0.54,8
Нижегородская область,2020-07,0.68,8
Нижегородская область,2020-08,-1.06,8
Нижегородская область,2020-09,0.77,8
Нижегородская область,2020-10,2.22,8
Нижегородская область,2020-11,1.68,8
Нижегородская область,2020-12,-2.01,8
Нижегородская область,2021-01,0.7,8
Нижегородская область,2021-02,-6.93,7
Нижегородская область,2021-03,-1.25,8
Нижегородская область,2021-04,0.91,8
Нижегородская область,2021-05,2.29,8
Нижегородская область,2021-06,3.17,8
Нижегородская область,2021-07,1.8,8
Нижегородская область,2021-08,3.42,8
Нижегородская область,2021-09,-2.46,8
Нижегородская область,2021-10,0.86,8
Нижегородская область,2021-11,2.85,8
Нижегородская область,2021-12,-1.82,8
Нижегородская область,2022-01,0.53,8
Нижегородская область,2022-02,5.94,8
Нижегородская область,2022-03,-1.01,8
Нижегородская область,2022-04,0.17,8
Нижегородская область,2022-05,-4.19,8
Нижегородская область,2022-06,0.23,8
Нижегородская область,2022-07,0.75,8
Нижегородская область,2022-08,3.76,8
Нижегородская область,2022-09,-1.37,8
Нижегородская область,2022-10,1.46,8
Нижегородская область,2022-11,-0.09,8
Нижегородская область,2022-12,0.41,8
Нижегородская область,2023-01,-0.23,8
Нижегородская область,2023-02,2.07,8
Нижегородская область,2023-03,3.58,8
Нижегородская область,2023-04,2.96,8
Нижегородская область,2023-05,0.56,8
Нижегородская область,2023-06,-2.19,8
Нижегородская область,2023-07,-0.52,8
Нижегородская область,2023-08,1.38,8
Нижегородская область,2023-09,2.25,8
Нижегородская область,2023-10,-0.08,8
Нижегородская область,2023-11,2.26,8
Нижегородская область,2023-12,-0.42,8
Нижегородская область,2024-01,-3.34,8
Нижегородская область,2024-02,-0.29,8
Нижегородская область,2024-03,1.75,8
Нижегородская область,2024-04,4.89,8
Нижегородская область,2024-05,-3.26,8
Нижегородская область,2024-06,2.66,8
Нижегородская область,2024-07,1.3,8
Нижегородская область,2024-08,0.4,8
Нижегородская область,2024-09,3.76,8
Нижегородская область,2024-10,1.42,8
Нижегородская область,2024-11,2.41,8
Нижегородская область,2024-12,2.75,8
Нижегородская область,2025-01,6.66,8
Нижегородская область,2025-02,1.43,8
Нижегородская область,2025-03,4.89,8
Нижегородская область,2025-04,2.12,8
Нижегородская область,2025-05,0.32,8
Нижегородская область,2025-06,-0.49,8
Нижегородская область,2025-07,0.75,8
Нижегородская область,2025-08,0.38,2
Нижегородская область,2025-09,0.56,2
Нижегородская область,2025-10,1.74,2
Нижегородская область,2025-11,4.94,2
Нижегородская область,2025-12,3.14,2
Нижегородская область,2026-01,-0.9,2
Нижегородская область,2026-02,-1.93,2
Нижегородская область,2026-03,5.21,1
Нижегородская область,2026-04,-0.41,2
Нижегородская область,2026-05,2.46,2
Нижегородская область,2026-06,0.28,2
Новгородская область,2014-01,-3.04,5
Новгородская область,2014-02,4.98,5
Новгородская область,2014-03,3.03,5
Новгородская область,2014-04,0.36,5
Новгородская область,2014-05,1.74,5
Новгородская область,2014-06,-1.25,5
Новгородская область,2014-07,1.19,5
Новгородская область,2014-08,0.75,5
Новгородская область,2014-09,-0.16,5
Новгородская область,2014-10,-2.07,5
Новгородская область,2014-11,-0.79,5
Новгородская область,2014-12,0.86,5
Новгородская область,2015-01,2.83,5
Новгородская область,2015-02,3.77,5
Новгородская область,2015-03,3.09,5
Новгородская область,2015-04,-0.37,5
Новгородская область,2015-05,0.13,5
Новгородская область,2015-06,-0.65,5
Новгородская область,2015-07,-1.88,5
Новгородская область,2015-08,-0.21,5
Новгородская область,2015-09,1.64,5
Новгородская область,2015-10,-1.77,5
Новгородская область,2015-11,2.0,5
Новгородская область,2015-12,5.18,5
Новгородская область,2016-01,-5.81,5
Новгородская область,2016-02,5.85,5
Новгородская область,2016-03,0.78,5
Новгородская область,2016-04,0.94,5
Новгородская область,2016-05,1.6,5
Новгородская область,2016-06,0.42,5
Новгородская область,2016-07,0.79,5
Новгородская область,2016-08,0.65,5
Новгородская область,2016-09,0.06,5
Новгородская область,2016-10,-1.73,5
Новгородская область,2016-11,-2.63,5
Новгородская область,2016-12,1.6,5
Новгородская область,2017-01,-0.03,5
Новгородская область,2017-02,1.58,5
Новгородская область,2017-03,2.42,5
Новгородская область,2017-04,-2.18,5
Новгородская область,2017-05,-2.9,5
Новгородская область,2017-06,-2.81,5
Новгородская область,2017-07,-2.41,5
Новгородская область,2017-08,0.57,5
Новгородская область,2017-09,0.57,5
Новгородская область,2017-10,-0.5,5
Новгородская область,2017-11,1.43,5
Новгородская область,2017-12,3.77,5
Новгородская область,2018-01,2.58,5
Новгородская область,2018-02,-3.42,5
Новгородская область,2018-03,-3.69,5
Новгородская область,2018-04,0.68,5
Новгородская область,2018-05,2.45,5
Новгородская область,2018-06,-0.87,5
Новгородская область,2018-07,1.06,5
Новгородская область,2018-08,1.39,4
Новгородская область,2018-09,2.05,4
Новгородская область,2018-10,0.65,4
Новгородская область,2018-11,0.95,4
Новгородская область,2018-12,-0.07,4
Новгородская область,2019-01,-0.24,4
Новгородская область,2019-02,5.55,4
Новгородская область,2019-03,1.84,4
Новгородская область,2019-04,0.68,4
Новгородская область,2019-05,0.88,4
Новгородская область,2019-06,2.12,4
Новгородская область,2019-07,-2.9,4
Новгородская область,2019-08,-1.09,4
Новгородская область,2019-09,-0.72,4
Новгородская область,2019-10,1.44,4
Новгородская область,2019-11,2.71,4
Новгородская область,2019-12,5.81,4
Новгородская область,2020-01,7.55,4
Новгородская область,2020-02,6.7,4
Новгородская область,2020-03,3.43,4
Новгородская область,2020-04,-1.6,4
Новгородская область,2020-05,-1.94,4
Новгородская область,2020-06,2.78,4
Новгородская область,2020-07,-1.35,4
Новгородская область,2020-08,-0.29,4
Новгородская область,2020-09,1.89,4
Новгородская область,2020-10,3.43,4
Новгородская область,2020-11,3.39,4
Новгородская область,2020-12,2.48,4
Новгородская область,2021-01,0.56,4
Новгородская область,2021-02,-3.26,3
Новгородская область,2021-03,0.49,4
Новгородская область,2021-04,0.16,4
Новгородская область,2021-05,0.35,4
Новгородская область,2021-06,3.49,4
Новгородская область,2021-07,2.52,4
Новгородская область,2021-08,0.06,3
Новгородская область,2021-09,-2.1,4
Новгородская область,2021-10,0.8,4
Новгородская область,2021-11,2.25,4
Новгородская область,2021-12,-3.57,4
Новгородская область,2022-01,1.54,4
Новгородская область,2022-02,5.0,4
Новгородская область,2022-03,-0.76,4
Новгородская область,2022-04,-1.05,4
Новгородская область,2022-05,-2.15,4
Новгородская область,2022-06,1.29,4
Новгородская область,2022-07,0.09,4
Новгородская область,2022-08,3.47,4
Новгородская область,2022-09,-2.29,4
Новгородская область,2022-10,1.41,4
Новгородская область,2022-11,0.29,4
Новгородская область,2022-12,-0.12,4
Новгородская область,2023-01,2.47,4
Новгородская область,2023-02,2.06,4
Новгородская область,2023-03,1.16,4
Новгородская область,2023-04,1.99,4
Новгородская область,2023-05,-0.91,4
Новгородская область,2023-06,-0.75,4
Новгородская область,2023-07,-1.52,4
Новгородская область,2023-08,2.78,4
Новгородская область,2023-09,2.99,4
Новгородская область,2023-10,-0.77,4
Новгородская область,2023-11,0.29,4
Новгородская область,2023-12,-0.26,4
Новгородская область,2024-01,-3.31,4
Новгородская область,2024-02,2.53,4
Новгородская область,2024-03,3.1,4
Новгородская область,2024-04,1.85,4
Новгородская область,2024-05,0.72,4
Новгородская область,2024-06,2.18,5
Новгородская область,2024-07,1.73,5
Новгородская область,2024-08,1.26,5
Новгородская область,2024-09,3.86,5
Новгородская область,2024-10,1.45,5
Новгородская область,2024-11,2.22,5
Новгородская область,2024-12,1.88,5
Новгородская область,2025-01,6.17,5
Новгородская область,2025-02,0.2,5
Новгородская область,2025-03,3.76,5
Новгородская область,2025-04,0.4,5
Новгородская область,2025-05,-0.94,5
Новгородская область,2025-06,-1.38,5
Новгородская область,2025-07,2.05,5
Новгородская область,2025-08,-1.03,3
Новгородская область,2025-09,1.74,3
Новгородская область,2025-10,0.44,3
Новгородская область,2025-11,3.08,3
Новгородская область,2025-12,3.81,3
Новгородская область,2026-01,-4.34,3
Новгородская область,2026-02,-4.87,3
Новгородская область,2026-03,6.64,1
Новгородская область,2026-04,-0.68,3
Новгородская область,2026-05,1.19,3
Новгородская область,2026-06,1.43,3
Новосибирская область,2014-01,0.78,19
Новосибирская область,2014-02,-5.4,19
Новосибирская область,2014-03,3.18,19
Новосибирская область,2014-04,1.05,19
Новосибирская область,2014-05,-1.78,14
Новосибирская область,2014-06,-0.67,14
Новосибирская область,2014-07,-0.52,14
Новосибирская область,2014-08,1.16,14
Новосибирская область,2014-09,-2.26,14
Новосибирская область,2014-10,-3.2,19
Новосибирская область,2014-11,-2.23,19
Новосибирская область,2014-12,2.63,19
Новосибирская область,2015-01,3.16,19
Новосибирская область,2015-02,2.41,19
Новосибирская область,2015-03,0.57,19
Новосибирская область,2015-04,1.66,19
Новосибирская область,2015-05,0.94,19
Новосибирская область,2015-06,1.76,19
Новосибирская область,2015-07,-0.24,18
Новосибирская область,2015-08,-0.34,19
Новосибирская область,2015-09,-1.0,19
Новосибирская область,2015-10,-0.27,19
Новосибирская область,2015-11,-1.75,19
Новосибирская область,2015-12,7.5,19
Новосибирская область,2016-01,-3.61,19
Новосибирская область,2016-02,5.8,19
Новосибирская область,2016-03,3.07,19
Новосибирская область,2016-04,3.92,19
Новосибирская область,2016-05,-0.89,19
Новосибирская область,2016-06,1.32,19
Новосибирская область,2016-07,0.71,19
Новосибирская область,2016-08,0.86,19
Новосибирская область,2016-09,2.92,19
Новосибирская область,2016-10,-5.0,19
Новосибирская область,2016-11,-5.93,19
Новосибирская область,2016-12,0.37,19
Новосибирская область,2017-01,1.76,19
Новосибирская область,2017-02,0.86,19
Новосибирская область,2017-03,0.98,19
Новосибирская область,2017-04,1.09,19
Новосибирская область,2017-05,0.58,19
Новосибирская область,2017-06,1.59,19
Новосибирская область,2017-07,-0.99,19
Новосибирская область,2017-08,0.48,19
Новосибирская область,2017-09,-1.29,19
Новосибирская область,2017-10,-1.86,19
Новосибирская область,2017-11,1.92,19
Новосибирская область,2017-12,1.44,19
Новосибирская область,2018-01,-3.64,19
Новосибирская область,2018-02,-1.17,19
Новосибирская область,2018-03,-1.58,19
Новосибирская область,2018-04,-0.56,19
Новосибирская область,2018-05,-5.01,19
Новосибирская область,2018-06,1.01,19
Новосибирская область,2018-07,-0.91,17
Новосибирская область,2018-08,-0.47,17
Новосибирская область,2018-09,0.76,17
Новосибирская область,2018-10,1.6,17
Новосибирская область,2018-11,-1.03,17
Новосибирская область,2018-12,-4.93,17
Новосибирская область,2019-01,1.8,17
Новосибирская область,2019-02,-2.37,17
Новосибирская область,2019-03,3.78,17
Новосибирская область,2019-04,-0.14,17
Новосибирская область,2019-05,-0.87,17
Новосибирская область,2019-06,-1.71,17
Новосибирская область,2019-07,0.27,15
Новосибирская область,2019-08,1.15,15
Новосибирская область,2019-09,0.48,15
Новосибирская область,2019-10,1.58,15
Новосибирская область,2019-11,-3.0,15
Новосибирская область,2019-12,4.12,15
Новосибирская область,2020-01,6.45,15
Новосибирская область,2020-02,6.67,15
Новосибирская область,2020-03,3.84,15
Новосибирская область,2020-04,4.85,15
Новосибирская область,2020-05,4.43,15
Новосибирская область,2020-06,-1.09,15
Новосибирская область,2020-07,0.27,15
Новосибирская область,2020-08,1.61,15
Новосибирская область,2020-09,0.29,15
Новосибирская область,2020-10,0.55,15
Новосибирская область,2020-11,1.94,15
Новосибирская область,2020-12,-2.1,15
Новосибирская область,2021-01,-4.43,15
Новосибирская область,2021-02,-0.57,15
Новосибирская область,2021-03,-0.14,15
Новосибирская область,2021-04,-0.49,15
Новосибирская область,2021-05,3.14,15
Новосибирская область,2021-06,-1.34,15
Новосибирская область,2021-07,0.16,15
Новосибирская область,2021-08,1.17,15
Новосибирская область,2021-09,-1.25,15
Новосибирская область,2021-10,-0.17,15
Новосибирская область,2021-11,0.4,15
Новосибирская область,2021-12,4.27,15
Новосибирская область,2022-01,3.02,15
Новосибирская область,2022-02,2.83,15
Новосибирская область,2022-03,-1.38,15
Новосибирская область,2022-04,2.18,15
Новосибирская область,2022-05,3.16,15
Новосибирская область,2022-06,-0.72,15
Новосибирская область,2022-07,-0.48,15
Новосибирская область,2022-08,-0.48,15
Новосибирская область,2022-09,0.31,15
Новосибирская область,2022-10,0.44,15
Новосибирская область,2022-11,-2.15,15
Новосибирская область,2022-12,-3.59,15
Новосибирская область,2023-01,4.01,15
Новосибирская область,2023-02,-0.3,15
Новосибирская область,2023-03,3.73,15
Новосибирская область,2023-04,-1.67,15
Новосибирская область,2023-05,-0.26,15
Новосибирская область,2023-06,0.95,15
Новосибирская область,2023-07,1.95,15
Новосибирская область,2023-08,0.49,15
Новосибирская область,2023-09,1.15,15
Новосибирская область,2023-10,1.74,15
Новосибирская область,2023-11,4.54,15
Новосибирская область,2023-12,-0.07,15
Новосибирская область,2024-01,1.24,15
Новосибирская область,2024-02,-1.13,15
Новосибирская область,2024-03,0.93,15
Новосибирская область,2024-04,0.82,15
Новосибирская область,2024-05,-1.42,15
Новосибирская область,2024-06,2.27,15
Новосибирская область,2024-07,1.34,15
Новосибирская область,2024-08,1.01,15
Новосибирская область,2024-09,-0.4,15
Новосибирская область,2024-10,-0.09,15
Новосибирская область,2024-11,1.57,15
Новосибирская область,2024-12,4.13,15
Новосибирская область,2025-01,7.15,15
Новосибирская область,2025-02,3.84,15
Новосибирская область,2025-03,2.9,15
Новосибирская область,2025-04,3.46,15
Новосибирская область,2025-05,0.63,15
Новосибирская область,2025-06,3.08,15
Новосибирская область,2025-07,-0.36,15
Новосибирская область,2025-08,-0.0,3
Новосибирская область,2025-09,1.82,3
Новосибирская область,2025-10,-2.18,3
Новосибирская область,2025-11,2.34,3
Новосибирская область,2025-12,1.99,3
Новосибирская область,2026-01,-3.13,3
Новосибирская область,2026-02,-2.25,3
Новосибирская область,2026-03,1.35,1
Новосибирская область,2026-04,2.05,3
Новосибирская область,2026-05,0.09,3
Новосибирская область,2026-06,3.87,3
Омская область,2014-01,0.22,13
Омская область,2014-02,-4.79,13
Омская область,2014-03,3.5,13
Омская область,2014-04,-0.03,13
Омская область,2014-05,-0.39,13
Омская область,2014-06,0.01,13
Омская область,2014-07,-3.18,13
Омская область,2014-08,1.87,13
Омская область,2014-09,-2.4,13
Омская область,2014-10,-4.09,13
Омская область,2014-11,-1.54,13
Омская область,2014-12,3.02,13
Омская область,2015-01,2.72,13
Омская область,2015-02,2.79,13
Омская область,2015-03,0.47,13
Омская область,2015-04,0.81,13
Омская область,2015-05,1.25,13
Омская область,2015-06,2.26,13
Омская область,2015-07,-1.12,13
Омская область,2015-08,-1.81,13
Омская область,2015-09,-0.72,13
Омская область,2015-10,-1.91,13
Омская область,2015-11,-2.17,13
Омская область,2015-12,6.16,13
Омская область,2016-01,-4.47,13
Омская область,2016-02,6.74,13
Омская область,2016-03,2.91,13
Омская область,2016-04,4.09,3
Омская область,2016-05,-0.69,4
Омская область,2016-06,0.53,4
Омская область,2016-07,0.54,5
Омская область,2016-08,2.46,6
Омская область,2016-09,2.54,5
Омская область,2016-10,-4.48,5
Омская область,2016-11,-5.53,13
Омская область,2016-12,-2.22,13
Омская область,2017-01,1.14,13
Омская область,2017-02,-0.03,13
Омская область,2017-03,1.0,13
Омская область,2017-04,1.21,6
Омская область,2017-05,-0.07,5
Омская область,2017-06,1.85,5
Омская область,2017-07,-0.62,4
Омская область,2017-08,1.72,4
Омская область,2017-09,-0.91,4
Омская область,2017-10,-2.13,11
Омская область,2017-11,3.14,12
Омская область,2017-12,1.26,13
Омская область,2018-01,-3.22,13
Омская область,2018-02,-1.29,13
Омская область,2018-03,-2.21,13
Омская область,2018-04,-1.68,8
Омская область,2018-05,-4.72,5
Омская область,2018-06,-0.44,5
Омская область,2018-07,0.56,5
Омская область,2018-08,-0.47,4
Омская область,2018-09,1.17,4
Омская область,2018-10,1.42,4
Омская область,2018-11,0.13,8
Омская область,2018-12,-3.3,8
Омская область,2019-01,1.68,8
Омская область,2019-02,-2.52,8
Омская область,2019-03,3.08,8
Омская область,2019-04,-0.3,4
Омская область,2019-05,-0.34,4
Омская область,2019-06,-2.22,4
Омская область,2019-07,0.95,3
Омская область,2019-08,0.72,3
Омская область,2019-09,0.4,3
Омская область,2019-10,2.22,3
Омская область,2019-11,-1.78,7
Омская область,2019-12,4.34,7
Омская область,2020-01,6.65,6
Омская область,2020-02,7.22,7
Омская область,2020-03,5.0,7
Омская область,2020-04,5.11,3
Омская область,2020-05,4.48,3
Омская область,2020-06,-1.83,3
Омская область,2020-07,1.36,3
Омская область,2020-08,2.41,3
Омская область,2020-09,0.71,3
Омская область,2020-10,1.29,3
Омская область,2020-11,1.89,7
Омская область,2020-12,-0.84,7
Омская область,2021-01,-3.6,7
Омская область,2021-02,-1.83,7
Омская область,2021-03,-1.02,7
Омская область,2021-04,-0.26,4
Омская область,2021-05,4.61,3
Омская область,2021-06,-0.97,3
Омская область,2021-07,0.84,3
Омская область,2021-08,2.18,3
Омская область,2021-09,-1.17,3
Омская область,2021-10,0.21,3
Омская область,2021-11,0.27,7
Омская область,2021-12,3.61,7
Омская область,2022-01,2.7,7
Омская область,2022-02,3.11,7
Омская область,2022-03,-2.29,7
Омская область,2022-04,2.77,3
Омская область,2022-05,2.42,3
Омская область,2022-06,-0.75,3
Омская область,2022-07,0.58,3
Омская область,2022-08,0.13,3
Омская область,2022-09,0.8,3
Омская область,2022-10,0.78,4
Омская область,2022-11,-1.96,7
Омская область,2022-12,-2.84,7
Омская область,2023-01,4.2,7
Омская область,2023-02,0.58,7
Омская область,2023-03,3.7,7
Омская область,2023-04,-0.55,4
Омская область,2023-05,0.55,3
Омская область,2023-06,0.77,3
Омская область,2023-07,3.3,3
Омская область,2023-08,0.47,3
Омская область,2023-09,1.95,3
Омская область,2023-10,1.93,3
Омская область,2023-11,5.05,7
Омская область,2023-12,-0.07,7
Омская область,2024-01,1.08,7
Омская область,2024-02,-0.47,5
Омская область,2024-03,0.6,7
Омская область,2024-04,1.89,3
Омская область,2024-05,-2.71,3
Омская область,2024-06,2.07,3
Омская область,2024-07,0.83,3
Омская область,2024-08,0.3,3
Омская область,2024-09,0.28,3
Омская область,2024-10,0.33,3
Омская область,2024-11,1.62,5
Омская область,2024-12,5.18,7
Омская область,2025-01,6.4,7
Омская область,2025-02,5.2,7
Омская область,2025-03,3.21,7
Омская область,2025-04,4.19,3
Омская область,2025-05,0.48,2
Омская область,2025-06,2.36,3
Омская область,2025-07,-0.06,3
Омская область,2025-08,0.42,2
Омская область,2025-09,1.34,2
Омская область,2025-10,-2.15,2
Омская область,2025-11,3.84,2
Омская область,2025-12,2.33,2
Омская область,2026-01,-1.87,2
Омская область,2026-02,-0.39,2
Омская область,2026-03,2.36,2
Омская область,2026-04,2.46,2
Омская область,2026-05,1.43,2
Омская область,2026-06,4.27,2
Оренбургская область,2014-01,-1.27,7
Оренбургская область,2014-02,-4.23,7
Оренбургская область,2014-03,1.71,7
Оренбургская область,2014-04,-2.16,7
Оренбургская область,2014-05,2.53,7
Оренбургская область,2014-06,-0.21,7
Оренбургская область,2014-07,-2.79,7
Оренбургская область,2014-08,1.94,7
Оренбургская область,2014-09,-1.36,7
Оренбургская область,2014-10,-2.12,7
Оренбургская область,2014-11,-0.98,7
Оренбургская область,2014-12,1.89,7
Оренбургская область,2015-01,-0.67,7
Оренбургская область,2015-02,1.26,7
Оренбургская область,2015-03,-0.66,7
Оренбургская область,2015-04,-1.63,7
Оренбургская область,2015-05,0.47,7
Оренбургская область,2015-06,3.06,7
Оренбургская область,2015-07,-1.17,6
Оренбургская область,2015-08,-2.29,7
Оренбургская область,2015-09,1.83,7
Оренбургская область,2015-10,-2.8,7
Оренбургская область,2015-11,0.52,7
Оренбургская область,2015-12,5.51,7
Оренбургская область,2016-01,-0.74,7
Оренбургская область,2016-02,7.23,7
Оренбургская область,2016-03,3.65,7
Оренбургская область,2016-04,2.42,7
Оренбургская область,2016-05,0.16,7
Оренбургская область,2016-06,-1.01,7
Оренбургская область,2016-07,0.04,7
Оренбургская область,2016-08,4.19,7
Оренбургская область,2016-09,-0.93,7
Оренбургская область,2016-10,-2.49,7
Оренбургская область,2016-11,-1.69,7
Оренбургская область,2016-12,-3.39,7
Оренбургская область,2017-01,0.44,7
Оренбургская область,2017-02,-0.52,7
Оренбургская область,2017-03,-0.32,7
Оренбургская область,2017-04,-1.37,7
Оренбургская область,2017-05,-1.81,7
Оренбургская область,2017-06,-2.76,7
Оренбургская область,2017-07,-0.72,7
Оренбургская область,2017-08,1.15,7
Оренбургская область,2017-09,0.47,7
Оренбургская область,2017-10,-1.35,7
Оренбургская область,2017-11,3.55,7
Оренбургская область,2017-12,1.63,7
Оренбургская область,2018-01,-1.38,7
Оренбургская область,2018-02,-0.22,7
Оренбургская область,2018-03,-4.99,7
Оренбургская область,2018-04,-1.4,7
Оренбургская область,2018-05,0.25,7
Оренбургская область,2018-06,-2.42,7
Оренбургская область,2018-07,1.95,6
Оренбургская область,2018-08,-0.77,6
Оренбургская область,2018-09,1.3,6
Оренбургская область,2018-10,0.67,6
Оренбургская область,2018-11,-1.74,6
Оренбургская область,2018-12,-1.29,6
Оренбургская область,2019-01,-0.95,6
Оренбургская область,2019-02,-0.04,6
Оренбургская область,2019-03,3.15,6
Оренбургская область,2019-04,0.21,6
Оренбургская область,2019-05,1.47,6
Оренбургская область,2019-06,0.21,6
Оренбургская область,2019-07,-0.73,5
Оренбургская область,2019-08,-2.48,5
Оренбургская область,2019-09,-3.22,5
Оренбургская область,2019-10,2.17,5
Оренбургская область,2019-11,-0.62,5
Оренбургская область,2019-12,3.37,5
Оренбургская область,2020-01,7.04,4
Оренбургская область,2020-02,5.97,5
Оренбургская область,2020-03,5.7,5
Оренбургская область,2020-04,-0.16,5
Оренбургская область,2020-05,0.56,5
Оренбургская область,2020-06,-1.33,5
Оренбургская область,2020-07,2.15,5
Оренбургская область,2020-08,-0.58,5
Оренбургская область,2020-09,-1.3,5
Оренбургская область,2020-10,0.02,5
Оренбургская область,2020-11,-1.04,5
Оренбургская область,2020-12,-4.23,5
Оренбургская область,2021-01,0.97,5
Оренбургская область,2021-02,-1.84,5
Оренбургская область,2021-03,-2.04,5
Оренбургская область,2021-04,0.54,5
Оренбургская область,2021-05,4.35,5
Оренбургская область,2021-06,3.21,5
Оренбургская область,2021-07,1.3,5
Оренбургская область,2021-08,3.63,5
Оренбургская область,2021-09,-1.84,5
Оренбургская область,2021-10,0.07,5
Оренбургская область,2021-11,0.73,5
Оренбургская область,2021-12,1.59,5
Оренбургская область,2022-01,1.08,5
Оренбургская область,2022-02,6.32,5
Оренбургская область,2022-03,-1.46,5
Оренбургская область,2022-04,2.76,5
Оренбургская область,2022-05,-3.74,5
Оренбургская область,2022-06,-1.15,5
Оренбургская область,2022-07,0.16,5
Оренбургская область,2022-08,2.21,5
Оренбургская область,2022-09,0.3,5
Оренбургская область,2022-10,0.41,5
Оренбургская область,2022-11,0.75,5
Оренбургская область,2022-12,-0.54,5
Оренбургская область,2023-01,-2.84,4
Оренбургская область,2023-02,1.97,5
Оренбургская область,2023-03,5.84,5
Оренбургская область,2023-04,2.43,5
Оренбургская область,2023-05,1.7,5
Оренбургская область,2023-06,-1.01,5
Оренбургская область,2023-07,0.83,5
Оренбургская область,2023-08,0.36,5
Оренбургская область,2023-09,0.33,5
Оренбургская область,2023-10,0.4,5
Оренбургская область,2023-11,4.81,5
Оренбургская область,2023-12,2.5,5
Оренбургская область,2024-01,-1.17,5
Оренбургская область,2024-02,-1.68,5
Оренбургская область,2024-03,-2.53,5
Оренбургская область,2024-04,5.75,5
Оренбургская область,2024-05,-3.67,5
Оренбургская область,2024-06,1.84,5
Оренбургская область,2024-07,-0.26,5
Оренбургская область,2024-08,-2.06,5
Оренбургская область,2024-09,-0.55,5
Оренбургская область,2024-10,0.13,5
Оренбургская область,2024-11,1.61,5
Оренбургская область,2024-12,3.47,5
Оренбургская область,2025-01,6.31,4
Оренбургская область,2025-02,1.44,5
Оренбургская область,2025-03,4.95,5
Оренбургская область,2025-04,4.01,5
Оренбургская область,2025-05,0.61,5
Оренбургская область,2025-06,-0.53,5
Оренбургская область,2025-07,-0.65,5
Оренбургская область,2025-08,0.73,1
Оренбургская область,2025-09,1.39,1
Оренбургская область,2025-10,2.15,1
Оренбургская область,2025-11,6.26,1
Оренбургская область,2025-12,3.65,1
Оренбургская область,2026-01,0.1,1
Оренбургская область,2026-02,0.5,1
Оренбургская область,2026-03,4.06,1
Оренбургская область,2026-04,3.08,1
Оренбургская область,2026-05,1.41,1
Оренбургская область,2026-06,-1.77,1
Орловская область,2014-01,-3.14,2
Орловская область,2014-02,2.54,2
Орловская область,2014-03,3.37,2
Орловская область,2014-04,0.28,2
Орловская область,2014-05,2.74,2
Орловская область,2014-06,-1.43,2
Орловская область,2014-07,0.99,2
Орловская область,2014-08,1.69,2
Орловская область,2014-09,0.13,2
Орловская область,2014-10,-1.86,2
Орловская область,2014-11,-1.18,2
Орловская область,2014-12,0.43,2
Орловская область,2015-01,1.88,2
Орловская область,2015-02,2.37,2
Орловская область,2015-03,2.62,2
Орловская область,2015-04,-0.84,2
Орловская область,2015-05,0.86,2
Орловская область,2015-06,0.96,2
Орловская область,2015-07,-0.45,2
Орловская область,2015-08,0.17,2
Орловская область,2015-09,3.15,2
Орловская область,2015-10,-2.36,2
Орловская область,2015-11,1.46,2
Орловская область,2015-12,4.33,2
Орловская область,2016-01,-3.32,2
Орловская область,2016-02,5.41,2
Орловская область,2016-03,1.88,2
Орловская область,2016-04,1.55,2
Орловская область,2016-05,0.04,2
Орловская область,2016-06,0.2,2
Орловская область,2016-07,1.23,2
Орловская область,2016-08,1.52,2
Орловская область,2016-09,-0.84,2
Орловская область,2016-10,-1.47,2
Орловская область,2016-11,-1.92,2
Орловская область,2016-12,-0.97,2
Орловская область,2017-01,-0.88,2
Орловская область,2017-02,0.28,2
Орловская область,2017-03,3.7,2
Орловская область,2017-04,0.06,2
Орловская область,2017-05,-1.44,2
Орловская область,2017-06,-1.78,2
Орловская область,2017-07,-1.3,2
Орловская область,2017-08,1.62,2
Орловская область,2017-09,1.01,2
Орловская область,2017-10,-0.86,2
Орловская область,2017-11,0.21,2
Орловская область,2017-12,5.35,2
Орловская область,2018-01,1.16,2
Орловская область,2018-02,-2.77,2
Орловская область,2018-03,-5.51,2
Орловская область,2018-04,0.58,2
Орловская область,2018-05,2.53,2
Орловская область,2018-06,0.34,2
Орловская область,2018-07,0.96,2
Орловская область,2018-08,1.22,2
Орловская область,2018-09,3.54,2
Орловская область,2018-10,1.14,2
Орловская область,2018-11,-2.04,2
Орловская область,2018-12,-0.79,2
Орловская область,2019-01,-1.0,2
Орловская область,2019-02,3.74,2
Орловская область,2019-03,1.5,2
Орловская область,2019-04,1.06,2
Орловская область,2019-05,1.88,2
Орловская область,2019-06,2.54,2
Орловская область,2019-07,-2.21,2
Орловская область,2019-08,-0.86,2
Орловская область,2019-09,0.2,2
Орловская область,2019-10,2.61,2
Орловская область,2019-11,1.67,2
Орловская область,2019-12,4.58,2
Орловская область,2020-01,5.51,2
Орловская область,2020-02,5.14,2
Орловская область,2020-03,5.39,2
Орловская область,2020-04,-1.15,2
Орловская область,2020-05,-2.72,2
Орловская область,2020-06,2.1,2
Орловская область,2020-07,-0.32,2
Орловская область,2020-08,-0.69,2
Орловская область,2020-09,2.76,2
Орловская область,2020-10,4.13,2
Орловская область,2020-11,1.5,2
Орловская область,2020-12,0.1,2
Орловская область,2021-01,1.15,2
Орловская область,2021-02,-4.2,2
Орловская область,2021-03,-0.78,2
Орловская область,2021-04,-0.54,2
Орловская область,2021-05,-0.0,2
Орловская область,2021-06,2.05,2
Орловская область,2021-07,2.47,2
Орловская область,2021-08,2.81,2
Орловская область,2021-09,-2.23,2
Орловская область,2021-10,-0.65,2
Орловская область,2021-11,2.73,2
Орловская область,2021-12,-0.15,2
Орловская область,2022-01,0.7,1
Орловская область,2022-02,4.25,1
Орловская область,2022-03,-0.85,2
Орловская область,2022-04,-0.43,2
Орловская область,2022-05,-2.86,2
Орловская область,2022-06,1.1,2
Орловская область,2022-07,-0.19,2
Орловская область,2022-08,3.61,2
Орловская область,2022-09,-2.59,2
Орловская область,2022-10,1.4,2
Орловская область,2022-11,0.35,2
Орловская область,2022-12,1.55,2
Орловская область,2023-01,1.33,2
Орловская область,2023-02,1.63,2
Орловская область,2023-03,3.17,2
Орловская область,2023-04,2.35,2
Орловская область,2023-05,-1.01,2
Орловская область,2023-06,-1.13,2
Орловская область,2023-07,-0.45,2
Орловская область,2023-08,2.16,2
Орловская область,2023-09,2.43,2
Орловская область,2023-10,0.44,2
Орловская область,2023-11,2.04,2
Орловская область,2023-12,1.6,2
Орловская область,2024-01,-2.88,2
Орловская область,2024-02,2.85,2
Орловская область,2024-03,-0.1,2
Орловская область,2024-04,4.05,2
Орловская область,2024-05,-1.3,2
Орловская область,2024-06,1.93,2
Орловская область,2024-07,2.11,2
Орловская область,2024-08,1.96,2
Орловская область,2024-09,5.39,2
Орловская область,2024-10,2.55,2
Орловская область,2024-11,1.08,2
Орловская область,2024-12,2.73,2
Орловская область,2025-01,6.52,2
Орловская область,2025-02,-1.31,2
Орловская область,2025-03,5.01,2
Орловская область,2025-04,1.68,2
Орловская область,2025-05,-0.51,2
Орловская область,2025-06,-1.26,2
Орловская область,2025-07,1.84,2
Пензенская область,2014-01,-1.85,2
Пензенская область,2014-02,1.42,2
Пензенская область,2014-03,1.76,2
Пензенская область,2014-04,-0.48,2
Пензенская область,2014-05,2.53,2
Пензенская область,2014-06,-1.22,2
Пензенская область,2014-07,-0.72,2
Пензенская область,2014-08,2.07,2
Пензенская область,2014-09,-0.56,2
Пензенская область,2014-10,-2.13,2
Пензенская область,2014-11,-1.9,2
Пензенская область,2014-12,1.41,2
Пензенская область,2015-01,-0.25,2
Пензенская область,2015-02,2.58,2
Пензенская область,2015-03,0.91,2
Пензенская область,2015-04,-1.21,2
Пензенская область,2015-05,1.47,2
Пензенская область,2015-06,2.53,2
Пензенская область,2015-07,-0.97,2
Пензенская область,2015-08,-1.75,2
Пензенская область,2015-09,2.88,2
Пензенская область,2015-10,-2.8,2
Пензенская область,2015-11,1.53,2
Пензенская область,2015-12,4.7,2
Пензенская область,2016-01,-2.19,2
Пензенская область,2016-02,6.6,2
Пензенская область,2016-03,3.61,2
Пензенская область,2016-04,2.75,2
Пензенская область,2016-05,0.15,2
Пензенская область,2016-06,0.11,2
Пензенская область,2016-07,0.82,2
Пензенская область,2016-08,3.52,2
Пензенская область,2016-09,-1.5,2
Пензенская область,2016-10,-1.18,2
Пензенская область,2016-11,-1.28,2
Пензенская область,2016-12,-2.48,2
Пензенская область,2017-01,-0.45,2
Пензенская область,2017-02,1.54,2
Пензенская область,2017-03,3.31,2
Пензенская область,2017-04,-0.69,2
Пензенская область,2017-05,-1.73,2
Пензенская область,2017-06,-2.88,2
Пензенская область,2017-07,-1.18,2
Пензенская область,2017-08,0.9,2
Пензенская область,2017-09,0.12,2
Пензенская область,2017-10,-1.0,2
Пензенская область,2017-11,0.85,2
Пензенская область,2017-12,4.54,2
Пензенская область,2018-01,0.22,2
Пензенская область,2018-02,-1.97,2
Пензенская область,2018-03,-6.16,2
Пензенская область,2018-04,-0.95,2
Пензенская область,2018-05,2.13,2
Пензенская область,2018-06,-1.11,2
Пензенская область,2018-07,1.31,2
Пензенская область,2018-08,0.87,2
Пензенская область,2018-09,2.77,2
Пензенская область,2018-10,1.14,2
Пензенская область,2018-11,-1.58,2
Пензенская область,2018-12,-0.32,2
Пензенская область,2019-01,-1.87,2
Пензенская область,2019-02,2.96,2
Пензенская область,2019-03,1.53,2
Пензенская область,2019-04,0.4,2
Пензенская область,2019-05,2.16,2
Пензенская область,2019-06,1.57,2
Пензенская область,2019-07,-2.15,1
Пензенская область,2019-08,-1.45,1
Пензенская область,2019-09,-1.09,1
Пензенская область,2019-10,2.85,2
Пензенская область,2019-11,0.47,2
Пензенская область,2019-12,3.82,2
Пензенская область,2020-01,6.55,2
Пензенская область,2020-02,5.31,2
Пензенская область,2020-03,6.24,2
Пензенская область,2020-04,-1.25,2
Пензенская область,2020-05,-1.83,2
Пензенская область,2020-06,0.29,2
Пензенская область,2020-07,-0.25,1
Пензенская область,2020-08,-1.28,2
Пензенская область,2020-09,0.9,2
Пензенская область,2020-10,1.74,2
Пензенская область,2020-11,0.73,2
Пензенская область,2020-12,-2.77,2
Пензенская область,2021-01,1.38,2
Пензенская область,2021-02,-4.78,2
Пензенская область,2021-03,-1.09,2
Пензенская область,2021-04,0.79,2
Пензенская область,2021-05,1.86,2
Пензенская область,2021-06,1.86,1
Пензенская область,2021-07,1.75,1
Пензенская область,2021-08,3.2,1
Пензенская область,2021-09,-2.32,2
Пензенская область,2021-10,-0.06,1
Пензенская область,2021-11,2.26,1
Пензенская область,2021-12,-0.03,1
Пензенская область,2022-01,0.7,1
Пензенская область,2022-02,5.45,1
Пензенская область,2022-03,-0.48,1
Пензенская область,2022-04,1.5,1
Пензенская область,2022-05,-4.81,2
Пензенская область,2022-06,0.12,2
Пензенская область,2022-07,-0.06,2
Пензенская область,2022-08,3.25,2
Пензенская область,2022-09,-1.69,2
Пензенская область,2022-10,1.13,2
Пензенская область,2022-11,1.36,2
Пензенская область,2022-12,1.94,2
Пензенская область,2023-01,-0.74,2
Пензенская область,2023-02,1.93,2
Пензенская область,2023-03,5.59,2
Пензенская область,2023-04,2.4,2
Пензенская область,2023-05,-0.36,2
Пензенская область,2023-06,-2.53,2
Пензенская область,2023-07,-0.55,2
Пензенская область,2023-08,1.46,2
Пензенская область,2023-09,1.8,2
Пензенская область,2023-10,0.04,2
Пензенская область,2023-11,2.87,2
Пензенская область,2023-12,1.42,2
Пензенская область,2024-01,-1.86,2
Пензенская область,2024-02,0.37,2
Пензенская область,2024-03,-0.07,2
Пензенская область,2024-04,6.17,2
Пензенская область,2024-05,-3.32,2
Пензенская область,2024-06,2.44,2
Пензенская область,2024-07,1.42,2
Пензенская область,2024-08,0.23,2
Пензенская область,2024-09,2.88,2
Пензенская область,2024-10,1.65,2
Пензенская область,2024-11,2.04,2
Пензенская область,2024-12,2.0,2
Пензенская область,2025-01,6.6,2
Пензенская область,2025-02,-0.46,2
Пензенская область,2025-03,6.1,2
Пензенская область,2025-04,2.92,2
Пензенская область,2025-05,-0.05,2
Пензенская область,2025-06,-0.9,2
Пензенская область,2025-07,0.71,2
Пензенская область,2025-08,-0.2,1
Пензенская область,2025-09,0.26,1
Пензенская область,2025-10,1.29,1
Пензенская область,2025-11,5.71,1
Пензенская область,2025-12,3.07,1
Пензенская область,2026-01,-1.45,1
Пензенская область,2026-02,-2.0,1
Пензенская область,2026-03,3.62,1
Пензенская область,2026-04,0.1,1
Пензенская область,2026-05,1.26,1
Пензенская область,2026-06,-0.44,1
Пермский край,2014-01,-1.8,11
Пермский край,2014-02,-2.52,11
Пермский край,2014-03,2.79,11
Пермский край,2014-04,-1.86,11
Пермский край,2014-05,1.99,11
Пермский край,2014-06,-1.07,11
Пермский край,2014-07,-3.96,11
Пермский край,2014-08,1.31,11
Пермский край,2014-09,-0.98,11
Пермский край,2014-10,-4.6,11
Пермский край,2014-11,0.08,11
Пермский край,2014-12,1.96,11
Пермский край,2015-01,-0.23,11
Пермский край,2015-02,4.39,11
Пермский край,2015-03,1.42,11
Пермский край,2015-04,0.14,11
Пермский край,2015-05,2.11,11
Пермский край,2015-06,2.33,5
Пермский край,2015-07,-3.7,5
Пермский край,2015-08,-2.79,5
Пермский край,2015-09,0.96,5
Пермский край,2015-10,-2.9,10
Пермский край,2015-11,-0.25,11
Пермский край,2015-12,4.0,11
Пермский край,2016-01,-1.02,11
Пермский край,2016-02,7.71,11
Пермский край,2016-03,0.97,11
Пермский край,2016-04,2.63,10
Пермский край,2016-05,1.4,10
Пермский край,2016-06,-0.27,4
Пермский край,2016-07,1.34,4
Пермский край,2016-08,5.57,4
Пермский край,2016-09,0.8,4
Пермский край,2016-10,-1.9,11
Пермский край,2016-11,-4.85,11
Пермский край,2016-12,-5.24,11
Пермский край,2017-01,-2.41,11
Пермский край,2017-02,0.3,11
Пермский край,2017-03,2.01,11
Пермский край,2017-04,-0.92,10
Пермский край,2017-05,-3.65,10
Пермский край,2017-06,-2.01,4
Пермский край,2017-07,-1.2,3
Пермский край,2017-08,0.58,3
Пермский край,2017-09,-1.28,4
Пермский край,2017-10,-0.35,11
Пермский край,2017-11,3.85,11
Пермский край,2017-12,3.42,11
Пермский край,2018-01,1.13,11
Пермский край,2018-02,-0.7,11
Пермский край,2018-03,-4.83,11
Пермский край,2018-04,-1.23,11
Пермский край,2018-05,-1.95,10
Пермский край,2018-06,-2.27,4
Пермский край,2018-07,1.67,4
Пермский край,2018-08,-0.42,4
Пермский край,2018-09,1.08,4
Пермский край,2018-10,0.69,8
Пермский край,2018-11,-0.11,9
Пермский край,2018-12,0.39,9
Пермский край,2019-01,1.42,9
Пермский край,2019-02,0.63,9
Пермский край,2019-03,2.23,9
Пермский край,2019-04,-1.14,9
Пермский край,2019-05,1.12,7
Пермский край,2019-06,-1.24,6
Пермский край,2019-07,-1.56,6
Пермский край,2019-08,-1.92,6
Пермский край,2019-09,-1.14,6
Пермский край,2019-10,1.12,8
Пермский край,2019-11,-0.23,9
Пермский край,2019-12,4.43,9
Пермский край,2020-01,5.54,9
Пермский край,2020-02,6.74,9
Пермский край,2020-03,4.26,9
Пермский край,2020-04,-0.01,8
Пермский край,2020-05,1.35,8
Пермский край,2020-06,-2.26,6
Пермский край,2020-07,2.26,6
Пермский край,2020-08,-0.11,6
Пермский край,2020-09,0.41,5
Пермский край,2020-10,0.8,8
Пермский край,2020-11,0.39,9
Пермский край,2020-12,-0.78,9
Пермский край,2021-01,-1.2,9
Пермский край,2021-02,-5.96,9
Пермский край,2021-03,-1.81,9
Пермский край,2021-04,1.58,9
Пермский край,2021-05,4.07,8
Пермский край,2021-06,2.5,6
Пермский край,2021-07,-0.27,6
Пермский край,2021-08,2.86,6
Пермский край,2021-09,-2.44,6
Пермский край,2021-10,0.83,9
Пермский край,2021-11,1.61,9
Пермский край,2021-12,0.17,9
Пермский край,2022-01,0.96,9
Пермский край,2022-02,6.06,9
Пермский край,2022-03,-2.88,9
Пермский край,2022-04,0.69,9
Пермский край,2022-05,-2.21,8
Пермский край,2022-06,-1.39,4
Пермский край,2022-07,1.83,3
Пермский край,2022-08,3.27,4
Пермский край,2022-09,-0.58,4
Пермский край,2022-10,1.69,9
Пермский край,2022-11,-1.38,9
Пермский край,2022-12,-0.54,9
Пермский край,2023-01,1.2,9
Пермский край,2023-02,2.05,9
Пермский край,2023-03,3.15,9
Пермский край,2023-04,1.55,9
Пермский край,2023-05,3.07,8
Пермский край,2023-06,-2.01,6
Пермский край,2023-07,1.77,6
Пермский край,2023-08,1.6,6
Пермский край,2023-09,3.21,6
Пермский край,2023-10,0.63,8
Пермский край,2023-11,3.48,9
Пермский край,2023-12,-1.61,9
Пермский край,2024-01,-1.76,8
Пермский край,2024-02,0.3,9
Пермский край,2024-03,1.31,9
Пермский край,2024-04,2.39,9
Пермский край,2024-05,-5.12,8
Пермский край,2024-06,2.35,6
Пермский край,2024-07,-0.01,7
Пермский край,2024-08,-0.46,7
Пермский край,2024-09,2.63,7
Пермский край,2024-10,0.11,8
Пермский край,2024-11,2.71,9
Пермский край,2024-12,4.91,9
Пермский край,2025-01,5.78,9
Пермский край,2025-02,2.74,9
Пермский край,2025-03,2.79,9
Пермский край,2025-04,0.96,9
Пермский край,2025-05,0.68,8
Пермский край,2025-06,1.15,7
Пермский край,2025-07,-1.3,7
Пермский край,2025-08,1.0,3
Пермский край,2025-09,-1.02,3
Пермский край,2025-10,0.87,3
Пермский край,2025-11,4.21,3
Пермский край,2025-12,-0.88,3
Пермский край,2026-01,-2.59,3
Пермский край,2026-02,-2.38,3
Пермский край,2026-03,1.83,3
Пермский край,2026-04,0.25,3
Пермский край,2026-05,2.9,3
Пермский край,2026-06,0.32,3
Приморский край,2014-01,-0.62,14
Приморский край,2014-02,-1.97,14
Приморский край,2014-03,0.64,15
Приморский край,2014-04,1.32,15
Приморский край,2014-05,0.34,15
Приморский край,2014-06,1.49,14
Приморский край,2014-07,0.82,14
Приморский край,2014-08,-0.22,14
Приморский край,2014-09,-0.54,15
Приморский край,2014-10,-1.14,15
Приморский край,2014-11,1.36,15
Приморский край,2014-12,-2.97,15
Приморский край,2015-01,0.59,15
Приморский край,2015-02,1.23,15
Приморский край,2015-03,2.21,15
Приморский край,2015-04,0.7,15
Приморский край,2015-05,-0.06,15
Приморский край,2015-06,0.29,15
Приморский край,2015-07,0.15,15
Приморский край,2015-08,0.63,15
Приморский край,2015-09,0.55,15
Приморский край,2015-10,-0.72,15
Приморский край,2015-11,-0.77,15
Приморский край,2015-12,2.16,15
Приморский край,2016-01,-0.61,15
Приморский край,2016-02,-1.29,15
Приморский край,2016-03,1.71,15
Приморский край,2016-04,-0.27,15
Приморский край,2016-05,0.91,14
Приморский край,2016-06,-0.79,15
Приморский край,2016-07,0.38,15
Приморский край,2016-08,1.03,15
Приморский край,2016-09,0.51,15
Приморский край,2016-10,-2.37,15
Приморский край,2016-11,-4.57,15
Приморский край,2016-12,0.78,15
Приморский край,2017-01,1.35,15
Приморский край,2017-02,1.31,15
Приморский край,2017-03,1.58,15
Приморский край,2017-04,1.0,15
Приморский край,2017-05,1.07,15
Приморский край,2017-06,-0.72,15
Приморский край,2017-07,1.34,15
Приморский край,2017-08,-0.58,15
Приморский край,2017-09,-0.21,15
Приморский край,2017-10,-1.18,15
Приморский край,2017-11,-1.72,15
Приморский край,2017-12,-2.46,15
Приморский край,2018-01,-1.32,15
Приморский край,2018-02,-3.46,15
Приморский край,2018-03,-0.38,15
Приморский край,2018-04,0.8,15
Приморский край,2018-05,0.44,15
Приморский край,2018-06,-0.13,15
Приморский край,2018-07,1.5,15
Приморский край,2018-08,-0.66,14
Приморский край,2018-09,-0.44,14
Приморский край,2018-10,0.9,14
Приморский край,2018-11,1.76,14
Приморский край,2018-12,1.96,14
Приморский край,2019-01,3.35,14
Приморский край,2019-02,2.21,14
Приморский край,2019-03,2.48,14
Приморский край,2019-04,0.58,14
Приморский край,2019-05,1.37,14
Приморский край,2019-06,-0.91,14
Приморский край,2019-07,-0.24,12
Приморский край,2019-08,-0.42,12
Приморский край,2019-09,0.48,12
Приморский край,2019-10,1.02,12
Приморский край,2019-11,-0.99,12
Приморский край,2019-12,0.33,12
Приморский край,2020-01,2.64,12
Приморский край,2020-02,1.71,12
Приморский край,2020-03,2.51,12
Приморский край,2020-04,-0.56,12
Приморский край,2020-05,0.35,12
Приморский край,2020-06,-0.41,12
Приморский край,2020-07,0.24,12
Приморский край,2020-08,0.39,12
Приморский край,2020-09,1.01,12
Приморский край,2020-10,0.39,12
Приморский край,2020-11,1.36,12
Приморский край,2020-12,-0.15,12
Приморский край,2021-01,-1.76,11
Приморский край,2021-02,-0.5,11
Приморский край,2021-03,2.19,11
Приморский край,2021-04,0.99,11
Приморский край,2021-05,0.64,11
Приморский край,2021-06,0.77,11
Приморский край,2021-07,3.51,11
Приморский край,2021-08,0.52,11
Приморский край,2021-09,0.94,11
Приморский край,2021-10,-0.62,11
Приморский край,2021-11,2.63,11
Приморский край,2021-12,-1.04,11
Приморский край,2022-01,-0.44,12
Приморский край,2022-02,0.88,11
Приморский край,2022-03,1.97,11
Приморский край,2022-04,1.29,11
Приморский край,2022-05,0.45,11
Приморский край,2022-06,-0.63,9
Приморский край,2022-07,1.32,10
Приморский край,2022-08,-0.07,10
Приморский край,2022-09,-0.1,10
Приморский край,2022-10,0.26,10
Приморский край,2022-11,1.84,10
Приморский край,2022-12,0.66,10
Приморский край,2023-01,-0.97,10
Приморский край,2023-02,1.59,10
Приморский край,2023-03,4.56,10
Приморский край,2023-04,0.77,9
Приморский край,2023-05,0.96,10
Приморский край,2023-06,1.11,9
Приморский край,2023-07,1.37,9
Приморский край,2023-08,0.98,10
Приморский край,2023-09,1.63,10
Приморский край,2023-10,1.7,10
Приморский край,2023-11,-0.11,10
Приморский край,2023-12,-0.46,10
Приморский край,2024-01,2.12,10
Приморский край,2024-02,1.69,10
Приморский край,2024-03,0.02,10
Приморский край,2024-04,2.89,10
Приморский край,2024-05,-0.43,10
Приморский край,2024-06,-0.61,10
Приморский край,2024-07,0.81,9
Приморский край,2024-08,1.02,10
Приморский край,2024-09,0.37,10
Приморский край,2024-10,1.26,10
Приморский край,2024-11,2.91,10
Приморский край,2024-12,0.23,10
Приморский край,2025-01,3.5,10
Приморский край,2025-02,2.1,10
Приморский край,2025-03,0.95,10
Приморский край,2025-04,1.2,10
Приморский край,2025-05,0.64,10
Приморский край,2025-06,2.61,10
Приморский край,2025-07,3.43,10
Приморский край,2025-08,1.82,4
Приморский край,2025-09,3.06,4
Приморский край,2025-10,0.09,4
Приморский край,2025-11,3.73,4
Приморский край,2025-12,3.83,4
Приморский край,2026-01,0.54,4
Приморский край,2026-02,4.54,4
Приморский край,2026-03,2.85,4
Приморский край,2026-04,0.93,4
Приморский край,2026-05,1.45,4
Приморский край,2026-06,-0.24,4
Псковская область,2014-01,-2.89,4
Псковская область,2014-02,5.4,4
Псковская область,2014-03,3.62,4
Псковская область,2014-04,0.37,4
Псковская область,2014-05,1.87,4
Псковская область,2014-06,-1.37,4
Псковская область,2014-07,2.25,4
Псковская область,2014-08,1.14,4
Псковская область,2014-09,1.06,4
Псковская область,2014-10,-1.14,4
Псковская область,2014-11,-0.81,4
Псковская область,2014-12,-0.58,4
Псковская область,2015-01,1.84,4
Псковская область,2015-02,2.81,4
Псковская область,2015-03,3.4,3
Псковская область,2015-04,-0.19,4
Псковская область,2015-05,-0.68,4
Псковская область,2015-06,-0.68,4
Псковская область,2015-07,-1.06,4
Псковская область,2015-08,0.34,4
Псковская область,2015-09,0.96,4
Псковская область,2015-10,-1.42,4
Псковская область,2015-11,2.14,4
Псковская область,2015-12,4.05,4
Псковская область,2016-01,-5.31,4
Псковская область,2016-02,5.07,4
Псковская область,2016-03,0.82,4
Псковская область,2016-04,0.59,4
Псковская область,2016-05,2.31,3
Псковская область,2016-06,0.79,4
Псковская область,2016-07,0.95,4
Псковская область,2016-08,0.18,4
Псковская область,2016-09,0.69,4
Псковская область,2016-10,-1.58,4
Псковская область,2016-11,-2.19,4
Псковская область,2016-12,1.07,4
Псковская область,2017-01,-2.07,4
Псковская область,2017-02,0.78,4
Псковская область,2017-03,2.22,4
Псковская область,2017-04,-1.7,4
Псковская область,2017-05,-2.07,4
Псковская область,2017-06,-2.38,4
Псковская область,2017-07,-2.21,4
Псковская область,2017-08,0.13,4
Псковская область,2017-09,0.99,4
Псковская область,2017-10,-1.09,4
Псковская область,2017-11,1.41,4
Псковская область,2017-12,2.82,4
Псковская область,2018-01,1.97,4
Псковская область,2018-02,-4.21,4
Псковская область,2018-03,-3.67,4
Псковская область,2018-04,1.52,4
Псковская область,2018-05,2.47,4
Псковская область,2018-06,-0.7,4
Псковская область,2018-07,1.11,4
Псковская область,2018-08,1.38,4
Псковская область,2018-09,2.16,4
Псковская область,2018-10,0.99,4
Псковская область,2018-11,0.74,4
Псковская область,2018-12,0.58,4
Псковская область,2019-01,-1.55,4
Псковская область,2019-02,4.74,4
Псковская область,2019-03,2.28,4
Псковская область,2019-04,0.69,4
Псковская область,2019-05,0.28,4
Псковская область,2019-06,2.5,4
Псковская область,2019-07,-2.72,4
Псковская область,2019-08,-1.3,4
Псковская область,2019-09,-0.88,4
Псковская область,2019-10,1.52,4
Псковская область,2019-11,2.2,4
Псковская область,2019-12,4.71,4
Псковская область,2020-01,6.9,4
Псковская область,2020-02,6.16,4
Псковская область,2020-03,2.93,4
Псковская область,2020-04,-1.64,4
Псковская область,2020-05,-2.32,4
Псковская область,2020-06,2.88,4
Псковская область,2020-07,-1.81,4
Псковская область,2020-08,-0.69,4
Псковская область,2020-09,1.82,4
Псковская область,2020-10,3.19,4
Псковская область,2020-11,2.73,4
Псковская область,2020-12,1.87,4
Псковская область,2021-01,0.33,4
Псковская область,2021-02,-2.74,4
Псковская область,2021-03,0.42,4
Псковская область,2021-04,-0.61,4
Псковская область,2021-05,-0.64,4
Псковская область,2021-06,3.08,4
Псковская область,2021-07,2.8,4
Псковская область,2021-08,-0.85,4
Псковская область,2021-09,-2.26,4
Псковская область,2021-10,0.97,4
Псковская область,2021-11,1.81,4
Псковская область,2021-12,-3.61,4
Псковская область,2022-01,1.49,4
Псковская область,2022-02,4.1,4
Псковская область,2022-03,-0.39,4
Псковская область,2022-04,-1.6,4
Псковская область,2022-05,-1.96,4
Псковская область,2022-06,1.29,4
Псковская область,2022-07,-0.46,4
Псковская область,2022-08,2.59,4
Псковская область,2022-09,-2.76,4
Псковская область,2022-10,1.52,4
Псковская область,2022-11,0.29,4
Псковская область,2022-12,-1.27,4
Псковская область,2023-01,2.48,4
Псковская область,2023-02,2.21,4
Псковская область,2023-03,1.22,4
Псковская область,2023-04,1.5,4
Псковская область,2023-05,-0.92,4
Псковская область,2023-06,-0.01,4
Псковская область,2023-07,-1.49,4
Псковская область,2023-08,2.21,4
Псковская область,2023-09,2.87,4
Псковская область,2023-10,-0.41,4
Псковская область,2023-11,-0.34,4
Псковская область,2023-12,-0.16,4
Псковская область,2024-01,-2.75,4
Псковская область,2024-02,3.4,4
Псковская область,2024-03,2.58,4
Псковская область,2024-04,1.36,4
Псковская область,2024-05,1.56,4
Псковская область,2024-06,1.65,4
Псковская область,2024-07,1.28,4
Псковская область,2024-08,0.89,4
Псковская область,2024-09,3.69,4
Псковская область,2024-10,0.39,4
Псковская область,2024-11,2.53,4
Псковская область,2024-12,1.9,4
Псковская область,2025-01,5.72,4
Псковская область,2025-02,0.35,4
Псковская область,2025-03,3.93,4
Псковская область,2025-04,0.71,4
Псковская область,2025-05,-1.82,4
Псковская область,2025-06,-1.01,4
Псковская область,2025-07,1.9,4
Псковская область,2025-08,-1.41,1
Псковская область,2025-09,1.96,1
Псковская область,2025-10,0.41,1
Псковская область,2025-11,2.35,1
Псковская область,2025-12,3.69,1
Псковская область,2026-01,-5.27,1
Псковская область,2026-02,-4.16,1
Псковская область,2026-03,4.96,1
Псковская область,2026-04,-1.99,1
Псковская область,2026-05,-0.29,1
Псковская область,2026-06,0.32,1
Республика Адыгея,2014-01,-0.58,1
Республика Адыгея,2014-02,0.44,1
Республика Адыгея,2014-03,2.21,1
Республика Адыгея,2014-04,1.65,1
Республика Адыгея,2014-05,2.67,1
Республика Адыгея,2014-06,0.78,1
Республика Адыгея,2014-07,1.54,1
Республика Адыгея,2014-08,2.2,1
Республика Адыгея,2014-09,-0.54,1
Республика Адыгея,2014-10,-3.54,1
Республика Адыгея,2014-11,-1.68,1
Республика Адыгея,2014-12,0.57,1
Республика Адыгея,2015-01,-0.44,1
Республика Адыгея,2015-02,0.59,1
Республика Адыгея,2015-03,1.31,1
Республика Адыгея,2015-09,3.93,1
Республика Адыгея,2015-10,-2.76,1
Республика Адыгея,2015-11,1.88,1
Республика Адыгея,2015-12,-0.43,1
Республика Адыгея,2016-01,-1.7,1
Республика Адыгея,2016-02,4.32,1
Республика Адыгея,2016-03,1.89,1
Республика Адыгея,2016-11,-0.11,1
Республика Адыгея,2016-12,-6.0,1
Республика Адыгея,2017-01,-2.75,1
Республика Адыгея,2017-02,-1.72,1
Республика Адыгея,2017-03,2.08,1
Республика Адыгея,2017-11,0.2,1
Республика Адыгея,2017-12,2.83,1
Республика Адыгея,2018-01,-0.08,1
Республика Адыгея,2018-02,1.56,1
Республика Адыгея,2018-03,1.28,1
Республика Адыгея,2018-11,-1.8,1
Республика Адыгея,2018-12,-1.12,1
Республика Адыгея,2019-01,1.38,1
Республика Адыгея,2019-02,1.32,1
Республика Адыгея,2019-03,-0.04,1
Республика Адыгея,2019-04,1.81,1
Республика Адыгея,2019-05,2.87,1
Республика Адыгея,2019-06,3.91,1
Республика Адыгея,2019-07,-0.18,1
Республика Адыгея,2019-08,0.42,1
Республика Адыгея,2019-09,-1.02,1
Республика Адыгея,2019-10,0.85,1
Республика Адыгея,2019-11,1.16,1
Республика Адыгея,2019-12,0.81,1
Республика Адыгея,2020-01,0.3,1
Республика Адыгея,2020-02,0.92,1
Республика Адыгея,2020-03,3.47,1
Республика Адыгея,2020-09,2.98,1
Республика Адыгея,2020-10,3.24,1
Республика Адыгея,2020-11,-1.08,1
Республика Адыгея,2020-12,-1.22,1
Республика Адыгея,2021-01,1.9,1
Республика Адыгея,2021-02,-1.92,1
Республика Адыгея,2021-03,-1.97,1
Республика Алтай,2014-01,1.67,6
Республика Алтай,2014-02,-4.27,6
Республика Алтай,2014-03,2.05,6
Республика Алтай,2014-04,1.33,6
Республика Алтай,2014-05,-1.17,6
Республика Алтай,2014-06,-0.76,6
Республика Алтай,2014-07,-0.71,6
Республика Алтай,2014-08,0.39,6
Республика Алтай,2014-09,-0.83,6
Республика Алтай,2014-10,-0.54,6
Республика Алтай,2014-11,0.42,6
Республика Алтай,2014-12,-0.09,6
Республика Алтай,2015-01,3.65,6
Республика Алтай,2015-02,1.8,6
Республика Алтай,2015-03,0.3,6
Республика Алтай,2015-04,0.63,6
Республика Алтай,2015-05,0.47,6
Республика Алтай,2015-06,1.33,6
Республика Алтай,2015-07,0.72,6
Республика Алтай,2015-08,0.31,6
Республика Алтай,2015-09,-1.53,6
Республика Алтай,2015-10,0.79,6
Республика Алтай,2015-11,-0.34,6
Республика Алтай,2015-12,4.39,6
Республика Алтай,2016-01,-1.62,6
Республика Алтай,2016-02,1.46,6
Республика Алтай,2016-03,1.4,6
Республика Алтай,2016-04,1.62,6
Республика Алтай,2016-05,-1.41,6
Республика Алтай,2016-06,0.96,6
Республика Алтай,2016-07,0.91,6
Республика Алтай,2016-08,-0.56,6
Республика Алтай,2016-09,2.82,6
Республика Алтай,2016-10,-4.29,6
Республика Алтай,2016-11,-4.19,6
Республика Алтай,2016-12,2.34,6
Республика Алтай,2017-01,3.22,6
Республика Алтай,2017-02,1.11,6
Республика Алтай,2017-03,1.26,6
Республика Алтай,2017-04,1.37,6
Республика Алтай,2017-05,1.37,6
Республика Алтай,2017-06,2.61,6
Республика Алтай,2017-07,-0.1,6
Республика Алтай,2017-08,0.02,6
Республика Алтай,2017-09,-0.77,6
Республика Алтай,2017-10,-1.08,6
Республика Алтай,2017-11,0.68,6
Республика Алтай,2017-12,-0.09,6
Республика Алтай,2018-01,-4.7,6
Республика Алтай,2018-02,0.17,6
Республика Алтай,2018-03,2.65,6
Республика Алтай,2018-04,-0.53,6
Республика Алтай,2018-05,-2.24,6
Республика Алтай,2018-06,1.95,6
Республика Алтай,2018-07,-0.72,6
Республика Алтай,2018-08,0.63,6
Республика Алтай,2018-09,-0.57,6
Республика Алтай,2018-10,0.96,6
Республика Алтай,2018-11,-1.6,6
Республика Алтай,2018-12,-4.84,6
Республика Алтай,2019-01,1.97,5
Республика Алтай,2019-02,-2.31,6
Республика Алтай,2019-03,2.7,6
Республика Алтай,2019-04,0.18,6
Республика Алтай,2019-05,-1.45,6
Республика Алтай,2019-06,-0.63,6
Республика Алтай,2019-07,1.18,5
Республика Алтай,2019-08,2.84,5
Республика Алтай,2019-09,2.51,5
Республика Алтай,2019-10,2.33,5
Республика Алтай,2019-11,-0.71,5
Республика Алтай,2019-12,2.73,5
Республика Алтай,2020-01,3.16,5
Республика Алтай,2020-02,4.58,5
Республика Алтай,2020-03,1.93,5
Республика Алтай,2020-04,5.71,5
Республика Алтай,2020-05,4.71,5
Республика Алтай,2020-06,0.39,5
Республика Алтай,2020-07,1.75,5
Республика Алтай,2020-08,1.86,5
Республика Алтай,2020-09,1.12,5
Республика Алтай,2020-10,0.0,4
Республика Алтай,2020-11,1.09,5
Республика Алтай,2020-12,-1.74,5
Республика Алтай,2021-01,-0.88,5
Республика Алтай,2021-02,3.22,5
Республика Алтай,2021-03,0.93,5
Республика Алтай,2021-04,0.05,5
Республика Алтай,2021-05,2.65,5
Республика Алтай,2021-06,0.13,5
Республика Алтай,2021-07,2.26,5
Республика Алтай,2021-08,2.1,5
Республика Алтай,2021-09,1.19,5
Республика Алтай,2021-10,0.58,5
Республика Алтай,2021-11,1.76,5
Республика Алтай,2021-12,2.48,5
Республика Алтай,2022-01,1.7,5
Республика Алтай,2022-02,-0.87,5
Республика Алтай,2022-03,0.54,5
Республика Алтай,2022-04,2.44,5
Республика Алтай,2022-05,5.73,5
Республика Алтай,2022-06,2.17,5
Республика Алтай,2022-07,-0.11,5
Республика Алтай,2022-08,0.23,5
Республика Алтай,2022-09,3.14,5
Республика Алтай,2022-10,0.86,5
Республика Алтай,2022-11,0.26,5
Республика Алтай,2022-12,-3.2,5
Республика Алтай,2023-01,2.92,5
Республика Алтай,2023-02,1.2,5
Республика Алтай,2023-03,3.85,5
Республика Алтай,2023-04,-1.97,5
Республика Алтай,2023-05,-0.55,5
Республика Алтай,2023-06,2.28,5
Республика Алтай,2023-07,2.05,5
Республика Алтай,2023-08,2.57,5
Республика Алтай,2023-09,1.81,5
Республика Алтай,2023-10,3.69,5
Республика Алтай,2023-11,3.98,5
Республика Алтай,2023-12,0.06,5
Республика Алтай,2024-01,1.86,5
Республика Алтай,2024-02,-2.3,5
Республика Алтай,2024-03,1.8,5
Республика Алтай,2024-04,2.47,5
Республика Алтай,2024-05,3.99,5
Республика Алтай,2024-06,3.07,5
Республика Алтай,2024-07,3.18,5
Республика Алтай,2024-08,2.97,5
Республика Алтай,2024-09,-0.23,5
Республика Алтай,2024-10,2.95,5
Республика Алтай,2024-11,2.82,5
Республика Алтай,2024-12,-0.19,5
Республика Алтай,2025-01,4.29,5
Республика Алтай,2025-02,0.46,5
Республика Алтай,2025-03,0.43,5
Республика Алтай,2025-04,4.5,5
Республика Алтай,2025-05,2.78,5
Республика Алтай,2025-06,4.25,5
Республика Алтай,2025-07,2.42,5
Республика Алтай,2025-08,-0.21,3
Республика Алтай,2025-09,1.41,3
Республика Алтай,2025-10,-2.87,3
Республика Алтай,2025-11,1.97,3
Республика Алтай,2025-12,1.44,3
Республика Алтай,2026-01,0.2,3
Республика Алтай,2026-02,-0.48,3
Республика Алтай,2026-03,3.56,2
Республика Алтай,2026-04,2.98,3
Республика Алтай,2026-05,0.14,3
Республика Алтай,2026-06,3.33,3
Республика Башкортостан,2014-01,-2.0,11
Республика Башкортостан,2014-02,-3.5,10
Республика Башкортостан,2014-03,2.18,11
Республика Башкортостан,2014-04,-2.68,11
Республика Башкортостан,2014-05,2.58,11
Республика Башкортостан,2014-06,-0.39,11
Республика Башкортостан,2014-07,-3.45,11
Республика Башкортостан,2014-08,1.79,11
Республика Башкортостан,2014-09,-1.29,11
Республика Башкортостан,2014-10,-3.48,11
Республика Башкортостан,2014-11,-0.53,11
Республика Башкортостан,2014-12,2.21,11
Республика Башкортостан,2015-01,-0.24,11
Республика Башкортостан,2015-02,3.16,11
Республика Башкортостан,2015-03,0.04,11
Республика Башкортостан,2015-04,-0.92,11
Республика Башкортостан,2015-05,0.81,11
Республика Башкортостан,2015-06,2.86,10
Республика Башкортостан,2015-07,-2.19,10
Республика Башкортостан,2015-08,-2.53,10
Республика Башкортостан,2015-09,2.04,10
Республика Башкортостан,2015-10,-2.86,10
Республика Башкортостан,2015-11,-0.03,11
Республика Башкортостан,2015-12,4.72,11
Республика Башкортостан,2016-01,-0.81,11
Республика Башкортостан,2016-02,7.0,11
Республика Башкортостан,2016-03,2.47,11
Республика Башкортостан,2016-04,2.82,10
Республика Башкортостан,2016-05,0.28,10
Республика Башкортостан,2016-06,-0.76,10
Республика Башкортостан,2016-07,0.64,10
Республика Башкортостан,2016-08,5.26,10
Республика Башкортостан,2016-09,0.22,10
Республика Башкортостан,2016-10,-2.61,10
Республика Башкортостан,2016-11,-2.96,11
Республика Башкортостан,2016-12,-4.6,11
Республика Башкортостан,2017-01,0.1,11
Республика Башкортостан,2017-02,-0.47,11
Республика Башкортостан,2017-03,0.77,11
Республика Башкортостан,2017-04,-1.26,11
Республика Башкортостан,2017-05,-2.25,11
Республика Башкортостан,2017-06,-2.42,11
Республика Башкортостан,2017-07,-0.85,11
Республика Башкортостан,2017-08,0.87,11
Республика Башкортостан,2017-09,0.03,11
Республика Башкортостан,2017-10,-1.34,11
Республика Башкортостан,2017-11,3.22,11
Республика Башкортостан,2017-12,2.48,11
Республика Башкортостан,2018-01,-0.98,11
Республика Башкортостан,2018-02,-0.2,11
Республика Башкортостан,2018-03,-4.95,11
Республика Башкортостан,2018-04,-1.6,11
Республика Башкортостан,2018-05,-1.05,10
Республика Башкортостан,2018-06,-2.46,11
Республика Башкортостан,2018-07,1.46,11
Республика Башкортостан,2018-08,-0.43,11
Республика Башкортостан,2018-09,1.01,11
Республика Башкортостан,2018-10,0.61,11
Республика Башкортостан,2018-11,-1.0,11
Республика Башкортостан,2018-12,-0.21,11
Республика Башкортостан,2019-01,-0.2,11
Республика Башкортостан,2019-02,0.99,11
Республика Башкортостан,2019-03,3.28,11
Республика Башкортостан,2019-04,-0.39,10
Республика Башкортостан,2019-05,0.69,10
Республика Башкортостан,2019-06,-1.01,10
Республика Башкортостан,2019-07,0.1,7
Республика Башкортостан,2019-08,-1.4,7
Республика Башкортостан,2019-09,-2.49,7
Республика Башкортостан,2019-10,2.02,7
Республика Башкортостан,2019-11,-0.54,7
Республика Башкортостан,2019-12,3.43,7
Республика Башкортостан,2020-01,6.6,7
Республика Башкортостан,2020-02,5.85,7
Республика Башкортостан,2020-03,4.8,7
Республика Башкортостан,2020-04,0.38,7
Республика Башкортостан,2020-05,1.38,7
Республика Башкортостан,2020-06,-1.16,7
Республика Башкортостан,2020-07,2.61,7
Республика Башкортостан,2020-08,-0.19,7
Республика Башкортостан,2020-09,-0.42,7
Республика Башкортостан,2020-10,0.78,7
Республика Башкортостан,2020-11,-0.7,7
Республика Башкортостан,2020-12,-2.13,7
Республика Башкортостан,2021-01,0.97,7
Республика Башкортостан,2021-02,-3.02,7
Республика Башкортостан,2021-03,-1.78,7
Республика Башкортостан,2021-04,1.39,7
Республика Башкортостан,2021-05,4.93,7
Республика Башкортостан,2021-06,3.16,7
Республика Башкортостан,2021-07,1.39,7
Республика Башкортостан,2021-08,4.4,7
Республика Башкортостан,2021-09,-1.82,7
Республика Башкортостан,2021-10,0.28,7
Республика Башкортостан,2021-11,0.64,7
Республика Башкортостан,2021-12,1.79,7
Республика Башкортостан,2022-01,1.1,7
Республика Башкортостан,2022-02,5.86,7
Республика Башкортостан,2022-03,-2.17,7
Республика Башкортостан,2022-04,2.74,7
Республика Башкортостан,2022-05,-2.86,6
Республика Башкортостан,2022-06,-1.38,6
Республика Башкортостан,2022-07,0.96,6
Республика Башкортостан,2022-08,2.63,6
Республика Башкортостан,2022-09,0.43,6
Республика Башкортостан,2022-10,0.79,6
Республика Башкортостан,2022-11,-0.45,6
Республика Башкортостан,2022-12,-1.35,6
Республика Башкортостан,2023-01,-1.63,6
Республика Башкортостан,2023-02,1.93,6
Республика Башкортостан,2023-03,4.83,6
Республика Башкортостан,2023-04,3.64,6
Республика Башкортостан,2023-05,1.95,7
Республика Башкортостан,2023-06,-0.96,7
Республика Башкортостан,2023-07,2.11,7
Республика Башкортостан,2023-08,0.84,7
Республика Башкортостан,2023-09,1.56,7
Республика Башкортостан,2023-10,0.44,7
Республика Башкортостан,2023-11,4.61,7
Республика Башкортостан,2023-12,0.57,7
Республика Башкортостан,2024-01,-1.61,7
Республика Башкортостан,2024-02,-0.6,7
Республика Башкортостан,2024-03,-0.34,7
Республика Башкортостан,2024-04,6.26,7
Республика Башкортостан,2024-05,-3.57,7
Республика Башкортостан,2024-06,2.32,7
Республика Башкортостан,2024-07,0.11,7
Республика Башкортостан,2024-08,-1.18,7
Республика Башкортостан,2024-09,0.79,7
Республика Башкортостан,2024-10,0.09,7
Республика Башкортостан,2024-11,1.95,7
Республика Башкортостан,2024-12,3.74,7
Республика Башкортостан,2025-01,5.6,7
Республика Башкортостан,2025-02,1.97,7
Республика Башкортостан,2025-03,4.21,7
Республика Башкортостан,2025-04,4.18,7
Республика Башкортостан,2025-05,1.1,7
Республика Башкортостан,2025-06,0.57,7
Республика Башкортостан,2025-07,-0.59,7
Республика Башкортостан,2025-08,1.45,1
Республика Башкортостан,2025-09,1.84,1
Республика Башкортостан,2025-10,2.36,1
Республика Башкортостан,2025-11,6.26,1
Республика Башкортостан,2025-12,4.93,1
Республика Башкортостан,2026-01,-0.77,1
Республика Башкортостан,2026-02,1.24,1
Республика Башкортостан,2026-03,3.37,1
Республика Башкортостан,2026-04,4.03,1
Республика Башкортостан,2026-05,2.6,1
Республика Башкортостан,2026-06,0.23,1
Республика Бурятия,2014-01,1.94,21
Республика Бурятия,2014-02,-2.64,20
Республика Бурятия,2014-03,1.71,21
Республика Бурятия,2014-04,3.68,21
Республика Бурятия,2014-05,-0.7,21
Республика Бурятия,2014-06,-0.07,20
Республика Бурятия,2014-07,-0.01,20
Республика Бурятия,2014-08,-0.26,20
Республика Бурятия,2014-09,-0.91,20
Республика Бурятия,2014-10,-1.44,20
Республика Бурятия,2014-11,0.53,20
Республика Бурятия,2014-12,0.92,21
Республика Бурятия,2015-01,3.03,21
Республика Бурятия,2015-02,0.86,20
Республика Бурятия,2015-03,0.79,20
Республика Бурятия,2015-04,0.3,21
Республика Бурятия,2015-05,-0.14,21
Республика Бурятия,2015-06,-0.06,20
Республика Бурятия,2015-07,1.93,21
Республика Бурятия,2015-08,1.96,20
Республика Бурятия,2015-09,0.46,22
Республика Бурятия,2015-10,1.25,22
Республика Бурятия,2015-11,-3.84,22
Республика Бурятия,2015-12,0.98,22
Республика Бурятия,2016-01,-0.72,22
Республика Бурятия,2016-02,2.07,22
Республика Бурятия,2016-03,3.26,21
Республика Бурятия,2016-04,-0.11,22
Республика Бурятия,2016-05,-0.5,22
Республика Бурятия,2016-06,0.63,17
Республика Бурятия,2016-07,0.95,19
Республика Бурятия,2016-08,0.28,18
Республика Бурятия,2016-09,2.23,18
Республика Бурятия,2016-10,-4.45,22
Республика Бурятия,2016-11,-2.64,22
Республика Бурятия,2016-12,1.85,22
Республика Бурятия,2017-01,0.38,22
Республика Бурятия,2017-02,1.75,22
Республика Бурятия,2017-03,2.12,21
Республика Бурятия,2017-04,2.12,21
Республика Бурятия,2017-05,0.8,20
Республика Бурятия,2017-06,1.15,18
Республика Бурятия,2017-07,0.07,17
Республика Бурятия,2017-08,0.38,17
Республика Бурятия,2017-09,-0.58,22
Республика Бурятия,2017-10,-0.72,22
Республика Бурятия,2017-11,-0.59,21
Республика Бурятия,2017-12,1.94,21
Республика Бурятия,2018-01,-0.25,22
Республика Бурятия,2018-02,-1.31,22
Республика Бурятия,2018-03,1.22,22
Республика Бурятия,2018-04,1.21,21
Республика Бурятия,2018-05,1.32,21
Республика Бурятия,2018-06,0.87,20
Республика Бурятия,2018-07,-0.79,19
Республика Бурятия,2018-08,1.13,19
Республика Бурятия,2018-09,0.25,21
Республика Бурятия,2018-10,2.75,22
Республика Бурятия,2018-11,-0.14,22
Республика Бурятия,2018-12,-1.24,22
Республика Бурятия,2019-01,2.56,22
Республика Бурятия,2019-02,-1.22,22
Республика Бурятия,2019-03,3.63,20
Республика Бурятия,2019-04,0.22,15
Республика Бурятия,2019-05,-0.49,14
Республика Бурятия,2019-06,1.54,12
Республика Бурятия,2019-07,1.99,10
Республика Бурятия,2019-08,0.89,10
Республика Бурятия,2019-09,1.53,13
Республика Бурятия,2019-10,0.32,14
Республика Бурятия,2019-11,-1.26,15
Республика Бурятия,2019-12,-0.32,15
Республика Бурятия,2020-01,1.02,15
Республика Бурятия,2020-02,1.29,15
Республика Бурятия,2020-03,3.34,15
Республика Бурятия,2020-04,3.7,15
Республика Бурятия,2020-05,1.26,11
Республика Бурятия,2020-06,0.35,10
Республика Бурятия,2020-07,1.78,9
Республика Бурятия,2020-08,1.61,8
Республика Бурятия,2020-09,2.04,9
Республика Бурятия,2020-10,0.25,15
Республика Бурятия,2020-11,2.96,15
Республика Бурятия,2020-12,1.11,15
Республика Бурятия,2021-01,0.44,15
Республика Бурятия,2021-02,-0.38,13
Республика Бурятия,2021-03,2.03,14
Республика Бурятия,2021-04,-0.05,15
Республика Бурятия,2021-05,-1.42,15
Республика Бурятия,2021-06,-0.09,11
Республика Бурятия,2021-07,-0.0,10
Республика Бурятия,2021-08,0.78,10
Республика Бурятия,2021-09,0.0,12
Республика Бурятия,2021-10,0.92,14
Республика Бурятия,2021-11,2.14,13
Республика Бурятия,2021-12,2.03,13
Республика Бурятия,2022-01,0.4,13
Республика Бурятия,2022-02,-2.13,12
Республика Бурятия,2022-03,-0.43,13
Республика Бурятия,2022-04,1.0,13
Республика Бурятия,2022-05,1.79,13
Республика Бурятия,2022-06,1.81,12
Республика Бурятия,2022-07,0.39,12
Республика Бурятия,2022-08,-0.96,12
Республика Бурятия,2022-09,0.42,14
Республика Бурятия,2022-10,-0.03,14
Республика Бурятия,2022-11,0.83,13
Республика Бурятия,2022-12,0.56,14
Республика Бурятия,2023-01,0.03,14
Республика Бурятия,2023-02,2.28,14
Республика Бурятия,2023-03,3.47,14
Республика Бурятия,2023-04,-2.29,14
Республика Бурятия,2023-05,-0.67,13
Республика Бурятия,2023-06,0.12,11
Республика Бурятия,2023-07,1.59,10
Республика Бурятия,2023-08,2.07,10
Республика Бурятия,2023-09,2.39,10
Республика Бурятия,2023-10,3.33,13
Республика Бурятия,2023-11,-0.3,14
Республика Бурятия,2023-12,-2.36,13
Республика Бурятия,2024-01,0.98,14
Республика Бурятия,2024-02,-2.62,13
Республика Бурятия,2024-03,1.61,12
Республика Бурятия,2024-04,1.81,14
Республика Бурятия,2024-05,2.59,12
Республика Бурятия,2024-06,0.7,12
Республика Бурятия,2024-07,4.3,10
Республика Бурятия,2024-08,3.1,10
Республика Бурятия,2024-09,-0.11,11
Республика Бурятия,2024-10,-0.01,14
Республика Бурятия,2024-11,1.74,13
Республика Бурятия,2024-12,1.19,14
Республика Бурятия,2025-01,3.07,14
Республика Бурятия,2025-02,-1.3,13
Республика Бурятия,2025-03,2.75,13
Республика Бурятия,2025-04,2.47,13
Республика Бурятия,2025-05,1.16,12
Республика Бурятия,2025-06,2.35,10
Республика Бурятия,2025-07,1.37,10
Республика Бурятия,2025-08,1.37,5
Республика Бурятия,2025-09,2.47,5
Республика Бурятия,2025-10,-2.2,5
Республика Бурятия,2025-11,1.79,5
Республика Бурятия,2025-12,-2.93,5
Республика Бурятия,2026-01,-4.17,5
Республика Бурятия,2026-02,-0.42,5
Республика Бурятия,2026-03,0.26,5
Республика Бурятия,2026-04,-1.58,5
Республика Бурятия,2026-05,1.76,5
Республика Бурятия,2026-06,0.13,5
Республика Дагестан,2014-01,0.66,4
Республика Дагестан,2014-02,0.09,4
Республика Дагестан,2014-03,0.72,4
Республика Дагестан,2014-04,0.07,5
Республика Дагестан,2014-05,2.55,5
Республика Дагестан,2014-06,0.41,5
Республика Дагестан,2014-07,-0.39,5
Республика Дагестан,2014-08,2.08,5
Республика Дагестан,2014-09,-0.3,5
Республика Дагестан,2014-10,-2.53,5
Республика Дагестан,2014-11,-1.55,4
Республика Дагестан,2014-12,1.54,4
Республика Дагестан,2015-01,0.57,4
Республика Дагестан,2015-02,1.27,4
Республика Дагестан,2015-03,-0.41,4
Республика Дагестан,2015-04,-2.15,4
Республика Дагестан,2015-05,-1.37,4
Республика Дагестан,2015-06,0.88,4
Республика Дагестан,2015-07,-0.71,4
Республика Дагестан,2015-08,-0.81,4
Республика Дагестан,2015-09,1.31,4
Республика Дагестан,2015-10,-1.63,4
Республика Дагестан,2015-11,0.63,5
Республика Дагестан,2015-12,0.94,5
Республика Дагестан,2016-01,-0.25,5
Республика Дагестан,2016-02,4.17,5
Республика Дагестан,2016-03,1.39,5
Республика Дагестан,2016-04,4.36,3
Республика Дагестан,2016-05,-0.79,4
Республика Дагестан,2016-06,-1.46,4
Республика Дагестан,2016-07,-1.87,4
Республика Дагестан,2016-08,0.66,4
Республика Дагестан,2016-09,-1.91,4
Республика Дагестан,2016-10,-3.13,4
Республика Дагестан,2016-11,-1.15,5
Республика Дагестан,2016-12,-2.84,5
Республика Дагестан,2017-01,-0.74,5
Республика Дагестан,2017-02,-1.5,5
Республика Дагестан,2017-03,0.79,5
Республика Дагестан,2017-04,-0.85,4
Республика Дагестан,2017-05,-1.02,4
Республика Дагестан,2017-06,-1.97,4
Республика Дагестан,2017-07,-0.33,4
Республика Дагестан,2017-08,0.61,4
Республика Дагестан,2017-09,0.98,4
Республика Дагестан,2017-10,-1.41,4
Республика Дагестан,2017-11,0.39,5
Республика Дагестан,2017-12,2.4,5
Республика Дагестан,2018-01,0.26,5
Республика Дагестан,2018-02,1.83,5
Республика Дагестан,2018-03,1.0,5
Республика Дагестан,2018-04,-0.71,4
Республика Дагестан,2018-05,0.67,4
Республика Дагестан,2018-06,-0.82,4
Республика Дагестан,2018-07,1.75,4
Республика Дагестан,2018-08,-2.17,4
Республика Дагестан,2018-09,0.05,4
Республика Дагестан,2018-10,0.99,4
Республика Дагестан,2018-11,-0.39,5
Республика Дагестан,2018-12,0.86,5
Республика Дагестан,2019-01,1.88,5
Республика Дагестан,2019-02,1.17,5
Республика Дагестан,2019-03,0.38,5
Республика Дагестан,2019-04,-1.24,4
Республика Дагестан,2019-05,0.66,4
Республика Дагестан,2019-06,1.75,4
Республика Дагестан,2019-07,2.47,2
Республика Дагестан,2019-08,1.63,2
Республика Дагестан,2019-09,4.22,1
Республика Дагестан,2019-10,4.33,2
Республика Дагестан,2019-11,2.57,3
Республика Дагестан,2019-12,4.37,3
Республика Дагестан,2020-01,3.86,3
Республика Дагестан,2020-02,3.63,2
Республика Дагестан,2020-03,4.93,3
Республика Дагестан,2020-04,0.86,2
Республика Дагестан,2020-05,2.82,2
Республика Дагестан,2020-06,3.93,2
Республика Дагестан,2020-07,3.27,2
Республика Дагестан,2020-08,0.35,2
Республика Дагестан,2020-09,3.1,2
Республика Дагестан,2020-10,4.23,2
Республика Дагестан,2020-11,2.39,3
Республика Дагестан,2020-12,1.85,3
Республика Дагестан,2021-01,4.88,3
Республика Дагестан,2021-02,2.51,3
Республика Дагестан,2021-03,1.26,3
Республика Дагестан,2021-04,4.84,2
Республика Дагестан,2021-05,3.82,2
Республика Дагестан,2021-06,4.08,2
Республика Дагестан,2021-07,3.37,2
Республика Дагестан,2021-08,5.05,2
Республика Дагестан,2021-09,1.6,2
Республика Дагестан,2021-10,0.85,2
Республика Дагестан,2021-11,3.15,3
Республика Дагестан,2021-12,4.47,3
Республика Дагестан,2022-01,3.64,3
Республика Дагестан,2022-02,5.65,3
Республика Дагестан,2022-03,-0.2,3
Республика Дагестан,2022-04,5.21,2
Республика Дагестан,2022-05,1.5,2
Республика Дагестан,2022-06,3.41,2
Республика Дагестан,2022-07,2.5,2
Республика Дагестан,2022-08,3.18,2
Республика Дагестан,2022-09,4.72,2
Республика Дагестан,2022-10,3.85,2
Республика Дагестан,2022-11,4.1,3
Республика Дагестан,2022-12,2.38,3
Республика Дагестан,2023-01,3.23,3
Республика Дагестан,2023-02,1.34,3
Республика Дагестан,2023-03,6.04,3
Республика Дагестан,2023-04,3.84,2
Республика Дагестан,2023-05,2.82,2
Республика Дагестан,2023-06,2.61,2
Республика Дагестан,2023-07,2.15,2
Республика Дагестан,2023-08,4.63,2
Республика Дагестан,2023-09,2.02,2
Республика Дагестан,2023-10,3.93,2
Республика Дагестан,2023-11,6.54,3
Республика Дагестан,2023-12,4.33,3
Республика Дагестан,2024-01,2.15,3
Республика Дагестан,2024-02,3.99,3
Республика Дагестан,2024-03,2.24,3
Республика Дагестан,2024-04,6.39,2
Республика Дагестан,2024-05,1.35,2
Республика Дагестан,2024-06,3.86,2
Республика Дагестан,2024-07,2.72,2
Республика Дагестан,2024-08,3.45,2
Республика Дагестан,2024-09,3.02,2
Республика Дагестан,2024-10,2.38,2
Республика Дагестан,2024-11,2.74,3
Республика Дагестан,2024-12,3.96,3
Республика Дагестан,2025-01,5.66,3
Республика Дагестан,2025-02,-0.54,3
Республика Дагестан,2025-03,4.45,3
Республика Дагестан,2025-04,3.59,2
Республика Дагестан,2025-05,2.67,2
Республика Дагестан,2025-06,1.31,2
Республика Дагестан,2025-07,3.22,2
Республика Дагестан,2025-08,1.58,1
Республика Дагестан,2025-09,1.17,2
Республика Дагестан,2025-10,3.08,2
Республика Дагестан,2025-11,7.09,2
Республика Дагестан,2025-12,3.71,2
Республика Дагестан,2026-01,3.58,2
Республика Дагестан,2026-02,5.93,2
Республика Дагестан,2026-03,3.62,2
Республика Дагестан,2026-04,2.21,2
Республика Дагестан,2026-05,1.47,2
Республика Дагестан,2026-06,1.43,2
Республика Калмыкия,2014-01,-0.71,4
Республика Калмыкия,2014-02,-0.62,3
Республика Калмыкия,2014-03,1.09,4
Республика Калмыкия,2014-04,-0.25,4
Республика Калмыкия,2014-05,3.08,4
Республика Калмыкия,2014-06,0.04,4
Республика Калмыкия,2014-07,0.11,4
Республика Калмыкия,2014-08,2.73,4
Республика Калмыкия,2014-09,-0.51,4
Республика Калмыкия,2014-10,-3.47,4
Республика Калмыкия,2014-11,-2.92,3
Республика Калмыкия,2014-12,1.36,4
Республика Калмыкия,2015-01,0.29,4
Республика Калмыкия,2015-02,1.36,4
Республика Калмыкия,2015-03,0.57,4
Республика Калмыкия,2015-04,-0.56,3
Республика Калмыкия,2015-05,0.31,3
Республика Калмыкия,2015-06,2.63,3
Республика Калмыкия,2015-07,0.61,3
Республика Калмыкия,2015-08,0.35,2
Республика Калмыкия,2015-09,3.41,2
Республика Калмыкия,2015-10,-2.3,2
Республика Калмыкия,2015-11,2.09,2
Республика Калмыкия,2015-12,3.57,2
Республика Калмыкия,2016-01,-1.0,2
Республика Калмыкия,2016-02,5.28,2
Республика Калмыкия,2016-03,1.87,2
Республика Калмыкия,2016-04,2.2,2
Республика Калмыкия,2016-05,0.35,2
Республика Калмыкия,2016-06,0.44,2
Республика Калмыкия,2016-07,0.2,2
Республика Калмыкия,2016-08,3.12,2
Республика Калмыкия,2016-09,-0.69,2
Республика Калмыкия,2016-10,-2.51,2
Республика Калмыкия,2016-11,-1.59,2
Республика Калмыкия,2016-12,-2.71,2
Республика Калмыкия,2017-01,0.09,2
Республика Калмыкия,2017-02,-1.16,2
Республика Калмыкия,2017-03,1.95,2
Республика Калмыкия,2017-04,-0.35,2
Республика Калмыкия,2017-05,-0.74,2
Республика Калмыкия,2017-06,-0.74,2
Республика Калмыкия,2017-07,1.41,2
Республика Калмыкия,2017-08,2.3,2
Республика Калмыкия,2017-09,2.29,2
Республика Калмыкия,2017-10,-0.25,2
Республика Калмыкия,2017-11,0.92,3
Республика Калмыкия,2017-12,2.67,3
Республика Калмыкия,2018-01,-1.36,3
Республика Калмыкия,2018-02,-0.29,3
Республика Калмыкия,2018-03,-4.14,3
Республика Калмыкия,2018-04,0.09,2
Республика Калмыкия,2018-05,3.15,2
Республика Калмыкия,2018-06,1.69,2
Республика Калмыкия,2018-07,2.15,2
Республика Калмыкия,2018-08,0.01,2
Республика Калмыкия,2018-09,2.21,2
Республика Калмыкия,2018-10,2.19,2
Республика Калмыкия,2018-11,-1.98,3
Республика Калмыкия,2018-12,-0.1,3
Республика Калмыкия,2019-01,1.13,3
Республика Калмыкия,2019-02,0.97,3
Республика Калмыкия,2019-03,1.49,3
Республика Калмыкия,2019-04,0.28,2
Республика Калмыкия,2019-05,1.96,2
Республика Калмыкия,2019-06,4.17,2
Республика Калмыкия,2019-07,-0.45,2
Республика Калмыкия,2019-08,-0.37,2
Республика Калмыкия,2019-09,-0.97,2
Республика Калмыкия,2019-10,1.58,2
Республика Калмыкия,2019-11,-1.17,3
Республика Калмыкия,2019-12,2.82,3
Республика Калмыкия,2020-01,3.86,3
Республика Калмыкия,2020-02,3.72,3
Республика Калмыкия,2020-03,3.93,3
Республика Калмыкия,2020-04,-1.27,2
Республика Калмыкия,2020-05,-0.1,2
Республика Калмыкия,2020-06,3.4,2
Республика Калмыкия,2020-07,2.92,2
Республика Калмыкия,2020-08,-0.16,2
Республика Калмыкия,2020-09,0.91,2
Республика Калмыкия,2020-10,3.16,2
Республика Калмыкия,2020-11,-0.48,3
Республика Калмыкия,2020-12,-3.33,3
Республика Калмыкия,2021-01,2.33,3
Республика Калмыкия,2021-02,-0.85,3
Республика Калмыкия,2021-03,-1.33,3
Республика Калмыкия,2021-04,1.22,2
Республика Калмыкия,2021-05,2.3,2
Республика Калмыкия,2021-06,2.43,2
Республика Калмыкия,2021-07,2.58,2
Республика Калмыкия,2021-08,3.0,2
Республика Калмыкия,2021-09,-1.42,2
Республика Калмыкия,2021-10,-1.98,2
Республика Калмыкия,2021-11,2.55,3
Республика Калмыкия,2021-12,1.02,3
Республика Калмыкия,2022-01,2.2,3
Республика Калмыкия,2022-02,5.08,3
Республика Калмыкия,2022-03,-2.17,3
Республика Калмыкия,2022-04,2.54,2
Республика Калмыкия,2022-05,-2.11,2
Республика Калмыкия,2022-06,2.38,2
Республика Калмыкия,2022-07,-0.89,2
Республика Калмыкия,2022-08,3.57,2
Республика Калмыкия,2022-09,1.37,2
Республика Калмыкия,2022-10,1.07,2
Республика Калмыкия,2022-11,1.1,3
Республика Калмыкия,2022-12,-0.51,3
Республика Калмыкия,2023-01,-0.6,3
Республика Калмыкия,2023-02,-1.14,3
Республика Калмыкия,2023-03,3.01,3
Республика Калмыкия,2023-04,1.87,2
Республика Калмыкия,2023-05,0.17,2
Республика Калмыкия,2023-06,0.04,2
Республика Калмыкия,2023-07,0.11,2
Республика Калмыкия,2023-08,2.51,2
Республика Калмыкия,2023-09,1.64,2
Республика Калмыкия,2023-10,2.53,2
Республика Калмыкия,2023-11,4.41,3
Республика Калмыкия,2023-12,2.41,3
Республика Калмыкия,2024-01,-0.0,3
Республика Калмыкия,2024-02,2.23,3
Республика Калмыкия,2024-03,-0.99,3
Республика Калмыкия,2024-04,5.8,2
Республика Калмыкия,2024-05,-1.0,2
Республика Калмыкия,2024-06,3.48,2
Республика Калмыкия,2024-07,3.4,2
Республика Калмыкия,2024-08,1.41,2
Республика Калмыкия,2024-09,2.01,2
Республика Калмыкия,2024-10,0.41,2
Республика Калмыкия,2024-11,1.93,3
Республика Калмыкия,2024-12,1.59,3
Республика Калмыкия,2025-01,4.81,3
Республика Калмыкия,2025-02,-2.32,3
Республика Калмыкия,2025-03,3.29,3
Республика Калмыкия,2025-04,1.39,2
Республика Калмыкия,2025-05,0.49,2
Республика Калмыкия,2025-06,-0.44,2
Республика Калмыкия,2025-07,2.33,2
Республика Калмыкия,2025-08,1.37,1
Республика Калмыкия,2025-09,0.27,1
Республика Калмыкия,2025-10,1.59,1
Республика Калмыкия,2025-11,5.84,1
Республика Калмыкия,2025-12,2.01,1
Республика Калмыкия,2026-01,-1.22,1
Республика Калмыкия,2026-02,2.16,1
Республика Калмыкия,2026-03,3.94,1
Республика Калмыкия,2026-04,0.22,1
Республика Калмыкия,2026-05,0.96,1
Республика Калмыкия,2026-06,0.21,1
Республика Карелия,2014-01,-1.37,7
Республика Карелия,2014-02,6.7,9
Республика Карелия,2014-03,3.97,9
Республика Карелия,2014-04,0.93,9
Республика Карелия,2014-05,1.34,9
Республика Карелия,2014-06,-1.89,9
Республика Карелия,2014-07,1.04,9
Республика Карелия,2014-08,1.58,9
Республика Карелия,2014-09,0.85,9
Республика Карелия,2014-10,-2.29,9
Республика Карелия,2014-11,0.73,9
Республика Карелия,2014-12,1.13,9
Республика Карелия,2015-01,1.19,9
Республика Карелия,2015-02,5.73,9
Республика Карелия,2015-03,4.25,9
Республика Карелия,2015-04,0.51,9
Республика Карелия,2015-05,1.53,9
Республика Карелия,2015-06,-0.13,9
Республика Карелия,2015-07,-3.28,9
Республика Карелия,2015-08,-0.03,9
Республика Карелия,2015-09,1.78,9
Республика Карелия,2015-10,0.05,9
Республика Карелия,2015-11,2.16,9
Республика Карелия,2015-12,3.33,9
Республика Карелия,2016-01,-6.62,9
Республика Карелия,2016-02,6.3,9
Республика Карелия,2016-03,2.73,9
Республика Карелия,2016-04,2.02,9
Республика Карелия,2016-05,3.0,6
Республика Карелия,2016-06,0.09,9
Республика Карелия,2016-07,1.59,8
Республика Карелия,2016-08,0.78,9
Республика Карелия,2016-09,0.12,9
Республика Карелия,2016-10,-0.07,9
Республика Карелия,2016-11,-2.09,9
Республика Карелия,2016-12,1.76,9
Республика Карелия,2017-01,1.84,9
Республика Карелия,2017-02,0.84,9
Республика Карелия,2017-03,2.79,9
Республика Карелия,2017-04,-2.16,9
Республика Карелия,2017-05,-4.04,9
Республика Карелия,2017-06,-2.52,9
Республика Карелия,2017-07,-1.39,9
Республика Карелия,2017-08,0.52,9
Республика Карелия,2017-09,-0.25,9
Республика Карелия,2017-10,0.03,9
Республика Карелия,2017-11,2.16,9
Республика Карелия,2017-12,3.88,9
Республика Карелия,2018-01,3.69,9
Республика Карелия,2018-02,-2.24,9
Республика Карелия,2018-03,-4.62,8
Республика Карелия,2018-04,0.4,9
Республика Карелия,2018-05,3.24,9
Республика Карелия,2018-06,-0.95,9
Республика Карелия,2018-07,1.55,9
Республика Карелия,2018-08,1.76,5
Республика Карелия,2018-09,1.18,5
Республика Карелия,2018-10,0.87,9
Республика Карелия,2018-11,2.9,9
Республика Карелия,2018-12,-0.46,9
Республика Карелия,2019-01,-1.18,9
Республика Карелия,2019-02,3.95,9
Республика Карелия,2019-03,1.74,9
Республика Карелия,2019-04,1.77,9
Республика Карелия,2019-05,0.43,9
Республика Карелия,2019-06,1.66,9
Республика Карелия,2019-07,-3.36,9
Республика Карелия,2019-08,-1.33,9
Республика Карелия,2019-09,-0.32,9
Республика Карелия,2019-10,-0.95,9
Республика Карелия,2019-11,0.62,8
Республика Карелия,2019-12,4.76,7
Республика Карелия,2020-01,6.71,8
Республика Карелия,2020-02,5.94,8
Республика Карелия,2020-03,3.47,8
Республика Карелия,2020-04,-0.58,8
Республика Карелия,2020-05,-1.46,8
Республика Карелия,2020-06,1.89,8
Республика Карелия,2020-07,-0.76,8
Республика Карелия,2020-08,-0.42,8
Республика Карелия,2020-09,1.12,8
Республика Карелия,2020-10,2.43,8
Республика Карелия,2020-11,3.74,8
Республика Карелия,2020-12,2.42,8
Республика Карелия,2021-01,-0.97,8
Республика Карелия,2021-02,-5.28,7
Республика Карелия,2021-03,0.02,8
Республика Карелия,2021-04,1.47,8
Республика Карелия,2021-05,1.03,8
Республика Карелия,2021-06,4.12,8
Республика Карелия,2021-07,2.25,8
Республика Карелия,2021-08,-0.26,8
Республика Карелия,2021-09,-2.15,8
Республика Карелия,2021-10,1.86,8
Республика Карелия,2021-11,0.95,8
Республика Карелия,2021-12,-3.36,8
Республика Карелия,2022-01,0.52,8
Республика Карелия,2022-02,3.81,7
Республика Карелия,2022-03,1.02,8
Республика Карелия,2022-04,-0.45,8
Республика Карелия,2022-05,-1.13,8
Республика Карелия,2022-06,1.39,8
Республика Карелия,2022-07,0.98,8
Республика Карелия,2022-08,2.78,8
Республика Карелия,2022-09,-1.27,8
Республика Карелия,2022-10,1.6,8
Республика Карелия,2022-11,-0.16,8
Республика Карелия,2022-12,0.64,8
Республика Карелия,2023-01,4.49,8
Республика Карелия,2023-02,2.38,8
Республика Карелия,2023-03,-0.03,8
Республика Карелия,2023-04,0.2,8
Республика Карелия,2023-05,1.9,8
Республика Карелия,2023-06,-0.28,8
Республика Карелия,2023-07,-1.56,8
Республика Карелия,2023-08,2.0,8
Республика Карелия,2023-09,3.67,8
Республика Карелия,2023-10,-1.6,8
Республика Карелия,2023-11,-2.22,8
Республика Карелия,2023-12,-2.96,8
Республика Карелия,2024-01,-4.21,8
Республика Карелия,2024-02,0.37,8
Республика Карелия,2024-03,3.14,8
Республика Карелия,2024-04,-0.49,8
Республика Карелия,2024-05,0.9,8
Республика Карелия,2024-06,3.09,8
Республика Карелия,2024-07,1.29,8
Республика Карелия,2024-08,1.45,8
Республика Карелия,2024-09,4.33,8
Республика Карелия,2024-10,1.61,8
Республика Карелия,2024-11,2.48,8
Республика Карелия,2024-12,0.32,8
Республика Карелия,2025-01,3.2,8
Республика Карелия,2025-02,2.82,8
Республика Карелия,2025-03,2.86,8
Республика Карелия,2025-04,0.18,8
Республика Карелия,2025-05,0.47,8
Республика Карелия,2025-06,-0.36,8
Республика Карелия,2025-07,1.27,8
Республика Карелия,2025-08,0.31,4
Республика Карелия,2025-09,2.34,4
Республика Карелия,2025-10,1.88,4
Республика Карелия,2025-11,2.62,4
Республика Карелия,2025-12,3.77,4
Республика Карелия,2026-01,-3.76,4
Республика Карелия,2026-02,-3.96,4
Республика Карелия,2026-03,7.29,2
Республика Карелия,2026-04,1.53,4
Республика Карелия,2026-05,1.95,4
Республика Карелия,2026-06,2.02,4
Республика Коми,2014-01,-4.47,16
Республика Коми,2014-02,-1.18,16
Республика Коми,2014-03,3.64,16
Республика Коми,2014-04,-0.56,16
Республика Коми,2014-05,0.6,16
Республика Коми,2014-06,-0.66,16
Республика Коми,2014-07,-4.04,16
Республика Коми,2014-08,1.66,16
Республика Коми,2014-09,-0.29,16
Республика Коми,2014-10,-4.22,16
Республика Коми,2014-11,2.13,16
Республика Коми,2014-12,2.45,16
Республика Коми,2015-01,-2.72,16
Республика Коми,2015-02,5.17,16
Республика Коми,2015-03,4.25,17
Республика Коми,2015-04,1.46,17
Республика Коми,2015-05,4.58,16
Республика Коми,2015-06,1.93,16
Республика Коми,2015-07,-4.32,16
Республика Коми,2015-08,-1.7,16
Республика Коми,2015-09,0.59,16
Республика Коми,2015-10,-2.68,16
Республика Коми,2015-11,1.43,17
Республика Коми,2015-12,2.97,17
Республика Коми,2016-01,-0.91,17
Республика Коми,2016-02,9.64,17
Республика Коми,2016-03,0.88,17
Республика Коми,2016-04,4.24,17
Республика Коми,2016-05,2.72,16
Республика Коми,2016-06,0.66,16
Республика Коми,2016-07,3.47,16
Республика Коми,2016-08,3.99,16
Республика Коми,2016-09,1.79,16
Республика Коми,2016-10,1.1,17
Республика Коми,2016-11,-4.05,17
Республика Коми,2016-12,-5.82,17
Республика Коми,2017-01,-0.21,17
Республика Коми,2017-02,0.94,17
Республика Коми,2017-03,5.8,17
Республика Коми,2017-04,-1.44,17
Республика Коми,2017-05,-4.66,16
Республика Коми,2017-06,-1.86,16
Республика Коми,2017-07,1.84,15
Республика Коми,2017-08,1.22,15
Республика Коми,2017-09,-1.46,16
Республика Коми,2017-10,0.78,17
Республика Коми,2017-11,5.08,16
Республика Коми,2017-12,6.18,16
Республика Коми,2018-01,5.43,17
Республика Коми,2018-02,-0.1,16
Республика Коми,2018-03,-6.59,17
Республика Коми,2018-04,-0.92,17
Республика Коми,2018-05,-2.39,16
Республика Коми,2018-06,-1.54,16
Республика Коми,2018-07,2.07,16
Республика Коми,2018-08,0.06,16
Республика Коми,2018-09,1.73,16
Республика Коми,2018-10,1.04,17
Республика Коми,2018-11,0.42,17
Республика Коми,2018-12,3.77,17
Республика Коми,2019-01,-0.28,17
Республика Коми,2019-02,1.54,16
Республика Коми,2019-03,2.84,16
Республика Коми,2019-04,-0.28,17
Республика Коми,2019-05,0.19,16
Республика Коми,2019-06,-2.27,16
Республика Коми,2019-07,-1.25,12
Республика Коми,2019-08,-1.76,13
Республика Коми,2019-09,-0.23,11
Республика Коми,2019-10,0.08,12
Республика Коми,2019-11,-0.28,13
Республика Коми,2019-12,4.85,13
Республика Коми,2020-01,4.69,13
Республика Коми,2020-02,7.61,13
Республика Коми,2020-03,4.98,12
Республика Коми,2020-04,0.67,13
Республика Коми,2020-05,2.12,12
Республика Коми,2020-06,-1.33,12
Республика Коми,2020-07,1.52,11
Республика Коми,2020-08,0.32,12
Республика Коми,2020-09,1.58,12
Республика Коми,2020-10,1.1,13
Республика Коми,2020-11,4.05,13
Республика Коми,2020-12,-0.11,13
Республика Коми,2021-01,-3.97,13
Республика Коми,2021-02,-8.37,12
Республика Коми,2021-03,-1.22,13
Республика Коми,2021-04,3.99,13
Республика Коми,2021-05,3.01,12
Республика Коми,2021-06,1.59,11
Республика Коми,2021-07,-1.46,11
Республика Коми,2021-08,1.63,12
Республика Коми,2021-09,-2.05,12
Республика Коми,2021-10,0.45,12
Республика Коми,2021-11,0.69,13
Республика Коми,2021-12,-3.15,13
Республика Коми,2022-01,2.19,13
Республика Коми,2022-02,6.98,13
Республика Коми,2022-03,-1.82,13
Республика Коми,2022-04,0.45,13
Республика Коми,2022-05,0.47,12
Республика Коми,2022-06,0.26,12
Республика Коми,2022-07,2.27,12
Республика Коми,2022-08,3.77,12
Республика Коми,2022-09,-1.27,12
Республика Коми,2022-10,2.85,12
Республика Коми,2022-11,-0.45,13
Республика Коми,2022-12,-0.17,13
Республика Коми,2023-01,4.23,13
Республика Коми,2023-02,3.8,13
Республика Коми,2023-03,0.43,13
Республика Коми,2023-04,0.0,13
Республика Коми,2023-05,3.43,12
Республика Коми,2023-06,-1.87,12
Республика Коми,2023-07,1.67,11
Республика Коми,2023-08,3.06,12
Республика Коми,2023-09,3.61,12
Республика Коми,2023-10,0.62,13
Республика Коми,2023-11,2.01,13
Республика Коми,2023-12,-0.41,13
Республика Коми,2024-01,0.62,11
Республика Коми,2024-02,1.86,13
Республика Коми,2024-03,-0.43,12
Республика Коми,2024-04,-1.47,13
Республика Коми,2024-05,-4.63,12
Республика Коми,2024-06,0.13,8
Республика Коми,2024-07,1.04,11
Республика Коми,2024-08,1.57,11
Республика Коми,2024-09,4.09,11
Республика Коми,2024-10,1.31,12
Республика Коми,2024-11,5.26,13
Республика Коми,2024-12,4.46,13
Республика Коми,2025-01,5.33,12
Республика Коми,2025-02,4.31,13
Республика Коми,2025-03,3.93,13
Республика Коми,2025-04,-0.79,12
Республика Коми,2025-05,0.19,11
Республика Коми,2025-06,-0.12,9
Республика Коми,2025-07,-2.03,11
Республика Коми,2025-08,3.1,1
Республика Коми,2025-09,2.1,1
Республика Коми,2025-10,2.28,3
Республика Коми,2025-11,2.82,3
Республика Коми,2025-12,-3.25,3
Республика Коми,2026-01,-3.35,3
Республика Коми,2026-03,0.27,3
Республика Коми,2026-04,1.51,3
Республика Коми,2026-05,3.55,3
Республика Коми,2026-06,2.0,3
Республика Марий Эл,2014-01,-0.86,2
Республика Марий Эл,2014-02,0.2,2
Республика Марий Эл,2014-03,2.91,2
Республика Марий Эл,2014-04,-1.47,2
Республика Марий Эл,2014-05,2.24,2
Республика Марий Эл,2014-06,-1.27,2
Республика Марий Эл,2014-07,-1.8,2
Республика Марий Эл,2014-08,1.43,2
Республика Марий Эл,2014-09,-0.62,2
Республика Марий Эл,2014-10,-4.17,2
Республика Марий Эл,2014-11,-1.05,2
Республика Марий Эл,2014-12,1.71,2
Республика Марий Эл,2015-01,0.8,2
Республика Марий Эл,2015-02,3.99,2
Республика Марий Эл,2015-03,0.87,2
Республика Марий Эл,2015-04,-1.36,2
Республика Марий Эл,2015-05,1.67,2
Республика Марий Эл,2015-06,2.03,2
Республика Марий Эл,2015-07,-2.42,2
Республика Марий Эл,2015-08,-2.15,2
Республика Марий Эл,2015-09,2.39,2
Республика Марий Эл,2015-10,-2.71,2
Республика Марий Эл,2015-11,1.0,2
Республика Марий Эл,2015-12,4.6,2
Республика Марий Эл,2016-01,-2.24,2
Республика Марий Эл,2016-02,6.91,2
Республика Марий Эл,2016-03,1.02,2
Республика Марий Эл,2016-04,1.17,2
Республика Марий Эл,2016-05,0.9,2
Республика Марий Эл,2016-06,-0.42,2
Республика Марий Эл,2016-07,1.04,2
Республика Марий Эл,2016-08,4.18,2
Республика Марий Эл,2016-09,-1.15,2
Республика Марий Эл,2016-10,-1.85,2
Республика Марий Эл,2016-11,-3.07,2
Республика Марий Эл,2016-12,-2.96,2
Республика Марий Эл,2017-01,-3.32,2
Республика Марий Эл,2017-02,2.13,2
Республика Марий Эл,2017-03,2.87,2
Республика Марий Эл,2017-04,-1.35,2
Республика Марий Эл,2017-05,-3.48,2
Республика Марий Эл,2017-06,-2.86,2
Республика Марий Эл,2017-07,-1.28,2
Республика Марий Эл,2017-08,0.38,2
Республика Марий Эл,2017-09,-0.49,2
Республика Марий Эл,2017-10,-1.22,2
Республика Марий Эл,2017-11,1.92,2
Республика Марий Эл,2017-12,4.09,2
Республика Марий Эл,2018-01,1.03,2
Республика Марий Эл,2018-02,-3.02,2
Республика Марий Эл,2018-03,-5.88,2
Республика Марий Эл,2018-04,-1.53,2
Республика Марий Эл,2018-05,-0.06,2
Республика Марий Эл,2018-06,-2.15,2
Республика Марий Эл,2018-07,1.04,2
Республика Марий Эл,2018-08,0.66,2
Республика Марий Эл,2018-09,0.82,2
Республика Марий Эл,2018-10,0.05,2
Республика Марий Эл,2018-11,-0.15,2
Республика Марий Эл,2018-12,-0.55,2
Республика Марий Эл,2019-01,0.15,2
Республика Марий Эл,2019-02,2.89,2
Республика Марий Эл,2019-03,2.1,2
Республика Марий Эл,2019-04,-0.72,2
Республика Марий Эл,2019-05,1.49,2
Республика Марий Эл,2019-06,-0.19,2
Республика Марий Эл,2019-07,-3.01,2
Республика Марий Эл,2019-08,-2.87,2
Республика Марий Эл,2019-09,-2.38,2
Республика Марий Эл,2019-10,1.59,2
Республика Марий Эл,2019-11,0.15,2
Республика Марий Эл,2019-12,4.37,2
Республика Марий Эл,2020-01,6.85,2
Республика Марий Эл,2020-02,6.46,2
Республика Марий Эл,2020-03,5.58,2
Республика Марий Эл,2020-04,-2.23,2
Республика Марий Эл,2020-05,-1.05,2
Республика Марий Эл,2020-06,-2.01,2
Республика Марий Эл,2020-07,0.8,2
Республика Марий Эл,2020-08,-1.42,2
Республика Марий Эл,2020-09,-0.28,2
Республика Марий Эл,2020-10,1.21,2
Республика Марий Эл,2020-11,-0.18,2
Республика Марий Эл,2020-12,-2.92,2
Республика Марий Эл,2021-01,-0.29,2
Республика Марий Эл,2021-02,-6.91,2
Республика Марий Эл,2021-03,-1.51,2
Республика Марий Эл,2021-04,0.03,2
Республика Марий Эл,2021-05,2.89,2
Республика Марий Эл,2021-06,2.8,2
Республика Марий Эл,2021-07,0.76,2
Республика Марий Эл,2021-08,2.46,2
Республика Марий Эл,2021-09,-3.29,2
Республика Марий Эл,2021-10,0.52,2
Республика Марий Эл,2021-11,2.1,2
Республика Марий Эл,2021-12,-1.82,2
Республика Марий Эл,2022-01,0.29,2
Республика Марий Эл,2022-02,6.27,2
Республика Марий Эл,2022-03,-2.74,2
Республика Марий Эл,2022-04,-0.96,2
Республика Марий Эл,2022-05,-4.35,2
Республика Марий Эл,2022-06,-0.5,2
Республика Марий Эл,2022-07,0.15,2
Республика Марий Эл,2022-08,2.83,2
Республика Марий Эл,2022-09,-1.7,2
Республика Марий Эл,2022-10,0.93,2
Республика Марий Эл,2022-11,-0.49,2
Республика Марий Эл,2022-12,-0.57,2
Республика Марий Эл,2023-01,-0.9,2
Республика Марий Эл,2023-02,1.21,2
Республика Марий Эл,2023-03,3.86,2
Республика Марий Эл,2023-04,2.31,2
Республика Марий Эл,2023-05,0.92,2
Республика Марий Эл,2023-06,-2.57,2
Республика Марий Эл,2023-07,-0.06,2
Республика Марий Эл,2023-08,0.7,2
Республика Марий Эл,2023-09,2.09,2
Республика Марий Эл,2023-10,-0.26,2
Республика Марий Эл,2023-11,1.77,2
Республика Марий Эл,2023-12,-2.08,2
Республика Марий Эл,2024-01,-3.16,2
Республика Марий Эл,2024-02,-0.66,2
Республика Марий Эл,2024-03,2.24,2
Республика Марий Эл,2024-04,4.61,2
Республика Марий Эл,2024-05,-4.19,2
Республика Марий Эл,2024-06,2.56,2
Республика Марий Эл,2024-07,0.79,2
Республика Марий Эл,2024-08,-0.16,2
Республика Марий Эл,2024-09,3.26,2
Республика Марий Эл,2024-10,0.43,2
Республика Марий Эл,2024-11,1.97,2
Республика Марий Эл,2024-12,3.39,2
Республика Марий Эл,2025-01,6.13,2
Республика Марий Эл,2025-02,2.18,2
Республика Марий Эл,2025-03,4.77,2
Республика Марий Эл,2025-04,2.2,2
Республика Марий Эл,2025-05,0.17,2
Республика Марий Эл,2025-06,-0.59,2
Республика Марий Эл,2025-07,-0.65,2
Республика Мордовия,2014-01,-2.17,2
Республика Мордовия,2014-02,-0.82,2
Республика Мордовия,2014-03,1.83,2
Республика Мордовия,2014-04,-0.71,2
Республика Мордовия,2014-05,1.51,2
Республика Мордовия,2014-06,-1.51,2
Республика Мордовия,2014-07,-0.15,2
Республика Мордовия,2014-08,1.09,2
Республика Мордовия,2014-09,-0.58,2
Республика Мордовия,2014-10,-2.94,2
Республика Мордовия,2014-11,-2.7,2
Республика Мордовия,2014-12,0.22,2
Республика Мордовия,2015-01,0.53,2
Республика Мордовия,2015-02,0.71,2
Республика Мордовия,2015-03,0.19,2
Республика Мордовия,2015-04,-1.29,2
Республика Мордовия,2015-05,0.76,2
Республика Мордовия,2015-06,2.05,2
Республика Мордовия,2015-07,-0.82,2
Республика Мордовия,2015-08,-2.1,2
Республика Мордовия,2015-09,2.68,2
Республика Мордовия,2015-10,-2.85,2
Республика Мордовия,2015-11,0.89,2
Республика Мордовия,2015-12,3.65,2
Республика Мордовия,2016-01,-2.34,2
Республика Мордовия,2016-02,4.02,2
Республика Мордовия,2016-03,1.94,2
Республика Мордовия,2016-04,1.92,2
Республика Мордовия,2016-05,-0.49,2
Республика Мордовия,2016-06,0.38,2
Республика Мордовия,2016-07,1.17,2
Республика Мордовия,2016-08,2.83,2
Республика Мордовия,2016-09,-1.89,2
Республика Мордовия,2016-10,-1.32,2
Республика Мордовия,2016-11,-2.2,2
Республика Мордовия,2016-12,-3.33,2
Республика Мордовия,2017-01,-1.05,2
Республика Мордовия,2017-02,-1.11,2
Республика Мордовия,2017-03,2.42,2
Республика Мордовия,2017-04,-0.74,2
Республика Мордовия,2017-05,-3.12,2
Республика Мордовия,2017-06,-2.86,2
Республика Мордовия,2017-07,-0.99,2
Республика Мордовия,2017-08,0.43,2
Республика Мордовия,2017-09,-0.14,2
Республика Мордовия,2017-10,-0.95,2
Республика Мордовия,2017-11,0.38,2
Республика Мордовия,2017-12,3.52,2
Республика Мордовия,2018-01,0.72,2
Республика Мордовия,2018-02,-5.29,2
Республика Мордовия,2018-03,-6.08,2
Республика Мордовия,2018-04,-0.63,2
Республика Мордовия,2018-05,0.67,2
Республика Мордовия,2018-06,-0.63,2
Республика Мордовия,2018-07,1.6,2
Республика Мордовия,2018-08,0.93,2
Республика Мордовия,2018-09,2.36,2
Республика Мордовия,2018-10,1.14,2
Республика Мордовия,2018-11,-2.06,2
Республика Мордовия,2018-12,-1.67,2
Республика Мордовия,2019-01,-1.24,2
Республика Мордовия,2019-02,0.87,2
Республика Мордовия,2019-03,1.27,2
Республика Мордовия,2019-04,0.45,2
Республика Мордовия,2019-05,1.01,2
Республика Мордовия,2019-06,0.71,2
Республика Мордовия,2019-07,-1.74,2
Республика Мордовия,2019-08,-2.07,2
Республика Мордовия,2019-09,-1.39,2
Республика Мордовия,2019-10,3.0,2
Республика Мордовия,2019-11,-0.11,2
Республика Мордовия,2019-12,2.59,2
Республика Мордовия,2020-01,6.37,2
Республика Мордовия,2020-02,2.39,2
Республика Мордовия,2020-03,5.47,2
Республика Мордовия,2020-04,-1.52,2
Республика Мордовия,2020-05,-2.65,2
Республика Мордовия,2020-06,-0.29,2
Республика Мордовия,2020-07,0.57,2
Республика Мордовия,2020-08,-1.68,2
Республика Мордовия,2020-09,0.56,2
Республика Мордовия,2020-10,1.89,2
Республика Мордовия,2020-11,0.2,2
Республика Мордовия,2020-12,-3.71,2
Республика Мордовия,2021-01,1.04,2
Республика Мордовия,2021-02,-8.37,2
Республика Мордовия,2021-03,-1.92,2
Республика Мордовия,2021-04,0.62,2
Республика Мордовия,2021-05,1.02,2
Республика Мордовия,2021-06,2.47,2
Республика Мордовия,2021-07,1.73,1
Республика Мордовия,2021-08,3.27,2
Республика Мордовия,2021-09,-2.42,2
Республика Мордовия,2021-10,0.17,2
Республика Мордовия,2021-11,1.55,2
Республика Мордовия,2021-12,-1.84,2
Республика Мордовия,2022-01,0.93,2
Республика Мордовия,2022-02,3.28,2
Республика Мордовия,2022-03,-1.3,2
Республика Мордовия,2022-04,0.22,2
Республика Мордовия,2022-05,-5.62,2
Республика Мордовия,2022-06,0.41,2
Республика Мордовия,2022-07,0.54,2
Республика Мордовия,2022-08,3.3,2
Республика Мордовия,2022-09,-1.69,2
Республика Мордовия,2022-10,1.09,2
Республика Мордовия,2022-11,-0.01,2
Республика Мордовия,2022-12,-0.48,2
Республика Мордовия,2023-01,-0.97,2
Республика Мордовия,2023-02,-0.85,2
Республика Мордовия,2023-03,4.32,2
Республика Мордовия,2023-04,3.05,2
Республика Мордовия,2023-05,-0.87,2
Республика Мордовия,2023-06,-2.31,2
Республика Мордовия,2023-07,-0.17,2
Республика Мордовия,2023-08,1.01,2
Республика Мордовия,2023-09,1.84,2
Республика Мордовия,2023-10,-0.01,2
Республика Мордовия,2023-11,1.74,2
Республика Мордовия,2023-12,-0.67,2
Республика Мордовия,2024-01,-3.38,2
Республика Мордовия,2024-02,-2.99,2
Республика Мордовия,2024-03,-0.36,2
Республика Мордовия,2024-04,5.42,2
Республика Мордовия,2024-05,-4.48,2
Республика Мордовия,2024-06,2.74,2
Республика Мордовия,2024-07,1.52,2
Республика Мордовия,2024-08,-0.11,2
Республика Мордовия,2024-09,3.33,2
Республика Мордовия,2024-10,1.44,2
Республика Мордовия,2024-11,1.1,2
Республика Мордовия,2024-12,1.29,2
Республика Мордовия,2025-01,6.33,2
Республика Мордовия,2025-02,-2.67,2
Республика Мордовия,2025-03,5.18,2
Республика Мордовия,2025-04,2.82,2
Республика Мордовия,2025-05,-0.97,2
Республика Мордовия,2025-06,-0.9,2
Республика Мордовия,2025-07,1.31,2
Республика Саха (Якутия),2014-01,-5.04,51
Республика Саха (Якутия),2014-02,-1.38,51
Республика Саха (Якутия),2014-03,3.32,50
Республика Саха (Якутия),2014-04,4.37,51
Республика Саха (Якутия),2014-05,1.93,49
Республика Саха (Якутия),2014-06,0.47,50
Республика Саха (Якутия),2014-07,0.07,51
Республика Саха (Якутия),2014-08,1.17,52
Республика Саха (Якутия),2014-09,0.06,51
Республика Саха (Якутия),2014-10,-0.56,52
Республика Саха (Якутия),2014-11,-1.1,51
Республика Саха (Якутия),2014-12,-1.12,52
Республика Саха (Якутия),2015-01,1.78,51
Республика Саха (Якутия),2015-02,3.6,50
Республика Саха (Якутия),2015-03,2.57,52
Республика Саха (Якутия),2015-04,-1.48,52
Республика Саха (Якутия),2015-05,-0.73,52
Республика Саха (Якутия),2015-06,-0.4,52
Республика Саха (Якутия),2015-07,0.56,52
Республика Саха (Якутия),2015-08,1.36,51
Республика Саха (Якутия),2015-09,0.0,52
Республика Саха (Якутия),2015-10,-0.19,52
Республика Саха (Якутия),2015-11,1.02,51
Республика Саха (Якутия),2015-12,2.3,50
Республика Саха (Якутия),2016-01,3.69,52
Республика Саха (Якутия),2016-02,-0.68,51
Республика Саха (Якутия),2016-03,3.39,52
Республика Саха (Якутия),2016-04,1.87,52
Республика Саха (Якутия),2016-05,-0.18,52
Республика Саха (Якутия),2016-06,-0.2,52
Республика Саха (Якутия),2016-07,-1.26,52
Республика Саха (Якутия),2016-08,-1.04,52
Республика Саха (Якутия),2016-09,1.23,52
Республика Саха (Якутия),2016-10,-0.25,51
Республика Саха (Якутия),2016-11,-0.87,52
Республика Саха (Якутия),2016-12,-0.56,52
Республика Саха (Якутия),2017-01,1.7,52
Республика Саха (Якутия),2017-02,1.59,52
Республика Саха (Якутия),2017-03,7.22,52
Республика Саха (Якутия),2017-04,3.01,51
Республика Саха (Якутия),2017-05,-1.11,52
Республика Саха (Якутия),2017-06,0.78,52
Республика Саха (Якутия),2017-07,-0.89,51
Республика Саха (Якутия),2017-08,1.87,51
Республика Саха (Якутия),2017-09,0.65,51
Республика Саха (Якутия),2017-10,-0.52,50
Республика Саха (Якутия),2017-11,-1.16,52
Республика Саха (Якутия),2017-12,-0.57,52
Республика Саха (Якутия),2018-01,-0.21,52
Республика Саха (Якутия),2018-02,0.66,52
Республика Саха (Якутия),2018-03,-1.28,52
Республика Саха (Якутия),2018-04,1.42,51
Республика Саха (Якутия),2018-05,0.92,50
Республика Саха (Якутия),2018-06,1.12,51
Республика Саха (Якутия),2018-07,-0.09,51
Республика Саха (Якутия),2018-08,1.31,51
Республика Саха (Якутия),2018-09,0.46,51
Республика Саха (Якутия),2018-10,3.82,49
Республика Саха (Якутия),2018-11,0.72,52
Республика Саха (Якутия),2018-12,1.44,51
Республика Саха (Якутия),2019-01,0.69,51
Республика Саха (Якутия),2019-02,2.49,51
Республика Саха (Якутия),2019-03,2.42,41
Республика Саха (Якутия),2019-04,2.57,51
Республика Саха (Якутия),2019-05,0.85,42
Республика Саха (Якутия),2019-06,2.47,42
Республика Саха (Якутия),2019-07,-0.45,43
Республика Саха (Якутия),2019-08,1.14,40
Республика Саха (Якутия),2019-09,0.71,41
Республика Саха (Якутия),2019-10,2.14,43
Республика Саха (Якутия),2019-11,1.31,43
Республика Саха (Якутия),2019-12,-0.85,43
Республика Саха (Якутия),2020-01,4.25,42
Республика Саха (Якутия),2020-02,4.25,43
Республика Саха (Якутия),2020-03,2.98,43
Республика Саха (Якутия),2020-04,3.05,42
Республика Саха (Якутия),2020-05,2.01,42
Республика Саха (Якутия),2020-06,2.49,43
Республика Саха (Якутия),2020-07,1.21,43
Республика Саха (Якутия),2020-08,-1.02,42
Республика Саха (Якутия),2020-09,3.01,43
Республика Саха (Якутия),2020-10,1.9,41
Республика Саха (Якутия),2020-11,5.51,43
Республика Саха (Якутия),2020-12,0.58,48
Республика Саха (Якутия),2021-01,-5.94,43
Республика Саха (Якутия),2021-02,-1.48,42
Республика Саха (Якутия),2021-03,0.71,43
Республика Саха (Якутия),2021-04,-0.74,42
Республика Саха (Якутия),2021-05,2.1,41
Республика Саха (Якутия),2021-06,3.24,42
Республика Саха (Якутия),2021-07,1.24,42
Республика Саха (Якутия),2021-08,1.86,42
Республика Саха (Якутия),2021-09,1.07,41
Республика Саха (Якутия),2021-10,3.0,41
Республика Саха (Якутия),2021-11,3.51,43
Республика Саха (Якутия),2021-12,-1.07,45
Республика Саха (Якутия),2022-01,0.47,41
Республика Саха (Якутия),2022-02,2.02,42
Республика Саха (Якутия),2022-03,1.83,42
Республика Саха (Якутия),2022-04,0.71,41
Республика Саха (Якутия),2022-05,0.73,41
Республика Саха (Якутия),2022-06,2.23,41
Республика Саха (Якутия),2022-07,2.87,40
Республика Саха (Якутия),2022-08,0.5,41
Республика Саха (Якутия),2022-09,-0.83,41
Республика Саха (Якутия),2022-10,2.97,41
Республика Саха (Якутия),2022-11,-0.88,42
Республика Саха (Якутия),2022-12,0.94,42
Республика Саха (Якутия),2023-01,-5.98,42
Республика Саха (Якутия),2023-02,-0.26,42
Республика Саха (Якутия),2023-03,3.6,42
Республика Саха (Якутия),2023-04,0.69,40
Республика Саха (Якутия),2023-05,0.0,42
Республика Саха (Якутия),2023-06,1.69,42
Республика Саха (Якутия),2023-07,0.7,43
Республика Саха (Якутия),2023-08,1.8,41
Республика Саха (Якутия),2023-09,-0.2,43
Республика Саха (Якутия),2023-10,3.15,40
Республика Саха (Якутия),2023-11,4.0,40
Республика Саха (Якутия),2023-12,-0.57,42
Республика Саха (Якутия),2024-01,-1.37,43
Республика Саха (Якутия),2024-02,-0.28,41
Республика Саха (Якутия),2024-03,2.53,41
Республика Саха (Якутия),2024-04,2.6,41
Республика Саха (Якутия),2024-05,2.07,42
Республика Саха (Якутия),2024-06,1.48,43
Республика Саха (Якутия),2024-07,1.17,40
Республика Саха (Якутия),2024-08,0.2,38
Республика Саха (Якутия),2024-09,0.24,43
Республика Саха (Якутия),2024-10,0.68,41
Республика Саха (Якутия),2024-11,3.21,40
Республика Саха (Якутия),2024-12,4.26,43
Республика Саха (Якутия),2025-01,1.55,42
Республика Саха (Якутия),2025-02,2.07,42
Республика Саха (Якутия),2025-03,-1.14,43
Республика Саха (Якутия),2025-04,4.08,42
Республика Саха (Якутия),2025-05,1.93,40
Республика Саха (Якутия),2025-06,-0.7,43
Республика Саха (Якутия),2025-07,0.52,41
Республика Саха (Якутия),2025-08,0.86,27
Республика Саха (Якутия),2025-09,-0.76,26
Республика Саха (Якутия),2025-10,-0.57,27
Республика Саха (Якутия),2025-11,-2.6,27
Республика Саха (Якутия),2025-12,-2.62,27
Республика Саха (Якутия),2026-01,-1.43,25
Республика Саха (Якутия),2026-02,-0.52,26
Республика Саха (Якутия),2026-03,3.88,24
Республика Саха (Якутия),2026-04,0.1,27
Республика Саха (Якутия),2026-05,-1.31,27
Республика Саха (Якутия),2026-06,0.25,27
Республика Северная Осетия - Алания,2014-01,-0.29,1
Республика Северная Осетия - Алания,2014-02,1.1,1
Республика Северная Осетия - Алания,2014-03,2.0,1
Республика Северная Осетия - Алания,2014-04,0.28,1
Республика Северная Осетия - Алания,2014-05,2.0,1
Республика Северная Осетия - Алания,2014-06,-0.37,1
Республика Северная Осетия - Алания,2014-07,-0.86,1
Республика Северная Осетия - Алания,2014-08,1.63,1
Республика Северная Осетия - Алания,2014-09,-1.39,1
Республика Северная Осетия - Алания,2014-10,-2.61,1
Республика Северная Осетия - Алания,2014-11,-1.79,1
Республика Северная Осетия - Алания,2014-12,1.58,1
Республика Северная Осетия - Алания,2015-01,1.91,1
Республика Северная Осетия - Алания,2015-02,1.5,1
Республика Северная Осетия - Алания,2015-03,0.4,1
Республика Северная Осетия - Алания,2015-04,-2.21,1
Республика Северная Осетия - Алания,2015-05,0.0,1
Республика Северная Осетия - Алания,2015-06,2.73,1
Республика Северная Осетия - Алания,2015-07,0.24,1
Республика Северная Осетия - Алания,2015-08,0.28,1
Республика Северная Осетия - Алания,2015-09,3.62,1
Республика Северная Осетия - Алания,2015-10,-2.36,1
Республика Северная Осетия - Алания,2015-11,2.51,1
Республика Северная Осетия - Алания,2015-12,1.93,1
Республика Северная Осетия - Алания,2016-01,-0.69,1
Республика Северная Осетия - Алания,2016-02,5.3,1
Республика Северная Осетия - Алания,2016-03,2.15,1
Республика Северная Осетия - Алания,2016-04,3.04,1
Республика Северная Осетия - Алания,2016-05,-1.45,1
Республика Северная Осетия - Алания,2016-06,-0.17,1
Республика Северная Осетия - Алания,2016-07,-0.91,1
Республика Северная Осетия - Алания,2016-08,1.53,1
Республика Северная Осетия - Алания,2016-09,-0.48,1
Республика Северная Осетия - Алания,2016-10,-2.91,1
Республика Северная Осетия - Алания,2016-11,0.46,1
Республика Северная Осетия - Алания,2016-12,-1.32,1
Республика Северная Осетия - Алания,2017-01,-0.19,1
Республика Северная Осетия - Алания,2017-02,-0.15,1
Республика Северная Осетия - Алания,2017-03,0.05,1
Республика Северная Осетия - Алания,2017-04,0.19,1
Республика Северная Осетия - Алания,2017-05,-0.3,1
Республика Северная Осетия - Алания,2017-06,-1.07,1
Республика Северная Осетия - Алания,2017-07,0.6,1
Республика Северная Осетия - Алания,2017-08,0.94,1
Республика Северная Осетия - Алания,2017-09,2.08,1
Республика Северная Осетия - Алания,2017-10,-0.21,1
Республика Северная Осетия - Алания,2017-11,0.66,1
Республика Северная Осетия - Алания,2017-12,3.43,1
Республика Северная Осетия - Алания,2018-01,0.11,1
Республика Северная Осетия - Алания,2018-02,2.65,1
Республика Северная Осетия - Алания,2018-03,0.25,1
Республика Северная Осетия - Алания,2018-04,1.04,1
Республика Северная Осетия - Алания,2018-05,1.64,1
Республика Северная Осетия - Алания,2018-06,0.67,1
Республика Северная Осетия - Алания,2018-07,1.62,1
Республика Северная Осетия - Алания,2018-08,-1.71,1
Республика Северная Осетия - Алания,2018-09,0.82,1
Республика Северная Осетия - Алания,2018-10,1.85,1
Республика Северная Осетия - Алания,2018-11,-0.01,1
Республика Северная Осетия - Алания,2018-12,1.01,1
Республика Северная Осетия - Алания,2019-01,1.68,1
Республика Северная Осетия - Алания,2019-02,1.77,1
Республика Северная Осетия - Алания,2019-03,1.14,1
Республика Северная Осетия - Алания,2019-04,-0.04,1
Республика Северная Осетия - Алания,2019-05,2.27,1
Республика Северная Осетия - Алания,2019-06,3.23,1
Республика Северная Осетия - Алания,2019-07,-1.59,1
Республика Северная Осетия - Алания,2019-08,-0.25,1
Республика Северная Осетия - Алания,2019-09,-1.46,1
Республика Северная Осетия - Алания,2019-10,2.01,1
Республика Северная Осетия - Алания,2019-11,-0.57,1
Республика Северная Осетия - Алания,2019-12,2.3,1
Республика Северная Осетия - Алания,2020-01,1.23,1
Республика Северная Осетия - Алания,2020-02,3.07,1
Республика Северная Осетия - Алания,2020-03,2.97,1
Республика Северная Осетия - Алания,2020-04,-1.89,1
Республика Северная Осетия - Алания,2020-05,-0.23,1
Республика Северная Осетия - Алания,2020-06,1.55,1
Республика Северная Осетия - Алания,2020-07,1.86,1
Республика Северная Осетия - Алания,2020-08,-1.25,1
Республика Северная Осетия - Алания,2020-09,1.84,1
Республика Северная Осетия - Алания,2020-10,2.96,1
Республика Северная Осетия - Алания,2020-11,-0.02,1
Республика Северная Осетия - Алания,2020-12,-0.6,1
Республика Северная Осетия - Алания,2021-01,3.63,1
Республика Северная Осетия - Алания,2021-02,1.27,1
Республика Северная Осетия - Алания,2021-03,-2.18,1
Республика Северная Осетия - Алания,2021-04,1.41,1
Республика Северная Осетия - Алания,2021-05,2.37,1
Республика Северная Осетия - Алания,2021-06,0.5,1
Республика Северная Осетия - Алания,2021-07,1.01,1
Республика Северная Осетия - Алания,2021-08,1.55,1
Республика Северная Осетия - Алания,2021-09,-2.01,1
Республика Северная Осетия - Алания,2021-10,-1.99,1
Республика Северная Осетия - Алания,2021-11,1.58,1
Республика Северная Осетия - Алания,2021-12,2.3,1
Республика Северная Осетия - Алания,2022-01,0.83,1
Республика Северная Осетия - Алания,2022-02,3.27,1
Республика Северная Осетия - Алания,2022-03,-3.93,1
Республика Северная Осетия - Алания,2022-04,2.81,1
Республика Северная Осетия - Алания,2022-05,-2.03,1
Республика Северная Осетия - Алания,2022-06,-2.8,1
Республика Северная Осетия - Алания,2022-07,-0.69,1
Республика Северная Осетия - Алания,2022-08,1.8,1
Республика Северная Осетия - Алания,2022-09,1.34,1
Республика Северная Осетия - Алания,2022-10,0.86,1
Республика Северная Осетия - Алания,2022-11,2.13,1
Республика Северная Осетия - Алания,2022-12,0.6,1
Республика Северная Осетия - Алания,2023-01,-0.72,1
Республика Северная Осетия - Алания,2023-02,-0.48,1
Республика Северная Осетия - Алания,2023-03,3.52,1
Республика Северная Осетия - Алания,2023-04,0.51,1
Республика Северная Осетия - Алания,2023-05,-0.58,1
Республика Северная Осетия - Алания,2023-06,-0.45,1
Республика Северная Осетия - Алания,2023-07,-0.19,1
Республика Северная Осетия - Алания,2023-08,2.45,1
Республика Северная Осетия - Алания,2023-09,0.34,1
Республика Северная Осетия - Алания,2023-10,1.71,1
Республика Северная Осетия - Алания,2023-11,4.48,1
Республика Северная Осетия - Алания,2023-12,3.35,1
Республика Северная Осетия - Алания,2024-01,1.58,1
Республика Северная Осетия - Алания,2024-02,3.77,1
Республика Северная Осетия - Алания,2024-03,0.02,1
Республика Северная Осетия - Алания,2024-04,6.01,1
Республика Северная Осетия - Алания,2024-05,-2.18,1
Республика Северная Осетия - Алания,2024-06,2.1,1
Республика Северная Осетия - Алания,2024-07,1.26,1
Республика Северная Осетия - Алания,2024-08,0.8,1
Республика Северная Осетия - Алания,2024-09,0.89,1
Республика Северная Осетия - Алания,2024-10,0.01,1
Республика Северная Осетия - Алания,2024-11,0.08,1
Республика Северная Осетия - Алания,2024-12,3.35,1
Республика Северная Осетия - Алания,2025-01,4.13,1
Республика Северная Осетия - Алания,2025-02,-3.23,1
Республика Северная Осетия - Алания,2025-03,3.67,1
Республика Северная Осетия - Алания,2025-04,0.31,1
Республика Северная Осетия - Алания,2025-05,-0.28,1
Республика Северная Осетия - Алания,2025-06,-0.55,1
Республика Северная Осетия - Алания,2025-07,1.91,1
Республика Северная Осетия - Алания,2025-08,1.6,1
Республика Северная Осетия - Алания,2025-09,-1.01,1
Республика Северная Осетия - Алания,2025-10,0.31,1
Республика Северная Осетия - Алания,2025-11,4.93,1
Республика Северная Осетия - Алания,2025-12,0.35,1
Республика Северная Осетия - Алания,2026-01,1.63,1
Республика Северная Осетия - Алания,2026-02,3.42,1
Республика Северная Осетия - Алания,2026-03,1.12,1
Республика Северная Осетия - Алания,2026-04,-1.59,1
Республика Северная Осетия - Алания,2026-05,-1.58,1
Республика Северная Осетия - Алания,2026-06,-0.9,1
Республика Татарстан,2014-01,-1.16,4
Республика Татарстан,2014-02,-2.18,4
Республика Татарстан,2014-03,2.39,4
Республика Татарстан,2014-04,-2.26,4
Республика Татарстан,2014-05,2.56,4
Республика Татарстан,2014-06,-0.58,4
Республика Татарстан,2014-07,-2.21,3
Республика Татарстан,2014-08,1.31,4
Республика Татарстан,2014-09,-0.64,3
Республика Татарстан,2014-10,-3.62,4
Республика Татарстан,2014-11,-0.7,4
Республика Татарстан,2014-12,1.55,4
Республика Татарстан,2015-01,-0.06,4
Республика Татарстан,2015-02,3.0,4
Республика Татарстан,2015-03,0.34,4
Республика Татарстан,2015-04,-0.99,2
Республика Татарстан,2015-05,2.07,2
Республика Татарстан,2015-06,3.26,2
Республика Татарстан,2015-07,-1.53,2
Республика Татарстан,2015-08,-1.93,2
Республика Татарстан,2015-09,3.23,2
Республика Татарстан,2015-10,-3.41,3
Республика Татарстан,2015-11,0.85,4
Республика Татарстан,2015-12,4.89,4
Республика Татарстан,2016-01,-1.86,4
Республика Татарстан,2016-02,7.02,4
Республика Татарстан,2016-03,1.82,4
Республика Татарстан,2016-04,2.7,2
Республика Татарстан,2016-05,1.27,2
Республика Татарстан,2016-06,-0.03,2
Республика Татарстан,2016-07,1.36,2
Республика Татарстан,2016-08,5.49,2
Республика Татарстан,2016-09,-0.59,2
Республика Татарстан,2016-10,-1.45,2
Республика Татарстан,2016-11,-2.44,4
Республика Татарстан,2016-12,-3.68,4
Республика Татарстан,2017-01,-1.19,4
Республика Татарстан,2017-02,1.18,4
Республика Татарстан,2017-03,1.4,4
Республика Татарстан,2017-04,-1.71,3
Республика Татарстан,2017-05,-2.63,3
Республика Татарстан,2017-06,-2.64,2
Республика Татарстан,2017-07,-0.67,2
Республика Татарстан,2017-08,0.97,2
Республика Татарстан,2017-09,0.3,2
Республика Татарстан,2017-10,-0.62,2
Республика Татарстан,2017-11,3.02,4
Республика Татарстан,2017-12,3.01,4
Республика Татарстан,2018-01,0.54,4
Республика Татарстан,2018-02,-1.27,4
Республика Татарстан,2018-03,-5.71,4
Республика Татарстан,2018-04,-1.23,2
Республика Татарстан,2018-05,0.64,2
Республика Татарстан,2018-06,-1.64,2
Республика Татарстан,2018-07,1.91,2
Республика Татарстан,2018-08,0.92,2
Республика Татарстан,2018-09,1.71,2
Республика Татарстан,2018-10,0.95,2
Республика Татарстан,2018-11,-0.71,4
Республика Татарстан,2018-12,-0.01,4
Республика Татарстан,2019-01,-0.7,4
Республика Татарстан,2019-02,2.19,4
Республика Татарстан,2019-03,2.54,4
Республика Татарстан,2019-04,0.24,2
Республика Татарстан,2019-05,1.99,2
Республика Татарстан,2019-06,0.24,2
Республика Татарстан,2019-07,-1.83,2
Республика Татарстан,2019-08,-1.78,2
Республика Татарстан,2019-09,-1.91,2
Республика Татарстан,2019-10,2.97,2
Республика Татарстан,2019-11,0.05,4
Республика Татарстан,2019-12,3.43,4
Республика Татарстан,2020-01,6.88,4
Республика Татарстан,2020-02,6.01,4
Республика Татарстан,2020-03,5.26,4
Республика Татарстан,2020-04,0.32,2
Республика Татарстан,2020-05,-0.26,2
Республика Татарстан,2020-06,-1.43,2
Республика Татарстан,2020-07,1.57,2
Республика Татарстан,2020-08,-0.85,2
Республика Татарстан,2020-09,0.62,2
Республика Татарстан,2020-10,1.52,2
Республика Татарстан,2020-11,-0.9,4
Республика Татарстан,2020-12,-3.18,4
Республика Татарстан,2021-01,0.06,4
Республика Татарстан,2021-02,-5.19,4
Республика Татарстан,2021-03,-1.76,4
Республика Татарстан,2021-04,1.29,2
Республика Татарстан,2021-05,4.12,2
Республика Татарстан,2021-06,3.77,2
Республика Татарстан,2021-07,1.07,2
Республика Татарстан,2021-08,3.9,2
Республика Татарстан,2021-09,-2.33,2
Республика Татарстан,2021-10,0.89,2
Республика Татарстан,2021-11,1.58,4
Республика Татарстан,2021-12,0.53,4
Республика Татарстан,2022-01,0.2,4
Республика Татарстан,2022-02,6.44,4
Республика Татарстан,2022-03,-1.84,4
Республика Татарстан,2022-04,0.74,2
Республика Татарстан,2022-05,-4.23,2
Республика Татарстан,2022-06,-0.74,3
Республика Татарстан,2022-07,0.76,4
Республика Татарстан,2022-08,2.96,4
Республика Татарстан,2022-09,-0.43,4
Республика Татарстан,2022-10,0.73,4
Республика Татарстан,2022-11,0.5,4
Республика Татарстан,2022-12,-0.28,4
Республика Татарстан,2023-01,-2.02,4
Республика Татарстан,2023-02,2.03,4
Республика Татарстан,2023-03,5.27,4
Республика Татарстан,2023-04,3.27,4
Республика Татарстан,2023-05,2.0,3
Республика Татарстан,2023-06,-1.8,3
Республика Татарстан,2023-07,1.49,3
Республика Татарстан,2023-08,1.41,3
Республика Татарстан,2023-09,2.56,3
Республика Татарстан,2023-10,0.34,3
Республика Татарстан,2023-11,2.99,4
Республика Татарстан,2023-12,-0.61,4
Республика Татарстан,2024-01,-2.84,4
Республика Татарстан,2024-02,-1.47,4
Республика Татарстан,2024-03,0.53,4
Республика Татарстан,2024-04,5.54,2
Республика Татарстан,2024-05,-3.76,2
Республика Татарстан,2024-06,3.05,2
Республика Татарстан,2024-07,0.94,2
Республика Татарстан,2024-08,-0.03,2
Республика Татарстан,2024-09,2.24,2
Республика Татарстан,2024-10,1.07,2
Республика Татарстан,2024-11,2.28,3
Республика Татарстан,2024-12,0.65,3
Республика Татарстан,2025-01,6.03,4
Республика Татарстан,2025-02,1.37,4
Республика Татарстан,2025-03,4.44,4
Республика Татарстан,2025-04,4.19,2
Республика Татарстан,2025-05,0.24,2
Республика Татарстан,2025-06,0.12,2
Республика Татарстан,2025-07,-0.01,2
Республика Татарстан,2025-08,1.17,2
Республика Татарстан,2025-09,1.14,2
Республика Татарстан,2025-10,1.87,2
Республика Татарстан,2025-11,5.98,2
Республика Татарстан,2025-12,3.93,2
Республика Татарстан,2026-01,-0.29,2
Республика Татарстан,2026-02,-1.73,1
Республика Татарстан,2026-03,3.12,2
Республика Татарстан,2026-04,1.64,2
Республика Татарстан,2026-05,2.22,2
Республика Татарстан,2026-06,-0.93,3
Республика Тыва,2014-01,3.02,4
Республика Тыва,2014-02,-2.61,4
Республика Тыва,2014-03,1.29,4
Республика Тыва,2014-04,1.29,4
Республика Тыва,2014-05,-2.14,4
Республика Тыва,2014-06,-1.28,4
Республика Тыва,2014-07,-0.53,4
Республика Тыва,2014-08,0.12,4
Республика Тыва,2014-09,-1.08,4
Республика Тыва,2014-10,0.5,4
Республика Тыва,2014-11,1.19,4
Республика Тыва,2014-12,-0.51,4
Республика Тыва,2015-01,3.64,4
Республика Тыва,2015-02,1.14,4
Республика Тыва,2015-03,0.83,4
Республика Тыва,2015-04,1.81,4
Республика Тыва,2015-05,0.19,4
Республика Тыва,2015-06,1.42,4
Республика Тыва,2015-07,1.27,4
Республика Тыва,2015-08,1.9,4
Республика Тыва,2015-09,-0.63,4
Республика Тыва,2015-10,1.79,4
Республика Тыва,2015-11,-1.81,3
Республика Тыва,2015-12,3.97,4
Республика Тыва,2016-01,-1.92,3
Республика Тыва,2016-02,0.74,4
Республика Тыва,2016-03,2.08,4
Республика Тыва,2016-04,0.52,4
Республика Тыва,2016-05,-1.44,4
Республика Тыва,2016-06,0.36,4
Республика Тыва,2016-07,0.59,4
Республика Тыва,2016-08,-1.06,4
Республика Тыва,2016-09,2.83,4
Республика Тыва,2016-10,-2.92,4
Республика Тыва,2016-11,-3.92,4
Республика Тыва,2016-12,2.76,3
Республика Тыва,2017-01,2.76,4
Республика Тыва,2017-02,2.36,4
Республика Тыва,2017-03,2.9,4
Республика Тыва,2017-04,2.49,4
Республика Тыва,2017-05,1.39,4
Республика Тыва,2017-06,2.34,4
Республика Тыва,2017-07,-0.86,3
Республика Тыва,2017-08,-0.3,4
Республика Тыва,2017-09,-0.26,4
Республика Тыва,2017-10,-1.99,4
Республика Тыва,2017-11,0.87,4
Республика Тыва,2017-12,2.98,4
Республика Тыва,2018-01,-2.47,4
Республика Тыва,2018-02,0.41,4
Республика Тыва,2018-03,4.63,4
Республика Тыва,2018-04,0.75,4
Республика Тыва,2018-05,-0.92,4
Республика Тыва,2018-06,1.41,3
Республика Тыва,2018-07,-1.89,4
Республика Тыва,2018-08,0.89,4
Республика Тыва,2018-09,-0.47,4
Республика Тыва,2018-10,2.2,4
Республика Тыва,2018-11,0.0,3
Республика Тыва,2018-12,-1.66,4
Республика Тыва,2019-01,-0.39,4
Республика Тыва,2019-02,-2.64,4
Республика Тыва,2019-03,3.62,4
Республика Тыва,2019-04,1.46,4
Республика Тыва,2019-05,-1.37,4
Республика Тыва,2019-06,-0.32,4
Республика Тыва,2019-07,1.92,2
Республика Тыва,2019-08,3.08,2
Республика Тыва,2019-09,5.11,2
Республика Тыва,2019-10,0.67,2
Республика Тыва,2019-11,0.15,1
Республика Тыва,2019-12,0.02,2
Республика Тыва,2020-01,-1.68,2
Республика Тыва,2020-02,0.22,2
Республика Тыва,2020-03,-1.15,2
Республика Тыва,2020-04,3.5,2
Республика Тыва,2020-05,4.75,2
Республика Тыва,2020-06,0.01,2
Республика Тыва,2020-07,0.9,2
Республика Тыва,2020-08,0.85,2
Республика Тыва,2020-09,3.06,2
Республика Тыва,2020-10,0.19,2
Республика Тыва,2020-11,4.8,1
Республика Тыва,2020-12,-1.03,2
Республика Тыва,2021-01,-1.15,2
Республика Тыва,2021-02,3.12,2
Республика Тыва,2021-03,4.4,1
Республика Тыва,2021-04,0.15,2
Республика Тыва,2021-05,1.25,2
Республика Тыва,2021-06,0.26,2
Республика Тыва,2021-07,1.02,2
Республика Тыва,2021-08,2.1,2
Республика Тыва,2021-09,1.93,2
Республика Тыва,2021-10,1.79,2
Республика Тыва,2021-11,0.55,1
Республика Тыва,2021-12,1.22,2
Республика Тыва,2022-01,-0.35,2
Республика Тыва,2022-02,-5.58,2
Республика Тыва,2022-03,2.15,1
Республика Тыва,2022-04,2.52,2
Республика Тыва,2022-05,4.8,2
Республика Тыва,2022-06,3.21,2
Республика Тыва,2022-07,-1.08,2
Республика Тыва,2022-08,-0.55,2
Республика Тыва,2022-09,4.23,2
Республика Тыва,2022-10,0.42,2
Республика Тыва,2022-11,-1.2,2
Республика Тыва,2022-12,-6.13,2
Республика Тыва,2023-01,0.7,2
Республика Тыва,2023-02,-1.81,2
Республика Тыва,2023-03,1.48,2
Республика Тыва,2023-04,-2.0,2
Республика Тыва,2023-05,-0.08,2
Республика Тыва,2023-06,3.74,2
Республика Тыва,2023-07,2.92,2
Республика Тыва,2023-08,4.78,2
Республика Тыва,2023-09,3.41,2
Республика Тыва,2023-10,5.42,2
Республика Тыва,2023-11,1.75,2
Республика Тыва,2023-12,-6.76,2
Республика Тыва,2024-01,-0.73,2
Республика Тыва,2024-02,-4.61,2
Республика Тыва,2024-03,-0.77,2
Республика Тыва,2024-04,0.5,2
Республика Тыва,2024-05,4.82,2
Республика Тыва,2024-06,3.69,2
Республика Тыва,2024-07,5.72,1
Республика Тыва,2024-08,3.28,2
Республика Тыва,2024-09,1.31,2
Республика Тыва,2024-10,3.34,2
Республика Тыва,2024-11,3.25,2
Республика Тыва,2024-12,-0.46,2
Республика Тыва,2025-01,-0.23,2
Республика Тыва,2025-02,-0.36,2
Республика Тыва,2025-03,2.3,1
Республика Тыва,2025-04,2.9,2
Республика Тыва,2025-05,2.32,2
Республика Тыва,2025-06,3.06,2
Республика Тыва,2025-07,3.62,1
Республика Тыва,2025-08,3.08,1
Республика Тыва,2025-09,1.53,2
Республика Тыва,2025-10,-1.13,2
Республика Тыва,2025-11,1.2,2
Республика Тыва,2025-12,0.94,2
Республика Тыва,2026-01,-1.1,1
Республика Тыва,2026-02,-3.76,2
Республика Тыва,2026-03,-0.7,2
Республика Тыва,2026-04,2.27,2
Республика Тыва,2026-05,2.45,2
Республика Тыва,2026-06,4.26,2
Республика Хакасия,2014-01,1.49,4
Республика Хакасия,2014-02,-3.22,4
Республика Хакасия,2014-03,3.34,4
Республика Хакасия,2014-04,2.25,4
Республика Хакасия,2014-05,-2.17,4
Республика Хакасия,2014-06,-0.86,4
Республика Хакасия,2014-07,0.04,4
Республика Хакасия,2014-08,0.72,4
Республика Хакасия,2014-09,-1.43,4
Республика Хакасия,2014-10,-1.76,4
Республика Хакасия,2014-11,-0.66,3
Республика Хакасия,2014-12,-0.1,4
Республика Хакасия,2015-01,4.0,4
Республика Хакасия,2015-02,1.39,4
Республика Хакасия,2015-03,0.63,4
Республика Хакасия,2015-04,1.39,4
Республика Хакасия,2015-05,0.18,4
Республика Хакасия,2015-06,1.16,4
Республика Хакасия,2015-07,1.16,4
Республика Хакасия,2015-08,0.03,4
Республика Хакасия,2015-09,-0.49,4
Республика Хакасия,2015-10,2.55,3
Республика Хакасия,2015-11,-3.05,4
Республика Хакасия,2015-12,4.89,5
Республика Хакасия,2016-01,-4.51,5
Республика Хакасия,2016-02,2.08,5
Республика Хакасия,2016-03,2.27,5
Республика Хакасия,2016-04,2.63,5
Республика Хакасия,2016-05,-1.06,5
Республика Хакасия,2016-06,1.06,5
Республика Хакасия,2016-07,1.38,5
Республика Хакасия,2016-08,-0.24,5
Республика Хакасия,2016-09,3.62,5
Республика Хакасия,2016-10,-5.61,5
Республика Хакасия,2016-11,-3.35,5
Республика Хакасия,2016-12,1.67,5
Республика Хакасия,2017-01,3.19,5
Республика Хакасия,2017-02,1.4,5
Республика Хакасия,2017-03,3.39,5
Республика Хакасия,2017-04,1.87,5
Республика Хакасия,2017-05,1.09,5
Республика Хакасия,2017-06,3.54,4
Республика Хакасия,2017-07,-0.4,5
Республика Хакасия,2017-08,-0.06,5
Республика Хакасия,2017-09,-0.99,5
Республика Хакасия,2017-10,-1.32,5
Республика Хакасия,2017-11,1.11,5
Республика Хакасия,2017-12,2.27,5
Республика Хакасия,2018-01,-3.72,5
Республика Хакасия,2018-02,-0.78,5
Республика Хакасия,2018-03,-0.21,5
Республика Хакасия,2018-04,-0.45,5
Республика Хакасия,2018-05,-2.27,5
Республика Хакасия,2018-06,2.88,5
Республика Хакасия,2018-07,-1.12,5
Республика Хакасия,2018-08,1.33,5
Республика Хакасия,2018-09,0.82,5
Республика Хакасия,2018-10,1.75,5
Республика Хакасия,2018-11,-0.75,5
Республика Хакасия,2018-12,-4.37,5
Республика Хакасия,2019-01,0.2,5
Республика Хакасия,2019-02,-2.66,5
Республика Хакасия,2019-03,4.21,5
Республика Хакасия,2019-04,-0.45,5
Республика Хакасия,2019-05,-1.57,4
Республика Хакасия,2019-06,-0.37,5
Республика Хакасия,2019-07,-1.76,3
Республика Хакасия,2019-08,0.6,3
Республика Хакасия,2019-09,0.39,3
Республика Хакасия,2019-10,0.47,3
Республика Хакасия,2019-11,-3.11,3
Республика Хакасия,2019-12,1.41,2
Республика Хакасия,2020-01,3.13,3
Республика Хакасия,2020-02,4.68,3
Республика Хакасия,2020-03,1.75,3
Республика Хакасия,2020-04,3.89,3
Республика Хакасия,2020-05,0.88,3
Республика Хакасия,2020-06,-2.79,3
Республика Хакасия,2020-07,-0.98,3
Республика Хакасия,2020-08,0.11,3
Республика Хакасия,2020-09,-0.52,3
Республика Хакасия,2020-10,-1.06,3
Республика Хакасия,2020-11,1.33,3
Республика Хакасия,2020-12,-1.15,3
Республика Хакасия,2021-01,-1.62,3
Республика Хакасия,2021-02,0.77,3
Республика Хакасия,2021-03,-0.82,3
Республика Хакасия,2021-04,-1.24,3
Республика Хакасия,2021-05,-0.14,3
Республика Хакасия,2021-06,-2.02,3
Республика Хакасия,2021-07,-0.19,3
Республика Хакасия,2021-08,0.25,3
Республика Хакасия,2021-09,-1.55,3
Республика Хакасия,2021-10,-0.55,3
Республика Хакасия,2021-11,1.02,3
Республика Хакасия,2021-12,3.06,3
Республика Хакасия,2022-01,1.83,3
Республика Хакасия,2022-02,-0.63,3
Республика Хакасия,2022-03,-1.87,3
Республика Хакасия,2022-04,0.68,3
Республика Хакасия,2022-05,3.41,3
Республика Хакасия,2022-06,-0.37,3
Республика Хакасия,2022-07,-2.37,3
Республика Хакасия,2022-08,-1.93,3
Республика Хакасия,2022-09,0.63,3
Республика Хакасия,2022-10,-0.77,2
Республика Хакасия,2022-11,-1.42,3
Республика Хакасия,2022-12,-2.75,3
Республика Хакасия,2023-01,2.12,3
Республика Хакасия,2023-02,1.07,3
Республика Хакасия,2023-03,2.78,3
Республика Хакасия,2023-04,-4.19,3
Республика Хакасия,2023-05,-1.88,3
Республика Хакасия,2023-06,-0.63,3
Республика Хакасия,2023-07,-0.0,3
Республика Хакасия,2023-08,0.87,3
Республика Хакасия,2023-09,1.06,3
Республика Хакасия,2023-10,1.65,3
Республика Хакасия,2023-11,0.8,3
Республика Хакасия,2023-12,-1.16,3
Республика Хакасия,2024-01,1.14,3
Республика Хакасия,2024-02,-2.93,3
Республика Хакасия,2024-03,0.75,3
Республика Хакасия,2024-04,0.4,3
Республика Хакасия,2024-05,0.99,3
Республика Хакасия,2024-06,1.14,3
Республика Хакасия,2024-07,1.57,3
Республика Хакасия,2024-08,1.43,3
Республика Хакасия,2024-09,-2.45,3
Республика Хакасия,2024-10,-0.06,3
Республика Хакасия,2024-11,1.69,3
Республика Хакасия,2024-12,1.43,3
Республика Хакасия,2025-01,4.8,3
Республика Хакасия,2025-02,2.24,3
Республика Хакасия,2025-03,0.39,3
Республика Хакасия,2025-04,2.07,3
Республика Хакасия,2025-05,-0.52,3
Республика Хакасия,2025-06,2.2,3
Республика Хакасия,2025-07,-0.97,3
Республика Хакасия,2025-08,-3.45,1
Республика Хакасия,2025-09,-0.57,1
Республика Хакасия,2025-10,-5.22,1
Республика Хакасия,2025-11,0.17,1
Республика Хакасия,2025-12,1.25,1
Республика Хакасия,2026-01,0.85,1
Республика Хакасия,2026-02,-1.09,1
Республика Хакасия,2026-03,-3.39,1
Республика Хакасия,2026-04,-3.26,1
Республика Хакасия,2026-05,-4.72,1
Республика Хакасия,2026-06,-0.58,1
Ростовская область,2014-01,-1.37,8
Ростовская область,2014-02,0.19,8
Ростовская область,2014-03,1.6,8
Ростовская область,2014-04,-0.47,9
Ростовская область,2014-05,2.86,10
Ростовская область,2014-06,-0.88,10
Ростовская область,2014-07,-0.04,10
Ростовская область,2014-08,1.53,10
Ростовская область,2014-09,-0.76,10
Ростовская область,2014-10,-3.11,9
Ростовская область,2014-11,-1.7,7
Ростовская область,2014-12,1.49,7
Ростовская область,2015-01,0.32,7
Ростовская область,2015-02,2.08,7
Ростовская область,2015-03,1.51,7
Ростовская область,2015-04,-0.68,6
Ростовская область,2015-05,-0.07,6
Ростовская область,2015-06,1.62,6
Ростовская область,2015-07,0.22,6
Ростовская область,2015-08,0.78,6
Ростовская область,2015-09,4.02,6
Ростовская область,2015-10,-2.64,6
Ростовская область,2015-11,2.31,9
Ростовская область,2015-12,3.27,9
Ростовская область,2016-01,-1.42,9
Ростовская область,2016-02,5.76,9
Ростовская область,2016-03,2.56,9
Ростовская область,2016-04,2.26,6
Ростовская область,2016-05,-0.15,7
Ростовская область,2016-06,0.65,6
Ростовская область,2016-07,0.35,6
Ростовская область,2016-08,2.82,6
Ростовская область,2016-09,-1.33,6
Ростовская область,2016-10,-2.38,6
Ростовская область,2016-11,-0.75,9
Ростовская область,2016-12,-3.24,9
Ростовская область,2017-01,-0.03,9
Ростовская область,2017-02,-0.76,9
Ростовская область,2017-03,2.9,9
Ростовская область,2017-04,-0.4,6
Ростовская область,2017-05,-1.0,6
Ростовская область,2017-06,-0.61,6
Ростовская область,2017-07,0.47,6
Ростовская область,2017-08,2.48,6
Ростовская область,2017-09,2.17,6
Ростовская область,2017-10,-0.29,6
Ростовская область,2017-11,0.79,9
Ростовская область,2017-12,4.62,9
Ростовская область,2018-01,0.39,9
Ростовская область,2018-02,-0.56,10
Ростовская область,2018-03,-3.77,10
Ростовская область,2018-04,1.16,6
Ростовская область,2018-05,2.64,6
Ростовская область,2018-06,1.59,6
Ростовская область,2018-07,1.77,6
Ростовская область,2018-08,0.72,6
Ростовская область,2018-09,2.34,6
Ростовская область,2018-10,2.64,6
Ростовская область,2018-11,-2.65,10
Ростовская область,2018-12,-0.06,10
Ростовская область,2019-01,0.53,10
Ростовская область,2019-02,1.38,10
Ростовская область,2019-03,1.37,10
Ростовская область,2019-04,0.52,6
Ростовская область,2019-05,1.93,6
Ростовская область,2019-06,3.57,6
Ростовская область,2019-07,-0.46,2
Ростовская область,2019-08,0.5,2
Ростовская область,2019-09,0.72,2
Ростовская область,2019-10,3.09,2
Ростовская область,2019-11,-0.02,7
Ростовская область,2019-12,3.07,7
Ростовская область,2020-01,4.0,7
Ростовская область,2020-02,3.21,7
Ростовская область,2020-03,3.89,7
Ростовская область,2020-04,-1.15,2
Ростовская область,2020-05,-0.59,2
Ростовская область,2020-06,2.29,2
Ростовская область,2020-07,2.29,2
Ростовская область,2020-08,0.6,2
Ростовская область,2020-09,3.87,2
Ростовская область,2020-10,4.41,2
Ростовская область,2020-11,-0.63,7
Ростовская область,2020-12,-2.5,7
Ростовская область,2021-01,1.75,7
Ростовская область,2021-02,-0.72,7
Ростовская область,2021-03,-1.49,7
Ростовская область,2021-04,-0.0,2
Ростовская область,2021-05,1.64,2
Ростовская область,2021-06,0.94,2
Ростовская область,2021-07,2.92,2
Ростовская область,2021-08,2.73,2
Ростовская область,2021-09,-0.45,2
Ростовская область,2021-10,-0.31,2
Ростовская область,2021-11,1.57,7
Ростовская область,2021-12,1.38,7
Ростовская область,2022-01,1.42,6
Ростовская область,2022-02,4.87,7
Ростовская область,2022-03,-2.47,7
Ростовская область,2022-04,2.35,2
Ростовская область,2022-05,-1.64,2
Ростовская область,2022-06,1.82,2
Ростовская область,2022-07,0.17,2
Ростовская область,2022-08,3.9,2
Ростовская область,2022-09,2.32,2
Ростовская область,2022-10,2.64,2
Ростовская область,2022-11,1.27,6
Ростовская область,2022-12,1.06,6
Ростовская область,2023-01,0.29,6
Ростовская область,2023-02,0.06,6
Ростовская область,2023-03,3.62,6
Ростовская область,2023-04,1.42,2
Ростовская область,2023-05,-0.46,2
Ростовская область,2023-06,-0.56,2
Ростовская область,2023-07,0.42,2
Ростовская область,2023-08,3.2,2
Ростовская область,2023-09,2.65,2
Ростовская область,2023-10,2.81,2
Ростовская область,2023-11,3.25,5
Ростовская область,2023-12,2.36,6
Ростовская область,2024-01,-0.24,6
Ростовская область,2024-02,2.42,6
Ростовская область,2024-03,-0.31,6
Ростовская область,2024-04,6.15,2
Ростовская область,2024-05,-0.79,2
Ростовская область,2024-06,2.99,2
Ростовская область,2024-07,3.97,2
Ростовская область,2024-08,1.95,2
Ростовская область,2024-09,4.15,2
Ростовская область,2024-10,2.19,2
Ростовская область,2024-11,0.86,6
Ростовская область,2024-12,1.97,6
Ростовская область,2025-01,4.88,6
Ростовская область,2025-02,-3.79,6
Ростовская область,2025-03,3.4,6
Ростовская область,2025-04,1.32,2
Ростовская область,2025-05,0.41,2
Ростовская область,2025-06,-0.03,2
Ростовская область,2025-07,3.22,2
Ростовская область,2025-08,1.45,2
Ростовская область,2025-09,1.27,2
Ростовская область,2025-10,1.66,2
Ростовская область,2025-11,6.41,2
Ростовская область,2025-12,2.7,2
Ростовская область,2026-01,-0.67,2
Ростовская область,2026-02,1.35,2
Ростовская область,2026-03,4.64,2
Ростовская область,2026-04,-0.45,2
Ростовская область,2026-05,0.09,2
Ростовская область,2026-06,-0.16,2
Рязанская область,2014-01,-2.08,4
Рязанская область,2014-02,2.81,4
Рязанская область,2014-03,2.91,4
Рязанская область,2014-04,-0.03,4
Рязанская область,2014-05,2.26,4
Рязанская область,2014-06,-0.8,4
Рязанская область,2014-07,0.03,3
Рязанская область,2014-08,1.53,4
Рязанская область,2014-09,-0.05,4
Рязанская область,2014-10,-1.95,4
Рязанская область,2014-11,-1.33,4
Рязанская область,2014-12,1.2,4
Рязанская область,2015-01,1.62,4
Рязанская область,2015-02,3.6,4
Рязанская область,2015-03,2.46,4
Рязанская область,2015-04,-0.72,3
Рязанская область,2015-05,1.16,3
Рязанская область,2015-06,0.94,3
Рязанская область,2015-07,-1.17,3
Рязанская область,2015-08,-1.04,3
Рязанская область,2015-09,2.88,3
Рязанская область,2015-10,-1.66,3
Рязанская область,2015-11,1.41,4
Рязанская область,2015-12,4.88,4
Рязанская область,2016-01,-2.96,4
Рязанская область,2016-02,6.13,4
Рязанская область,2016-03,1.91,4
Рязанская область,2016-04,2.07,3
Рязанская область,2016-05,0.47,3
Рязанская область,2016-06,0.25,3
Рязанская область,2016-07,1.34,3
Рязанская область,2016-08,2.39,3
Рязанская область,2016-09,-1.62,3
Рязанская область,2016-10,-1.2,3
Рязанская область,2016-11,-1.7,4
Рязанская область,2016-12,-1.5,4
Рязанская область,2017-01,-0.67,4
Рязанская область,2017-02,1.54,4
Рязанская область,2017-03,3.21,4
Рязанская область,2017-04,-0.3,3
Рязанская область,2017-05,-2.18,3
Рязанская область,2017-06,-2.68,3
Рязанская область,2017-07,-1.55,3
Рязанская область,2017-08,0.71,3
Рязанская область,2017-09,0.81,3
Рязанская область,2017-10,-0.97,3
Рязанская область,2017-11,0.41,4
Рязанская область,2017-12,5.47,4
Рязанская область,2018-01,1.55,4
Рязанская область,2018-02,-1.97,4
Рязанская область,2018-03,-5.5,4
Рязанская область,2018-04,0.81,3
Рязанская область,2018-05,2.25,3
Рязанская область,2018-06,-0.65,3
Рязанская область,2018-07,1.11,3
Рязанская область,2018-08,1.35,3
Рязанская область,2018-09,2.73,3
Рязанская область,2018-10,1.32,3
Рязанская область,2018-11,-0.9,3
Рязанская область,2018-12,-1.31,4
Рязанская область,2019-01,-1.25,4
Рязанская область,2019-02,4.15,4
Рязанская область,2019-03,1.56,4
Рязанская область,2019-04,0.88,3
Рязанская область,2019-05,2.03,3
Рязанская область,2019-06,1.46,3
Рязанская область,2019-07,-2.36,2
Рязанская область,2019-08,-1.31,2
Рязанская область,2019-09,-0.29,2
Рязанская область,2019-10,1.84,2
Рязанская область,2019-11,1.53,3
Рязанская область,2019-12,4.7,3
Рязанская область,2020-01,6.66,2
Рязанская область,2020-02,5.33,3
Рязанская область,2020-03,6.15,3
Рязанская область,2020-04,-1.98,2
Рязанская область,2020-05,-2.1,3
Рязанская область,2020-06,0.77,2
Рязанская область,2020-07,-0.06,2
Рязанская область,2020-08,-1.26,2
Рязанская область,2020-09,1.63,2
Рязанская область,2020-10,3.09,2
Рязанская область,2020-11,1.65,3
Рязанская область,2020-12,-1.03,3
Рязанская область,2021-01,1.83,3
Рязанская область,2021-02,-5.3,3
Рязанская область,2021-03,-1.45,3
Рязанская область,2021-04,0.52,2
Рязанская область,2021-05,1.11,2
Рязанская область,2021-06,2.47,2
Рязанская область,2021-07,1.91,2
Рязанская область,2021-08,3.44,2
Рязанская область,2021-09,-1.89,2
Рязанская область,2021-10,0.24,2
Рязанская область,2021-11,2.78,3
Рязанская область,2021-12,-0.97,3
Рязанская область,2022-01,0.73,3
Рязанская область,2022-02,4.72,3
Рязанская область,2022-03,-0.47,3
Рязанская область,2022-04,0.09,2
Рязанская область,2022-05,-4.02,2
Рязанская область,2022-06,0.34,2
Рязанская область,2022-07,0.49,2
Рязанская область,2022-08,3.69,2
Рязанская область,2022-09,-2.04,2
Рязанская область,2022-10,1.24,2
Рязанская область,2022-11,0.53,3
Рязанская область,2022-12,1.26,3
Рязанская область,2023-01,0.66,3
Рязанская область,2023-02,2.08,3
Рязанская область,2023-03,3.5,3
Рязанская область,2023-04,2.57,2
Рязанская область,2023-05,-1.07,2
Рязанская область,2023-06,-1.48,2
Рязанская область,2023-07,-0.69,2
Рязанская область,2023-08,1.79,2
Рязанская область,2023-09,2.11,2
Рязанская область,2023-10,-0.26,2
Рязанская область,2023-11,2.18,3
Рязанская область,2023-12,0.69,3
Рязанская область,2024-01,-3.81,3
Рязанская область,2024-02,1.26,3
Рязанская область,2024-03,0.08,3
Рязанская область,2024-04,5.02,2
Рязанская область,2024-05,-3.09,2
Рязанская область,2024-06,2.09,2
Рязанская область,2024-07,1.54,2
Рязанская область,2024-08,0.81,2
Рязанская область,2024-09,3.96,2
Рязанская область,2024-10,2.42,2
Рязанская область,2024-11,1.86,3
Рязанская область,2024-12,2.92,3
Рязанская область,2025-01,6.78,3
Рязанская область,2025-02,0.42,3
Рязанская область,2025-03,4.1,3
Рязанская область,2025-04,2.39,2
Рязанская область,2025-05,-1.29,2
Рязанская область,2025-06,-0.86,2
Рязанская область,2025-07,1.26,2
Рязанская область,2025-08,-0.69,2
Рязанская область,2025-09,0.98,2
Рязанская область,2025-10,1.42,2
Рязанская область,2025-11,4.68,2
Рязанская область,2025-12,2.79,2
Рязанская область,2026-01,-2.39,2
Рязанская область,2026-02,-2.95,2
Рязанская область,2026-03,3.02,2
Рязанская область,2026-04,-0.73,2
Рязанская область,2026-05,1.56,2
Рязанская область,2026-06,-0.16,2
Самарская область,2014-01,-0.42,4
Самарская область,2014-02,-2.65,4
Самарская область,2014-03,2.52,4
Самарская область,2014-04,-1.75,4
Самарская область,2014-05,2.4,4
Самарская область,2014-06,-0.87,4
Самарская область,2014-07,-1.8,3
Самарская область,2014-08,1.64,4
Самарская область,2014-09,-0.43,3
Самарская область,2014-10,-2.09,4
Самарская область,2014-11,-0.71,4
Самарская область,2014-12,1.33,4
Самарская область,2015-01,-1.0,4
Самарская область,2015-02,2.05,4
Самарская область,2015-03,-0.13,4
Самарская область,2015-04,-1.19,3
Самарская область,2015-05,1.53,3
Самарская область,2015-06,3.69,3
Самарская область,2015-07,-1.17,3
Самарская область,2015-08,-1.76,3
Самарская область,2015-09,3.41,3
Самарская область,2015-10,-2.73,3
Самарская область,2015-11,1.51,4
Самарская область,2015-12,5.0,4
Самарская область,2016-01,-1.87,4
Самарская область,2016-02,6.97,4
Самарская область,2016-03,3.2,4
Самарская область,2016-04,2.72,3
Самарская область,2016-05,0.89,3
Самарская область,2016-06,0.05,3
Самарская область,2016-07,0.96,3
Самарская область,2016-08,5.03,3
Самарская область,2016-09,-1.01,3
Самарская область,2016-10,-1.87,3
Самарская область,2016-11,-1.74,4
Самарская область,2016-12,-3.28,4
Самарская область,2017-01,-0.44,4
Самарская область,2017-02,1.13,4
Самарская область,2017-03,0.99,4
Самарская область,2017-04,-0.99,3
Самарская область,2017-05,-1.77,3
Самарская область,2017-06,-2.83,3
Самарская область,2017-07,-0.7,3
Самарская область,2017-08,0.9,3
Самарская область,2017-09,0.66,3
Самарская область,2017-10,-1.22,3
Самарская область,2017-11,2.6,4
Самарская область,2017-12,2.7,4
Самарская область,2018-01,-0.35,4
Самарская область,2018-02,-2.06,4
Самарская область,2018-03,-5.88,4
Самарская область,2018-04,-1.56,3
Самарская область,2018-05,0.93,3
Самарская область,2018-06,-1.7,3
Самарская область,2018-07,2.1,3
Самарская область,2018-08,0.32,3
Самарская область,2018-09,2.05,3
Самарская область,2018-10,1.42,3
Самарская область,2018-11,-1.71,4
Самарская область,2018-12,-0.19,4
Самарская область,2019-01,-1.65,4
Самарская область,2019-02,1.63,4
Самарская область,2019-03,2.36,4
Самарская область,2019-04,0.07,4
Самарская область,2019-05,1.64,3
Самарская область,2019-06,0.61,3
Самарская область,2019-07,-1.47,1
Самарская область,2019-08,-1.43,1
Самарская область,2019-09,-2.65,1
Самарская область,2019-10,3.25,1
Самарская область,2019-11,-0.29,2
Самарская область,2019-12,3.65,2
Самарская область,2020-01,7.32,2
Самарская область,2020-02,5.82,2
Самарская область,2020-03,3.59,2
Самарская область,2020-04,-0.35,2
Самарская область,2020-05,-0.25,1
Самарская область,2020-06,-1.19,1
Самарская область,2020-07,1.93,1
Самарская область,2020-08,-0.98,1
Самарская область,2020-09,-0.05,1
Самарская область,2020-10,1.4,1
Самарская область,2020-11,-1.05,1
Самарская область,2020-12,-4.62,2
Самарская область,2021-01,0.07,2
Самарская область,2021-02,-4.39,2
Самарская область,2021-03,-1.21,2
Самарская область,2021-04,1.64,1
Самарская область,2021-05,5.35,1
Самарская область,2021-06,3.66,1
Самарская область,2021-07,1.23,1
Самарская область,2021-08,4.32,1
Самарская область,2021-09,-2.2,1
Самарская область,2021-10,0.2,1
Самарская область,2021-11,1.9,1
Самарская область,2021-12,0.92,2
Самарская область,2022-01,1.01,2
Самарская область,2022-02,6.53,2
Самарская область,2022-03,-0.87,2
Самарская область,2022-04,3.24,1
Самарская область,2022-05,-4.7,1
Самарская область,2022-06,-1.04,1
Самарская область,2022-07,-0.62,1
Самарская область,2022-08,2.57,1
Самарская область,2022-09,2.85,1
Самарская область,2022-10,1.15,1
Самарская область,2022-11,1.22,2
Самарская область,2022-12,0.53,2
Самарская область,2023-01,-3.15,2
Самарская область,2023-02,1.6,2
Самарская область,2023-03,6.79,2
Самарская область,2023-04,4.69,1
Самарская область,2023-05,0.5,1
Самарская область,2023-06,-1.99,1
Самарская область,2023-07,0.58,1
Самарская область,2023-08,0.52,1
Самарская область,2023-09,-0.35,1
Самарская область,2023-10,0.75,1
Самарская область,2023-11,2.35,2
Самарская область,2023-12,1.21,2
Самарская область,2024-01,-2.22,2
Самарская область,2024-02,-2.44,2
Самарская область,2024-03,-1.44,2
Самарская область,2024-04,8.34,1
Самарская область,2024-05,-4.05,1
Самарская область,2024-06,1.91,1
Самарская область,2024-07,1.83,1
Самарская область,2024-08,-0.38,1
Самарская область,2024-09,1.0,1
Самарская область,2024-10,1.5,1
Самарская область,2024-11,1.92,2
Самарская область,2024-12,2.07,2
Самарская область,2025-01,6.31,2
Самарская область,2025-02,0.75,2
Самарская область,2025-03,5.47,2
Самарская область,2025-04,4.19,1
Самарская область,2025-05,-0.3,1
Самарская область,2025-06,-0.34,1
Самарская область,2025-07,0.28,1
Самарская область,2025-08,1.07,1
Самарская область,2025-09,0.85,1
Самарская область,2025-10,0.9,1
Самарская область,2025-11,5.7,1
Самарская область,2025-12,4.09,1
Самарская область,2026-01,-1.26,1
Самарская область,2026-02,-1.72,1
Самарская область,2026-03,3.33,1
Самарская область,2026-04,1.94,1
Самарская область,2026-05,1.55,1
Самарская область,2026-06,-1.29,1
Саратовская область,2014-01,-1.13,7
Саратовская область,2014-02,-1.7,7
Саратовская область,2014-03,1.38,7
Саратовская область,2014-04,-1.17,7
Саратовская область,2014-05,2.66,7
Саратовская область,2014-06,-1.19,7
Саратовская область,2014-07,-1.16,7
Саратовская область,2014-08,2.3,7
Саратовская область,2014-09,-0.29,7
Саратовская область,2014-10,-1.89,7
Саратовская область,2014-11,-2.34,7
Саратовская область,2014-12,1.25,7
Саратовская область,2015-01,-1.34,7
Саратовская область,2015-02,1.79,7
Саратовская область,2015-03,-0.09,7
Саратовская область,2015-04,-0.68,7
Саратовская область,2015-05,1.03,7
Саратовская область,2015-06,3.3,7
Саратовская область,2015-07,-0.7,7
Саратовская область,2015-08,-1.29,7
Саратовская область,2015-09,3.09,7
Саратовская область,2015-10,-2.7,7
Саратовская область,2015-11,2.3,7
Саратовская область,2015-12,5.39,7
Саратовская область,2016-01,-1.5,7
Саратовская область,2016-02,6.79,7
Саратовская область,2016-03,4.27,7
Саратовская область,2016-04,2.15,7
Саратовская область,2016-05,0.27,6
Саратовская область,2016-06,-0.12,7
Саратовская область,2016-07,0.55,7
Саратовская область,2016-08,3.95,7
Саратовская область,2016-09,-1.44,7
Саратовская область,2016-10,-1.61,7
Саратовская область,2016-11,-1.63,7
Саратовская область,2016-12,-3.2,7
Саратовская область,2017-01,-0.15,7
Саратовская область,2017-02,0.54,7
Саратовская область,2017-03,2.26,7
Саратовская область,2017-04,-0.5,7
Саратовская область,2017-05,-1.75,7
Саратовская область,2017-06,-2.5,7
Саратовская область,2017-07,-0.1,7
Саратовская область,2017-08,1.9,7
Саратовская область,2017-09,1.2,7
Саратовская область,2017-10,-0.8,7
Саратовская область,2017-11,1.65,7
Саратовская область,2017-12,2.67,7
Саратовская область,2018-01,-0.85,7
Саратовская область,2018-02,-2.27,7
Саратовская область,2018-03,-6.25,7
Саратовская область,2018-04,-1.32,7
Саратовская область,2018-05,1.84,7
Саратовская область,2018-06,-1.01,7
Саратовская область,2018-07,1.79,7
Саратовская область,2018-08,-0.14,7
Саратовская область,2018-09,2.44,7
Саратовская область,2018-10,1.58,7
Саратовская область,2018-11,-1.91,7
Саратовская область,2018-12,-1.24,7
Саратовская область,2019-01,-1.92,7
Саратовская область,2019-02,1.18,7
Саратовская область,2019-03,0.93,7
Саратовская область,2019-04,0.93,7
Саратовская область,2019-05,1.86,7
Саратовская область,2019-06,1.77,7
Саратовская область,2019-07,-2.41,3
Саратовская область,2019-08,-2.55,3
Саратовская область,2019-09,-2.37,3
Саратовская область,2019-10,2.46,5
Саратовская область,2019-11,-0.5,5
Саратовская область,2019-12,3.12,5
Саратовская область,2020-01,6.22,5
Саратовская область,2020-02,5.92,5
Саратовская область,2020-03,6.51,5
Саратовская область,2020-04,-1.54,5
Саратовская область,2020-05,-1.91,3
Саратовская область,2020-06,-0.48,3
Саратовская область,2020-07,0.59,3
Саратовская область,2020-08,-2.24,3
Саратовская область,2020-09,0.23,3
Саратовская область,2020-10,1.87,3
Саратовская область,2020-11,-0.41,5
Саратовская область,2020-12,-4.62,5
Саратовская область,2021-01,1.02,5
Саратовская область,2021-02,-2.38,5
Саратовская область,2021-03,-1.87,5
Саратовская область,2021-04,0.59,4
Саратовская область,2021-05,2.22,3
Саратовская область,2021-06,1.04,3
Саратовская область,2021-07,0.96,3
Саратовская область,2021-08,3.18,3
Саратовская область,2021-09,-2.42,3
Саратовская область,2021-10,-0.52,3
Саратовская область,2021-11,1.63,5
Саратовская область,2021-12,0.5,5
Саратовская область,2022-01,1.15,5
Саратовская область,2022-02,5.35,5
Саратовская область,2022-03,-2.04,5
Саратовская область,2022-04,2.15,4
Саратовская область,2022-05,-4.99,3
Саратовская область,2022-06,-0.79,3
Саратовская область,2022-07,-1.53,3
Саратовская область,2022-08,2.56,3
Саратовская область,2022-09,-1.45,3
Саратовская область,2022-10,0.38,3
Саратовская область,2022-11,1.08,4
Саратовская область,2022-12,1.3,4
Саратовская область,2023-01,-0.7,4
Саратовская область,2023-02,1.21,4
Саратовская область,2023-03,6.95,4
Саратовская область,2023-04,2.39,4
Саратовская область,2023-05,0.48,4
Саратовская область,2023-06,-2.49,3
Саратовская область,2023-07,-1.18,3
Саратовская область,2023-08,0.51,3
Саратовская область,2023-09,0.8,3
Саратовская область,2023-10,-0.23,3
Саратовская область,2023-11,3.64,4
Саратовская область,2023-12,2.59,4
Саратовская область,2024-01,-1.29,4
Саратовская область,2024-02,0.95,4
Саратовская область,2024-03,0.3,4
Саратовская область,2024-04,6.19,3
Саратовская область,2024-05,-3.24,3
Саратовская область,2024-06,1.74,3
Саратовская область,2024-07,0.94,3
Саратовская область,2024-08,-0.45,3
Саратовская область,2024-09,2.32,3
Саратовская область,2024-10,1.1,3
Саратовская область,2024-11,1.82,4
Саратовская область,2024-12,2.28,4
Саратовская область,2025-01,6.58,4
Саратовская область,2025-02,-0.17,4
Саратовская область,2025-03,6.0,4
Саратовская область,2025-04,2.84,3
Саратовская область,2025-05,-0.44,3
Саратовская область,2025-06,-1.94,3
Саратовская область,2025-07,-0.13,3
Саратовская область,2025-08,-0.95,3
Саратовская область,2025-09,0.83,3
Саратовская область,2025-10,0.57,3
Саратовская область,2025-11,5.69,3
Саратовская область,2025-12,3.25,3
Саратовская область,2026-01,-1.65,3
Саратовская область,2026-02,-1.86,3
Саратовская область,2026-03,3.72,3
Саратовская область,2026-04,-0.26,3
Саратовская область,2026-05,0.52,3
Саратовская область,2026-06,-2.01,3
Сахалинская область,2014-01,-2.28,9
Сахалинская область,2014-02,0.92,9
Сахалинская область,2014-03,0.39,9
Сахалинская область,2014-04,0.41,9
Сахалинская область,2014-05,0.15,9
Сахалинская область,2014-06,1.61,9
Сахалинская область,2014-07,1.27,9
Сахалинская область,2014-08,0.92,9
Сахалинская область,2014-09,0.21,6
Сахалинская область,2014-10,-0.27,9
Сахалинская область,2014-11,1.74,9
Сахалинская область,2014-12,1.05,9
Сахалинская область,2015-01,1.84,9
Сахалинская область,2015-02,4.34,9
Сахалинская область,2015-03,3.99,9
Сахалинская область,2015-04,1.11,9
Сахалинская область,2015-05,-0.02,9
Сахалинская область,2015-06,-1.0,9
Сахалинская область,2015-07,0.35,9
Сахалинская область,2015-08,0.18,9
Сахалинская область,2015-09,0.98,9
Сахалинская область,2015-10,-0.53,9
Сахалинская область,2015-11,0.43,9
Сахалинская область,2015-12,2.12,9
Сахалинская область,2016-01,-1.22,9
Сахалинская область,2016-02,-1.75,9
Сахалинская область,2016-03,0.94,9
Сахалинская область,2016-04,0.6,9
Сахалинская область,2016-05,2.0,9
Сахалинская область,2016-06,0.15,9
Сахалинская область,2016-07,0.94,9
Сахалинская область,2016-08,2.31,9
Сахалинская область,2016-09,0.32,9
Сахалинская область,2016-10,-1.96,9
Сахалинская область,2016-11,-3.46,9
Сахалинская область,2016-12,-1.24,9
Сахалинская область,2017-01,0.75,9
Сахалинская область,2017-02,2.42,9
Сахалинская область,2017-03,1.54,9
Сахалинская область,2017-04,0.3,9
Сахалинская область,2017-05,1.21,9
Сахалинская область,2017-06,-0.46,8
Сахалинская область,2017-07,1.29,9
Сахалинская область,2017-08,0.4,9
Сахалинская область,2017-09,0.49,9
Сахалинская область,2017-10,-1.18,9
Сахалинская область,2017-11,-1.46,9
Сахалинская область,2017-12,-0.45,9
Сахалинская область,2018-01,-0.05,9
Сахалинская область,2018-02,-1.51,9
Сахалинская область,2018-03,0.31,9
Сахалинская область,2018-04,1.09,9
Сахалинская область,2018-05,0.75,9
Сахалинская область,2018-06,-0.41,9
Сахалинская область,2018-07,-0.3,9
Сахалинская область,2018-08,-0.79,8
Сахалинская область,2018-09,0.3,8
Сахалинская область,2018-10,1.8,8
Сахалинская область,2018-11,1.37,7
Сахалинская область,2018-12,-0.04,7
Сахалинская область,2019-01,-0.33,7
Сахалинская область,2019-02,-2.15,7
Сахалинская область,2019-03,-0.15,7
Сахалинская область,2019-04,0.87,7
Сахалинская область,2019-05,2.36,7
Сахалинская область,2019-06,-0.53,7
Сахалинская область,2019-07,-0.43,5
Сахалинская область,2019-08,-1.6,5
Сахалинская область,2019-09,-0.3,5
Сахалинская область,2019-10,0.08,5
Сахалинская область,2019-11,-1.04,5
Сахалинская область,2019-12,-2.66,5
Сахалинская область,2020-01,-1.99,5
Сахалинская область,2020-02,-1.62,4
Сахалинская область,2020-03,0.8,5
Сахалинская область,2020-04,-0.23,5
Сахалинская область,2020-05,-0.13,5
Сахалинская область,2020-06,-0.55,5
Сахалинская область,2020-07,0.2,5
Сахалинская область,2020-08,-1.39,5
Сахалинская область,2020-09,0.16,5
Сахалинская область,2020-10,0.66,5
Сахалинская область,2020-11,0.06,5
Сахалинская область,2020-12,-2.2,5
Сахалинская область,2021-01,-5.1,5
Сахалинская область,2021-02,-0.68,5
Сахалинская область,2021-03,1.17,5
Сахалинская область,2021-04,0.83,4
Сахалинская область,2021-05,-0.7,5
Сахалинская область,2021-06,0.08,5
Сахалинская область,2021-07,3.36,5
Сахалинская область,2021-08,-0.47,5
Сахалинская область,2021-09,0.31,5
Сахалинская область,2021-10,-0.65,5
Сахалинская область,2021-11,1.68,5
Сахалинская область,2021-12,-0.27,5
Сахалинская область,2022-01,-0.64,5
Сахалинская область,2022-02,1.23,5
Сахалинская область,2022-03,0.87,5
Сахалинская область,2022-04,1.03,5
Сахалинская область,2022-05,-0.09,5
Сахалинская область,2022-06,-1.07,5
Сахалинская область,2022-07,1.49,5
Сахалинская область,2022-08,0.63,5
Сахалинская область,2022-09,0.29,5
Сахалинская область,2022-10,-0.72,5
Сахалинская область,2022-11,0.16,5
Сахалинская область,2022-12,-1.19,5
Сахалинская область,2023-01,-4.91,5
Сахалинская область,2023-02,-4.01,1
Сахалинская область,2023-03,2.61,5
Сахалинская область,2023-04,0.75,5
Сахалинская область,2023-05,-0.07,5
Сахалинская область,2023-06,0.72,5
Сахалинская область,2023-07,1.67,5
Сахалинская область,2023-08,1.0,5
Сахалинская область,2023-09,1.91,5
Сахалинская область,2023-10,0.78,5
Сахалинская область,2023-11,-0.38,5
Сахалинская область,2023-12,-2.81,5
Сахалинская область,2024-01,-3.36,5
Сахалинская область,2024-02,-2.92,5
Сахалинская область,2024-03,-1.65,5
Сахалинская область,2024-04,2.81,5
Сахалинская область,2024-05,-0.52,5
Сахалинская область,2024-06,-0.97,5
Сахалинская область,2024-07,1.13,5
Сахалинская область,2024-08,-0.62,3
Сахалинская область,2024-09,0.5,5
Сахалинская область,2024-10,0.88,5
Сахалинская область,2024-11,0.57,5
Сахалинская область,2024-12,-1.6,5
Сахалинская область,2025-01,1.53,5
Сахалинская область,2025-02,2.05,4
Сахалинская область,2025-03,-0.9,5
Сахалинская область,2025-04,0.45,5
Сахалинская область,2025-05,0.95,5
Сахалинская область,2025-06,2.25,5
Сахалинская область,2025-07,4.05,5
Сахалинская область,2025-08,2.24,5
Сахалинская область,2025-09,1.55,5
Сахалинская область,2025-10,-3.03,4
Сахалинская область,2025-11,-1.17,4
Сахалинская область,2025-12,-2.33,4
Сахалинская область,2026-01,-0.91,4
Сахалинская область,2026-02,-0.7,4
Сахалинская область,2026-03,3.14,3
Сахалинская область,2026-04,-0.03,5
Сахалинская область,2026-05,0.23,5
Сахалинская область,2026-06,-0.48,5
Свердловская область,2014-01,-1.49,11
Свердловская область,2014-02,-4.06,11
Свердловская область,2014-03,2.98,11
Свердловская область,2014-04,-1.6,11
Свердловская область,2014-05,1.67,11
Свердловская область,2014-06,-1.01,11
Свердловская область,2014-07,-4.21,11
Свердловская область,2014-08,1.04,11
Свердловская область,2014-09,-1.46,11
Свердловская область,2014-10,-4.89,11
Свердловская область,2014-11,0.37,11
Свердловская область,2014-12,3.0,11
Свердловская область,2015-01,0.17,11
Свердловская область,2015-02,5.35,11
Свердловская область,2015-03,1.75,11
Свердловская область,2015-04,0.35,11
Свердловская область,2015-05,1.5,6
Свердловская область,2015-06,2.62,6
Свердловская область,2015-07,-3.02,6
Свердловская область,2015-08,-2.47,6
Свердловская область,2015-09,0.9,6
Свердловская область,2015-10,-3.61,11
Свердловская область,2015-11,-1.83,11
Свердловская область,2015-12,3.08,11
Свердловская область,2016-01,-2.16,11
Свердловская область,2016-02,7.15,11
Свердловская область,2016-03,0.19,11
Свердловская область,2016-04,2.85,11
Свердловская область,2016-05,0.51,6
Свердловская область,2016-06,0.07,6
Свердловская область,2016-07,1.21,6
Свердловская область,2016-08,5.7,6
Свердловская область,2016-09,1.12,7
Свердловская область,2016-10,-2.21,11
Свердловская область,2016-11,-5.85,11
Свердловская область,2016-12,-5.16,11
Свердловская область,2017-01,-1.91,11
Свердловская область,2017-02,0.02,11
Свердловская область,2017-03,2.44,11
Свердловская область,2017-04,0.55,11
Свердловская область,2017-05,-2.07,7
Свердловская область,2017-06,-1.0,6
Свердловская область,2017-07,-0.71,6
Свердловская область,2017-08,1.15,6
Свердловская область,2017-09,-0.75,6
Свердловская область,2017-10,-1.19,11
Свердловская область,2017-11,3.72,11
Свердловская область,2017-12,3.88,11
Свердловская область,2018-01,0.11,11
Свердловская область,2018-02,-0.52,11
Свердловская область,2018-03,-4.02,11
Свердловская область,2018-04,-1.57,11
Свердловская область,2018-05,-2.2,8
Свердловская область,2018-06,-2.04,6
Свердловская область,2018-07,1.63,6
Свердловская область,2018-08,-0.26,6
Свердловская область,2018-09,1.54,6
Свердловская область,2018-10,0.83,10
Свердловская область,2018-11,-0.24,10
Свердловская область,2018-12,0.07,10
Свердловская область,2019-01,1.88,10
Свердловская область,2019-02,-0.4,10
Свердловская область,2019-03,2.89,10
Свердловская область,2019-04,-1.0,10
Свердловская область,2019-05,0.66,9
Свердловская область,2019-06,-1.46,8
Свердловская область,2019-07,-0.24,6
Свердловская область,2019-08,-1.59,7
Свердловская область,2019-09,-1.51,7
Свердловская область,2019-10,0.94,8
Свердловская область,2019-11,-0.69,8
Свердловская область,2019-12,3.97,8
Свердловская область,2020-01,5.43,8
Свердловская область,2020-02,6.75,8
Свердловская область,2020-03,4.86,8
Свердловская область,2020-04,0.47,8
Свердловская область,2020-05,1.52,8
Свердловская область,2020-06,-2.47,6
Свердловская область,2020-07,2.18,7
Свердловская область,2020-08,-0.1,7
Свердловская область,2020-09,0.4,4
Свердловская область,2020-10,0.32,7
Свердловская область,2020-11,0.55,8
Свердловская область,2020-12,-0.17,8
Свердловская область,2021-01,-3.65,8
Свердловская область,2021-02,-6.6,8
Свердловская область,2021-03,-2.01,8
Свердловская область,2021-04,1.7,8
Свердловская область,2021-05,4.26,7
Свердловская область,2021-06,1.26,7
Свердловская область,2021-07,-0.69,7
Свердловская область,2021-08,2.57,7
Свердловская область,2021-09,-2.76,7
Свердловская область,2021-10,0.12,7
Свердловская область,2021-11,1.96,8
Свердловская область,2021-12,0.77,8
Свердловская область,2022-01,1.27,8
Свердловская область,2022-02,5.87,8
Свердловская область,2022-03,-3.01,8
Свердловская область,2022-04,0.77,8
Свердловская область,2022-05,-1.33,5
Свердловская область,2022-06,-1.24,5
Свердловская область,2022-07,0.95,5
Свердловская область,2022-08,2.96,4
Свердловская область,2022-09,-0.28,4
Свердловская область,2022-10,1.51,7
Свердловская область,2022-11,-2.71,7
Свердловская область,2022-12,-1.45,7
Свердловская область,2023-01,1.58,7
Свердловская область,2023-02,1.46,7
Свердловская область,2023-03,3.5,7
Свердловская область,2023-04,0.81,7
Свердловская область,2023-05,3.19,7
Свердловская область,2023-06,-1.83,6
Свердловская область,2023-07,1.85,6
Свердловская область,2023-08,1.06,6
Свердловская область,2023-09,1.87,6
Свердловская область,2023-10,0.63,7
Свердловская область,2023-11,3.29,7
Свердловская область,2023-12,-1.84,7
Свердловская область,2024-01,-1.55,7
Свердловская область,2024-02,0.73,7
Свердловская область,2024-03,0.99,7
Свердловская область,2024-04,2.02,7
Свердловская область,2024-05,-4.69,7
Свердловская область,2024-06,2.03,6
Свердловская область,2024-07,0.15,6
Свердловская область,2024-08,-0.53,6
Свердловская область,2024-09,1.77,6
Свердловская область,2024-10,-0.05,7
Свердловская область,2024-11,3.35,7
Свердловская область,2024-12,5.25,7
Свердловская область,2025-01,5.42,7
Свердловская область,2025-02,2.41,7
Свердловская область,2025-03,2.47,7
Свердловская область,2025-04,0.88,7
Свердловская область,2025-05,0.64,7
Свердловская область,2025-06,1.65,6
Свердловская область,2025-07,-1.15,6
Свердловская область,2025-08,0.94,2
Свердловская область,2025-09,0.85,2
Свердловская область,2025-10,0.66,2
Свердловская область,2025-11,4.84,2
Свердловская область,2025-12,-0.93,2
Свердловская область,2026-01,-5.5,2
Свердловская область,2026-02,-2.51,2
Свердловская область,2026-03,1.03,2
Свердловская область,2026-04,0.52,2
Свердловская область,2026-05,2.77,2
Свердловская область,2026-06,1.3,2
Смоленская область,2014-01,-3.39,3
Смоленская область,2014-02,2.18,3
Смоленская область,2014-03,3.97,2
Смоленская область,2014-04,0.31,2
Смоленская область,2014-05,1.82,3
Смоленская область,2014-06,-0.99,3
Смоленская область,2014-07,0.86,3
Смоленская область,2014-08,1.29,3
Смоленская область,2014-09,-0.6,3
Смоленская область,2014-10,-1.49,3
Смоленская область,2014-11,-0.32,3
Смоленская область,2014-12,-0.72,3
Смоленская область,2015-01,1.46,3
Смоленская область,2015-02,2.29,3
Смоленская область,2015-03,2.77,3
Смоленская область,2015-04,-0.23,1
Смоленская область,2015-05,-0.17,1
Смоленская область,2015-06,-0.33,1
Смоленская область,2015-07,-0.91,1
Смоленская область,2015-08,1.17,1
Смоленская область,2015-09,2.12,1
Смоленская область,2015-10,-1.38,1
Смоленская область,2015-11,1.43,3
Смоленская область,2015-12,4.52,3
Смоленская область,2016-01,-2.96,3
Смоленская область,2016-02,4.61,3
Смоленская область,2016-03,0.9,3
Смоленская область,2016-04,1.28,1
Смоленская область,2016-05,1.55,1
Смоленская область,2016-06,0.68,1
Смоленская область,2016-07,0.86,1
Смоленская область,2016-08,0.57,1
Смоленская область,2016-09,0.27,1
Смоленская область,2016-10,-1.34,1
Смоленская область,2016-11,-3.16,3
Смоленская область,2016-12,0.31,3
Смоленская область,2017-01,-2.93,3
Смоленская область,2017-02,0.18,3
Смоленская область,2017-03,3.93,3
Смоленская область,2017-04,-1.22,1
Смоленская область,2017-05,-1.43,1
Смоленская область,2017-06,-1.81,1
Смоленская область,2017-07,-1.72,1
Смоленская область,2017-08,0.69,1
Смоленская область,2017-09,1.12,1
Смоленская область,2017-10,-0.15,1
Смоленская область,2017-11,0.7,3
Смоленская область,2017-12,3.63,3
Смоленская область,2018-01,0.69,3
Смоленская область,2018-02,-3.3,3
Смоленская область,2018-03,-4.22,3
Смоленская область,2018-04,1.53,1
Смоленская область,2018-05,2.88,1
Смоленская область,2018-06,-0.66,1
Смоленская область,2018-07,0.93,1
Смоленская область,2018-08,0.86,1
Смоленская область,2018-09,2.55,1
Смоленская область,2018-10,1.25,1
Смоленская область,2018-11,-0.9,3
Смоленская область,2018-12,-1.4,3
Смоленская область,2019-01,-1.2,3
Смоленская область,2019-02,3.7,3
Смоленская область,2019-03,2.36,3
Смоленская область,2019-04,1.3,1
Смоленская область,2019-05,1.41,1
Смоленская область,2019-06,2.85,1
Смоленская область,2019-07,0.25,1
Смоленская область,2019-08,0.2,1
Смоленская область,2019-09,0.89,1
Смоленская область,2019-10,2.83,1
Смоленская область,2019-11,1.75,3
Смоленская область,2019-12,5.15,3
Смоленская область,2020-01,6.01,3
Смоленская область,2020-02,5.21,3
Смоленская область,2020-03,4.71,3
Смоленская область,2020-04,-0.88,1
Смоленская область,2020-05,-1.91,1
Смоленская область,2020-06,1.94,1
Смоленская область,2020-07,-1.3,1
Смоленская область,2020-08,0.55,1
Смоленская область,2020-09,1.49,1
Смоленская область,2020-10,2.38,1
Смоленская область,2020-11,2.82,3
Смоленская область,2020-12,0.99,3
Смоленская область,2021-01,-0.61,3
Смоленская область,2021-02,-2.75,3
Смоленская область,2021-03,-0.34,3
Смоленская область,2021-04,1.12,1
Смоленская область,2021-05,1.34,1
Смоленская область,2021-06,2.09,1
Смоленская область,2021-07,2.7,1
Смоленская область,2021-08,0.65,1
Смоленская область,2021-09,1.09,1
Смоленская область,2021-10,-0.52,1
Смоленская область,2021-11,1.84,3
Смоленская область,2021-12,-1.52,3
Смоленская область,2022-01,-0.36,3
Смоленская область,2022-02,4.08,3
Смоленская область,2022-03,-0.01,3
Смоленская область,2022-04,-2.38,1
Смоленская область,2022-05,-2.51,1
Смоленская область,2022-06,3.04,1
Смоленская область,2022-07,0.1,1
Смоленская область,2022-08,3.35,1
Смоленская область,2022-09,-2.61,1
Смоленская область,2022-10,1.48,1
Смоленская область,2022-11,0.89,3
Смоленская область,2022-12,0.67,3
Смоленская область,2023-01,1.25,3
Смоленская область,2023-02,0.38,3
Смоленская область,2023-03,1.91,3
Смоленская область,2023-04,3.72,1
Смоленская область,2023-05,-1.61,1
Смоленская область,2023-06,0.54,1
Смоленская область,2023-07,0.1,1
Смоленская область,2023-08,3.2,1
Смоленская область,2023-09,2.74,1
Смоленская область,2023-10,0.98,1
Смоленская область,2023-11,1.38,3
Смоленская область,2023-12,0.86,3
Смоленская область,2024-01,-2.14,3
Смоленская область,2024-02,3.16,3
Смоленская область,2024-03,2.28,3
Смоленская область,2024-05,-0.31,1
Смоленская область,2024-06,3.09,1
Смоленская область,2024-07,-3.05,1
Смоленская область,2024-08,3.5,1
Смоленская область,2024-09,4.59,1
Смоленская область,2024-10,2.28,1
Смоленская область,2024-11,1.55,3
Смоленская область,2024-12,1.67,3
Смоленская область,2025-01,6.24,3
Смоленская область,2025-02,0.3,3
Смоленская область,2025-03,4.16,3
Смоленская область,2025-04,3.52,1
Смоленская область,2025-05,-0.76,1
Смоленская область,2025-06,-0.11,1
Смоленская область,2025-07,2.95,1
Смоленская область,2025-08,0.95,1
Смоленская область,2025-09,1.14,1
Смоленская область,2025-10,2.83,1
Смоленская область,2025-11,2.34,1
Смоленская область,2025-12,1.51,1
Смоленская область,2026-01,-6.4,1
Смоленская область,2026-02,-3.34,1
Смоленская область,2026-03,7.68,1
Смоленская область,2026-04,0.77,1
Смоленская область,2026-05,2.54,1
Смоленская область,2026-06,0.64,1
Ставропольский край,2014-01,-0.41,6
Ставропольский край,2014-02,-0.28,6
Ставропольский край,2014-03,1.31,6
Ставропольский край,2014-04,-0.06,6
Ставропольский край,2014-05,2.14,6
Ставропольский край,2014-06,-0.02,6
Ставропольский край,2014-07,0.32,6
Ставропольский край,2014-08,2.13,6
Ставропольский край,2014-09,-0.39,6
Ставропольский край,2014-10,-2.8,6
Ставропольский край,2014-11,-1.47,5
Ставропольский край,2014-12,2.02,6
Ставропольский край,2015-01,0.45,6
Ставропольский край,2015-02,1.53,6
Ставропольский край,2015-03,0.37,6
Ставропольский край,2015-04,-1.09,5
Ставропольский край,2015-05,0.04,5
Ставропольский край,2015-06,1.4,5
Ставропольский край,2015-07,-0.2,5
Ставропольский край,2015-08,0.47,5
Ставропольский край,2015-09,3.19,5
Ставропольский край,2015-10,-1.7,4
Ставропольский край,2015-11,1.95,6
Ставропольский край,2015-12,2.56,7
Ставропольский край,2016-01,-0.53,7
Ставропольский край,2016-02,4.88,7
Ставропольский край,2016-03,1.92,7
Ставропольский край,2016-04,2.1,5
Ставропольский край,2016-05,0.06,5
Ставропольский край,2016-06,0.47,5
Ставропольский край,2016-07,-0.45,5
Ставропольский край,2016-08,2.17,5
Ставропольский край,2016-09,-1.05,5
Ставропольский край,2016-10,-2.75,5
Ставропольский край,2016-11,-0.36,7
Ставропольский край,2016-12,-3.54,7
Ставропольский край,2017-01,-0.68,7
Ставропольский край,2017-02,-0.54,7
Ставропольский край,2017-03,1.71,7
Ставропольский край,2017-04,-0.15,5
Ставропольский край,2017-05,-0.78,5
Ставропольский край,2017-06,-0.86,5
Ставропольский край,2017-07,0.9,5
Ставропольский край,2017-08,1.79,5
Ставропольский край,2017-09,2.07,5
Ставропольский край,2017-10,-0.63,5
Ставропольский край,2017-11,0.59,7
Ставропольский край,2017-12,3.41,7
Ставропольский край,2018-01,0.24,7
Ставропольский край,2018-02,2.18,7
Ставропольский край,2018-03,0.53,7
Ставропольский край,2018-04,0.67,5
Ставропольский край,2018-05,2.28,5
Ставропольский край,2018-06,1.64,5
Ставропольский край,2018-07,2.24,5
Ставропольский край,2018-08,-0.44,5
Ставропольский край,2018-09,1.26,6
Ставропольский край,2018-10,1.77,6
Ставропольский край,2018-11,-1.23,7
Ставропольский край,2018-12,1.05,7
Ставропольский край,2019-01,1.98,7
Ставропольский край,2019-02,2.53,7
Ставропольский край,2019-03,1.06,7
Ставропольский край,2019-04,-0.48,5
Ставропольский край,2019-05,1.71,5
Ставропольский край,2019-06,3.41,5
Ставропольский край,2019-07,0.36,3
Ставропольский край,2019-08,0.41,4
Ставропольский край,2019-09,-0.26,4
Ставропольский край,2019-10,2.02,4
Ставропольский край,2019-11,0.2,6
Ставропольский край,2019-12,2.39,6
Ставропольский край,2020-01,2.78,6
Ставропольский край,2020-02,3.49,6
Ставропольский край,2020-03,3.48,6
Ставропольский край,2020-04,-0.86,4
Ставропольский край,2020-05,0.62,4
Ставропольский край,2020-06,2.9,4
Ставропольский край,2020-07,3.24,4
Ставропольский край,2020-08,0.45,4
Ставропольский край,2020-09,2.64,4
Ставропольский край,2020-10,4.0,4
Ставропольский край,2020-11,0.1,6
Ставропольский край,2020-12,-0.67,6
Ставропольский край,2021-01,2.31,6
Ставропольский край,2021-02,-0.6,6
Ставропольский край,2021-03,-1.49,6
Ставропольский край,2021-04,1.47,4
Ставропольский край,2021-05,2.18,4
Ставропольский край,2021-06,1.83,4
Ставропольский край,2021-07,2.55,4
Ставропольский край,2021-08,3.2,4
Ставропольский край,2021-09,-1.13,4
Ставропольский край,2021-10,-1.78,4
Ставропольский край,2021-11,1.82,6
Ставропольский край,2021-12,2.75,6
Ставропольский край,2022-01,2.56,6
Ставропольский край,2022-02,3.75,6
Ставропольский край,2022-03,-2.72,6
Ставропольский край,2022-04,2.62,4
Ставропольский край,2022-05,-1.36,4
Ставропольский край,2022-06,2.66,3
Ставропольский край,2022-07,0.23,4
Ставропольский край,2022-08,3.34,4
Ставропольский край,2022-09,1.89,4
Ставропольский край,2022-10,1.26,4
Ставропольский край,2022-11,2.32,6
Ставропольский край,2022-12,0.37,5
Ставропольский край,2023-01,1.81,6
Ставропольский край,2023-02,-0.3,6
Ставропольский край,2023-03,3.87,6
Ставропольский край,2023-04,1.28,4
Ставропольский край,2023-05,0.33,4
Ставропольский край,2023-06,0.79,4
Ставропольский край,2023-07,0.98,4
Ставропольский край,2023-08,3.58,4
Ставропольский край,2023-09,1.66,4
Ставропольский край,2023-10,2.28,4
Ставропольский край,2023-11,4.19,6
Ставропольский край,2023-12,2.9,6
Ставропольский край,2024-01,-0.3,6
Ставропольский край,2024-02,4.38,6
Ставропольский край,2024-03,0.32,6
Ставропольский край,2024-04,5.86,4
Ставропольский край,2024-05,-0.82,4
Ставропольский край,2024-06,3.84,4
Ставропольский край,2024-07,3.55,4
Ставропольский край,2024-08,1.96,4
Ставропольский край,2024-09,2.53,4
Ставропольский край,2024-10,0.7,4
Ставропольский край,2024-11,1.1,6
Ставропольский край,2024-12,2.12,6
Ставропольский край,2025-01,4.17,6
Ставропольский край,2025-02,-3.7,6
Ставропольский край,2025-03,3.2,6
Ставропольский край,2025-04,0.83,4
Ставропольский край,2025-05,0.3,4
Ставропольский край,2025-06,0.17,4
Ставропольский край,2025-07,3.21,4
Ставропольский край,2025-08,1.96,2
Ставропольский край,2025-09,-0.03,2
Ставропольский край,2025-10,1.01,2
Ставропольский край,2025-11,5.28,2
Ставропольский край,2025-12,1.33,2
Ставропольский край,2026-01,-0.8,2
Ставропольский край,2026-02,1.59,2
Ставропольский край,2026-03,2.3,2
Ставропольский край,2026-04,-0.56,2
Ставропольский край,2026-05,-0.51,2
Ставропольский край,2026-06,-0.35,2
Тамбовская область,2014-01,-2.74,4
Тамбовская область,2014-02,1.76,4
Тамбовская область,2014-03,2.09,4
Тамбовская область,2014-04,-0.4,4
Тамбовская область,2014-05,3.13,4
Тамбовская область,2014-06,-1.33,4
Тамбовская область,2014-07,0.57,4
Тамбовская область,2014-08,1.75,4
Тамбовская область,2014-09,-0.03,4
Тамбовская область,2014-10,-1.99,4
Тамбовская область,2014-11,-2.16,4
Тамбовская область,2014-12,0.81,4
Тамбовская область,2015-01,0.2,4
Тамбовская область,2015-02,1.99,4
Тамбовская область,2015-03,1.04,5
Тамбовская область,2015-04,-0.94,5
Тамбовская область,2015-05,1.03,5
Тамбовская область,2015-06,1.61,5
Тамбовская область,2015-07,-1.1,5
Тамбовская область,2015-08,-1.62,5
Тамбовская область,2015-09,2.35,5
Тамбовская область,2015-10,-2.9,5
Тамбовская область,2015-11,1.48,5
Тамбовская область,2015-12,4.44,5
Тамбовская область,2016-01,-2.45,5
Тамбовская область,2016-02,6.2,5
Тамбовская область,2016-03,3.12,5
Тамбовская область,2016-04,1.82,5
Тамбовская область,2016-05,-0.23,5
Тамбовская область,2016-06,0.29,5
Тамбовская область,2016-07,0.98,5
Тамбовская область,2016-08,2.28,5
Тамбовская область,2016-09,-1.89,5
Тамбовская область,2016-10,-1.66,5
Тамбовская область,2016-11,-1.89,5
Тамбовская область,2016-12,-2.19,5
Тамбовская область,2017-01,-0.69,5
Тамбовская область,2017-02,0.33,5
Тамбовская область,2017-03,3.36,5
Тамбовская область,2017-04,-0.8,5
Тамбовская область,2017-05,-2.01,5
Тамбовская область,2017-06,-2.53,5
Тамбовская область,2017-07,-1.11,5
Тамбовская область,2017-08,0.9,5
Тамбовская область,2017-09,0.24,5
Тамбовская область,2017-10,-1.3,5
Тамбовская область,2017-11,0.22,5
Тамбовская область,2017-12,4.98,5
Тамбовская область,2018-01,0.57,5
Тамбовская область,2018-02,-2.06,5
Тамбовская область,2018-03,-5.82,5
Тамбовская область,2018-04,-0.61,5
Тамбовская область,2018-05,2.14,5
Тамбовская область,2018-06,-0.75,5
Тамбовская область,2018-07,0.8,5
Тамбовская область,2018-08,0.72,5
Тамбовская область,2018-09,2.94,5
Тамбовская область,2018-10,1.01,5
Тамбовская область,2018-11,-2.04,5
Тамбовская область,2018-12,-1.1,5
Тамбовская область,2019-01,-1.66,5
Тамбовская область,2019-02,2.86,5
Тамбовская область,2019-03,1.05,5
Тамбовская область,2019-04,0.66,5
Тамбовская область,2019-05,1.93,5
Тамбовская область,2019-06,2.31,5
Тамбовская область,2019-07,-2.27,4
Тамбовская область,2019-08,-1.57,4
Тамбовская область,2019-09,-0.88,4
Тамбовская область,2019-10,2.45,4
Тамбовская область,2019-11,0.79,4
Тамбовская область,2019-12,3.98,4
Тамбовская область,2020-01,5.91,4
Тамбовская область,2020-02,4.91,4
Тамбовская область,2020-03,5.82,4
Тамбовская область,2020-04,-1.65,4
Тамбовская область,2020-05,-2.13,4
Тамбовская область,2020-06,0.84,4
Тамбовская область,2020-07,0.08,4
Тамбовская область,2020-08,-1.08,4
Тамбовская область,2020-09,1.25,4
Тамбовская область,2020-10,2.64,4
Тамбовская область,2020-11,0.61,4
Тамбовская область,2020-12,-2.16,4
Тамбовская область,2021-01,1.95,4
Тамбовская область,2021-02,-4.21,4
Тамбовская область,2021-03,-1.05,4
Тамбовская область,2021-04,0.31,4
Тамбовская область,2021-05,0.79,4
Тамбовская область,2021-06,2.14,4
Тамбовская область,2021-07,2.19,4
Тамбовская область,2021-08,2.96,4
Тамбовская область,2021-09,-2.27,4
Тамбовская область,2021-10,-0.62,4
Тамбовская область,2021-11,2.25,4
Тамбовская область,2021-12,-0.61,3
Тамбовская область,2022-01,0.83,3
Тамбовская область,2022-02,4.79,4
Тамбовская область,2022-03,-1.47,4
Тамбовская область,2022-04,1.27,4
Тамбовская область,2022-05,-4.17,4
Тамбовская область,2022-06,1.02,4
Тамбовская область,2022-07,-0.0,4
Тамбовская область,2022-08,3.49,4
Тамбовская область,2022-09,-2.22,4
Тамбовская область,2022-10,0.8,4
Тамбовская область,2022-11,0.72,3
Тамбовская область,2022-12,1.83,4
Тамбовская область,2023-01,-0.55,4
Тамбовская область,2023-02,1.44,4
Тамбовская область,2023-03,4.42,4
Тамбовская область,2023-04,1.99,4
Тамбовская область,2023-05,-0.53,4
Тамбовская область,2023-06,-2.02,4
Тамбовская область,2023-07,-0.78,4
Тамбовская область,2023-08,1.52,4
Тамбовская область,2023-09,1.62,4
Тамбовская область,2023-10,-0.31,4
Тамбовская область,2023-11,2.27,4
Тамбовская область,2023-12,1.51,4
Тамбовская область,2024-01,-3.18,4
Тамбовская область,2024-02,1.25,4
Тамбовская область,2024-03,-0.32,4
Тамбовская область,2024-04,5.86,4
Тамбовская область,2024-05,-2.62,4
Тамбовская область,2024-06,2.24,4
Тамбовская область,2024-07,2.07,4
Тамбовская область,2024-08,0.92,4
Тамбовская область,2024-09,3.53,4
Тамбовская область,2024-10,1.89,4
Тамбовская область,2024-11,1.37,4
Тамбовская область,2024-12,2.66,4
Тамбовская область,2025-01,6.23,4
Тамбовская область,2025-02,-1.12,4
Тамбовская область,2025-03,5.32,4
Тамбовская область,2025-04,2.57,4
Тамбовская область,2025-05,-0.21,4
Тамбовская область,2025-06,-1.09,4
Тамбовская область,2025-07,1.1,4
Тверская область,2014-01,-2.99,9
Тверская область,2014-02,4.36,9
Тверская область,2014-03,3.13,9
Тверская область,2014-04,-0.1,9
Тверская область,2014-05,2.16,9
Тверская область,2014-06,-1.08,9
Тверская область,2014-07,0.69,9
Тверская область,2014-08,0.98,9
Тверская область,2014-09,-0.21,9
Тверская область,2014-10,-2.03,9
Тверская область,2014-11,-1.26,9
Тверская область,2014-12,0.35,9
Тверская область,2015-01,2.1,9
Тверская область,2015-02,3.41,9
Тверская область,2015-03,3.09,9
Тверская область,2015-04,-0.55,4
Тверская область,2015-05,-0.1,4
Тверская область,2015-06,-0.37,4
Тверская область,2015-07,-1.89,4
Тверская область,2015-08,-0.18,4
Тверская область,2015-09,2.04,4
Тверская область,2015-10,-1.49,4
Тверская область,2015-11,1.29,9
Тверская область,2015-12,4.93,9
Тверская область,2016-01,-5.44,9
Тверская область,2016-02,5.41,9
Тверская область,2016-03,0.7,9
Тверская область,2016-04,1.12,4
Тверская область,2016-05,1.58,4
Тверская область,2016-06,0.61,4
Тверская область,2016-07,0.92,4
Тверская область,2016-08,1.13,4
Тверская область,2016-09,0.13,4
Тверская область,2016-10,-1.55,4
Тверская область,2016-11,-2.76,9
Тверская область,2016-12,0.75,9
Тверская область,2017-01,-1.17,9
Тверская область,2017-02,1.13,9
Тверская область,2017-03,2.74,9
Тверская область,2017-04,-1.96,4
Тверская область,2017-05,-3.07,4
Тверская область,2017-06,-2.63,4
Тверская область,2017-07,-2.15,4
Тверская область,2017-08,0.59,4
Тверская область,2017-09,1.02,4
Тверская область,2017-10,-0.48,4
Тверская область,2017-11,0.97,9
Тверская область,2017-12,3.71,9
Тверская область,2018-01,2.11,9
Тверская область,2018-02,-3.55,9
Тверская область,2018-03,-3.86,9
Тверская область,2018-04,0.85,4
Тверская область,2018-05,1.92,4
Тверская область,2018-06,-1.06,4
Тверская область,2018-07,0.65,4
Тверская область,2018-08,1.0,4
Тверская область,2018-09,2.2,4
Тверская область,2018-10,1.27,4
Тверская область,2018-11,0.09,4
Тверская область,2018-12,-1.4,9
Тверская область,2019-01,-0.6,9
Тверская область,2019-02,4.79,9
Тверская область,2019-03,1.62,9
Тверская область,2019-04,0.14,4
Тверская область,2019-05,1.1,4
Тверская область,2019-06,1.37,4
Тверская область,2019-11,2.16,6
Тверская область,2019-12,5.45,6
Тверская область,2020-01,6.64,6
Тверская область,2020-02,5.93,6
Тверская область,2020-03,3.65,6
Тверская область,2020-11,2.79,6
Тверская область,2020-12,1.02,6
Тверская область,2021-01,-0.1,6
Тверская область,2021-02,-4.34,6
Тверская область,2021-03,-0.25,6
Тверская область,2021-05,2.16,1
Тверская область,2021-12,-3.53,6
Тверская область,2022-01,0.69,6
Тверская область,2022-02,4.91,6
Тверская область,2022-03,-0.66,6
Тверская область,2022-12,-0.36,6
Тверская область,2023-01,1.57,6
Тверская область,2023-02,1.37,6
Тверская область,2023-03,1.52,6
Тверская область,2023-04,1.87,2
Тверская область,2023-05,-0.59,2
Тверская область,2023-06,-0.6,2
Тверская область,2023-07,-1.14,2
Тверская область,2023-08,2.06,2
Тверская область,2023-09,2.65,2
Тверская область,2023-10,-0.73,2
Тверская область,2023-11,0.11,6
Тверская область,2023-12,-0.59,6
Тверская область,2024-01,-4.3,6
Тверская область,2024-02,1.53,6
Тверская область,2024-03,2.32,6
Тверская область,2024-11,1.59,6
Тверская область,2024-12,2.12,6
Тверская область,2025-01,6.03,6
Тверская область,2025-02,0.31,6
Тверская область,2025-03,4.53,6
Томская область,2014-01,-0.29,10
Томская область,2014-02,-6.5,10
Томская область,2014-03,3.42,11
Томская область,2014-04,1.79,11
Томская область,2014-05,-1.16,10
Томская область,2014-06,-1.21,10
Томская область,2014-07,-0.63,10
Томская область,2014-08,0.55,10
Томская область,2014-09,-2.09,10
Томская область,2014-10,-4.12,11
Томская область,2014-11,-2.07,11
Томская область,2014-12,4.88,11
Томская область,2015-01,3.07,11
Томская область,2015-02,4.99,11
Томская область,2015-03,0.99,11
Томская область,2015-04,2.49,11
Томская область,2015-05,1.8,11
Томская область,2015-06,2.09,11
Томская область,2015-07,-0.17,10
Томская область,2015-08,-0.85,11
Томская область,2015-09,-1.1,11
Томская область,2015-10,-1.15,10
Томская область,2015-11,-2.29,11
Томская область,2015-12,7.01,11
Томская область,2016-01,-3.54,11
Томская область,2016-02,5.95,11
Томская область,2016-03,2.01,11
Томская область,2016-04,3.92,11
Томская область,2016-05,-0.74,11
Томская область,2016-06,2.19,11
Томская область,2016-07,1.51,11
Томская область,2016-08,1.62,11
Томская область,2016-09,3.13,11
Томская область,2016-10,-4.02,11
Томская область,2016-11,-6.16,11
Томская область,2016-12,-2.02,11
Томская область,2017-01,-0.05,11
Томская область,2017-02,1.66,11
Томская область,2017-03,3.55,11
Томская область,2017-04,1.58,11
Томская область,2017-05,-0.48,11
Томская область,2017-06,1.96,11
Томская область,2017-07,-1.11,11
Томская область,2017-08,0.83,11
Томская область,2017-09,-2.02,10
Томская область,2017-10,-1.05,11
Томская область,2017-11,2.38,11
Томская область,2017-12,4.42,11
Томская область,2018-01,-1.36,11
Томская область,2018-02,-1.52,11
Томская область,2018-03,-1.91,11
Томская область,2018-04,-1.2,11
Томская область,2018-05,-5.18,11
Томская область,2018-06,2.05,11
Томская область,2018-07,-0.86,11
Томская область,2018-08,-0.61,11
Томская область,2018-09,1.45,11
Томская область,2018-10,3.06,11
Томская область,2018-11,-2.37,11
Томская область,2018-12,-4.19,11
Томская область,2019-01,2.9,11
Томская область,2019-02,-2.22,11
Томская область,2019-03,4.67,11
Томская область,2019-04,-0.71,11
Томская область,2019-05,-0.6,11
Томская область,2019-06,-1.26,11
Томская область,2019-07,0.7,9
Томская область,2019-08,0.98,9
Томская область,2019-09,-0.06,9
Томская область,2019-10,1.26,9
Томская область,2019-11,-2.93,9
Томская область,2019-12,3.91,9
Томская область,2020-01,6.8,8
Томская область,2020-02,6.42,9
Томская область,2020-03,4.57,9
Томская область,2020-04,5.82,9
Томская область,2020-05,4.96,9
Томская область,2020-06,-1.62,9
Томская область,2020-07,-0.18,9
Томская область,2020-08,2.14,9
Томская область,2020-09,1.25,9
Томская область,2020-10,-0.1,9
Томская область,2020-11,4.13,9
Томская область,2020-12,-2.21,9
Томская область,2021-01,-7.76,9
Томская область,2021-02,-3.96,9
Томская область,2021-03,-0.17,9
Томская область,2021-04,0.77,9
Томская область,2021-05,1.66,9
Томская область,2021-06,-1.96,9
Томская область,2021-07,-0.52,9
Томская область,2021-08,1.52,9
Томская область,2021-09,-1.16,9
Томская область,2021-10,0.96,9
Томская область,2021-11,1.44,9
Томская область,2021-12,1.21,9
Томская область,2022-01,4.72,9
Томская область,2022-02,3.56,9
Томская область,2022-03,-2.67,9
Томская область,2022-04,1.72,9
Томская область,2022-05,3.04,9
Томская область,2022-06,-1.23,9
Томская область,2022-07,-1.03,9
Томская область,2022-08,-0.55,9
Томская область,2022-09,-0.68,9
Томская область,2022-10,0.8,9
Томская область,2022-11,-1.87,9
Томская область,2022-12,-1.85,9
Томская область,2023-01,1.66,9
Томская область,2023-02,2.24,9
Томская область,2023-03,2.89,9
Томская область,2023-04,-3.02,9
Томская область,2023-05,0.35,9
Томская область,2023-06,-0.52,9
Томская область,2023-07,1.08,9
Томская область,2023-08,0.53,9
Томская область,2023-09,1.93,9
Томская область,2023-10,2.8,9
Томская область,2023-11,3.62,9
Томская область,2023-12,0.23,9
Томская область,2024-01,1.78,9
Томская область,2024-02,-0.88,8
Томская область,2024-03,-0.05,8
Томская область,2024-04,-1.27,8
Томская область,2024-05,-2.67,8
Томская область,2024-06,1.16,8
Томская область,2024-07,1.24,7
Томская область,2024-08,1.49,8
Томская область,2024-09,0.34,8
Томская область,2024-10,0.69,7
Томская область,2024-11,4.12,8
Томская область,2024-12,7.33,8
Томская область,2025-01,7.45,8
Томская область,2025-02,2.96,8
Томская область,2025-03,3.01,8
Томская область,2025-04,1.08,8
Томская область,2025-05,-0.42,7
Томская область,2025-06,3.49,8
Томская область,2025-07,0.08,8
Томская область,2025-08,0.81,6
Томская область,2025-09,1.64,6
Томская область,2025-10,-1.39,6
Томская область,2025-11,1.09,6
Томская область,2025-12,1.62,6
Томская область,2026-01,-4.88,6
Томская область,2026-02,-2.88,6
Томская область,2026-03,-1.44,6
Томская область,2026-04,-0.58,6
Томская область,2026-05,-0.01,6
Томская область,2026-06,4.84,6
Тульская область,2014-01,-3.26,1
Тульская область,2014-02,3.57,1
Тульская область,2014-03,3.25,1
Тульская область,2014-04,0.32,1
Тульская область,2014-05,2.58,1
Тульская область,2014-06,-0.98,1
Тульская область,2014-07,0.75,1
Тульская область,2014-08,1.45,1
Тульская область,2014-10,-1.73,1
Тульская область,2014-11,-1.43,1
Тульская область,2014-12,0.66,1
Тульская область,2015-01,2.19,1
Тульская область,2015-02,3.59,1
Тульская область,2015-03,2.87,1
Тульская область,2015-12,4.67,1
Тульская область,2016-01,-3.1,1
Тульская область,2016-02,5.59,1
Тульская область,2016-03,0.92,1
Тульская область,2016-11,-2.02,1
Тульская область,2016-12,-0.62,1
Тульская область,2017-01,-0.84,1
Тульская область,2017-02,1.44,1
Тульская область,2017-03,3.5,1
Тульская область,2017-11,0.18,1
Тульская область,2017-12,5.04,1
Тульская область,2018-01,1.58,1
Тульская область,2018-02,-2.9,1
Тульская область,2018-03,-5.24,1
Тульская область,2018-11,-1.32,1
Тульская область,2018-12,-1.15,1
Тульская область,2019-01,-1.17,1
Тульская область,2019-02,4.5,1
Тульская область,2019-03,1.63,1
Тульская область,2019-11,2.06,1
Тульская область,2019-12,4.96,1
Тульская область,2020-01,6.23,1
Тульская область,2020-02,5.5,1
Тульская область,2020-03,5.28,1
Тульская область,2020-11,2.2,1
Тульская область,2020-12,0.02,1
Тульская область,2021-01,1.39,1
Тульская область,2021-02,-4.75,1
Тульская область,2021-03,-0.53,1
Тульская область,2021-11,2.97,1
Тульская область,2021-12,-1.34,1
Тульская область,2022-01,1.25,1
Тульская область,2022-02,4.66,1
Тульская область,2022-03,-0.23,1
Тульская область,2022-11,0.06,1
Тульская область,2022-12,1.62,1
Тульская область,2023-01,1.45,1
Тульская область,2023-02,2.05,1
Тульская область,2023-03,2.83,1
Тульская область,2023-11,1.96,1
Тульская область,2023-12,0.63,1
Тульская область,2024-01,-3.18,1
Тульская область,2024-02,2.23,1
Тульская область,2024-03,0.24,1
Тульская область,2024-11,1.43,1
Тульская область,2024-12,2.82,1
Тульская область,2025-01,6.64,1
Тульская область,2025-02,0.33,1
Тульская область,2025-03,4.93,1
Тюменская область,2014-01,-0.58,6
Тюменская область,2014-02,-4.38,6
Тюменская область,2014-03,3.7,6
Тюменская область,2014-04,-1.0,6
Тюменская область,2014-05,0.33,6
Тюменская область,2014-06,-0.36,6
Тюменская область,2014-07,-3.65,6
Тюменская область,2014-08,1.9,6
Тюменская область,2014-09,-2.17,6
Тюменская область,2014-10,-4.87,6
Тюменская область,2014-11,-1.34,6
Тюменская область,2014-12,2.73,6
Тюменская область,2015-01,0.77,6
Тюменская область,2015-02,4.02,6
Тюменская область,2015-03,0.77,6
Тюменская область,2015-04,1.28,6
Тюменская область,2015-05,1.59,6
Тюменская область,2015-06,2.96,6
Тюменская область,2015-07,-2.05,6
Тюменская область,2015-08,-2.66,6
Тюменская область,2015-09,-0.44,6
Тюменская область,2015-10,-2.71,6
Тюменская область,2015-11,-2.04,6
Тюменская область,2015-12,4.5,6
Тюменская область,2016-01,-3.03,6
Тюменская область,2016-02,6.77,6
Тюменская область,2016-03,0.6,6
Тюменская область,2016-04,4.32,5
Тюменская область,2016-05,0.06,6
Тюменская область,2016-06,0.46,6
Тюменская область,2016-07,1.3,6
Тюменская область,2016-08,4.08,6
Тюменская область,2016-09,2.13,6
Тюменская область,2016-10,-3.02,6
Тюменская область,2016-11,-6.13,6
Тюменская область,2016-12,-5.04,6
Тюменская область,2017-01,-1.51,6
Тюменская область,2017-02,-0.42,6
Тюменская область,2017-03,1.77,6
Тюменская область,2017-04,1.26,6
Тюменская область,2017-05,-1.58,5
Тюменская область,2017-06,0.53,5
Тюменская область,2017-07,-0.9,5
Тюменская область,2017-08,1.02,5
Тюменская область,2017-09,-1.45,5
Тюменская область,2017-10,-1.83,6
Тюменская область,2017-11,3.32,6
Тюменская область,2017-12,2.56,6
Тюменская область,2018-01,-1.45,6
Тюменская область,2018-02,-0.5,6
Тюменская область,2018-03,-2.86,6
Тюменская область,2018-04,-1.57,6
Тюменская область,2018-05,-3.96,5
Тюменская область,2018-06,-1.75,5
Тюменская область,2018-07,1.63,5
Тюменская область,2018-08,-0.63,5
Тюменская область,2018-09,1.47,5
Тюменская область,2018-10,1.04,5
Тюменская область,2018-11,-0.4,6
Тюменская область,2018-12,-1.26,6
Тюменская область,2019-01,1.58,6
Тюменская область,2019-02,-1.87,6
Тюменская область,2019-03,3.48,6
Тюменская область,2019-04,-1.11,6
Тюменская область,2019-05,0.14,4
Тюменская область,2019-06,-2.19,4
Тюменская область,2019-07,0.98,3
Тюменская область,2019-08,-0.36,3
Тюменская область,2019-09,-0.74,3
Тюменская область,2019-10,1.42,5
Тюменская область,2019-11,-1.26,6
Тюменская область,2019-12,3.54,6
Тюменская область,2020-01,5.03,6
Тюменская область,2020-02,7.15,6
Тюменская область,2020-03,5.41,6
Тюменская область,2020-04,3.44,4
Тюменская область,2020-05,4.05,3
Тюменская область,2020-06,-2.54,3
Тюменская область,2020-07,1.16,3
Тюменская область,2020-08,2.2,3
Тюменская область,2020-09,0.26,3
Тюменская область,2020-10,0.04,4
Тюменская область,2020-11,1.21,6
Тюменская область,2020-12,-0.46,6
Тюменская область,2021-01,-4.29,6
Тюменская область,2021-02,-3.61,6
Тюменская область,2021-03,-1.46,6
Тюменская область,2021-04,1.75,6
Тюменская область,2021-05,4.24,3
Тюменская область,2021-06,-1.12,3
Тюменская область,2021-07,-0.95,3
Тюменская область,2021-08,2.54,3
Тюменская область,2021-09,-2.04,3
Тюменская область,2021-10,0.15,6
Тюменская область,2021-11,1.06,6
Тюменская область,2021-12,2.64,5
Тюменская область,2022-01,1.98,5
Тюменская область,2022-02,3.7,5
Тюменская область,2022-03,-3.17,5
Тюменская область,2022-04,1.63,5
Тюменская область,2022-05,1.01,3
Тюменская область,2022-06,-1.88,3
Тюменская область,2022-07,0.18,3
Тюменская область,2022-08,0.75,3
Тюменская область,2022-09,-0.47,3
Тюменская область,2022-10,1.19,5
Тюменская область,2022-11,-2.43,5
Тюменская область,2022-12,-2.78,5
Тюменская область,2023-01,2.57,5
Тюменская область,2023-02,1.7,5
Тюменская область,2023-03,3.19,5
Тюменская область,2023-04,-0.29,5
Тюменская область,2023-05,1.46,3
Тюменская область,2023-06,-1.1,3
Тюменская область,2023-07,2.34,3
Тюменская область,2023-08,-0.1,3
Тюменская область,2023-09,1.92,3
Тюменская область,2023-10,1.02,3
Тюменская область,2023-11,4.39,5
Тюменская область,2023-12,-1.46,5
Тюменская область,2024-01,0.19,5
Тюменская область,2024-02,-0.18,3
Тюменская область,2024-03,1.09,5
Тюменская область,2024-04,1.57,5
Тюменская область,2024-05,-3.57,4
Тюменская область,2024-06,1.12,3
Тюменская область,2024-07,0.26,3
Тюменская область,2024-08,-0.05,3
Тюменская область,2024-09,0.85,3
Тюменская область,2024-10,0.34,4
Тюменская область,2024-11,2.51,5
Тюменская область,2024-12,6.3,5
Тюменская область,2025-01,5.0,5
Тюменская область,2025-02,4.59,5
Тюменская область,2025-03,2.39,5
Тюменская область,2025-04,1.79,5
Тюменская область,2025-05,0.16,4
Тюменская область,2025-06,2.3,4
Тюменская область,2025-07,-0.74,3
Тюменская область,2025-08,0.96,2
Тюменская область,2025-09,1.24,2
Тюменская область,2025-10,-0.84,2
Тюменская область,2025-11,4.57,2
Тюменская область,2025-12,1.27,2
Тюменская область,2026-01,-3.58,2
Тюменская область,2026-02,-2.33,2
Тюменская область,2026-03,0.83,2
Тюменская область,2026-04,2.21,2
Тюменская область,2026-05,2.74,2
Тюменская область,2026-06,3.64,2
Удмуртская Республика,2014-01,-1.65,4
Удмуртская Республика,2014-02,-1.78,4
Удмуртская Республика,2014-03,2.77,4
Удмуртская Республика,2014-04,-2.31,4
Удмуртская Республика,2014-05,2.92,4
Удмуртская Республика,2014-06,-0.67,4
Удмуртская Республика,2014-07,-2.99,4
Удмуртская Республика,2014-08,1.52,4
Удмуртская Республика,2014-09,-0.77,3
Удмуртская Республика,2014-10,-4.5,4
Удмуртская Республика,2014-11,0.13,4
Удмуртская Республика,2014-12,1.79,4
Удмуртская Республика,2015-01,0.11,4
Удмуртская Республика,2015-02,3.85,4
Удмуртская Республика,2015-03,1.28,4
Удмуртская Республика,2015-04,-0.42,4
Удмуртская Республика,2015-05,2.11,4
Удмуртская Республика,2015-06,2.53,4
Удмуртская Республика,2015-07,-3.17,4
Удмуртская Республика,2015-08,-2.28,4
Удмуртская Республика,2015-09,2.85,4
Удмуртская Республика,2015-10,-2.79,4
Удмуртская Республика,2015-11,0.27,4
Удмуртская Республика,2015-12,4.91,4
Удмуртская Республика,2016-01,-1.11,4
Удмуртская Республика,2016-02,7.71,4
Удмуртская Республика,2016-03,1.41,4
Удмуртская Республика,2016-04,2.62,4
Удмуртская Республика,2016-05,1.06,4
Удмуртская Республика,2016-06,-0.35,4
Удмуртская Республика,2016-07,1.98,4
Удмуртская Республика,2016-08,5.93,4
Удмуртская Республика,2016-09,0.73,4
Удмуртская Республика,2016-10,-1.75,4
Удмуртская Республика,2016-11,-4.2,4
Удмуртская Республика,2016-12,-4.55,4
Удмуртская Республика,2017-01,-2.21,4
Удмуртская Республика,2017-02,1.12,4
Удмуртская Республика,2017-03,2.03,4
Удмуртская Республика,2017-04,-1.28,4
Удмуртская Республика,2017-05,-3.06,4
Удмуртская Республика,2017-06,-1.96,4
Удмуртская Республика,2017-07,-0.96,4
Удмуртская Республика,2017-08,1.01,4
Удмуртская Республика,2017-09,-0.51,4
Удмуртская Республика,2017-10,-0.39,4
Удмуртская Республика,2017-11,3.71,4
Удмуртская Республика,2017-12,3.13,4
Удмуртская Республика,2018-01,1.91,4
Удмуртская Республика,2018-02,-0.92,4
Удмуртская Республика,2018-03,-4.98,4
Удмуртская Республика,2018-04,-1.35,4
Удмуртская Республика,2018-05,-0.61,4
Удмуртская Республика,2018-06,-1.73,4
Удмуртская Республика,2018-07,1.73,4
Удмуртская Республика,2018-08,0.11,4
Удмуртская Республика,2018-09,1.11,4
Удмуртская Республика,2018-10,0.8,4
Удмуртская Республика,2018-11,0.33,4
Удмуртская Республика,2018-12,0.56,4
Удмуртская Республика,2019-01,0.65,4
Удмуртская Республика,2019-02,2.18,4
Удмуртская Республика,2019-03,2.46,4
Удмуртская Республика,2019-04,-0.51,4
Удмуртская Республика,2019-05,1.43,4
Удмуртская Республика,2019-06,-0.97,4
Удмуртская Республика,2019-07,-2.0,2
Удмуртская Республика,2019-08,-2.0,2
Удмуртская Республика,2019-09,-1.6,2
Удмуртская Республика,2019-10,1.93,2
Удмуртская Республика,2019-11,0.63,2
Удмуртская Республика,2019-12,4.53,2
Удмуртская Республика,2020-01,7.41,2
Удмуртская Республика,2020-02,6.73,2
Удмуртская Республика,2020-03,5.38,2
Удмуртская Республика,2020-04,0.13,2
Удмуртская Республика,2020-05,0.95,2
Удмуртская Республика,2020-06,-2.0,2
Удмуртская Республика,2020-07,1.97,2
Удмуртская Республика,2020-08,-0.39,2
Удмуртская Республика,2020-09,0.25,2
Удмуртская Республика,2020-10,1.46,2
Удмуртская Республика,2020-11,0.18,2
Удмуртская Республика,2020-12,-1.36,2
Удмуртская Республика,2021-01,0.2,2
Удмуртская Республика,2021-02,-5.97,2
Удмуртская Республика,2021-03,-1.37,2
Удмуртская Республика,2021-04,1.25,2
Удмуртская Республика,2021-05,4.25,2
Удмуртская Республика,2021-06,3.24,2
Удмуртская Республика,2021-07,0.61,2
Удмуртская Республика,2021-08,3.31,2
Удмуртская Республика,2021-09,-2.33,2
Удмуртская Республика,2021-10,1.16,2
Удмуртская Республика,2021-11,1.96,2
Удмуртская Республика,2021-12,-0.19,2
Удмуртская Республика,2022-01,1.17,2
Удмуртская Республика,2022-02,6.82,2
Удмуртская Республика,2022-03,-2.48,2
Удмуртская Республика,2022-04,0.54,2
Удмуртская Республика,2022-05,-2.69,2
Удмуртская Республика,2022-06,-1.33,2
Удмуртская Республика,2022-07,1.02,2
Удмуртская Республика,2022-08,3.25,2
Удмуртская Республика,2022-09,-0.47,2
Удмуртская Республика,2022-10,0.11,2
Удмуртская Республика,2022-11,-0.29,2
Удмуртская Республика,2022-12,0.05,2
Удмуртская Республика,2023-01,-0.68,2
Удмуртская Республика,2023-02,2.33,2
Удмуртская Республика,2023-03,4.04,2
Удмуртская Республика,2023-04,3.28,2
Удмуртская Республика,2023-05,2.54,2
Удмуртская Республика,2023-06,-2.59,2
Удмуртская Республика,2023-07,1.63,2
Удмуртская Республика,2023-08,0.99,2
Удмуртская Республика,2023-09,3.05,2
Удмуртская Республика,2023-10,0.62,2
Удмуртская Республика,2023-11,3.32,2
Удмуртская Республика,2023-12,-1.7,2
Удмуртская Республика,2024-01,-1.94,2
Удмуртская Республика,2024-02,0.04,2
Удмуртская Республика,2024-03,1.72,2
Удмуртская Республика,2024-04,4.49,2
Удмуртская Республика,2024-05,-4.46,2
Удмуртская Республика,2024-06,2.44,2
Удмуртская Республика,2024-07,0.34,2
Удмуртская Республика,2024-08,-0.45,2
Удмуртская Республика,2024-09,2.5,2
Удмуртская Республика,2024-10,0.24,2
Удмуртская Республика,2024-11,2.82,2
Удмуртская Республика,2024-12,1.63,2
Удмуртская Республика,2025-01,6.32,2
Удмуртская Республика,2025-02,2.66,2
Удмуртская Республика,2025-03,3.75,2
Удмуртская Республика,2025-04,2.67,2
Удмуртская Республика,2025-05,0.59,2
Удмуртская Республика,2025-06,0.94,2
Удмуртская Республика,2025-07,-0.81,2
Удмуртская Республика,2025-08,2.34,1
Удмуртская Республика,2025-09,1.82,1
Удмуртская Республика,2025-10,2.25,1
Удмуртская Республика,2025-11,5.96,1
Удмуртская Республика,2025-12,2.35,1
Удмуртская Республика,2026-01,-0.93,1
Удмуртская Республика,2026-02,1.03,1
Удмуртская Республика,2026-03,3.06,1
Удмуртская Республика,2026-04,2.35,1
Удмуртская Республика,2026-05,3.89,1
Удмуртская Республика,2026-06,0.55,1
Ульяновская область,2014-01,-0.63,1
Ульяновская область,2014-02,1.28,1
Ульяновская область,2014-03,2.63,1
Ульяновская область,2014-04,-1.33,1
Ульяновская область,2014-05,2.38,1
Ульяновская область,2014-06,-1.6,1
Ульяновская область,2014-07,-1.92,1
Ульяновская область,2014-08,1.42,1
Ульяновская область,2014-09,-1.27,1
Ульяновская область,2014-10,-1.83,1
Ульяновская область,2014-11,-1.72,1
Ульяновская область,2014-12,2.12,1
Ульяновская область,2015-01,0.18,1
Ульяновская область,2015-02,3.57,1
Ульяновская область,2015-03,1.4,1
Ульяновская область,2015-04,-0.84,1
Ульяновская область,2015-05,1.42,1
Ульяновская область,2015-06,2.65,1
Ульяновская область,2015-07,-1.0,1
Ульяновская область,2015-08,-2.59,1
Ульяновская область,2015-09,2.23,1
Ульяновская область,2015-10,-2.44,1
Ульяновская область,2015-11,1.75,1
Ульяновская область,2015-12,5.38,1
Ульяновская область,2016-01,-1.9,1
Ульяновская область,2016-02,7.69,1
Ульяновская область,2016-03,3.61,1
Ульяновская область,2016-04,2.41,1
Ульяновская область,2016-05,0.33,1
Ульяновская область,2016-06,-0.49,1
Ульяновская область,2016-07,0.04,1
Ульяновская область,2016-08,3.71,1
Ульяновская область,2016-09,-1.22,1
Ульяновская область,2016-10,-1.11,1
Ульяновская область,2016-11,-1.18,1
Ульяновская область,2016-12,-2.67,1
Ульяновская область,2017-01,-0.33,1
Ульяновская область,2017-02,1.98,1
Ульяновская область,2017-03,3.13,1
Ульяновская область,2017-04,-1.13,1
Ульяновская область,2017-05,-2.2,1
Ульяновская область,2017-06,-3.28,1
Ульяновская область,2017-07,-1.3,1
Ульяновская область,2017-08,0.04,1
Ульяновская область,2017-09,-0.62,1
Ульяновская область,2017-10,-0.78,1
Ульяновская область,2017-11,1.76,1
Ульяновская область,2017-12,4.58,1
Ульяновская область,2018-01,0.38,1
Ульяновская область,2018-02,-2.43,1
Ульяновская область,2018-03,-6.04,1
Ульяновская область,2018-04,-1.24,1
Ульяновская область,2018-05,0.83,1
Ульяновская область,2018-06,-2.48,1
Ульяновская область,2018-07,1.23,1
Ульяновская область,2018-08,-0.56,1
Ульяновская область,2018-09,1.9,1
Ульяновская область,2018-10,1.02,1
Ульяновская область,2018-11,-2.29,1
Ульяновская область,2018-12,-0.16,1
Ульяновская область,2019-01,-1.52,1
Ульяновская область,2019-02,3.27,1
Ульяновская область,2019-03,2.69,1
Ульяновская область,2019-04,-0.56,1
Ульяновская область,2019-05,1.61,1
Ульяновская область,2019-06,-0.05,1
Хабаровский край,2014-01,-3.69,26
Хабаровский край,2014-02,-0.85,26
Хабаровский край,2014-03,1.08,25
Хабаровский край,2014-04,2.34,26
Хабаровский край,2014-05,0.51,25
Хабаровский край,2014-06,1.66,24
Хабаровский край,2014-07,-0.19,25
Хабаровский край,2014-08,0.88,25
Хабаровский край,2014-09,0.58,26
Хабаровский край,2014-10,-1.83,26
Хабаровский край,2014-11,0.2,26
Хабаровский край,2014-12,-1.55,26
Хабаровский край,2015-01,1.34,26
Хабаровский край,2015-02,2.91,25
Хабаровский край,2015-03,3.16,27
Хабаровский край,2015-04,-1.28,27
Хабаровский край,2015-05,-1.77,28
Хабаровский край,2015-06,-0.2,27
Хабаровский край,2015-07,0.03,27
Хабаровский край,2015-08,1.97,28
Хабаровский край,2015-09,0.92,27
Хабаровский край,2015-10,-0.35,28
Хабаровский край,2015-11,0.32,28
Хабаровский край,2015-12,2.59,28
Хабаровский край,2016-01,-0.2,29
Хабаровский край,2016-02,-2.82,28
Хабаровский край,2016-03,1.62,29
Хабаровский край,2016-04,0.46,29
Хабаровский край,2016-05,0.65,29
Хабаровский край,2016-06,-0.58,29
Хабаровский край,2016-07,0.76,29
Хабаровский край,2016-08,0.07,28
Хабаровский край,2016-09,0.64,29
Хабаровский край,2016-10,-3.05,29
Хабаровский край,2016-11,-3.91,29
Хабаровский край,2016-12,0.61,29
Хабаровский край,2017-01,2.5,29
Хабаровский край,2017-02,2.6,29
Хабаровский край,2017-03,3.18,29
Хабаровский край,2017-04,0.42,29
Хабаровский край,2017-05,1.09,29
Хабаровский край,2017-06,-0.68,29
Хабаровский край,2017-07,1.04,29
Хабаровский край,2017-08,0.55,29
Хабаровский край,2017-09,0.83,29
Хабаровский край,2017-10,-1.75,29
Хабаровский край,2017-11,-1.93,28
Хабаровский край,2017-12,-0.36,29
Хабаровский край,2018-01,-0.23,29
Хабаровский край,2018-02,-1.84,29
Хабаровский край,2018-03,-0.33,29
Хабаровский край,2018-04,1.09,29
Хабаровский край,2018-05,1.5,29
Хабаровский край,2018-06,-1.21,29
Хабаровский край,2018-07,0.38,29
Хабаровский край,2018-08,-0.27,29
Хабаровский край,2018-09,-0.34,29
Хабаровский край,2018-10,2.41,29
Хабаровский край,2018-11,2.67,29
Хабаровский край,2018-12,1.67,29
Хабаровский край,2019-01,2.06,29
Хабаровский край,2019-02,0.49,28
Хабаровский край,2019-03,1.6,28
Хабаровский край,2019-04,1.42,28
Хабаровский край,2019-05,0.5,27
Хабаровский край,2019-06,-1.9,27
Хабаровский край,2019-07,-0.07,23
Хабаровский край,2019-08,-0.75,24
Хабаровский край,2019-09,0.46,24
Хабаровский край,2019-10,1.79,22
Хабаровский край,2019-11,-0.04,24
Хабаровский край,2019-12,-1.17,24
Хабаровский край,2020-01,1.88,24
Хабаровский край,2020-02,1.17,24
Хабаровский край,2020-03,2.94,24
Хабаровский край,2020-04,0.85,24
Хабаровский край,2020-05,0.33,24
Хабаровский край,2020-06,-2.12,23
Хабаровский край,2020-07,0.6,23
Хабаровский край,2020-08,-1.57,23
Хабаровский край,2020-09,1.6,23
Хабаровский край,2020-10,1.17,24
Хабаровский край,2020-11,1.94,24
Хабаровский край,2020-12,0.17,24
Хабаровский край,2021-01,-3.54,24
Хабаровский край,2021-02,0.81,24
Хабаровский край,2021-03,2.35,24
Хабаровский край,2021-04,0.71,24
Хабаровский край,2021-05,-0.65,24
Хабаровский край,2021-06,1.1,24
Хабаровский край,2021-07,3.12,24
Хабаровский край,2021-08,0.58,24
Хабаровский край,2021-09,1.02,24
Хабаровский край,2021-10,-0.25,24
Хабаровский край,2021-11,3.71,24
Хабаровский край,2021-12,-1.41,23
Хабаровский край,2022-01,-0.21,24
Хабаровский край,2022-02,1.71,24
Хабаровский край,2022-03,1.75,23
Хабаровский край,2022-04,-0.14,23
Хабаровский край,2022-05,-1.05,24
Хабаровский край,2022-06,0.25,20
Хабаровский край,2022-07,2.7,19
Хабаровский край,2022-08,-0.9,19
Хабаровский край,2022-09,-0.71,19
Хабаровский край,2022-10,-0.98,19
Хабаровский край,2022-11,0.91,20
Хабаровский край,2022-12,1.0,20
Хабаровский край,2023-01,-4.39,19
Хабаровский край,2023-02,-2.21,20
Хабаровский край,2023-03,3.3,19
Хабаровский край,2023-04,-0.22,20
Хабаровский край,2023-05,-0.52,20
Хабаровский край,2023-06,0.92,18
Хабаровский край,2023-07,1.92,16
Хабаровский край,2023-08,0.51,19
Хабаровский край,2023-09,-0.19,18
Хабаровский край,2023-10,1.89,17
Хабаровский край,2023-11,-0.95,19
Хабаровский край,2023-12,-1.91,19
Хабаровский край,2024-01,-2.96,19
Хабаровский край,2024-02,-1.35,19
Хабаровский край,2024-03,-0.04,19
Хабаровский край,2024-04,2.15,19
Хабаровский край,2024-05,-1.2,19
Хабаровский край,2024-06,-2.51,19
Хабаровский край,2024-07,0.32,17
Хабаровский край,2024-08,0.01,19
Хабаровский край,2024-09,-0.25,18
Хабаровский край,2024-10,0.32,18
Хабаровский край,2024-11,3.31,18
Хабаровский край,2024-12,-1.13,19
Хабаровский край,2025-01,0.82,19
Хабаровский край,2025-02,2.14,19
Хабаровский край,2025-03,-2.11,19
Хабаровский край,2025-04,1.95,19
Хабаровский край,2025-05,-0.83,19
Хабаровский край,2025-06,0.97,19
Хабаровский край,2025-07,0.82,19
Хабаровский край,2025-08,-1.3,6
Хабаровский край,2025-09,-0.21,7
Хабаровский край,2025-10,-3.85,7
Хабаровский край,2025-11,-1.85,7
Хабаровский край,2025-12,-0.55,6
Хабаровский край,2026-01,2.19,5
Хабаровский край,2026-02,-0.33,6
Хабаровский край,2026-03,3.8,6
Хабаровский край,2026-04,-1.85,6
Хабаровский край,2026-05,-2.52,7
Хабаровский край,2026-06,-2.76,7
Ханты-Мансийский автономный округ - Югра,2014-01,-2.72,10
Ханты-Мансийский автономный округ - Югра,2014-02,-6.11,10
Ханты-Мансийский автономный округ - Югра,2014-03,3.16,10
Ханты-Мансийский автономный округ - Югра,2014-04,0.15,10
Ханты-Мансийский автономный округ - Югра,2014-05,0.24,10
Ханты-Мансийский автономный округ - Югра,2014-06,-0.25,10
Ханты-Мансийский автономный округ - Югра,2014-07,-3.07,10
Ханты-Мансийский автономный округ - Югра,2014-08,1.11,10
Ханты-Мансийский автономный округ - Югра,2014-09,-1.47,10
Ханты-Мансийский автономный округ - Югра,2014-10,-4.48,10
Ханты-Мансийский автономный округ - Югра,2014-11,0.24,10
Ханты-Мансийский автономный округ - Югра,2014-12,2.6,10
Ханты-Мансийский автономный округ - Югра,2015-01,-0.73,10
Ханты-Мансийский автономный округ - Югра,2015-02,5.26,12
Ханты-Мансийский автономный округ - Югра,2015-03,2.54,12
Ханты-Мансийский автономный округ - Югра,2015-04,2.02,12
Ханты-Мансийский автономный округ - Югра,2015-05,3.66,12
Ханты-Мансийский автономный округ - Югра,2015-06,2.95,12
Ханты-Мансийский автономный округ - Югра,2015-07,-2.49,12
Ханты-Мансийский автономный округ - Югра,2015-08,-1.95,12
Ханты-Мансийский автономный округ - Югра,2015-09,-0.45,12
Ханты-Мансийский автономный округ - Югра,2015-10,-3.31,12
Ханты-Мансийский автономный округ - Югра,2015-11,-1.6,12
Ханты-Мансийский автономный округ - Югра,2015-12,1.77,12
Ханты-Мансийский автономный округ - Югра,2016-01,-1.32,12
Ханты-Мансийский автономный округ - Югра,2016-02,8.37,12
Ханты-Мансийский автономный округ - Югра,2016-03,0.67,12
Ханты-Мансийский автономный округ - Югра,2016-04,4.32,12
Ханты-Мансийский автономный округ - Югра,2016-05,1.21,12
Ханты-Мансийский автономный округ - Югра,2016-06,2.22,12
Ханты-Мансийский автономный округ - Югра,2016-07,2.54,12
Ханты-Мансийский автономный округ - Югра,2016-08,4.2,12
Ханты-Мансийский автономный округ - Югра,2016-09,2.76,12
Ханты-Мансийский автономный округ - Югра,2016-10,-1.03,12
Ханты-Мансийский автономный округ - Югра,2016-11,-6.39,12
Ханты-Мансийский автономный округ - Югра,2016-12,-5.92,11
Ханты-Мансийский автономный округ - Югра,2017-01,-1.95,12
Ханты-Мансийский автономный округ - Югра,2017-02,0.2,12
Ханты-Мансийский автономный округ - Югра,2017-03,5.98,12
Ханты-Мансийский автономный округ - Югра,2017-04,-0.04,12
Ханты-Мансийский автономный округ - Югра,2017-05,-2.98,12
Ханты-Мансийский автономный округ - Югра,2017-06,0.68,12
Ханты-Мансийский автономный округ - Югра,2017-07,0.24,12
Ханты-Мансийский автономный округ - Югра,2017-08,1.13,12
Ханты-Мансийский автономный округ - Югра,2017-09,-1.71,12
Ханты-Мансийский автономный округ - Югра,2017-10,-0.23,12
Ханты-Мансийский автономный округ - Югра,2017-11,4.33,12
Ханты-Мансийский автономный округ - Югра,2017-12,5.78,12
Ханты-Мансийский автономный округ - Югра,2018-01,2.01,12
Ханты-Мансийский автономный округ - Югра,2018-02,-1.47,12
Ханты-Мансийский автономный округ - Югра,2018-03,-4.42,12
Ханты-Мансийский автономный округ - Югра,2018-04,-1.68,12
Ханты-Мансийский автономный округ - Югра,2018-05,-4.33,12
Ханты-Мансийский автономный округ - Югра,2018-06,-0.25,12
Ханты-Мансийский автономный округ - Югра,2018-07,1.51,12
Ханты-Мансийский автономный округ - Югра,2018-08,-0.55,12
Ханты-Мансийский автономный округ - Югра,2018-09,2.35,12
Ханты-Мансийский автономный округ - Югра,2018-10,1.72,12
Ханты-Мансийский автономный округ - Югра,2018-11,-1.76,12
Ханты-Мансийский автономный округ - Югра,2018-12,1.37,12
Ханты-Мансийский автономный округ - Югра,2019-01,0.79,12
Ханты-Мансийский автономный округ - Югра,2019-02,-1.95,12
Ханты-Мансийский автономный округ - Югра,2019-03,4.01,12
Ханты-Мансийский автономный округ - Югра,2019-04,-1.02,12
Ханты-Мансийский автономный округ - Югра,2019-05,0.03,12
Ханты-Мансийский автономный округ - Югра,2019-06,-1.94,12
Ханты-Мансийский автономный округ - Югра,2019-07,1.36,11
Ханты-Мансийский автономный округ - Югра,2019-08,0.32,11
Ханты-Мансийский автономный округ - Югра,2019-09,0.2,11
Ханты-Мансийский автономный округ - Югра,2019-10,0.99,11
Ханты-Мансийский автономный округ - Югра,2019-11,-1.65,11
Ханты-Мансийский автономный округ - Югра,2019-12,3.38,10
Ханты-Мансийский автономный округ - Югра,2020-01,5.41,11
Ханты-Мансийский автономный округ - Югра,2020-02,7.79,11
Ханты-Мансийский автономный округ - Югра,2020-03,5.64,11
Ханты-Мансийский автономный округ - Югра,2020-04,3.77,11
Ханты-Мансийский автономный округ - Югра,2020-05,4.98,11
Ханты-Мансийский автономный округ - Югра,2020-06,-1.06,11
Ханты-Мансийский автономный округ - Югра,2020-07,0.74,9
Ханты-Мансийский автономный округ - Югра,2020-08,1.73,11
Ханты-Мансийский автономный округ - Югра,2020-09,1.84,11
Ханты-Мансийский автономный округ - Югра,2020-10,0.69,11
Ханты-Мансийский автономный округ - Югра,2020-11,4.24,11
Ханты-Мансийский автономный округ - Югра,2020-12,0.31,11
Ханты-Мансийский автономный округ - Югра,2021-01,-8.02,11
Ханты-Мансийский автономный округ - Югра,2021-02,-7.56,11
Ханты-Мансийский автономный округ - Югра,2021-03,-1.99,11
Ханты-Мансийский автономный округ - Югра,2021-04,3.61,11
Ханты-Мансийский автономный округ - Югра,2021-05,3.72,11
Ханты-Мансийский автономный округ - Югра,2021-06,-0.24,11
Ханты-Мансийский автономный округ - Югра,2021-07,-0.91,11
Ханты-Мансийский автономный округ - Югра,2021-08,3.02,11
Ханты-Мансийский автономный округ - Югра,2021-09,-1.35,11
Ханты-Мансийский автономный округ - Югра,2021-10,0.9,11
Ханты-Мансийский автономный округ - Югра,2021-11,1.34,11
Ханты-Мансийский автономный округ - Югра,2021-12,-0.05,11
Ханты-Мансийский автономный округ - Югра,2022-01,3.08,11
Ханты-Мансийский автономный округ - Югра,2022-02,4.6,11
Ханты-Мансийский автономный округ - Югра,2022-03,-2.1,11
Ханты-Мансийский автономный округ - Югра,2022-04,0.83,11
Ханты-Мансийский автономный округ - Югра,2022-05,2.6,11
Ханты-Мансийский автономный округ - Югра,2022-06,-0.25,11
Ханты-Мансийский автономный округ - Югра,2022-07,1.05,11
Ханты-Мансийский автономный округ - Югра,2022-08,2.44,11
Ханты-Мансийский автономный округ - Югра,2022-09,-0.73,11
Ханты-Мансийский автономный округ - Югра,2022-10,2.56,11
Ханты-Мансийский автономный округ - Югра,2022-11,-1.71,11
Ханты-Мансийский автономный округ - Югра,2022-12,-0.78,11
Ханты-Мансийский автономный округ - Югра,2023-01,4.32,11
Ханты-Мансийский автономный округ - Югра,2023-02,3.47,11
Ханты-Мансийский автономный округ - Югра,2023-03,2.08,11
Ханты-Мансийский автономный округ - Югра,2023-04,-1.21,11
Ханты-Мансийский автономный округ - Югра,2023-05,3.5,11
Ханты-Мансийский автономный округ - Югра,2023-06,-1.25,11
Ханты-Мансийский автономный округ - Югра,2023-07,1.91,11
Ханты-Мансийский автономный округ - Югра,2023-08,1.91,11
Ханты-Мансийский автономный округ - Югра,2023-09,3.33,11
Ханты-Мансийский автономный округ - Югра,2023-10,1.83,11
Ханты-Мансийский автономный округ - Югра,2023-11,3.66,11
Ханты-Мансийский автономный округ - Югра,2023-12,0.18,11
Ханты-Мансийский автономный округ - Югра,2024-01,1.79,11
Ханты-Мансийский автономный округ - Югра,2024-02,1.63,5
Ханты-Мансийский автономный округ - Югра,2024-03,-1.1,11
Ханты-Мансийский автономный округ - Югра,2024-04,-1.38,11
Ханты-Мансийский автономный округ - Югра,2024-05,-3.88,11
Ханты-Мансийский автономный округ - Югра,2024-06,1.31,11
Ханты-Мансийский автономный округ - Югра,2024-07,0.92,11
Ханты-Мансийский автономный округ - Югра,2024-08,1.16,11
Ханты-Мансийский автономный округ - Югра,2024-09,2.8,11
Ханты-Мансийский автономный округ - Югра,2024-10,1.45,11
Ханты-Мансийский автономный округ - Югра,2024-11,5.87,11
Ханты-Мансийский автономный округ - Югра,2024-12,7.14,11
Ханты-Мансийский автономный округ - Югра,2025-01,4.52,11
Ханты-Мансийский автономный округ - Югра,2025-02,3.92,11
Ханты-Мансийский автономный округ - Югра,2025-03,2.82,11
Ханты-Мансийский автономный округ - Югра,2025-04,0.2,11
Ханты-Мансийский автономный округ - Югра,2025-05,-0.14,11
Ханты-Мансийский автономный округ - Югра,2025-06,2.56,11
Ханты-Мансийский автономный округ - Югра,2025-07,-0.75,11
Ханты-Мансийский автономный округ - Югра,2025-08,2.47,6
Ханты-Мансийский автономный округ - Югра,2025-09,2.35,6
Ханты-Мансийский автономный округ - Югра,2025-10,1.09,6
Ханты-Мансийский автономный округ - Югра,2025-11,2.33,6
Ханты-Мансийский автономный округ - Югра,2025-12,-1.96,6
Ханты-Мансийский автономный округ - Югра,2026-01,-4.52,6
Ханты-Мансийский автономный округ - Югра,2026-02,-5.03,6
Ханты-Мансийский автономный округ - Югра,2026-03,-1.54,6
Ханты-Мансийский автономный округ - Югра,2026-04,0.75,6
Ханты-Мансийский автономный округ - Югра,2026-05,2.95,6
Ханты-Мансийский автономный округ - Югра,2026-06,5.13,6
Челябинская область,2014-01,-0.87,7
Челябинская область,2014-02,-3.33,7
Челябинская область,2014-03,2.77,7
Челябинская область,2014-04,-2.25,7
Челябинская область,2014-05,2.65,7
Челябинская область,2014-06,0.26,7
Челябинская область,2014-07,-3.72,7
Челябинская область,2014-08,1.72,7
Челябинская область,2014-09,-1.71,7
Челябинская область,2014-10,-3.25,7
Челябинская область,2014-11,-0.57,7
Челябинская область,2014-12,3.04,7
Челябинская область,2015-01,1.01,7
Челябинская область,2015-02,3.11,7
Челябинская область,2015-03,1.06,7
Челябинская область,2015-04,-0.41,7
Челябинская область,2015-05,0.4,7
Челябинская область,2015-06,2.6,7
Челябинская область,2015-07,-1.66,7
Челябинская область,2015-08,-2.59,7
Челябинская область,2015-09,1.46,7
Челябинская область,2015-10,-2.52,7
Челябинская область,2015-11,-1.38,7
Челябинская область,2015-12,4.12,7
Челябинская область,2016-01,-3.45,7
Челябинская область,2016-02,6.13,7
Челябинская область,2016-03,0.79,7
Челябинская область,2016-04,2.57,7
Челябинская область,2016-05,-0.13,7
Челябинская область,2016-06,-0.64,7
Челябинская область,2016-07,0.48,7
Челябинская область,2016-08,4.62,7
Челябинская область,2016-09,0.24,7
Челябинская область,2016-10,-3.18,7
Челябинская область,2016-11,-3.87,7
Челябинская область,2016-12,-3.56,7
Челябинская область,2017-01,1.18,7
Челябинская область,2017-02,-0.69,7
Челябинская область,2017-03,0.57,7
Челябинская область,2017-04,0.23,7
Челябинская область,2017-05,-1.58,7
Челябинская область,2017-06,-1.48,7
Челябинская область,2017-07,-0.68,6
Челябинская область,2017-08,1.07,6
Челябинская область,2017-09,-0.11,7
Челябинская область,2017-10,-2.17,7
Челябинская область,2017-11,2.83,7
Челябинская область,2017-12,0.05,7
Челябинская область,2018-01,-4.12,7
Челябинская область,2018-02,-1.4,7
Челябинская область,2018-03,-4.07,7
Челябинская область,2018-04,-1.67,7
Челябинская область,2018-05,-1.77,7
Челябинская область,2018-06,-2.51,7
Челябинская область,2018-07,1.38,7
Челябинская область,2018-08,-0.53,7
Челябинская область,2018-09,0.92,7
Челябинская область,2018-10,0.77,7
Челябинская область,2018-11,0.01,7
Челябинская область,2018-12,-2.08,7
Челябинская область,2019-01,-0.59,7
Челябинская область,2019-02,-0.45,7
Челябинская область,2019-03,2.98,7
Челябинская область,2019-04,-0.85,7
Челябинская область,2019-05,0.84,7
Челябинская область,2019-06,-0.68,7
Челябинская область,2019-07,1.05,4
Челябинская область,2019-08,-0.36,4
Челябинская область,2019-09,-2.02,4
Челябинская область,2019-10,1.76,4
Челябинская область,2019-11,-0.97,4
Челябинская область,2019-12,3.12,4
Челябинская область,2020-01,6.51,4
Челябинская область,2020-02,6.18,4
Челябинская область,2020-03,5.33,4
Челябинская область,2020-04,0.95,4
Челябинская область,2020-05,2.62,4
Челябинская область,2020-06,-1.23,4
Челябинская область,2020-07,3.08,4
Челябинская область,2020-08,0.81,4
Челябинская область,2020-09,0.03,4
Челябинская область,2020-10,0.93,4
Челябинская область,2020-11,-0.36,4
Челябинская область,2020-12,-0.18,4
Челябинская область,2021-01,-1.65,4
Челябинская область,2021-02,-2.57,4
Челябинская область,2021-03,-1.15,4
Челябинская область,2021-04,1.31,4
Челябинская область,2021-05,5.57,4
Челябинская область,2021-06,1.78,4
Челябинская область,2021-07,0.59,4
Челябинская область,2021-08,3.36,4
Челябинская область,2021-09,-2.02,4
Челябинская область,2021-10,0.61,4
Челябинская область,2021-11,0.87,4
Челябинская область,2021-12,2.42,4
Челябинская область,2022-01,0.19,4
Челябинская область,2022-02,4.07,4
Челябинская область,2022-03,-2.54,4
Челябинская область,2022-04,2.81,4
Челябинская область,2022-05,-1.52,4
Челябинская область,2022-06,-1.07,4
Челябинская область,2022-07,1.17,4
Челябинская область,2022-08,2.15,4
Челябинская область,2022-09,0.33,4
Челябинская область,2022-10,0.58,4
Челябинская область,2022-11,-2.22,4
Челябинская область,2022-12,-1.31,4
Челябинская область,2023-01,1.66,4
Челябинская область,2023-02,0.22,4
Челябинская область,2023-03,4.35,4
Челябинская область,2023-04,2.11,4
Челябинская область,2023-05,2.49,4
Челябинская область,2023-06,-0.62,4
Челябинская область,2023-07,2.65,4
Челябинская область,2023-08,0.33,4
Челябинская область,2023-09,1.3,4
Челябинская область,2023-10,0.8,4
Челябинская область,2023-11,4.2,4
Челябинская область,2023-12,-1.03,4
Челябинская область,2024-01,-1.41,4
Челябинская область,2024-02,-0.22,4
Челябинская область,2024-03,1.16,4
Челябинская область,2024-04,4.71,4
Челябинская область,2024-05,-3.44,4
Челябинская область,2024-06,1.88,4
Челябинская область,2024-07,0.15,4
Челябинская область,2024-08,-1.27,4
Челябинская область,2024-09,0.34,4
Челябинская область,2024-10,-0.7,4
Челябинская область,2024-11,2.23,3
Челябинская область,2024-12,4.71,3
Челябинская область,2025-01,6.07,4
Челябинская область,2025-02,3.32,4
Челябинская область,2025-03,4.16,4
Челябинская область,2025-04,3.86,4
Челябинская область,2025-05,1.29,4
Челябинская область,2025-06,1.0,4
Челябинская область,2025-07,-0.61,4
Челябинская область,2025-08,1.75,1
Челябинская область,2025-09,2.61,1
Челябинская область,2025-10,1.78,1
Челябинская область,2025-11,5.86,1
Челябинская область,2025-12,1.54,1
Челябинская область,2026-01,-2.86,1
Челябинская область,2026-02,-1.08,1
Челябинская область,2026-03,2.56,1
Челябинская область,2026-04,3.68,1
Челябинская область,2026-05,3.27,1
Челябинская область,2026-06,1.65,1
Чеченская Республика,2014-01,0.51,2
Чеченская Республика,2014-02,-0.59,2
Чеченская Республика,2014-03,1.2,2
Чеченская Республика,2014-04,-0.3,2
Чеченская Республика,2014-05,2.46,2
Чеченская Республика,2014-06,0.19,2
Чеченская Республика,2014-07,-0.52,2
Чеченская Республика,2014-08,2.41,2
Чеченская Республика,2014-09,-0.6,2
Чеченская Республика,2014-10,-2.4,2
Чеченская Республика,2014-11,-1.32,2
Чеченская Республика,2014-12,1.94,2
Чеченская Республика,2015-01,1.04,2
Чеченская Республика,2015-02,1.87,2
Чеченская Республика,2015-03,-0.4,2
Чеченская Республика,2015-04,-1.17,2
Чеченская Республика,2015-05,0.08,2
Чеченская Республика,2015-06,1.39,2
Чеченская Республика,2015-07,0.15,2
Чеченская Республика,2015-08,0.21,2
Чеченская Республика,2015-09,3.01,2
Чеченская Республика,2015-10,-1.18,2
Чеченская Республика,2015-11,0.66,2
Чеченская Республика,2015-12,3.14,2
Чеченская Республика,2016-01,-0.24,2
Чеченская Республика,2016-02,4.22,2
Чеченская Республика,2016-03,1.12,2
Чеченская Республика,2016-04,2.13,2
Чеченская Республика,2016-05,0.26,2
Чеченская Республика,2016-06,-0.28,2
Чеченская Республика,2016-07,-0.85,2
Чеченская Республика,2016-08,1.46,2
Чеченская Республика,2016-09,-0.73,2
Чеченская Республика,2016-10,-2.24,2
Чеченская Республика,2016-11,-1.25,2
Чеченская Республика,2016-12,-2.25,2
Чеченская Республика,2017-01,-0.07,2
Чеченская Республика,2017-02,-0.22,2
Чеченская Республика,2017-03,1.13,2
Чеченская Республика,2017-04,-0.48,2
Чеченская Республика,2017-05,-0.36,2
Чеченская Республика,2017-06,-0.67,2
Чеченская Республика,2017-07,1.07,2
Чеченская Республика,2017-08,1.38,2
Чеченская Республика,2017-09,1.92,2
Чеченская Республика,2017-10,-0.63,2
Чеченская Республика,2017-11,0.2,2
Чеченская Республика,2017-12,3.13,2
Чеченская Республика,2018-01,0.52,2
Чеченская Республика,2018-02,2.79,2
Чеченская Республика,2018-03,0.49,2
Чеченская Республика,2018-04,0.56,2
Чеченская Республика,2018-05,2.53,2
Чеченская Республика,2018-06,1.61,2
Чеченская Республика,2018-07,2.8,2
Чеченская Республика,2018-08,-1.07,2
Чеченская Республика,2018-09,1.57,2
Чеченская Республика,2018-10,2.08,2
Чеченская Республика,2018-11,-0.68,2
Чеченская Республика,2018-12,1.83,2
Чеченская Республика,2019-01,2.33,2
Чеченская Республика,2019-02,2.47,2
Чеченская Республика,2019-03,1.16,2
Чеченская Республика,2019-04,0.28,2
Чеченская Республика,2019-05,1.8,2
Чеченская Республика,2019-06,3.11,2
Чувашская Республика,2014-01,-1.28,2
Чувашская Республика,2014-02,0.86,2
Чувашская Республика,2014-03,2.21,2
Чувашская Республика,2014-04,-1.23,2
Чувашская Республика,2014-05,2.57,2
Чувашская Республика,2014-06,-1.43,2
Чувашская Республика,2014-07,-0.89,2
Чувашская Республика,2014-08,1.19,2
Чувашская Республика,2014-09,-0.29,2
Чувашская Республика,2014-10,-3.32,2
Чувашская Республика,2014-11,-1.1,2
Чувашская Республика,2014-12,1.81,2
Чувашская Республика,2015-01,0.65,2
Чувашская Республика,2015-02,3.3,2
Чувашская Республика,2015-03,1.23,2
Чувашская Республика,2015-04,-1.55,2
Чувашская Республика,2015-05,1.88,2
Чувашская Республика,2015-06,2.3,2
Чувашская Республика,2015-07,-1.39,2
Чувашская Республика,2015-08,-1.72,2
Чувашская Республика,2015-09,3.59,2
Чувашская Республика,2015-10,-2.81,2
Чувашская Республика,2015-11,1.49,2
Чувашская Республика,2015-12,4.7,2
Чувашская Республика,2016-01,-2.29,2
Чувашская Республика,2016-02,6.91,2
Чувашская Республика,2016-03,2.06,2
Чувашская Республика,2016-04,2.0,2
Чувашская Республика,2016-05,1.01,2
Чувашская Республика,2016-06,0.12,2
Чувашская Республика,2016-07,1.02,2
Чувашская Республика,2016-08,4.22,2
Чувашская Республика,2016-09,-1.4,2
Чувашская Республика,2016-10,-1.18,2
Чувашская Республика,2016-11,-1.79,2
Чувашская Республика,2016-12,-2.19,2
Чувашская Республика,2017-01,-1.79,2
Чувашская Республика,2017-02,1.93,2
Чувашская Республика,2017-03,2.81,2
Чувашская Республика,2017-04,-0.92,2
Чувашская Республика,2017-05,-2.58,2
Чувашская Республика,2017-06,-2.82,2
Чувашская Республика,2017-07,-0.98,2
Чувашская Республика,2017-08,0.58,2
Чувашская Республика,2017-09,-0.16,2
Чувашская Республика,2017-10,-0.98,2
Чувашская Республика,2017-11,1.37,2
Чувашская Республика,2017-12,4.39,2
Чувашская Республика,2018-01,0.66,2
Чувашская Республика,2018-02,-3.16,2
Чувашская Республика,2018-03,-6.12,2
Чувашская Республика,2018-04,-0.83,2
Чувашская Республика,2018-05,1.03,2
Чувашская Республика,2018-06,-1.83,2
Чувашская Республика,2018-07,1.54,2
Чувашская Республика,2018-08,1.47,2
Чувашская Республика,2018-09,2.1,2
Чувашская Республика,2018-10,0.95,2
Чувашская Республика,2018-11,-1.11,2
Чувашская Республика,2018-12,-0.41,2
Чувашская Республика,2019-01,-1.14,2
Чувашская Республика,2019-02,3.38,2
Чувашская Республика,2019-03,1.87,2
Чувашская Республика,2019-04,0.11,2
Чувашская Республика,2019-05,2.3,2
Чувашская Республика,2019-06,0.47,2
Чувашская Республика,2019-07,-2.37,2
Чувашская Республика,2019-08,-2.05,2
Чувашская Республика,2019-09,-2.06,2
Чувашская Республика,2019-10,3.05,2
Чувашская Республика,2019-11,0.76,2
Чувашская Республика,2019-12,3.82,2
Чувашская Республика,2020-01,6.5,2
Чувашская Республика,2020-02,5.84,2
Чувашская Республика,2020-03,6.33,2
Чувашская Республика,2020-04,-1.4,2
Чувашская Республика,2020-05,-1.34,2
Чувашская Республика,2020-06,-0.83,2
Чувашская Республика,2020-07,0.79,2
Чувашская Республика,2020-08,-1.19,2
Чувашская Республика,2020-09,0.49,2
Чувашская Республика,2020-10,1.86,2
Чувашская Республика,2020-11,0.36,2
Чувашская Республика,2020-12,-3.47,2
Чувашская Республика,2021-01,-0.14,2
Чувашская Республика,2021-02,-6.06,2
Чувашская Республика,2021-03,-1.51,2
Чувашская Республика,2021-04,0.7,2
Чувашская Республика,2021-05,2.91,2
Чувашская Республика,2021-06,3.23,2
Чувашская Республика,2021-07,1.25,2
Чувашская Республика,2021-08,2.9,2
Чувашская Республика,2021-09,-2.45,2
Чувашская Республика,2021-10,0.82,2
Чувашская Республика,2021-11,2.22,2
Чувашская Республика,2021-12,-0.12,2
Чувашская Республика,2022-01,0.47,2
Чувашская Республика,2022-02,6.4,2
Чувашская Республика,2022-03,-1.19,2
Чувашская Республика,2022-04,-0.12,2
Чувашская Республика,2022-05,-4.66,2
Чувашская Республика,2022-06,0.12,2
Чувашская Республика,2022-07,-0.23,2
Чувашская Республика,2022-08,3.44,2
Чувашская Республика,2022-09,-1.21,2
Чувашская Республика,2022-10,1.4,2
Чувашская Республика,2022-11,0.93,2
Чувашская Республика,2022-12,0.44,2
Чувашская Республика,2023-01,-1.71,2
Чувашская Республика,2023-02,1.69,2
Чувашская Республика,2023-03,5.18,2
Чувашская Республика,2023-04,3.62,2
Чувашская Республика,2023-05,0.85,2
Чувашская Республика,2023-06,-2.58,2
Чувашская Республика,2023-07,0.21,2
Чувашская Республика,2023-08,1.45,2
Чувашская Республика,2023-09,2.46,2
Чувашская Республика,2023-10,0.24,2
Чувашская Республика,2023-11,2.76,2
Чувашская Республика,2023-12,-0.2,2
Чувашская Республика,2024-01,-3.04,2
Чувашская Республика,2024-02,-0.57,2
Чувашская Республика,2024-03,1.1,2
Чувашская Республика,2024-04,5.84,2
Чувашская Республика,2024-05,-3.47,2
Чувашская Республика,2024-06,2.85,2
Чувашская Республика,2024-07,1.16,2
Чувашская Республика,2024-08,0.26,2
Чувашская Республика,2024-09,2.95,2
Чувашская Республика,2024-10,1.38,2
Чувашская Республика,2024-11,2.41,2
Чувашская Республика,2024-12,1.19,2
Чувашская Республика,2025-01,6.14,2
Чувашская Республика,2025-02,1.26,2
Чувашская Республика,2025-03,5.68,2
Чувашская Республика,2025-04,3.5,2
Чувашская Республика,2025-05,0.16,2
Чувашская Республика,2025-06,-0.6,2
Чувашская Республика,2025-07,0.3,2
Чувашская Республика,2025-08,0.76,1
Чувашская Республика,2025-09,0.63,1
Чувашская Республика,2025-10,1.58,1
Чувашская Республика,2025-11,5.5,1
Чувашская Республика,2025-12,2.84,1
Чувашская Республика,2026-01,-0.9,1
Чувашская Республика,2026-02,-1.0,1
Чувашская Республика,2026-03,2.89,1
Чувашская Республика,2026-04,0.24,1
Чувашская Республика,2026-05,2.29,1
Чувашская Республика,2026-06,-0.23,1
Чукотский автономный округ,2014-01,0.48,8
Чукотский автономный округ,2014-02,7.72,8
Чукотский автономный округ,2014-03,0.5,8
Чукотский автономный округ,2014-04,-0.38,8
Чукотский автономный округ,2014-05,-1.74,8
Чукотский автономный округ,2014-06,-1.33,8
Чукотский автономный округ,2014-07,0.44,8
Чукотский автономный округ,2014-08,2.37,8
Чукотский автономный округ,2014-09,0.23,8
Чукотский автономный округ,2014-10,2.96,8
Чукотский автономный округ,2014-11,4.1,8
Чукотский автономный округ,2014-12,-0.9,8
Чукотский автономный округ,2015-01,3.58,8
Чукотский автономный округ,2015-02,0.3,8
Чукотский автономный округ,2015-03,-4.54,8
Чукотский автономный округ,2015-04,-0.58,8
Чукотский автономный округ,2015-05,-1.14,8
Чукотский автономный округ,2015-06,0.73,8
Чукотский автономный округ,2015-07,1.59,8
Чукотский автономный округ,2015-08,-0.56,8
Чукотский автономный округ,2015-09,0.35,8
Чукотский автономный округ,2015-10,1.41,7
Чукотский автономный округ,2015-11,-3.17,8
Чукотский автономный округ,2015-12,-3.7,8
Чукотский автономный округ,2016-01,1.18,8
Чукотский автономный округ,2016-02,2.29,8
Чукотский автономный округ,2016-03,-3.17,8
Чукотский автономный округ,2016-04,-0.28,8
Чукотский автономный округ,2016-05,1.31,8
Чукотский автономный округ,2016-06,2.91,8
Чукотский автономный округ,2016-07,-0.14,7
Чукотский автономный округ,2016-08,1.83,8
Чукотский автономный округ,2016-09,0.93,8
Чукотский автономный округ,2016-10,6.07,8
Чукотский автономный округ,2016-11,2.79,8
Чукотский автономный округ,2016-12,7.12,8
Чукотский автономный округ,2017-01,1.15,8
Чукотский автономный округ,2017-02,3.14,8
Чукотский автономный округ,2017-03,4.59,8
Чукотский автономный округ,2017-04,2.93,8
Чукотский автономный округ,2017-05,0.33,8
Чукотский автономный округ,2017-06,-0.33,8
Чукотский автономный округ,2017-07,-0.64,8
Чукотский автономный округ,2017-08,0.83,8
Чукотский автономный округ,2017-09,0.49,8
Чукотский автономный округ,2017-10,0.21,8
Чукотский автономный округ,2017-11,5.35,8
Чукотский автономный округ,2017-12,3.57,8
Чукотский автономный округ,2018-01,4.74,8
Чукотский автономный округ,2018-02,8.26,8
Чукотский автономный округ,2018-03,-0.55,8
Чукотский автономный округ,2018-04,3.42,8
Чукотский автономный округ,2018-05,-2.28,8
Чукотский автономный округ,2018-06,-0.77,8
Чукотский автономный округ,2018-07,-0.85,8
Чукотский автономный округ,2018-08,-0.67,8
Чукотский автономный округ,2018-09,3.81,8
Чукотский автономный округ,2018-10,2.31,8
Чукотский автономный округ,2018-11,-2.32,8
Чукотский автономный округ,2018-12,-4.38,8
Чукотский автономный округ,2019-01,0.16,8
Чукотский автономный округ,2019-02,3.12,8
Чукотский автономный округ,2019-03,0.99,7
Чукотский автономный округ,2019-04,3.05,7
Чукотский автономный округ,2019-05,1.48,7
Чукотский автономный округ,2019-06,2.75,7
Чукотский автономный округ,2019-07,0.64,7
Чукотский автономный округ,2019-08,1.78,6
Чукотский автономный округ,2019-09,0.19,7
Чукотский автономный округ,2019-10,-0.89,7
Чукотский автономный округ,2019-11,2.33,7
Чукотский автономный округ,2019-12,2.24,7
Чукотский автономный округ,2020-01,0.54,7
Чукотский автономный округ,2020-02,-5.3,7
Чукотский автономный округ,2020-03,3.13,7
Чукотский автономный округ,2020-04,-0.96,7
Чукотский автономный округ,2020-05,1.1,6
Чукотский автономный округ,2020-06,2.23,6
Чукотский автономный округ,2020-07,0.56,7
Чукотский автономный округ,2020-08,-0.53,7
Чукотский автономный округ,2020-09,0.32,6
Чукотский автономный округ,2020-10,2.79,7
Чукотский автономный округ,2020-11,5.32,7
Чукотский автономный округ,2020-12,-0.19,6
Чукотский автономный округ,2021-01,-2.18,7
Чукотский автономный округ,2021-02,-0.02,7
Чукотский автономный округ,2021-03,-3.61,7
Чукотский автономный округ,2021-04,0.22,7
Чукотский автономный округ,2021-05,0.41,7
Чукотский автономный округ,2021-06,1.85,7
Чукотский автономный округ,2021-07,-0.25,7
Чукотский автономный округ,2021-08,-0.88,6
Чукотский автономный округ,2021-09,-2.53,6
Чукотский автономный округ,2021-10,-3.96,6
Чукотский автономный округ,2021-11,-1.89,6
Чукотский автономный округ,2021-12,-2.5,7
Чукотский автономный округ,2022-01,1.64,7
Чукотский автономный округ,2022-02,-0.95,7
Чукотский автономный округ,2022-03,4.08,7
Чукотский автономный округ,2022-04,2.4,7
Чукотский автономный округ,2022-05,3.69,7
Чукотский автономный округ,2022-06,0.43,6
Чукотский автономный округ,2022-07,-1.09,7
Чукотский автономный округ,2022-08,0.74,7
Чукотский автономный округ,2022-09,-0.05,7
Чукотский автономный округ,2022-10,-2.22,7
Чукотский автономный округ,2022-11,-3.21,7
Чукотский автономный округ,2022-12,5.34,7
Чукотский автономный округ,2023-01,-0.32,7
Чукотский автономный округ,2023-02,-2.4,7
Чукотский автономный округ,2023-03,-0.59,7
Чукотский автономный округ,2023-04,0.01,7
Чукотский автономный округ,2023-05,0.5,7
Чукотский автономный округ,2023-06,0.32,7
Чукотский автономный округ,2023-07,0.72,7
Чукотский автономный округ,2023-08,-0.16,7
Чукотский автономный округ,2023-09,-0.04,7
Чукотский автономный округ,2023-10,1.44,7
Чукотский автономный округ,2023-11,3.41,7
Чукотский автономный округ,2023-12,-1.52,7
Чукотский автономный округ,2024-01,0.02,6
Чукотский автономный округ,2024-02,-1.77,7
Чукотский автономный округ,2024-03,0.46,7
Чукотский автономный округ,2024-04,-0.78,7
Чукотский автономный округ,2024-05,-0.29,6
Чукотский автономный округ,2024-06,0.43,7
Чукотский автономный округ,2024-07,-0.03,7
Чукотский автономный округ,2024-08,-2.43,7
Чукотский автономный округ,2024-09,0.94,7
Чукотский автономный округ,2024-10,1.55,7
Чукотский автономный округ,2024-11,-0.17,7
Чукотский автономный округ,2024-12,1.94,7
Чукотский автономный округ,2025-01,-2.84,7
Чукотский автономный округ,2025-02,-0.69,7
Чукотский автономный округ,2025-03,-0.94,7
Чукотский автономный округ,2025-04,1.84,7
Чукотский автономный округ,2025-05,-1.04,7
Чукотский автономный округ,2025-06,0.23,7
Чукотский автономный округ,2025-07,0.3,7
Чукотский автономный округ,2025-08,0.04,7
Чукотский автономный округ,2025-09,0.59,7
Чукотский автономный округ,2025-10,-3.3,7
Чукотский автономный округ,2025-11,-3.14,7
Чукотский автономный округ,2025-12,7.28,7
Чукотский автономный округ,2026-01,3.61,7
Чукотский автономный округ,2026-02,0.8,7
Чукотский автономный округ,2026-03,2.76,7
Чукотский автономный округ,2026-04,1.45,7
Чукотский автономный округ,2026-05,3.14,6
Чукотский автономный округ,2026-06,3.27,6
Ямало-Ненецкий автономный округ,2014-01,-6.7,12
Ямало-Ненецкий автономный округ,2014-02,-5.78,12
Ямало-Ненецкий автономный округ,2014-03,4.13,12
Ямало-Ненецкий автономный округ,2014-04,1.9,12
Ямало-Ненецкий автономный округ,2014-05,0.18,12
Ямало-Ненецкий автономный округ,2014-06,0.06,11
Ямало-Ненецкий автономный округ,2014-07,-2.58,12
Ямало-Ненецкий автономный округ,2014-08,-1.35,12
Ямало-Ненецкий автономный округ,2014-09,-2.06,12
Ямало-Ненецкий автономный округ,2014-10,-4.18,11
Ямало-Ненецкий автономный округ,2014-11,-0.9,12
Ямало-Ненецкий автономный округ,2014-12,4.06,12
Ямало-Ненецкий автономный округ,2015-01,-2.66,12
Ямало-Ненецкий автономный округ,2015-02,1.57,12
Ямало-Ненецкий автономный округ,2015-03,3.45,12
Ямало-Ненецкий автономный округ,2015-04,4.18,12
Ямало-Ненецкий автономный округ,2015-05,4.34,12
Ямало-Ненецкий автономный округ,2015-06,3.11,12
Ямало-Ненецкий автономный округ,2015-07,-0.55,12
Ямало-Ненецкий автономный округ,2015-08,-1.19,12
Ямало-Ненецкий автономный округ,2015-09,-0.45,12
Ямало-Ненецкий автономный округ,2015-10,-2.0,12
Ямало-Ненецкий автономный округ,2015-11,0.92,12
Ямало-Ненецкий автономный округ,2015-12,2.74,12
Ямало-Ненецкий автономный округ,2016-01,2.62,12
Ямало-Ненецкий автономный округ,2016-02,10.54,12
Ямало-Ненецкий автономный округ,2016-03,2.07,12
Ямало-Ненецкий автономный округ,2016-04,5.33,12
Ямало-Ненецкий автономный округ,2016-05,0.1,12
Ямало-Ненецкий автономный округ,2016-06,4.07,12
Ямало-Ненецкий автономный округ,2016-07,3.99,12
Ямало-Ненецкий автономный округ,2016-08,2.08,12
Ямало-Ненецкий автономный округ,2016-09,4.07,12
Ямало-Ненецкий автономный округ,2016-10,2.08,12
Ямало-Ненецкий автономный округ,2016-11,-4.09,12
Ямало-Ненецкий автономный округ,2016-12,-6.47,12
Ямало-Ненецкий автономный округ,2017-01,-0.62,12
Ямало-Ненецкий автономный округ,2017-02,0.8,12
Ямало-Ненецкий автономный округ,2017-03,9.04,12
Ямало-Ненецкий автономный округ,2017-04,-1.66,12
Ямало-Ненецкий автономный округ,2017-05,-3.4,12
Ямало-Ненецкий автономный округ,2017-06,0.08,12
Ямало-Ненецкий автономный округ,2017-07,0.63,12
Ямало-Ненецкий автономный округ,2017-08,-0.59,12
Ямало-Ненецкий автономный округ,2017-09,-1.67,12
Ямало-Ненецкий автономный округ,2017-10,2.01,12
Ямало-Ненецкий автономный округ,2017-11,3.22,12
Ямало-Ненецкий автономный округ,2017-12,8.45,12
Ямало-Ненецкий автономный округ,2018-01,4.1,12
Ямало-Ненецкий автономный округ,2018-02,0.23,12
Ямало-Ненецкий автономный округ,2018-03,-6.15,12
Ямало-Ненецкий автономный округ,2018-04,-1.84,12
Ямало-Ненецкий автономный округ,2018-05,-4.19,12
Ямало-Ненецкий автономный округ,2018-06,0.94,12
Ямало-Ненецкий автономный округ,2018-07,-0.15,12
Ямало-Ненецкий автономный округ,2018-08,-0.35,12
Ямало-Ненецкий автономный округ,2018-09,1.73,12
Ямало-Ненецкий автономный округ,2018-10,2.97,12
Ямало-Ненецкий автономный округ,2018-11,0.17,12
Ямало-Ненецкий автономный округ,2018-12,2.95,12
Ямало-Ненецкий автономный округ,2019-01,1.09,12
Ямало-Ненецкий автономный округ,2019-02,-0.7,12
Ямало-Ненецкий автономный округ,2019-03,5.15,12
Ямало-Ненецкий автономный округ,2019-04,-0.31,12
Ямало-Ненецкий автономный округ,2019-05,0.22,12
Ямало-Ненецкий автономный округ,2019-06,-2.0,11
Ямало-Ненецкий автономный округ,2019-07,1.85,10
Ямало-Ненецкий автономный округ,2019-08,1.23,9
Ямало-Ненецкий автономный округ,2019-09,0.38,9
Ямало-Ненецкий автономный округ,2019-10,0.84,10
Ямало-Ненецкий автономный округ,2019-11,1.01,10
Ямало-Ненецкий автономный округ,2019-12,3.79,10
Ямало-Ненецкий автономный округ,2020-01,5.2,10
Ямало-Ненецкий автономный округ,2020-02,9.21,10
Ямало-Ненецкий автономный округ,2020-03,4.74,10
Ямало-Ненецкий автономный округ,2020-04,5.48,10
Ямало-Ненецкий автономный округ,2020-05,6.42,9
Ямало-Ненецкий автономный округ,2020-06,0.13,9
Ямало-Ненецкий автономный округ,2020-07,0.03,10
Ямало-Ненецкий автономный округ,2020-08,3.33,10
Ямало-Ненецкий автономный округ,2020-09,3.38,10
Ямало-Ненецкий автономный округ,2020-10,-0.06,10
Ямало-Ненецкий автономный округ,2020-11,6.69,10
Ямало-Ненецкий автономный округ,2020-12,-0.26,10
Ямало-Ненецкий автономный округ,2021-01,-5.25,10
Ямало-Ненецкий автономный округ,2021-02,-7.83,10
Ямало-Ненецкий автономный округ,2021-03,-4.84,10
Ямало-Ненецкий автономный округ,2021-04,3.61,10
Ямало-Ненецкий автономный округ,2021-05,3.29,10
Ямало-Ненецкий автономный округ,2021-06,-0.62,9
Ямало-Ненецкий автономный округ,2021-07,-1.6,9
Ямало-Ненецкий автономный округ,2021-08,2.03,10
Ямало-Ненецкий автономный округ,2021-09,0.33,10
Ямало-Ненецкий автономный округ,2021-10,2.48,10
Ямало-Ненецкий автономный округ,2021-11,0.2,10
Ямало-Ненецкий автономный округ,2021-12,-2.68,10
Ямало-Ненецкий автономный округ,2022-01,3.97,10
Ямало-Ненецкий автономный округ,2022-02,4.3,10
Ямало-Ненецкий автономный округ,2022-03,-0.01,10
Ямало-Ненецкий автономный округ,2022-04,2.04,10
Ямало-Ненецкий автономный округ,2022-05,4.34,10
Ямало-Ненецкий автономный округ,2022-06,1.61,10
Ямало-Ненецкий автономный округ,2022-07,0.74,9
Ямало-Ненецкий автономный округ,2022-08,1.55,10
Ямало-Ненецкий автономный округ,2022-09,-0.58,10
Ямало-Ненецкий автономный округ,2022-10,4.31,10
Ямало-Ненецкий автономный округ,2022-11,-0.53,10
Ямало-Ненецкий автономный округ,2022-12,1.5,10
Ямало-Ненецкий автономный округ,2023-01,-0.76,10
Ямало-Ненецкий автономный округ,2023-02,7.67,10
Ямало-Ненецкий автономный округ,2023-03,0.68,10
Ямало-Ненецкий автономный округ,2023-04,-1.8,10
Ямало-Ненецкий автономный округ,2023-05,2.95,9
Ямало-Ненецкий автономный округ,2023-06,-1.16,10
Ямало-Ненецкий автономный округ,2023-07,1.92,10
Ямало-Ненецкий автономный округ,2023-08,2.29,10
Ямало-Ненецкий автономный округ,2023-09,2.3,10
Ямало-Ненецкий автономный округ,2023-10,3.2,10
Ямало-Ненецкий автономный округ,2023-11,3.24,10
Ямало-Ненецкий автономный округ,2023-12,1.83,10
Ямало-Ненецкий автономный округ,2024-01,6.94,10
Ямало-Ненецкий автономный округ,2024-02,4.99,6
Ямало-Ненецкий автономный округ,2024-03,-3.54,10
Ямало-Ненецкий автономный округ,2024-04,-2.89,10
Ямало-Ненецкий автономный округ,2024-05,-2.2,10
Ямало-Ненецкий автономный округ,2024-06,-2.22,9
Ямало-Ненецкий автономный округ,2024-07,-0.05,10
Ямало-Ненецкий автономный округ,2024-08,1.67,10
Ямало-Ненецкий автономный округ,2024-09,2.42,10
Ямало-Ненецкий автономный округ,2024-10,0.92,10
Ямало-Ненецкий автономный округ,2024-11,5.93,10
Ямало-Ненецкий автономный округ,2024-12,8.05,10
Ямало-Ненецкий автономный округ,2025-01,2.39,10
Ямало-Ненецкий автономный округ,2025-02,4.28,10
Ямало-Ненецкий автономный округ,2025-03,1.79,10
Ямало-Ненецкий автономный округ,2025-04,-0.17,10
Ямало-Ненецкий автономный округ,2025-05,-0.07,10
Ямало-Ненецкий автономный округ,2025-06,0.82,9
Ямало-Ненецкий автономный округ,2025-07,-0.55,10
Ямало-Ненецкий автономный округ,2025-08,4.63,6
Ямало-Ненецкий автономный округ,2025-09,2.25,7
Ямало-Ненецкий автономный округ,2025-10,1.71,8
Ямало-Ненецкий автономный округ,2025-11,-1.03,8
Ямало-Ненецкий автономный округ,2025-12,-2.83,8
Ямало-Ненецкий автономный округ,2026-01,-2.91,8
Ямало-Ненецкий автономный округ,2026-02,-5.32,5
Ямало-Ненецкий автономный округ,2026-03,-6.25,8
Ямало-Ненецкий автономный округ,2026-04,0.93,8
Ямало-Ненецкий автономный округ,2026-05,1.72,8
Ямало-Ненецкий автономный округ,2026-06,6.17,8
Ярославская область,2014-01,-2.05,2
Ярославская область,2014-02,5.28,2
Ярославская область,2014-03,3.18,2
Ярославская область,2014-04,-0.14,2
Ярославская область,2014-05,2.05,2
Ярославская область,2014-06,-0.89,2
Ярославская область,2014-07,0.22,2
Ярославская область,2014-08,1.51,2
Ярославская область,2014-09,0.15,2
Ярославская область,2014-10,-2.67,2
Ярославская область,2014-11,-0.23,2
Ярославская область,2014-12,1.45,2
Ярославская область,2015-01,1.61,2
Ярославская область,2015-02,4.43,2
Ярославская область,2015-03,3.19,2
Ярославская область,2015-04,-0.52,1
Ярославская область,2015-05,1.19,1
Ярославская область,2015-06,0.81,1
Ярославская область,2015-07,-1.91,1
Ярославская область,2015-08,-0.61,1
Ярославская область,2015-09,2.51,1
Ярославская область,2015-10,-1.25,1
Ярославская область,2015-11,0.82,2
Ярославская область,2015-12,4.98,2
Ярославская область,2016-01,-4.51,2
Ярославская область,2016-02,6.28,2
Ярославская область,2016-03,0.92,2
Ярославская область,2016-04,1.14,1
Ярославская область,2016-05,2.02,1
Ярославская область,2016-06,0.46,1
Ярославская область,2016-07,1.68,1
Ярославская область,2016-08,2.47,1
Ярославская область,2016-09,-0.43,1
Ярославская область,2016-10,-0.79,1
Ярославская область,2016-11,-2.58,2
Ярославская область,2016-12,0.13,2
Ярославская область,2017-01,-1.69,2
Ярославская область,2017-02,1.0,2
Ярославская область,2017-03,3.47,2
Ярославская область,2017-04,-1.33,1
Ярославская область,2017-05,-3.82,1
Ярославская область,2017-06,-2.77,1
Ярославская область,2017-07,-1.34,1
Ярославская область,2017-08,1.09,1
Ярославская область,2017-09,0.92,1
Ярославская область,2017-10,-0.41,1
Ярославская область,2017-11,0.75,2
Ярославская область,2017-12,4.58,2
Ярославская область,2018-01,2.8,2
Ярославская область,2018-02,-4.32,2
Ярославская область,2018-03,-4.92,2
Ярославская область,2018-04,0.37,1
Ярославская область,2018-05,1.68,1
Ярославская область,2018-06,-0.41,1
Ярославская область,2018-07,1.33,1
Ярославская область,2018-08,1.86,1
Ярославская область,2018-09,2.15,1
Ярославская область,2018-10,1.5,1
Ярославская область,2018-11,0.75,2
Ярославская область,2018-12,-1.67,2
Ярославская область,2019-01,0.11,2
Ярославская область,2019-02,5.11,2
Ярославская область,2019-03,1.67,2
Ярославская область,2019-04,-0.25,1
Ярославская область,2019-05,1.66,1
Ярославская область,2019-06,1.54,1
Ярославская область,2019-11,1.74,1
Ярославская область,2019-12,5.52,1
Ярославская область,2020-01,7.1,1
Ярославская область,2020-02,6.1,1
Ярославская область,2020-03,4.65,1
Ярославская область,2020-11,2.92,1
Ярославская область,2020-12,0.13,1
Ярославская область,2021-01,0.46,1
Ярославская область,2021-02,-5.49,1
Ярославская область,2021-03,-0.79,1
Ярославская область,2021-11,2.76,1
Ярославская область,2021-12,-3.89,1
Ярославская область,2022-01,0.72,1
Ярославская область,2022-02,5.21,1
Ярославская область,2022-03,-0.4,1
Ярославская область,2022-11,-0.46,1
Ярославская область,2022-12,-0.49,1
Ярославская область,2023-01,1.33,1
Ярославская область,2023-02,2.42,1
Ярославская область,2023-03,2.07,1
Ярославская область,2023-11,0.66,1
Ярославская область,2023-12,-0.7,1
Ярославская область,2024-01,-5.06,1
Ярославская область,2024-02,0.26,1
Ярославская область,2024-03,1.71,1
Ярославская область,2024-11,1.58,1
Ярославская область,2024-12,2.18,1
Ярославская область,2025-01,6.55,1
Ярославская область,2025-02,1.09,1
Ярославская область,2025-03,4.74,1
г. Москва,2014-01,-2.26,1
г. Москва,2014-02,3.91,1
г. Москва,2014-03,3.69,1
г. Москва,2014-04,-0.12,1
г. Москва,2014-05,2.57,1
г. Москва,2014-06,-1.04,1
г. Москва,2014-07,0.85,1
г. Москва,2014-08,1.68,1
г. Москва,2014-09,0.51,1
г. Москва,2014-10,-2.31,1
г. Москва,2014-11,-0.91,1
г. Москва,2014-12,0.45,1
г. Москва,2015-01,1.64,1
г. Москва,2015-02,3.66,1
г. Москва,2015-03,2.84,1
г. Москва,2015-04,-0.68,1
г. Москва,2015-05,0.57,1
г. Москва,2015-06,0.44,1
г. Москва,2015-07,-1.35,1
г. Москва,2015-08,-0.36,1
г. Москва,2015-09,2.04,1
г. Москва,2015-10,-1.51,1
г. Москва,2015-11,1.19,1
г. Москва,2015-12,4.6,1
г. Москва,2016-01,-3.96,1
г. Москва,2016-02,5.26,1
г. Москва,2016-03,1.09,1
г. Москва,2016-04,1.21,1
г. Москва,2016-05,1.3,1
г. Москва,2016-06,0.77,1
г. Москва,2016-07,1.5,1
г. Москва,2016-08,1.89,1
г. Москва,2016-09,-0.56,1
г. Москва,2016-10,-1.37,1
г. Москва,2016-11,-2.51,1
г. Москва,2016-12,-0.3,1
г. Москва,2017-01,-1.46,1
г. Москва,2017-02,1.26,1
г. Москва,2017-03,3.19,1
г. Москва,2017-04,-1.33,1
г. Москва,2017-05,-2.49,1
г. Москва,2017-06,-2.68,1
г. Москва,2017-07,-1.52,1
г. Москва,2017-08,1.16,1
г. Москва,2017-09,1.21,1
г. Москва,2017-10,-0.91,1
г. Москва,2017-11,0.34,1
г. Москва,2017-12,4.35,1
г. Москва,2018-01,2.04,1
г. Москва,2018-02,-3.24,1
г. Москва,2018-03,-4.46,1
г. Москва,2018-04,1.04,1
г. Москва,2018-05,2.6,1
г. Москва,2018-06,0.05,1
г. Москва,2018-07,1.08,1
г. Москва,2018-08,1.89,1
г. Москва,2018-09,2.79,1
г. Москва,2018-10,1.58,1
г. Москва,2018-11,2.44,1
г. Москва,2018-12,-1.35,1
г. Москва,2019-01,-0.61,1
г. Москва,2019-02,4.51,1
г. Москва,2019-03,1.29,1
г. Москва,2019-04,1.18,1
г. Москва,2019-05,2.88,1
г. Москва,2019-06,1.85,1
г. Москва,2019-07,-2.69,1
г. Москва,2019-08,-1.12,1
г. Москва,2019-09,0.4,1
г. Москва,2019-10,2.99,1
г. Москва,2019-11,2.24,1
г. Москва,2019-12,5.25,1
г. Москва,2020-01,6.19,1
г. Москва,2020-02,5.66,1
г. Москва,2020-03,4.74,1
г. Москва,2020-04,-2.02,1
г. Москва,2020-05,-1.41,1
г. Москва,2020-06,1.86,1
г. Москва,2020-07,-0.54,1
г. Москва,2020-08,-0.12,1
г. Москва,2020-09,2.15,1
г. Москва,2020-10,3.39,1
г. Москва,2020-11,2.54,1
г. Москва,2020-12,0.05,1
г. Москва,2021-01,0.59,1
г. Москва,2021-02,-4.59,1
г. Москва,2021-03,-0.76,1
г. Москва,2021-04,0.78,1
г. Москва,2021-05,0.89,1
г. Москва,2021-06,3.06,1
г. Москва,2021-07,2.51,1
г. Москва,2021-08,2.08,1
г. Москва,2021-09,-2.15,1
г. Москва,2021-10,0.39,1
г. Москва,2021-11,2.69,1
г. Москва,2021-12,-2.7,1
г. Москва,2022-01,0.84,1
г. Москва,2022-02,5.06,1
г. Москва,2022-03,-0.11,1
г. Москва,2022-04,-0.92,1
г. Москва,2022-05,-2.86,1
г. Москва,2022-06,1.36,1
г. Москва,2022-07,1.01,1
г. Москва,2022-08,3.98,1
г. Москва,2022-09,-1.95,1
г. Москва,2022-10,1.29,1
г. Москва,2022-11,-0.26,1
г. Москва,2022-12,0.3,1
г. Москва,2023-01,1.79,1
г. Москва,2023-02,1.81,1
г. Москва,2023-03,1.89,1
г. Москва,2023-04,2.58,1
г. Москва,2023-05,-0.96,1
г. Москва,2023-06,-0.69,1
г. Москва,2023-07,-1.14,1
г. Москва,2023-08,1.93,1
г. Москва,2023-09,3.1,1
г. Москва,2023-10,-0.36,1
г. Москва,2023-11,5.94,1
г. Москва,2023-12,-0.1,1
г. Москва,2024-01,-3.81,1
г. Москва,2024-02,1.46,1
г. Москва,2024-03,2.24,1
г. Москва,2024-04,3.93,1
г. Москва,2024-05,-1.26,1
г. Москва,2024-06,2.61,1
г. Москва,2024-07,2.26,1
г. Москва,2024-08,1.38,1
г. Москва,2024-09,4.9,1
г. Москва,2024-10,1.74,1
г. Москва,2024-11,2.04,1
г. Москва,2024-12,2.3,1
г. Москва,2025-01,6.49,1
г. Москва,2025-02,1.01,1
г. Москва,2025-03,4.69,1
г. Москва,2025-04,2.13,1
г. Москва,2025-05,-0.41,1
г. Москва,2025-06,-0.34,1
г. Москва,2025-07,2.16,1
г. Москва,2025-08,-0.52,1
г. Москва,2025-09,1.6,1
г. Москва,2025-10,1.64,1
г. Москва,2025-11,4.24,1
г. Москва,2025-12,3.15,1
г. Москва,2026-01,-1.96,1
г. Москва,2026-02,-2.59,1
г. Москва,2026-03,5.44,1
г. Москва,2026-04,-1.02,1
г. Москва,2026-05,2.19,1
г. Москва,2026-06,1.01,1
г. Санкт-Петербург,2015-01,2.22,1
г. Санкт-Петербург,2015-02,4.51,1
г. Санкт-Петербург,2015-03,3.86,1
г. Санкт-Петербург,2015-04,0.21,1
г. Санкт-Петербург,2015-05,0.41,1
г. Санкт-Петербург,2015-06,-0.25,1
г. Санкт-Петербург,2015-07,-2.16,1
г. Санкт-Петербург,2015-08,0.77,1
г. Санкт-Петербург,2015-09,1.69,1
г. Санкт-Петербург,2015-10,-0.71,1
г. Санкт-Петербург,2015-11,2.04,1
г. Санкт-Петербург,2015-12,4.8,1
г. Санкт-Петербург,2016-01,-6.28,1
г. Санкт-Петербург,2016-02,5.11,1
г. Санкт-Петербург,2016-03,2.16,1
г. Санкт-Петербург,2016-04,-4.14,1
г. Санкт-Петербург,2016-05,3.01,1
г. Санкт-Петербург,2016-06,0.3,1
г. Санкт-Петербург,2016-07,0.09,1
г. Санкт-Петербург,2016-08,-0.03,1
г. Санкт-Петербург,2016-09,0.59,1
г. Санкт-Петербург,2016-10,-1.16,1
г. Санкт-Петербург,2016-11,-2.76,1
г. Санкт-Петербург,2016-12,1.55,1
г. Санкт-Петербург,2017-01,1.12,1
г. Санкт-Петербург,2017-02,1.61,1
г. Санкт-Петербург,2017-03,2.51,1
г. Санкт-Петербург,2017-04,-2.19,1
г. Санкт-Петербург,2017-05,-2.24,1
г. Санкт-Петербург,2017-06,-2.5,1
г. Санкт-Петербург,2017-07,-2.46,1
г. Санкт-Петербург,2017-08,-0.03,1
г. Санкт-Петербург,2017-09,0.19,1
г. Санкт-Петербург,2017-10,-0.71,1
г. Санкт-Петербург,2017-11,1.44,1
г. Санкт-Петербург,2017-12,3.05,1
г. Санкт-Петербург,2018-01,1.97,1
г. Санкт-Петербург,2018-02,-2.49,1
г. Санкт-Петербург,2018-03,-3.54,1
г. Санкт-Петербург,2018-04,0.91,1
г. Санкт-Петербург,2018-05,3.31,1
г. Санкт-Петербург,2018-06,-0.05,1
г. Санкт-Петербург,2018-07,1.74,1
г. Санкт-Петербург,2018-08,1.77,1
г. Санкт-Петербург,2018-09,2.34,1
г. Санкт-Петербург,2018-10,1.24,1
г. Санкт-Петербург,2018-11,1.94,1
г. Санкт-Петербург,2018-12,-1.95,1
г. Санкт-Петербург,2019-01,-1.63,1
г. Санкт-Петербург,2019-02,4.41,1
г. Санкт-Петербург,2019-03,1.21,1
г. Санкт-Петербург,2019-04,2.01,1
г. Санкт-Петербург,2019-05,2.56,1
г. Санкт-Петербург,2019-06,2.35,1
г. Санкт-Петербург,2019-07,-2.31,1
г. Санкт-Петербург,2019-08,-0.33,1
г. Санкт-Петербург,2019-09,-0.26,1
г. Санкт-Петербург,2019-10,-0.26,1
г. Санкт-Петербург,2019-11,0.89,1
г. Санкт-Петербург,2019-12,4.35,1
г. Санкт-Петербург,2020-02,5.91,1
г. Санкт-Петербург,2020-03,3.26,1
г. Санкт-Петербург,2020-04,-0.89,1
г. Санкт-Петербург,2020-05,-1.54,1
г. Санкт-Петербург,2020-06,2.9,1
г. Санкт-Петербург,2020-07,-1.26,1
г. Санкт-Петербург,2020-08,-0.23,1
г. Санкт-Петербург,2020-09,1.84,1
г. Санкт-Петербург,2020-10,2.84,1
г. Санкт-Петербург,2020-11,3.04,1
г. Санкт-Петербург,2020-12,1.8,1
г. Санкт-Петербург,2021-01,0.27,1
г. Санкт-Петербург,2021-02,-4.04,1
г. Санкт-Петербург,2021-03,0.36,1
г. Санкт-Петербург,2021-04,0.56,1
г. Санкт-Петербург,2021-05,0.51,1
г. Санкт-Петербург,2021-06,4.9,1
г. Санкт-Петербург,2021-07,3.89,1
г. Санкт-Петербург,2021-08,-0.43,1
г. Санкт-Петербург,2021-09,-2.16,1
г. Санкт-Петербург,2021-10,1.69,1
г. Санкт-Петербург,2021-11,1.39,1
г. Санкт-Петербург,2021-12,-5.05,1
г. Санкт-Петербург,2022-01,0.42,1
г. Санкт-Петербург,2022-02,3.96,1
г. Санкт-Петербург,2022-03,0.96,1
г. Санкт-Петербург,2022-04,-0.74,1
г. Санкт-Петербург,2022-05,-1.44,1
г. Санкт-Петербург,2022-06,1.3,1
г. Санкт-Петербург,2022-07,2.74,1
г. Санкт-Петербург,2022-08,3.07,1
г. Санкт-Петербург,2022-09,-2.01,1
г. Санкт-Петербург,2022-10,1.89,1
г. Санкт-Петербург,2022-11,-0.26,1
г. Санкт-Петербург,2022-12,-0.1,1
г. Санкт-Петербург,2023-01,2.62,1
г. Санкт-Петербург,2023-02,2.06,1
г. Санкт-Петербург,2023-03,0.61,1
г. Санкт-Петербург,2023-04,1.76,1
г. Санкт-Петербург,2023-05,0.46,1
г. Санкт-Петербург,2023-06,0.9,1
г. Санкт-Петербург,2023-07,-0.66,1
г. Санкт-Петербург,2023-08,2.52,1
г. Санкт-Петербург,2023-09,4.14,1
г. Санкт-Петербург,2023-10,-1.26,1
г. Санкт-Петербург,2023-11,-0.81,1
г. Санкт-Петербург,2023-12,-1.75,1
г. Санкт-Петербург,2024-01,-3.88,1
г. Санкт-Петербург,2024-02,1.51,1
г. Санкт-Петербург,2024-03,3.66,1
г. Санкт-Петербург,2024-04,0.76,1
г. Санкт-Петербург,2024-05,1.26,1
г. Санкт-Петербург,2024-06,2.6,1
г. Санкт-Петербург,2024-07,1.59,1
г. Санкт-Петербург,2024-08,1.37,1
г. Санкт-Петербург,2024-09,4.39,1
г. Санкт-Петербург,2024-10,2.04,1
г. Санкт-Петербург,2024-11,2.19,1
г. Санкт-Петербург,2024-12,-1.75,1
г. Санкт-Петербург,2025-01,4.17,1
г. Санкт-Петербург,2025-02,1.36,1
г. Санкт-Петербург,2025-03,3.66,1
г. Санкт-Петербург,2025-04,1.16,1
г. Санкт-Петербург,2025-05,-0.59,1
г. Санкт-Петербург,2025-06,-0.6,1
г. Санкт-Петербург,2025-07,2.44,1
г. Санкт-Петербург,2025-08,-0.33,1
г. Санкт-Петербург,2025-09,2.49,1
г. Санкт-Петербург,2025-10,1.04,1
г. Санкт-Петербург,2025-11,2.49,1
г. Санкт-Петербург,2025-12,2.15,1
г. Санкт-Петербург,2026-01,-3.73,1
г. Санкт-Петербург,2026-02,-3.84,1
г. Санкт-Петербург,2026-03,6.06,1
г. Санкт-Петербург,2026-04,0.66,1
г. Санкт-Петербург,2026-05,1.06,1
г. Санкт-Петербург,2026-06,1.95,1
