label_0,label_1,label_2,label_3,period_label,period,value
Российская Федерация,Всего,"Собирательная классификационная группировка видов экономической деятельности ""Промышленность"" на основе ОКВЭД2 (КДЕС Ред. 2)",процент,январь,2017-01,103.83
Российская Федерация,Всего,"Собирательная классификационная группировка видов экономической деятельности ""Промышленность"" на основе ОКВЭД2 (КДЕС Ред. 2)",процент,февраль,2017-02,100.67
Российская Федерация,Всего,"Собирательная классификационная группировка видов экономической деятельности ""Промышленность"" на основе ОКВЭД2 (КДЕС Ред. 2)",процент,март,2017-03,99.39
Российская Федерация,Всего,"Собирательная классификационная группировка видов экономической деятельности ""Промышленность"" на основе ОКВЭД2 (КДЕС Ред. 2)",процент,апрель,2017-04,98.17
Российская Федерация,Всего,"Собирательная классификационная группировка видов экономической деятельности ""Промышленность"" на основе ОКВЭД2 (КДЕС Ред. 2)",процент,май,2017-05,99.51
Российская Федерация,Всего,"Собирательная классификационная группировка видов экономической деятельности ""Промышленность"" на основе ОКВЭД2 (КДЕС Ред. 2)",процент,июнь,2017-06,99.55
Российская Федерация,Всего,"Собирательная классификационная группировка видов экономической деятельности ""Промышленность"" на основе ОКВЭД2 (КДЕС Ред. 2)",процент,июль,2017-07,99.48
Российская Федерация,Всего,"Собирательная классификационная группировка видов экономической деятельности ""Промышленность"" на основе ОКВЭД2 (КДЕС Ред. 2)",процент,август,2017-08,102.11
Российская Федерация,Всего,"Собирательная классификационная группировка видов экономической деятельности ""Промышленность"" на основе ОКВЭД2 (КДЕС Ред. 2)",процент,октябрь,2017-10,101.28
Российская Федерация,Всего,"Собирательная классификационная группировка видов экономической деятельности ""Промышленность"" на основе ОКВЭД2 (КДЕС Ред. 2)",процент,ноябрь,2017-11,101.19
Российская Федерация,Всего,"Собирательная классификационная группировка видов экономической деятельности ""Промышленность"" на основе ОКВЭД2 (КДЕС Ред. 2)",процент,декабрь,2017-12,101.63
Российская Федерация,Всего,"Собирательная классификационная группировка видов экономической деятельности ""Промышленность"" на основе ОКВЭД2 (КДЕС Ред. 2)",процент,январь,2018-01,100.38
Российская Федерация,Всего,"Собирательная классификационная группировка видов экономической деятельности ""Промышленность"" на основе ОКВЭД2 (КДЕС Ред. 2)",процент,февраль,2018-02,101.14
Российская Федерация,Всего,"Собирательная классификационная группировка видов экономической деятельности ""Промышленность"" на основе ОКВЭД2 (КДЕС Ред. 2)",процент,март,2018-03,98.75
Российская Федерация,Всего,"Собирательная классификационная группировка видов экономической деятельности ""Промышленность"" на основе ОКВЭД2 (КДЕС Ред. 2)",процент,апрель,2018-04,101.43
Российская Федерация,Всего,"Собирательная классификационная группировка видов экономической деятельности ""Промышленность"" на основе ОКВЭД2 (КДЕС Ред. 2)",процент,май,2018-05,105.28
Российская Федерация,Всего,"Собирательная классификационная группировка видов экономической деятельности ""Промышленность"" на основе ОКВЭД2 (КДЕС Ред. 2)",процент,июнь,2018-06,103.72
Российская Федерация,Всего,"Собирательная классификационная группировка видов экономической деятельности ""Промышленность"" на основе ОКВЭД2 (КДЕС Ред. 2)",процент,июль,2018-07,100.34
Российская Федерация,Всего,"Собирательная классификационная группировка видов экономической деятельности ""Промышленность"" на основе ОКВЭД2 (КДЕС Ред. 2)",процент,август,2018-08,100.2
Российская Федерация,Всего,"Собирательная классификационная группировка видов экономической деятельности ""Промышленность"" на основе ОКВЭД2 (КДЕС Ред. 2)",процент,сентябрь,2018-09,101.81
Российская Федерация,Всего,"Собирательная классификационная группировка видов экономической деятельности ""Промышленность"" на основе ОКВЭД2 (КДЕС Ред. 2)",процент,октябрь,2018-10,103.48
Российская Федерация,Всего,"Собирательная классификационная группировка видов экономической деятельности ""Промышленность"" на основе ОКВЭД2 (КДЕС Ред. 2)",процент,ноябрь,2018-11,100.3
Российская Федерация,Всего,"Собирательная классификационная группировка видов экономической деятельности ""Промышленность"" на основе ОКВЭД2 (КДЕС Ред. 2)",процент,декабрь,2018-12,95.23
Российская Федерация,Всего,"Собирательная классификационная группировка видов экономической деятельности ""Промышленность"" на основе ОКВЭД2 (КДЕС Ред. 2)",процент,январь,2019-01,97.57
Российская Федерация,Всего,"Собирательная классификационная группировка видов экономической деятельности ""Промышленность"" на основе ОКВЭД2 (КДЕС Ред. 2)",процент,февраль,2019-02,100.58
Российская Федерация,Всего,"Собирательная классификационная группировка видов экономической деятельности ""Промышленность"" на основе ОКВЭД2 (КДЕС Ред. 2)",процент,март,2019-03,101.38
Российская Федерация,Всего,"Собирательная классификационная группировка видов экономической деятельности ""Промышленность"" на основе ОКВЭД2 (КДЕС Ред. 2)",процент,апрель,2019-04,100.45
Российская Федерация,Всего,"Собирательная классификационная группировка видов экономической деятельности ""Промышленность"" на основе ОКВЭД2 (КДЕС Ред. 2)",процент,май,2019-05,101.75
Российская Федерация,Всего,"Собирательная классификационная группировка видов экономической деятельности ""Промышленность"" на основе ОКВЭД2 (КДЕС Ред. 2)",процент,июнь,2019-06,98.63
Российская Федерация,Всего,"Собирательная классификационная группировка видов экономической деятельности ""Промышленность"" на основе ОКВЭД2 (КДЕС Ред. 2)",процент,июль,2019-07,96.74
Российская Федерация,Всего,"Собирательная классификационная группировка видов экономической деятельности ""Промышленность"" на основе ОКВЭД2 (КДЕС Ред. 2)",процент,август,2019-08,99.57
Российская Федерация,Всего,"Собирательная классификационная группировка видов экономической деятельности ""Промышленность"" на основе ОКВЭД2 (КДЕС Ред. 2)",процент,сентябрь,2019-09,100.08
Российская Федерация,Всего,"Собирательная классификационная группировка видов экономической деятельности ""Промышленность"" на основе ОКВЭД2 (КДЕС Ред. 2)",процент,октябрь,2019-10,99.77
Российская Федерация,Всего,"Собирательная классификационная группировка видов экономической деятельности ""Промышленность"" на основе ОКВЭД2 (КДЕС Ред. 2)",процент,ноябрь,2019-11,98.75
Российская Федерация,Всего,"Собирательная классификационная группировка видов экономической деятельности ""Промышленность"" на основе ОКВЭД2 (КДЕС Ред. 2)",процент,декабрь,2019-12,99.61
Российская Федерация,Всего,"Собирательная классификационная группировка видов экономической деятельности ""Промышленность"" на основе ОКВЭД2 (КДЕС Ред. 2)",процент,январь,2020-01,101.26
Российская Федерация,Всего,"Собирательная классификационная группировка видов экономической деятельности ""Промышленность"" на основе ОКВЭД2 (КДЕС Ред. 2)",процент,февраль,2020-02,98.91
Российская Федерация,Всего,"Собирательная классификационная группировка видов экономической деятельности ""Промышленность"" на основе ОКВЭД2 (КДЕС Ред. 2)",процент,март,2020-03,98.67
Российская Федерация,Всего,"Собирательная классификационная группировка видов экономической деятельности ""Промышленность"" на основе ОКВЭД2 (КДЕС Ред. 2)",процент,апрель,2020-04,91.27
Российская Федерация,Всего,"Собирательная классификационная группировка видов экономической деятельности ""Промышленность"" на основе ОКВЭД2 (КДЕС Ред. 2)",процент,май,2020-05,95.82
Российская Федерация,Всего,"Собирательная классификационная группировка видов экономической деятельности ""Промышленность"" на основе ОКВЭД2 (КДЕС Ред. 2)",процент,июнь,2020-06,106.14
Российская Федерация,Всего,"Собирательная классификационная группировка видов экономической деятельности ""Промышленность"" на основе ОКВЭД2 (КДЕС Ред. 2)",процент,июль,2020-07,105.33
Российская Федерация,Всего,"Собирательная классификационная группировка видов экономической деятельности ""Промышленность"" на основе ОКВЭД2 (КДЕС Ред. 2)",процент,август,2020-08,101.26
Российская Федерация,Всего,"Собирательная классификационная группировка видов экономической деятельности ""Промышленность"" на основе ОКВЭД2 (КДЕС Ред. 2)",процент,сентябрь,2020-09,100.75
Российская Федерация,Всего,"Собирательная классификационная группировка видов экономической деятельности ""Промышленность"" на основе ОКВЭД2 (КДЕС Ред. 2)",процент,октябрь,2020-10,100.66
Российская Федерация,Всего,"Собирательная классификационная группировка видов экономической деятельности ""Промышленность"" на основе ОКВЭД2 (КДЕС Ред. 2)",процент,ноябрь,2020-11,101.29
Российская Федерация,Всего,"Собирательная классификационная группировка видов экономической деятельности ""Промышленность"" на основе ОКВЭД2 (КДЕС Ред. 2)",процент,декабрь,2020-12,102.23
Российская Федерация,Всего,"Собирательная классификационная группировка видов экономической деятельности ""Промышленность"" на основе ОКВЭД2 (КДЕС Ред. 2)",процент,январь,2021-01,104.02
Российская Федерация,Всего,"Собирательная классификационная группировка видов экономической деятельности ""Промышленность"" на основе ОКВЭД2 (КДЕС Ред. 2)",процент,февраль,2021-02,104.4
Российская Федерация,Всего,"Собирательная классификационная группировка видов экономической деятельности ""Промышленность"" на основе ОКВЭД2 (КДЕС Ред. 2)",процент,март,2021-03,104.38
Российская Федерация,Всего,"Собирательная классификационная группировка видов экономической деятельности ""Промышленность"" на основе ОКВЭД2 (КДЕС Ред. 2)",процент,апрель,2021-04,103.01
Российская Федерация,Всего,"Собирательная классификационная группировка видов экономической деятельности ""Промышленность"" на основе ОКВЭД2 (КДЕС Ред. 2)",процент,май,2021-05,102.37
Российская Федерация,Всего,"Собирательная классификационная группировка видов экономической деятельности ""Промышленность"" на основе ОКВЭД2 (КДЕС Ред. 2)",процент,июнь,2021-06,103.26
Российская Федерация,Всего,"Собирательная классификационная группировка видов экономической деятельности ""Промышленность"" на основе ОКВЭД2 (КДЕС Ред. 2)",процент,июль,2021-07,102.99
Российская Федерация,Всего,"Собирательная классификационная группировка видов экономической деятельности ""Промышленность"" на основе ОКВЭД2 (КДЕС Ред. 2)",процент,август,2021-08,101.73
Российская Федерация,Всего,"Собирательная классификационная группировка видов экономической деятельности ""Промышленность"" на основе ОКВЭД2 (КДЕС Ред. 2)",процент,сентябрь,2021-09,99.14
Российская Федерация,Всего,"Собирательная классификационная группировка видов экономической деятельности ""Промышленность"" на основе ОКВЭД2 (КДЕС Ред. 2)",процент,октябрь,2021-10,101.11
Российская Федерация,Всего,"Собирательная классификационная группировка видов экономической деятельности ""Промышленность"" на основе ОКВЭД2 (КДЕС Ред. 2)",процент,ноябрь,2021-11,103.31
Российская Федерация,Всего,"Собирательная классификационная группировка видов экономической деятельности ""Промышленность"" на основе ОКВЭД2 (КДЕС Ред. 2)",процент,декабрь,2021-12,100.84
Российская Федерация,Всего,"Собирательная классификационная группировка видов экономической деятельности ""Промышленность"" на основе ОКВЭД2 (КДЕС Ред. 2)",процент,январь,2022-01,99.94
Российская Федерация,Всего,"Собирательная классификационная группировка видов экономической деятельности ""Промышленность"" на основе ОКВЭД2 (КДЕС Ред. 2)",процент,февраль,2022-02,105.56
Российская Федерация,Всего,"Собирательная классификационная группировка видов экономической деятельности ""Промышленность"" на основе ОКВЭД2 (КДЕС Ред. 2)",процент,март,2022-03,109.78
Российская Федерация,Всего,"Собирательная классификационная группировка видов экономической деятельности ""Промышленность"" на основе ОКВЭД2 (КДЕС Ред. 2)",процент,апрель,2022-04,106.7
Российская Федерация,Всего,"Собирательная классификационная группировка видов экономической деятельности ""Промышленность"" на основе ОКВЭД2 (КДЕС Ред. 2)",процент,май,2022-05,89.36
Российская Федерация,Всего,"Собирательная классификационная группировка видов экономической деятельности ""Промышленность"" на основе ОКВЭД2 (КДЕС Ред. 2)",процент,июнь,2022-06,94.63
Российская Федерация,Всего,"Собирательная классификационная группировка видов экономической деятельности ""Промышленность"" на основе ОКВЭД2 (КДЕС Ред. 2)",процент,июль,2022-07,96.04
Российская Федерация,Всего,"Собирательная классификационная группировка видов экономической деятельности ""Промышленность"" на основе ОКВЭД2 (КДЕС Ред. 2)",процент,август,2022-08,98.7
Российская Федерация,Всего,"Собирательная классификационная группировка видов экономической деятельности ""Промышленность"" на основе ОКВЭД2 (КДЕС Ред. 2)",процент,сентябрь,2022-09,98.65
Российская Федерация,Всего,"Собирательная классификационная группировка видов экономической деятельности ""Промышленность"" на основе ОКВЭД2 (КДЕС Ред. 2)",процент,октябрь,2022-10,97.5
Российская Федерация,Всего,"Собирательная классификационная группировка видов экономической деятельности ""Промышленность"" на основе ОКВЭД2 (КДЕС Ред. 2)",процент,ноябрь,2022-11,99.86
Российская Федерация,Всего,"Собирательная классификационная группировка видов экономической деятельности ""Промышленность"" на основе ОКВЭД2 (КДЕС Ред. 2)",процент,декабрь,2022-12,98.81
Российская Федерация,Всего,ДОБЫЧА ПОЛЕЗНЫХ ИСКОПАЕМЫХ,процент,январь,2017-01,111.77
Российская Федерация,Всего,ДОБЫЧА ПОЛЕЗНЫХ ИСКОПАЕМЫХ,процент,февраль,2017-02,104.21
Российская Федерация,Всего,ДОБЫЧА ПОЛЕЗНЫХ ИСКОПАЕМЫХ,процент,март,2017-03,97.63
Российская Федерация,Всего,ДОБЫЧА ПОЛЕЗНЫХ ИСКОПАЕМЫХ,процент,апрель,2017-04,94.55
Российская Федерация,Всего,ДОБЫЧА ПОЛЕЗНЫХ ИСКОПАЕМЫХ,процент,май,2017-05,97.81
Российская Федерация,Всего,ДОБЫЧА ПОЛЕЗНЫХ ИСКОПАЕМЫХ,процент,июнь,2017-06,99.55
Российская Федерация,Всего,ДОБЫЧА ПОЛЕЗНЫХ ИСКОПАЕМЫХ,процент,июль,2017-07,97.57
Российская Федерация,Всего,ДОБЫЧА ПОЛЕЗНЫХ ИСКОПАЕМЫХ,процент,август,2017-08,103.78
Российская Федерация,Всего,ДОБЫЧА ПОЛЕЗНЫХ ИСКОПАЕМЫХ,процент,октябрь,2017-10,100.84
Российская Федерация,Всего,ДОБЫЧА ПОЛЕЗНЫХ ИСКОПАЕМЫХ,процент,ноябрь,2017-11,102.75
Российская Федерация,Всего,ДОБЫЧА ПОЛЕЗНЫХ ИСКОПАЕМЫХ,процент,декабрь,2017-12,104.87
Российская Федерация,Всего,ДОБЫЧА ПОЛЕЗНЫХ ИСКОПАЕМЫХ,процент,январь,2018-01,102.04
Российская Федерация,Всего,ДОБЫЧА ПОЛЕЗНЫХ ИСКОПАЕМЫХ,процент,февраль,2018-02,101.84
Российская Федерация,Всего,ДОБЫЧА ПОЛЕЗНЫХ ИСКОПАЕМЫХ,процент,март,2018-03,95.35
Российская Федерация,Всего,ДОБЫЧА ПОЛЕЗНЫХ ИСКОПАЕМЫХ,процент,апрель,2018-04,100.91
Российская Федерация,Всего,ДОБЫЧА ПОЛЕЗНЫХ ИСКОПАЕМЫХ,процент,май,2018-05,109.39
Российская Федерация,Всего,ДОБЫЧА ПОЛЕЗНЫХ ИСКОПАЕМЫХ,процент,июнь,2018-06,110.17
Российская Федерация,Всего,ДОБЫЧА ПОЛЕЗНЫХ ИСКОПАЕМЫХ,процент,июль,2018-07,99.62
Российская Федерация,Всего,ДОБЫЧА ПОЛЕЗНЫХ ИСКОПАЕМЫХ,процент,август,2018-08,98.04
Российская Федерация,Всего,ДОБЫЧА ПОЛЕЗНЫХ ИСКОПАЕМЫХ,процент,сентябрь,2018-09,102.78
Российская Федерация,Всего,ДОБЫЧА ПОЛЕЗНЫХ ИСКОПАЕМЫХ,процент,октябрь,2018-10,108.03
Российская Федерация,Всего,ДОБЫЧА ПОЛЕЗНЫХ ИСКОПАЕМЫХ,процент,ноябрь,2018-11,101.26
Российская Федерация,Всего,ДОБЫЧА ПОЛЕЗНЫХ ИСКОПАЕМЫХ,процент,декабрь,2018-12,89.76
Российская Федерация,Всего,ДОБЫЧА ПОЛЕЗНЫХ ИСКОПАЕМЫХ,процент,январь,2019-01,95.95
Российская Федерация,Всего,ДОБЫЧА ПОЛЕЗНЫХ ИСКОПАЕМЫХ,процент,февраль,2019-02,102.58
Российская Федерация,Всего,ДОБЫЧА ПОЛЕЗНЫХ ИСКОПАЕМЫХ,процент,март,2019-03,104.05
Российская Федерация,Всего,ДОБЫЧА ПОЛЕЗНЫХ ИСКОПАЕМЫХ,процент,апрель,2019-04,100.36
Российская Федерация,Всего,ДОБЫЧА ПОЛЕЗНЫХ ИСКОПАЕМЫХ,процент,май,2019-05,102.8
Российская Федерация,Всего,ДОБЫЧА ПОЛЕЗНЫХ ИСКОПАЕМЫХ,процент,июнь,2019-06,97.23
Российская Федерация,Всего,ДОБЫЧА ПОЛЕЗНЫХ ИСКОПАЕМЫХ,процент,июль,2019-07,89.83
Российская Федерация,Всего,ДОБЫЧА ПОЛЕЗНЫХ ИСКОПАЕМЫХ,процент,август,2019-08,99.14
Российская Федерация,Всего,ДОБЫЧА ПОЛЕЗНЫХ ИСКОПАЕМЫХ,процент,сентябрь,2019-09,100.28
Российская Федерация,Всего,ДОБЫЧА ПОЛЕЗНЫХ ИСКОПАЕМЫХ,процент,октябрь,2019-10,99.13
Российская Федерация,Всего,ДОБЫЧА ПОЛЕЗНЫХ ИСКОПАЕМЫХ,процент,ноябрь,2019-11,98.66
Российская Федерация,Всего,ДОБЫЧА ПОЛЕЗНЫХ ИСКОПАЕМЫХ,процент,декабрь,2019-12,101.89
Российская Федерация,Всего,ДОБЫЧА ПОЛЕЗНЫХ ИСКОПАЕМЫХ,процент,январь,2020-01,102.58
Российская Федерация,Всего,ДОБЫЧА ПОЛЕЗНЫХ ИСКОПАЕМЫХ,процент,февраль,2020-02,96.3
Российская Федерация,Всего,ДОБЫЧА ПОЛЕЗНЫХ ИСКОПАЕМЫХ,процент,март,2020-03,95.03
Российская Федерация,Всего,ДОБЫЧА ПОЛЕЗНЫХ ИСКОПАЕМЫХ,процент,апрель,2020-04,74.31
Российская Федерация,Всего,ДОБЫЧА ПОЛЕЗНЫХ ИСКОПАЕМЫХ,процент,май,2020-05,84.31
Российская Федерация,Всего,ДОБЫЧА ПОЛЕЗНЫХ ИСКОПАЕМЫХ,процент,июнь,2020-06,130.11
Российская Федерация,Всего,ДОБЫЧА ПОЛЕЗНЫХ ИСКОПАЕМЫХ,процент,июль,2020-07,115.18
Российская Федерация,Всего,ДОБЫЧА ПОЛЕЗНЫХ ИСКОПАЕМЫХ,процент,август,2020-08,102.58
Российская Федерация,Всего,ДОБЫЧА ПОЛЕЗНЫХ ИСКОПАЕМЫХ,процент,сентябрь,2020-09,99.87
Российская Федерация,Всего,ДОБЫЧА ПОЛЕЗНЫХ ИСКОПАЕМЫХ,процент,октябрь,2020-10,98.8
Российская Федерация,Всего,ДОБЫЧА ПОЛЕЗНЫХ ИСКОПАЕМЫХ,процент,ноябрь,2020-11,102.25
Российская Федерация,Всего,ДОБЫЧА ПОЛЕЗНЫХ ИСКОПАЕМЫХ,процент,декабрь,2020-12,105.68
Российская Федерация,Всего,ДОБЫЧА ПОЛЕЗНЫХ ИСКОПАЕМЫХ,процент,январь,2021-01,109.44
Российская Федерация,Всего,ДОБЫЧА ПОЛЕЗНЫХ ИСКОПАЕМЫХ,процент,февраль,2021-02,107.3
Российская Федерация,Всего,ДОБЫЧА ПОЛЕЗНЫХ ИСКОПАЕМЫХ,процент,март,2021-03,109.08
Российская Федерация,Всего,ДОБЫЧА ПОЛЕЗНЫХ ИСКОПАЕМЫХ,процент,апрель,2021-04,103.21
Российская Федерация,Всего,ДОБЫЧА ПОЛЕЗНЫХ ИСКОПАЕМЫХ,процент,май,2021-05,101.23
Российская Федерация,Всего,ДОБЫЧА ПОЛЕЗНЫХ ИСКОПАЕМЫХ,процент,июнь,2021-06,104.26
Российская Федерация,Всего,ДОБЫЧА ПОЛЕЗНЫХ ИСКОПАЕМЫХ,процент,июль,2021-07,104.36
Российская Федерация,Всего,ДОБЫЧА ПОЛЕЗНЫХ ИСКОПАЕМЫХ,процент,август,2021-08,103.84
Российская Федерация,Всего,ДОБЫЧА ПОЛЕЗНЫХ ИСКОПАЕМЫХ,процент,сентябрь,2021-09,97.22
Российская Федерация,Всего,ДОБЫЧА ПОЛЕЗНЫХ ИСКОПАЕМЫХ,процент,октябрь,2021-10,102.42
Российская Федерация,Всего,ДОБЫЧА ПОЛЕЗНЫХ ИСКОПАЕМЫХ,процент,ноябрь,2021-11,108.64
Российская Федерация,Всего,ДОБЫЧА ПОЛЕЗНЫХ ИСКОПАЕМЫХ,процент,декабрь,2021-12,101.08
Российская Федерация,Всего,ДОБЫЧА ПОЛЕЗНЫХ ИСКОПАЕМЫХ,процент,январь,2022-01,96.25
Российская Федерация,Всего,ДОБЫЧА ПОЛЕЗНЫХ ИСКОПАЕМЫХ,процент,февраль,2022-02,115.06
Российская Федерация,Всего,ДОБЫЧА ПОЛЕЗНЫХ ИСКОПАЕМЫХ,процент,март,2022-03,115.72
Российская Федерация,Всего,ДОБЫЧА ПОЛЕЗНЫХ ИСКОПАЕМЫХ,процент,апрель,2022-04,111.36
Российская Федерация,Всего,ДОБЫЧА ПОЛЕЗНЫХ ИСКОПАЕМЫХ,процент,май,2022-05,76.0
Российская Федерация,Всего,ДОБЫЧА ПОЛЕЗНЫХ ИСКОПАЕМЫХ,процент,июнь,2022-06,91.9
Российская Федерация,Всего,ДОБЫЧА ПОЛЕЗНЫХ ИСКОПАЕМЫХ,процент,июль,2022-07,95.91
Российская Федерация,Всего,ДОБЫЧА ПОЛЕЗНЫХ ИСКОПАЕМЫХ,процент,август,2022-08,97.5
Российская Федерация,Всего,ДОБЫЧА ПОЛЕЗНЫХ ИСКОПАЕМЫХ,процент,сентябрь,2022-09,98.44
Российская Федерация,Всего,ДОБЫЧА ПОЛЕЗНЫХ ИСКОПАЕМЫХ,процент,октябрь,2022-10,95.35
Российская Федерация,Всего,ДОБЫЧА ПОЛЕЗНЫХ ИСКОПАЕМЫХ,процент,ноябрь,2022-11,100.91
Российская Федерация,Всего,ДОБЫЧА ПОЛЕЗНЫХ ИСКОПАЕМЫХ,процент,декабрь,2022-12,98.44
Российская Федерация,Всего,ОБРАБАТЫВАЮЩИЕ ПРОИЗВОДСТВА,процент,январь,2017-01,101.73
Российская Федерация,Всего,ОБРАБАТЫВАЮЩИЕ ПРОИЗВОДСТВА,процент,февраль,2017-02,99.44
Российская Федерация,Всего,ОБРАБАТЫВАЮЩИЕ ПРОИЗВОДСТВА,процент,март,2017-03,99.7
Российская Федерация,Всего,ОБРАБАТЫВАЮЩИЕ ПРОИЗВОДСТВА,процент,апрель,2017-04,99.56
Российская Федерация,Всего,ОБРАБАТЫВАЮЩИЕ ПРОИЗВОДСТВА,процент,май,2017-05,99.86
Российская Федерация,Всего,ОБРАБАТЫВАЮЩИЕ ПРОИЗВОДСТВА,процент,июнь,2017-06,99.7
Российская Федерация,Всего,ОБРАБАТЫВАЮЩИЕ ПРОИЗВОДСТВА,процент,июль,2017-07,99.85
Российская Федерация,Всего,ОБРАБАТЫВАЮЩИЕ ПРОИЗВОДСТВА,процент,август,2017-08,101.26
Российская Федерация,Всего,ОБРАБАТЫВАЮЩИЕ ПРОИЗВОДСТВА,процент,октябрь,2017-10,101.54
Российская Федерация,Всего,ОБРАБАТЫВАЮЩИЕ ПРОИЗВОДСТВА,процент,ноябрь,2017-11,100.87
Российская Федерация,Всего,ОБРАБАТЫВАЮЩИЕ ПРОИЗВОДСТВА,процент,декабрь,2017-12,700.72
Российская Федерация,Всего,ОБРАБАТЫВАЮЩИЕ ПРОИЗВОДСТВА,процент,январь,2018-01,100.02
Российская Федерация,Всего,ОБРАБАТЫВАЮЩИЕ ПРОИЗВОДСТВА,процент,февраль,2018-02,100.99
Российская Федерация,Всего,ОБРАБАТЫВАЮЩИЕ ПРОИЗВОДСТВА,процент,март,2018-03,99.85
Российская Федерация,Всего,ОБРАБАТЫВАЮЩИЕ ПРОИЗВОДСТВА,процент,апрель,2018-04,102.04
Российская Федерация,Всего,ОБРАБАТЫВАЮЩИЕ ПРОИЗВОДСТВА,процент,май,2018-05,104.38
Российская Федерация,Всего,ОБРАБАТЫВАЮЩИЕ ПРОИЗВОДСТВА,процент,июнь,2018-06,101.91
Российская Федерация,Всего,ОБРАБАТЫВАЮЩИЕ ПРОИЗВОДСТВА,процент,июль,2018-07,100.54
Российская Федерация,Всего,ОБРАБАТЫВАЮЩИЕ ПРОИЗВОДСТВА,процент,август,2018-08,100.84
Российская Федерация,Всего,ОБРАБАТЫВАЮЩИЕ ПРОИЗВОДСТВА,процент,сентябрь,2018-09,101.61
Российская Федерация,Всего,ОБРАБАТЫВАЮЩИЕ ПРОИЗВОДСТВА,процент,октябрь,2018-10,101.85
Российская Федерация,Всего,ОБРАБАТЫВАЮЩИЕ ПРОИЗВОДСТВА,процент,ноябрь,2018-11,99.95
Российская Федерация,Всего,ОБРАБАТЫВАЮЩИЕ ПРОИЗВОДСТВА,процент,декабрь,2018-12,97.01
Российская Федерация,Всего,ОБРАБАТЫВАЮЩИЕ ПРОИЗВОДСТВА,процент,январь,2019-01,97.98
Российская Федерация,Всего,ОБРАБАТЫВАЮЩИЕ ПРОИЗВОДСТВА,процент,февраль,2019-02,99.69
Российская Федерация,Всего,ОБРАБАТЫВАЮЩИЕ ПРОИЗВОДСТВА,процент,март,2019-03,100.36
Российская Федерация,Всего,ОБРАБАТЫВАЮЩИЕ ПРОИЗВОДСТВА,процент,апрель,2019-04,100.6
Российская Федерация,Всего,ОБРАБАТЫВАЮЩИЕ ПРОИЗВОДСТВА,процент,май,2019-05,101.41
Российская Федерация,Всего,ОБРАБАТЫВАЮЩИЕ ПРОИЗВОДСТВА,процент,июнь,2019-06,99.17
Российская Федерация,Всего,ОБРАБАТЫВАЮЩИЕ ПРОИЗВОДСТВА,процент,июль,2019-07,98.97
Российская Федерация,Всего,ОБРАБАТЫВАЮЩИЕ ПРОИЗВОДСТВА,процент,август,2019-08,99.61
Российская Федерация,Всего,ОБРАБАТЫВАЮЩИЕ ПРОИЗВОДСТВА,процент,сентябрь,2019-09,100.17
Российская Федерация,Всего,ОБРАБАТЫВАЮЩИЕ ПРОИЗВОДСТВА,процент,октябрь,2019-10,99.91
Российская Федерация,Всего,ОБРАБАТЫВАЮЩИЕ ПРОИЗВОДСТВА,процент,ноябрь,2019-11,98.66
Российская Федерация,Всего,ОБРАБАТЫВАЮЩИЕ ПРОИЗВОДСТВА,процент,декабрь,2019-12,98.72
Российская Федерация,Всего,ОБРАБАТЫВАЮЩИЕ ПРОИЗВОДСТВА,процент,январь,2020-01,100.57
Российская Федерация,Всего,ОБРАБАТЫВАЮЩИЕ ПРОИЗВОДСТВА,процент,февраль,2020-02,99.93
Российская Федерация,Всего,ОБРАБАТЫВАЮЩИЕ ПРОИЗВОДСТВА,процент,март,2020-03,99.74
Российская Федерация,Всего,ОБРАБАТЫВАЮЩИЕ ПРОИЗВОДСТВА,процент,апрель,2020-04,96.36
Российская Федерация,Всего,ОБРАБАТЫВАЮЩИЕ ПРОИЗВОДСТВА,процент,май,2020-05,98.45
Российская Федерация,Всего,ОБРАБАТЫВАЮЩИЕ ПРОИЗВОДСТВА,процент,июнь,2020-06,101.44
Российская Федерация,Всего,ОБРАБАТЫВАЮЩИЕ ПРОИЗВОДСТВА,процент,июль,2020-07,102.66
Российская Федерация,Всего,ОБРАБАТЫВАЮЩИЕ ПРОИЗВОДСТВА,процент,август,2020-08,100.57
Российская Федерация,Всего,ОБРАБАТЫВАЮЩИЕ ПРОИЗВОДСТВА,процент,сентябрь,2020-09,101.19
Российская Федерация,Всего,ОБРАБАТЫВАЮЩИЕ ПРОИЗВОДСТВА,процент,октябрь,2020-10,101.51
Российская Федерация,Всего,ОБРАБАТЫВАЮЩИЕ ПРОИЗВОДСТВА,процент,ноябрь,2020-11,101.43
Российская Федерация,Всего,ОБРАБАТЫВАЮЩИЕ ПРОИЗВОДСТВА,процент,декабрь,2020-12,101.35
Российская Федерация,Всего,ОБРАБАТЫВАЮЩИЕ ПРОИЗВОДСТВА,процент,январь,2021-01,102.83
Российская Федерация,Всего,ОБРАБАТЫВАЮЩИЕ ПРОИЗВОДСТВА,процент,февраль,2021-02,103.77
Российская Федерация,Всего,ОБРАБАТЫВАЮЩИЕ ПРОИЗВОДСТВА,процент,март,2021-03,103.2
Российская Федерация,Всего,ОБРАБАТЫВАЮЩИЕ ПРОИЗВОДСТВА,процент,апрель,2021-04,103.44
Российская Федерация,Всего,ОБРАБАТЫВАЮЩИЕ ПРОИЗВОДСТВА,процент,май,2021-05,103.15
Российская Федерация,Всего,ОБРАБАТЫВАЮЩИЕ ПРОИЗВОДСТВА,процент,июнь,2021-06,103.49
Российская Федерация,Всего,ОБРАБАТЫВАЮЩИЕ ПРОИЗВОДСТВА,процент,июль,2021-07,102.5
Российская Федерация,Всего,ОБРАБАТЫВАЮЩИЕ ПРОИЗВОДСТВА,процент,август,2021-08,100.81
Российская Федерация,Всего,ОБРАБАТЫВАЮЩИЕ ПРОИЗВОДСТВА,процент,сентябрь,2021-09,99.67
Российская Федерация,Всего,ОБРАБАТЫВАЮЩИЕ ПРОИЗВОДСТВА,процент,октябрь,2021-10,100.73
Российская Федерация,Всего,ОБРАБАТЫВАЮЩИЕ ПРОИЗВОДСТВА,процент,ноябрь,2021-11,101.77
Российская Федерация,Всего,ОБРАБАТЫВАЮЩИЕ ПРОИЗВОДСТВА,процент,декабрь,2021-12,100.84
Российская Федерация,Всего,ОБРАБАТЫВАЮЩИЕ ПРОИЗВОДСТВА,процент,январь,2022-01,101.42
Российская Федерация,Всего,ОБРАБАТЫВАЮЩИЕ ПРОИЗВОДСТВА,процент,февраль,2022-02,102.6
Российская Федерация,Всего,ОБРАБАТЫВАЮЩИЕ ПРОИЗВОДСТВА,процент,март,2022-03,108.25
Российская Федерация,Всего,ОБРАБАТЫВАЮЩИЕ ПРОИЗВОДСТВА,процент,апрель,2022-04,105.5
Российская Федерация,Всего,ОБРАБАТЫВАЮЩИЕ ПРОИЗВОДСТВА,процент,май,2022-05,94.48
Российская Федерация,Всего,ОБРАБАТЫВАЮЩИЕ ПРОИЗВОДСТВА,процент,июнь,2022-06,95.24
Российская Федерация,Всего,ОБРАБАТЫВАЮЩИЕ ПРОИЗВОДСТВА,процент,июль,2022-07,95.4
Российская Федерация,Всего,ОБРАБАТЫВАЮЩИЕ ПРОИЗВОДСТВА,процент,август,2022-08,98.52
Российская Федерация,Всего,ОБРАБАТЫВАЮЩИЕ ПРОИЗВОДСТВА,процент,сентябрь,2022-09,98.48
Российская Федерация,Всего,ОБРАБАТЫВАЮЩИЕ ПРОИЗВОДСТВА,процент,октябрь,2022-10,97.98
Российская Федерация,Всего,ОБРАБАТЫВАЮЩИЕ ПРОИЗВОДСТВА,процент,ноябрь,2022-11,99.6
Российская Федерация,Всего,ОБРАБАТЫВАЮЩИЕ ПРОИЗВОДСТВА,процент,декабрь,2022-12,98.48
Российская Федерация,Всего,Производство пищевых продуктов,процент,январь,2017-01,99.94
Российская Федерация,Всего,Производство пищевых продуктов,процент,февраль,2017-02,98.41
Российская Федерация,Всего,Производство пищевых продуктов,процент,март,2017-03,99.32
Российская Федерация,Всего,Производство пищевых продуктов,процент,апрель,2017-04,99.42
Российская Федерация,Всего,Производство пищевых продуктов,процент,май,2017-05,99.81
Российская Федерация,Всего,Производство пищевых продуктов,процент,июнь,2017-06,100.03
Российская Федерация,Всего,Производство пищевых продуктов,процент,июль,2017-07,100.53
Российская Федерация,Всего,Производство пищевых продуктов,процент,август,2017-08,100.06
Российская Федерация,Всего,Производство пищевых продуктов,процент,октябрь,2017-10,99.32
Российская Федерация,Всего,Производство пищевых продуктов,процент,ноябрь,2017-11,99.37
Российская Федерация,Всего,Производство пищевых продуктов,процент,декабрь,2017-12,100.08
Российская Федерация,Всего,Производство пищевых продуктов,процент,январь,2018-01,100.43
Российская Федерация,Всего,Производство пищевых продуктов,процент,февраль,2018-02,99.74
Российская Федерация,Всего,Производство пищевых продуктов,процент,март,2018-03,99.23
Российская Федерация,Всего,Производство пищевых продуктов,процент,апрель,2018-04,100.31
Российская Федерация,Всего,Производство пищевых продуктов,процент,май,2018-05,101.22
Российская Федерация,Всего,Производство пищевых продуктов,процент,июнь,2018-06,101.41
Российская Федерация,Всего,Производство пищевых продуктов,процент,июль,2018-07,100.91
Российская Федерация,Всего,Производство пищевых продуктов,процент,август,2018-08,100.42
Российская Федерация,Всего,Производство пищевых продуктов,процент,сентябрь,2018-09,100.85
Российская Федерация,Всего,Производство пищевых продуктов,процент,октябрь,2018-10,100.91
Российская Федерация,Всего,Производство пищевых продуктов,процент,ноябрь,2018-11,101.29
Российская Федерация,Всего,Производство пищевых продуктов,процент,декабрь,2018-12,100.67
Российская Федерация,Всего,Производство пищевых продуктов,процент,январь,2019-01,100.24
Российская Федерация,Всего,Производство пищевых продуктов,процент,февраль,2019-02,100.15
Российская Федерация,Всего,Производство пищевых продуктов,процент,март,2019-03,98.9
Российская Федерация,Всего,Производство пищевых продуктов,процент,апрель,2019-04,100.04
Российская Федерация,Всего,Производство пищевых продуктов,процент,май,2019-05,99.91
Российская Федерация,Всего,Производство пищевых продуктов,процент,июнь,2019-06,99.87
Российская Федерация,Всего,Производство пищевых продуктов,процент,июль,2019-07,100.23
Российская Федерация,Всего,Производство пищевых продуктов,процент,август,2019-08,99.97
Российская Федерация,Всего,Производство пищевых продуктов,процент,сентябрь,2019-09,99.55
Российская Федерация,Всего,Производство пищевых продуктов,процент,октябрь,2019-10,99.82
Российская Федерация,Всего,Производство пищевых продуктов,процент,ноябрь,2019-11,99.58
Российская Федерация,Всего,Производство пищевых продуктов,процент,декабрь,2019-12,99.51
Российская Федерация,Всего,Производство пищевых продуктов,процент,январь,2020-01,100.7
Российская Федерация,Всего,Производство пищевых продуктов,процент,февраль,2020-02,99.95
Российская Федерация,Всего,Производство пищевых продуктов,процент,март,2020-03,100.06
Российская Федерация,Всего,Производство пищевых продуктов,процент,апрель,2020-04,101.83
Российская Федерация,Всего,Производство пищевых продуктов,процент,май,2020-05,100.47
Российская Федерация,Всего,Производство пищевых продуктов,процент,июнь,2020-06,100.49
Российская Федерация,Всего,Производство пищевых продуктов,процент,июль,2020-07,101.31
Российская Федерация,Всего,Производство пищевых продуктов,процент,август,2020-08,100.7
Российская Федерация,Всего,Производство пищевых продуктов,процент,сентябрь,2020-09,100.74
Российская Федерация,Всего,Производство пищевых продуктов,процент,октябрь,2020-10,102.56
Российская Федерация,Всего,Производство пищевых продуктов,процент,ноябрь,2020-11,101.62
Российская Федерация,Всего,Производство пищевых продуктов,процент,декабрь,2020-12,101.73
Российская Федерация,Всего,Производство пищевых продуктов,процент,январь,2021-01,101.18
Российская Федерация,Всего,Производство пищевых продуктов,процент,февраль,2021-02,101.47
Российская Федерация,Всего,Производство пищевых продуктов,процент,март,2021-03,101.72
Российская Федерация,Всего,Производство пищевых продуктов,процент,апрель,2021-04,101.66
Российская Федерация,Всего,Производство пищевых продуктов,процент,май,2021-05,101.36
Российская Федерация,Всего,Производство пищевых продуктов,процент,июнь,2021-06,100.81
Российская Федерация,Всего,Производство пищевых продуктов,процент,июль,2021-07,100.13
Российская Федерация,Всего,Производство пищевых продуктов,процент,август,2021-08,100.74
Российская Федерация,Всего,Производство пищевых продуктов,процент,сентябрь,2021-09,101.37
Российская Федерация,Всего,Производство пищевых продуктов,процент,октябрь,2021-10,101.48
Российская Федерация,Всего,Производство пищевых продуктов,процент,ноябрь,2021-11,100.84
Российская Федерация,Всего,Производство пищевых продуктов,процент,декабрь,2021-12,100.58
Российская Федерация,Всего,Производство пищевых продуктов,процент,январь,2022-01,100.8
Российская Федерация,Всего,Производство пищевых продуктов,процент,февраль,2022-02,101.03
Российская Федерация,Всего,Производство пищевых продуктов,процент,март,2022-03,104.45
Российская Федерация,Всего,Производство пищевых продуктов,процент,апрель,2022-04,106.29
Российская Федерация,Всего,Производство пищевых продуктов,процент,май,2022-05,100.08
Российская Федерация,Всего,Производство пищевых продуктов,процент,июнь,2022-06,98.36
Российская Федерация,Всего,Производство пищевых продуктов,процент,июль,2022-07,98.3
Российская Федерация,Всего,Производство пищевых продуктов,процент,август,2022-08,99.37
Российская Федерация,Всего,Производство пищевых продуктов,процент,сентябрь,2022-09,98.93
Российская Федерация,Всего,Производство пищевых продуктов,процент,октябрь,2022-10,98.63
Российская Федерация,Всего,Производство пищевых продуктов,процент,ноябрь,2022-11,99.17
Российская Федерация,Всего,Производство пищевых продуктов,процент,декабрь,2022-12,99.57
Российская Федерация,Внутренний рынок,"Собирательная классификационная группировка видов экономической деятельности ""Промышленность"" на основе ОКВЭД2 (КДЕС Ред. 2)",процент,январь,2017-01,103.26
Российская Федерация,Внутренний рынок,"Собирательная классификационная группировка видов экономической деятельности ""Промышленность"" на основе ОКВЭД2 (КДЕС Ред. 2)",процент,февраль,2017-02,100.8
Российская Федерация,Внутренний рынок,"Собирательная классификационная группировка видов экономической деятельности ""Промышленность"" на основе ОКВЭД2 (КДЕС Ред. 2)",процент,март,2017-03,99.72
Российская Федерация,Внутренний рынок,"Собирательная классификационная группировка видов экономической деятельности ""Промышленность"" на основе ОКВЭД2 (КДЕС Ред. 2)",процент,апрель,2017-04,98.49
Российская Федерация,Внутренний рынок,"Собирательная классификационная группировка видов экономической деятельности ""Промышленность"" на основе ОКВЭД2 (КДЕС Ред. 2)",процент,май,2017-05,99.52
Российская Федерация,Внутренний рынок,"Собирательная классификационная группировка видов экономической деятельности ""Промышленность"" на основе ОКВЭД2 (КДЕС Ред. 2)",процент,июнь,2017-06,99.69
Российская Федерация,Внутренний рынок,"Собирательная классификационная группировка видов экономической деятельности ""Промышленность"" на основе ОКВЭД2 (КДЕС Ред. 2)",процент,июль,2017-07,99.49
Российская Федерация,Внутренний рынок,"Собирательная классификационная группировка видов экономической деятельности ""Промышленность"" на основе ОКВЭД2 (КДЕС Ред. 2)",процент,август,2017-08,101.51
Российская Федерация,Внутренний рынок,"Собирательная классификационная группировка видов экономической деятельности ""Промышленность"" на основе ОКВЭД2 (КДЕС Ред. 2)",процент,октябрь,2017-10,101.16
Российская Федерация,Внутренний рынок,"Собирательная классификационная группировка видов экономической деятельности ""Промышленность"" на основе ОКВЭД2 (КДЕС Ред. 2)",процент,ноябрь,2017-11,100.86
Российская Федерация,Внутренний рынок,"Собирательная классификационная группировка видов экономической деятельности ""Промышленность"" на основе ОКВЭД2 (КДЕС Ред. 2)",процент,декабрь,2017-12,101.24
Российская Федерация,Внутренний рынок,"Собирательная классификационная группировка видов экономической деятельности ""Промышленность"" на основе ОКВЭД2 (КДЕС Ред. 2)",процент,январь,2018-01,100.23
Российская Федерация,Внутренний рынок,"Собирательная классификационная группировка видов экономической деятельности ""Промышленность"" на основе ОКВЭД2 (КДЕС Ред. 2)",процент,февраль,2018-02,100.92
Российская Федерация,Внутренний рынок,"Собирательная классификационная группировка видов экономической деятельности ""Промышленность"" на основе ОКВЭД2 (КДЕС Ред. 2)",процент,март,2018-03,99.13
Российская Федерация,Внутренний рынок,"Собирательная классификационная группировка видов экономической деятельности ""Промышленность"" на основе ОКВЭД2 (КДЕС Ред. 2)",процент,апрель,2018-04,101.22
Российская Федерация,Внутренний рынок,"Собирательная классификационная группировка видов экономической деятельности ""Промышленность"" на основе ОКВЭД2 (КДЕС Ред. 2)",процент,май,2018-05,103.91
Российская Федерация,Внутренний рынок,"Собирательная классификационная группировка видов экономической деятельности ""Промышленность"" на основе ОКВЭД2 (КДЕС Ред. 2)",процент,июнь,2018-06,103.42
Российская Федерация,Внутренний рынок,"Собирательная классификационная группировка видов экономической деятельности ""Промышленность"" на основе ОКВЭД2 (КДЕС Ред. 2)",процент,июль,2018-07,100.31
Российская Федерация,Внутренний рынок,"Собирательная классификационная группировка видов экономической деятельности ""Промышленность"" на основе ОКВЭД2 (КДЕС Ред. 2)",процент,август,2018-08,100.22
Российская Федерация,Внутренний рынок,"Собирательная классификационная группировка видов экономической деятельности ""Промышленность"" на основе ОКВЭД2 (КДЕС Ред. 2)",процент,сентябрь,2018-09,101.34
Российская Федерация,Внутренний рынок,"Собирательная классификационная группировка видов экономической деятельности ""Промышленность"" на основе ОКВЭД2 (КДЕС Ред. 2)",процент,октябрь,2018-10,103.25
Российская Федерация,Внутренний рынок,"Собирательная классификационная группировка видов экономической деятельности ""Промышленность"" на основе ОКВЭД2 (КДЕС Ред. 2)",процент,ноябрь,2018-11,100.68
Российская Федерация,Внутренний рынок,"Собирательная классификационная группировка видов экономической деятельности ""Промышленность"" на основе ОКВЭД2 (КДЕС Ред. 2)",процент,декабрь,2018-12,96.71
Российская Федерация,Внутренний рынок,"Собирательная классификационная группировка видов экономической деятельности ""Промышленность"" на основе ОКВЭД2 (КДЕС Ред. 2)",процент,январь,2019-01,97.98
Российская Федерация,Внутренний рынок,"Собирательная классификационная группировка видов экономической деятельности ""Промышленность"" на основе ОКВЭД2 (КДЕС Ред. 2)",процент,февраль,2019-02,100.14
Российская Федерация,Внутренний рынок,"Собирательная классификационная группировка видов экономической деятельности ""Промышленность"" на основе ОКВЭД2 (КДЕС Ред. 2)",процент,март,2019-03,100.85
Российская Федерация,Внутренний рынок,"Собирательная классификационная группировка видов экономической деятельности ""Промышленность"" на основе ОКВЭД2 (КДЕС Ред. 2)",процент,апрель,2019-04,100.46
Российская Федерация,Внутренний рынок,"Собирательная классификационная группировка видов экономической деятельности ""Промышленность"" на основе ОКВЭД2 (КДЕС Ред. 2)",процент,май,2019-05,101.81
Российская Федерация,Внутренний рынок,"Собирательная классификационная группировка видов экономической деятельности ""Промышленность"" на основе ОКВЭД2 (КДЕС Ред. 2)",процент,июнь,2019-06,99.44
Российская Федерация,Внутренний рынок,"Собирательная классификационная группировка видов экономической деятельности ""Промышленность"" на основе ОКВЭД2 (КДЕС Ред. 2)",процент,июль,2019-07,97.34
Российская Федерация,Внутренний рынок,"Собирательная классификационная группировка видов экономической деятельности ""Промышленность"" на основе ОКВЭД2 (КДЕС Ред. 2)",процент,август,2019-08,99.44
Российская Федерация,Внутренний рынок,"Собирательная классификационная группировка видов экономической деятельности ""Промышленность"" на основе ОКВЭД2 (КДЕС Ред. 2)",процент,сентябрь,2019-09,99.73
Российская Федерация,Внутренний рынок,"Собирательная классификационная группировка видов экономической деятельности ""Промышленность"" на основе ОКВЭД2 (КДЕС Ред. 2)",процент,октябрь,2019-10,99.77
Российская Федерация,Внутренний рынок,"Собирательная классификационная группировка видов экономической деятельности ""Промышленность"" на основе ОКВЭД2 (КДЕС Ред. 2)",процент,ноябрь,2019-11,99.16
Российская Федерация,Внутренний рынок,"Собирательная классификационная группировка видов экономической деятельности ""Промышленность"" на основе ОКВЭД2 (КДЕС Ред. 2)",процент,декабрь,2019-12,99.61
Российская Федерация,Внутренний рынок,"Собирательная классификационная группировка видов экономической деятельности ""Промышленность"" на основе ОКВЭД2 (КДЕС Ред. 2)",процент,январь,2020-01,101.18
Российская Федерация,Внутренний рынок,"Собирательная классификационная группировка видов экономической деятельности ""Промышленность"" на основе ОКВЭД2 (КДЕС Ред. 2)",процент,февраль,2020-02,99.35
Российская Федерация,Внутренний рынок,"Собирательная классификационная группировка видов экономической деятельности ""Промышленность"" на основе ОКВЭД2 (КДЕС Ред. 2)",процент,март,2020-03,98.65
Российская Федерация,Внутренний рынок,"Собирательная классификационная группировка видов экономической деятельности ""Промышленность"" на основе ОКВЭД2 (КДЕС Ред. 2)",процент,апрель,2020-04,92.82
Российская Федерация,Внутренний рынок,"Собирательная классификационная группировка видов экономической деятельности ""Промышленность"" на основе ОКВЭД2 (КДЕС Ред. 2)",процент,май,2020-05,97.21
Российская Федерация,Внутренний рынок,"Собирательная классификационная группировка видов экономической деятельности ""Промышленность"" на основе ОКВЭД2 (КДЕС Ред. 2)",процент,июнь,2020-06,106.11
Российская Федерация,Внутренний рынок,"Собирательная классификационная группировка видов экономической деятельности ""Промышленность"" на основе ОКВЭД2 (КДЕС Ред. 2)",процент,июль,2020-07,104.33
Российская Федерация,Внутренний рынок,"Собирательная классификационная группировка видов экономической деятельности ""Промышленность"" на основе ОКВЭД2 (КДЕС Ред. 2)",процент,август,2020-08,101.18
Российская Федерация,Внутренний рынок,"Собирательная классификационная группировка видов экономической деятельности ""Промышленность"" на основе ОКВЭД2 (КДЕС Ред. 2)",процент,сентябрь,2020-09,100.65
Российская Федерация,Внутренний рынок,"Собирательная классификационная группировка видов экономической деятельности ""Промышленность"" на основе ОКВЭД2 (КДЕС Ред. 2)",процент,октябрь,2020-10,100.32
Российская Федерация,Внутренний рынок,"Собирательная классификационная группировка видов экономической деятельности ""Промышленность"" на основе ОКВЭД2 (КДЕС Ред. 2)",процент,ноябрь,2020-11,101.01
Российская Федерация,Внутренний рынок,"Собирательная классификационная группировка видов экономической деятельности ""Промышленность"" на основе ОКВЭД2 (КДЕС Ред. 2)",процент,декабрь,2020-12,101.46
Российская Федерация,Внутренний рынок,"Собирательная классификационная группировка видов экономической деятельности ""Промышленность"" на основе ОКВЭД2 (КДЕС Ред. 2)",процент,январь,2021-01,103.36
Российская Федерация,Внутренний рынок,"Собирательная классификационная группировка видов экономической деятельности ""Промышленность"" на основе ОКВЭД2 (КДЕС Ред. 2)",процент,февраль,2021-02,103.53
Российская Федерация,Внутренний рынок,"Собирательная классификационная группировка видов экономической деятельности ""Промышленность"" на основе ОКВЭД2 (КДЕС Ред. 2)",процент,март,2021-03,103.56
Российская Федерация,Внутренний рынок,"Собирательная классификационная группировка видов экономической деятельности ""Промышленность"" на основе ОКВЭД2 (КДЕС Ред. 2)",процент,апрель,2021-04,102.7
Российская Федерация,Внутренний рынок,"Собирательная классификационная группировка видов экономической деятельности ""Промышленность"" на основе ОКВЭД2 (КДЕС Ред. 2)",процент,май,2021-05,102.33
Российская Федерация,Внутренний рынок,"Собирательная классификационная группировка видов экономической деятельности ""Промышленность"" на основе ОКВЭД2 (КДЕС Ред. 2)",процент,июнь,2021-06,102.92
Российская Федерация,Внутренний рынок,"Собирательная классификационная группировка видов экономической деятельности ""Промышленность"" на основе ОКВЭД2 (КДЕС Ред. 2)",процент,июль,2021-07,102.61
Российская Федерация,Внутренний рынок,"Собирательная классификационная группировка видов экономической деятельности ""Промышленность"" на основе ОКВЭД2 (КДЕС Ред. 2)",процент,август,2021-08,101.46
Российская Федерация,Внутренний рынок,"Собирательная классификационная группировка видов экономической деятельности ""Промышленность"" на основе ОКВЭД2 (КДЕС Ред. 2)",процент,сентябрь,2021-09,99.01
Российская Федерация,Внутренний рынок,"Собирательная классификационная группировка видов экономической деятельности ""Промышленность"" на основе ОКВЭД2 (КДЕС Ред. 2)",процент,октябрь,2021-10,100.44
Российская Федерация,Внутренний рынок,"Собирательная классификационная группировка видов экономической деятельности ""Промышленность"" на основе ОКВЭД2 (КДЕС Ред. 2)",процент,ноябрь,2021-11,102.71
Российская Федерация,Внутренний рынок,"Собирательная классификационная группировка видов экономической деятельности ""Промышленность"" на основе ОКВЭД2 (КДЕС Ред. 2)",процент,декабрь,2021-12,100.82
Российская Федерация,Внутренний рынок,"Собирательная классификационная группировка видов экономической деятельности ""Промышленность"" на основе ОКВЭД2 (КДЕС Ред. 2)",процент,январь,2022-01,100.02
Российская Федерация,Внутренний рынок,"Собирательная классификационная группировка видов экономической деятельности ""Промышленность"" на основе ОКВЭД2 (КДЕС Ред. 2)",процент,февраль,2022-02,103.95
Российская Федерация,Внутренний рынок,"Собирательная классификационная группировка видов экономической деятельности ""Промышленность"" на основе ОКВЭД2 (КДЕС Ред. 2)",процент,март,2022-03,105.95
Российская Федерация,Внутренний рынок,"Собирательная классификационная группировка видов экономической деятельности ""Промышленность"" на основе ОКВЭД2 (КДЕС Ред. 2)",процент,апрель,2022-04,106.15
Российская Федерация,Внутренний рынок,"Собирательная классификационная группировка видов экономической деятельности ""Промышленность"" на основе ОКВЭД2 (КДЕС Ред. 2)",процент,май,2022-05,93.11
Российская Федерация,Внутренний рынок,"Собирательная классификационная группировка видов экономической деятельности ""Промышленность"" на основе ОКВЭД2 (КДЕС Ред. 2)",процент,июнь,2022-06,96.1
Российская Федерация,Внутренний рынок,"Собирательная классификационная группировка видов экономической деятельности ""Промышленность"" на основе ОКВЭД2 (КДЕС Ред. 2)",процент,июль,2022-07,97.78
Российская Федерация,Внутренний рынок,"Собирательная классификационная группировка видов экономической деятельности ""Промышленность"" на основе ОКВЭД2 (КДЕС Ред. 2)",процент,август,2022-08,98.92
Российская Федерация,Внутренний рынок,"Собирательная классификационная группировка видов экономической деятельности ""Промышленность"" на основе ОКВЭД2 (КДЕС Ред. 2)",процент,сентябрь,2022-09,99.23
Российская Федерация,Внутренний рынок,"Собирательная классификационная группировка видов экономической деятельности ""Промышленность"" на основе ОКВЭД2 (КДЕС Ред. 2)",процент,октябрь,2022-10,97.53
Российская Федерация,Внутренний рынок,"Собирательная классификационная группировка видов экономической деятельности ""Промышленность"" на основе ОКВЭД2 (КДЕС Ред. 2)",процент,ноябрь,2022-11,99.55
Российская Федерация,Внутренний рынок,"Собирательная классификационная группировка видов экономической деятельности ""Промышленность"" на основе ОКВЭД2 (КДЕС Ред. 2)",процент,декабрь,2022-12,99.15
Российская Федерация,Внутренний рынок,ДОБЫЧА ПОЛЕЗНЫХ ИСКОПАЕМЫХ,процент,январь,2017-01,111.86
Российская Федерация,Внутренний рынок,ДОБЫЧА ПОЛЕЗНЫХ ИСКОПАЕМЫХ,процент,февраль,2017-02,105.29
Российская Федерация,Внутренний рынок,ДОБЫЧА ПОЛЕЗНЫХ ИСКОПАЕМЫХ,процент,март,2017-03,98.3
Российская Федерация,Внутренний рынок,ДОБЫЧА ПОЛЕЗНЫХ ИСКОПАЕМЫХ,процент,апрель,2017-04,94.05
Российская Федерация,Внутренний рынок,ДОБЫЧА ПОЛЕЗНЫХ ИСКОПАЕМЫХ,процент,май,2017-05,97.25
Российская Федерация,Внутренний рынок,ДОБЫЧА ПОЛЕЗНЫХ ИСКОПАЕМЫХ,процент,июнь,2017-06,99.76
Российская Федерация,Внутренний рынок,ДОБЫЧА ПОЛЕЗНЫХ ИСКОПАЕМЫХ,процент,июль,2017-07,97.94
Российская Федерация,Внутренний рынок,ДОБЫЧА ПОЛЕЗНЫХ ИСКОПАЕМЫХ,процент,август,2017-08,103.17
Российская Федерация,Внутренний рынок,ДОБЫЧА ПОЛЕЗНЫХ ИСКОПАЕМЫХ,процент,октябрь,2017-10,100.93
Российская Федерация,Внутренний рынок,ДОБЫЧА ПОЛЕЗНЫХ ИСКОПАЕМЫХ,процент,ноябрь,2017-11,102.72
Российская Федерация,Внутренний рынок,ДОБЫЧА ПОЛЕЗНЫХ ИСКОПАЕМЫХ,процент,декабрь,2017-12,105.06
Российская Федерация,Внутренний рынок,ДОБЫЧА ПОЛЕЗНЫХ ИСКОПАЕМЫХ,процент,январь,2018-01,101.6
Российская Федерация,Внутренний рынок,ДОБЫЧА ПОЛЕЗНЫХ ИСКОПАЕМЫХ,процент,февраль,2018-02,101.6
Российская Федерация,Внутренний рынок,ДОБЫЧА ПОЛЕЗНЫХ ИСКОПАЕМЫХ,процент,март,2018-03,95.82
Российская Федерация,Внутренний рынок,ДОБЫЧА ПОЛЕЗНЫХ ИСКОПАЕМЫХ,процент,апрель,2018-04,100.78
Российская Федерация,Внутренний рынок,ДОБЫЧА ПОЛЕЗНЫХ ИСКОПАЕМЫХ,процент,май,2018-05,107.27
Российская Федерация,Внутренний рынок,ДОБЫЧА ПОЛЕЗНЫХ ИСКОПАЕМЫХ,процент,июнь,2018-06,111.35
Российская Федерация,Внутренний рынок,ДОБЫЧА ПОЛЕЗНЫХ ИСКОПАЕМЫХ,процент,июль,2018-07,99.71
Российская Федерация,Внутренний рынок,ДОБЫЧА ПОЛЕЗНЫХ ИСКОПАЕМЫХ,процент,август,2018-08,98.15
Российская Федерация,Внутренний рынок,ДОБЫЧА ПОЛЕЗНЫХ ИСКОПАЕМЫХ,процент,сентябрь,2018-09,101.46
Российская Федерация,Внутренний рынок,ДОБЫЧА ПОЛЕЗНЫХ ИСКОПАЕМЫХ,процент,октябрь,2018-10,108.31
Российская Федерация,Внутренний рынок,ДОБЫЧА ПОЛЕЗНЫХ ИСКОПАЕМЫХ,процент,ноябрь,2018-11,102.17
Российская Федерация,Внутренний рынок,ДОБЫЧА ПОЛЕЗНЫХ ИСКОПАЕМЫХ,процент,декабрь,2018-12,92.28
Российская Федерация,Внутренний рынок,ДОБЫЧА ПОЛЕЗНЫХ ИСКОПАЕМЫХ,процент,январь,2019-01,95.87
Российская Федерация,Внутренний рынок,ДОБЫЧА ПОЛЕЗНЫХ ИСКОПАЕМЫХ,процент,февраль,2019-02,101.53
Российская Федерация,Внутренний рынок,ДОБЫЧА ПОЛЕЗНЫХ ИСКОПАЕМЫХ,процент,март,2019-03,104.03
Российская Федерация,Внутренний рынок,ДОБЫЧА ПОЛЕЗНЫХ ИСКОПАЕМЫХ,процент,апрель,2019-04,100.69
Российская Федерация,Внутренний рынок,ДОБЫЧА ПОЛЕЗНЫХ ИСКОПАЕМЫХ,процент,май,2019-05,102.85
Российская Федерация,Внутренний рынок,ДОБЫЧА ПОЛЕЗНЫХ ИСКОПАЕМЫХ,процент,июнь,2019-06,98.31
Российская Федерация,Внутренний рынок,ДОБЫЧА ПОЛЕЗНЫХ ИСКОПАЕМЫХ,процент,июль,2019-07,89.64
Российская Федерация,Внутренний рынок,ДОБЫЧА ПОЛЕЗНЫХ ИСКОПАЕМЫХ,процент,август,2019-08,99.31
Российская Федерация,Внутренний рынок,ДОБЫЧА ПОЛЕЗНЫХ ИСКОПАЕМЫХ,процент,сентябрь,2019-09,99.48
Российская Федерация,Внутренний рынок,ДОБЫЧА ПОЛЕЗНЫХ ИСКОПАЕМЫХ,процент,октябрь,2019-10,98.74
Российская Федерация,Внутренний рынок,ДОБЫЧА ПОЛЕЗНЫХ ИСКОПАЕМЫХ,процент,ноябрь,2019-11,99.22
Российская Федерация,Внутренний рынок,ДОБЫЧА ПОЛЕЗНЫХ ИСКОПАЕМЫХ,процент,декабрь,2019-12,101.55
Российская Федерация,Внутренний рынок,ДОБЫЧА ПОЛЕЗНЫХ ИСКОПАЕМЫХ,процент,январь,2020-01,102.31
Российская Федерация,Внутренний рынок,ДОБЫЧА ПОЛЕЗНЫХ ИСКОПАЕМЫХ,процент,февраль,2020-02,97.44
Российская Федерация,Внутренний рынок,ДОБЫЧА ПОЛЕЗНЫХ ИСКОПАЕМЫХ,процент,март,2020-03,92.89
Российская Федерация,Внутренний рынок,ДОБЫЧА ПОЛЕЗНЫХ ИСКОПАЕМЫХ,процент,апрель,2020-04,76.04
Российская Федерация,Внутренний рынок,ДОБЫЧА ПОЛЕЗНЫХ ИСКОПАЕМЫХ,процент,май,2020-05,85.63
Российская Федерация,Внутренний рынок,ДОБЫЧА ПОЛЕЗНЫХ ИСКОПАЕМЫХ,процент,июнь,2020-06,132.3
Российская Федерация,Внутренний рынок,ДОБЫЧА ПОЛЕЗНЫХ ИСКОПАЕМЫХ,процент,июль,2020-07,114.48
Российская Федерация,Внутренний рынок,ДОБЫЧА ПОЛЕЗНЫХ ИСКОПАЕМЫХ,процент,август,2020-08,102.31
Российская Федерация,Внутренний рынок,ДОБЫЧА ПОЛЕЗНЫХ ИСКОПАЕМЫХ,процент,сентябрь,2020-09,100.81
Российская Федерация,Внутренний рынок,ДОБЫЧА ПОЛЕЗНЫХ ИСКОПАЕМЫХ,процент,октябрь,2020-10,98.07
Российская Федерация,Внутренний рынок,ДОБЫЧА ПОЛЕЗНЫХ ИСКОПАЕМЫХ,процент,ноябрь,2020-11,102.18
Российская Федерация,Внутренний рынок,ДОБЫЧА ПОЛЕЗНЫХ ИСКОПАЕМЫХ,процент,декабрь,2020-12,103.74
Российская Федерация,Внутренний рынок,ДОБЫЧА ПОЛЕЗНЫХ ИСКОПАЕМЫХ,процент,январь,2021-01,109.38
Российская Федерация,Внутренний рынок,ДОБЫЧА ПОЛЕЗНЫХ ИСКОПАЕМЫХ,процент,февраль,2021-02,106.76
Российская Федерация,Внутренний рынок,ДОБЫЧА ПОЛЕЗНЫХ ИСКОПАЕМЫХ,процент,март,2021-03,107.08
Российская Федерация,Внутренний рынок,ДОБЫЧА ПОЛЕЗНЫХ ИСКОПАЕМЫХ,процент,апрель,2021-04,104.64
Российская Федерация,Внутренний рынок,ДОБЫЧА ПОЛЕЗНЫХ ИСКОПАЕМЫХ,процент,май,2021-05,101.36
Российская Федерация,Внутренний рынок,ДОБЫЧА ПОЛЕЗНЫХ ИСКОПАЕМЫХ,процент,июнь,2021-06,103.81
Российская Федерация,Внутренний рынок,ДОБЫЧА ПОЛЕЗНЫХ ИСКОПАЕМЫХ,процент,июль,2021-07,103.63
Российская Федерация,Внутренний рынок,ДОБЫЧА ПОЛЕЗНЫХ ИСКОПАЕМЫХ,процент,август,2021-08,103.52
Российская Федерация,Внутренний рынок,ДОБЫЧА ПОЛЕЗНЫХ ИСКОПАЕМЫХ,процент,сентябрь,2021-09,96.08
Российская Федерация,Внутренний рынок,ДОБЫЧА ПОЛЕЗНЫХ ИСКОПАЕМЫХ,процент,октябрь,2021-10,101.4
Российская Федерация,Внутренний рынок,ДОБЫЧА ПОЛЕЗНЫХ ИСКОПАЕМЫХ,процент,ноябрь,2021-11,109.04
Российская Федерация,Внутренний рынок,ДОБЫЧА ПОЛЕЗНЫХ ИСКОПАЕМЫХ,процент,декабрь,2021-12,101.44
Российская Федерация,Внутренний рынок,ДОБЫЧА ПОЛЕЗНЫХ ИСКОПАЕМЫХ,процент,январь,2022-01,95.86
Российская Федерация,Внутренний рынок,ДОБЫЧА ПОЛЕЗНЫХ ИСКОПАЕМЫХ,процент,февраль,2022-02,114.34
Российская Федерация,Внутренний рынок,ДОБЫЧА ПОЛЕЗНЫХ ИСКОПАЕМЫХ,процент,март,2022-03,112.53
Российская Федерация,Внутренний рынок,ДОБЫЧА ПОЛЕЗНЫХ ИСКОПАЕМЫХ,процент,апрель,2022-04,111.15
Российская Федерация,Внутренний рынок,ДОБЫЧА ПОЛЕЗНЫХ ИСКОПАЕМЫХ,процент,май,2022-05,78.16
Российская Федерация,Внутренний рынок,ДОБЫЧА ПОЛЕЗНЫХ ИСКОПАЕМЫХ,процент,июнь,2022-06,92.12
Российская Федерация,Внутренний рынок,ДОБЫЧА ПОЛЕЗНЫХ ИСКОПАЕМЫХ,процент,июль,2022-07,98.05
Российская Федерация,Внутренний рынок,ДОБЫЧА ПОЛЕЗНЫХ ИСКОПАЕМЫХ,процент,август,2022-08,94.78
Российская Федерация,Внутренний рынок,ДОБЫЧА ПОЛЕЗНЫХ ИСКОПАЕМЫХ,процент,сентябрь,2022-09,99.64
Российская Федерация,Внутренний рынок,ДОБЫЧА ПОЛЕЗНЫХ ИСКОПАЕМЫХ,процент,октябрь,2022-10,94.46
Российская Федерация,Внутренний рынок,ДОБЫЧА ПОЛЕЗНЫХ ИСКОПАЕМЫХ,процент,ноябрь,2022-11,101.25
Российская Федерация,Внутренний рынок,ДОБЫЧА ПОЛЕЗНЫХ ИСКОПАЕМЫХ,процент,декабрь,2022-12,96.91
Российская Федерация,Внутренний рынок,ОБРАБАТЫВАЮЩИЕ ПРОИЗВОДСТВА,процент,январь,2017-01,101.47
Российская Федерация,Внутренний рынок,ОБРАБАТЫВАЮЩИЕ ПРОИЗВОДСТВА,процент,февраль,2017-02,99.53
Российская Федерация,Внутренний рынок,ОБРАБАТЫВАЮЩИЕ ПРОИЗВОДСТВА,процент,март,2017-03,99.78
Российская Федерация,Внутренний рынок,ОБРАБАТЫВАЮЩИЕ ПРОИЗВОДСТВА,процент,апрель,2017-04,100.01
Российская Федерация,Внутренний рынок,ОБРАБАТЫВАЮЩИЕ ПРОИЗВОДСТВА,процент,май,2017-05,99.9
Российская Федерация,Внутренний рынок,ОБРАБАТЫВАЮЩИЕ ПРОИЗВОДСТВА,процент,июнь,2017-06,99.88
Российская Федерация,Внутренний рынок,ОБРАБАТЫВАЮЩИЕ ПРОИЗВОДСТВА,процент,июль,2017-07,99.57
Российская Федерация,Внутренний рынок,ОБРАБАТЫВАЮЩИЕ ПРОИЗВОДСТВА,процент,август,2017-08,100.58
Российская Федерация,Внутренний рынок,ОБРАБАТЫВАЮЩИЕ ПРОИЗВОДСТВА,процент,октябрь,2017-10,101.33
Российская Федерация,Внутренний рынок,ОБРАБАТЫВАЮЩИЕ ПРОИЗВОДСТВА,процент,ноябрь,2017-11,100.52
Российская Федерация,Внутренний рынок,ОБРАБАТЫВАЮЩИЕ ПРОИЗВОДСТВА,процент,декабрь,2017-12,100.29
Российская Федерация,Внутренний рынок,ОБРАБАТЫВАЮЩИЕ ПРОИЗВОДСТВА,процент,январь,2018-01,100.06
Российская Федерация,Внутренний рынок,ОБРАБАТЫВАЮЩИЕ ПРОИЗВОДСТВА,процент,февраль,2018-02,100.78
Российская Федерация,Внутренний рынок,ОБРАБАТЫВАЮЩИЕ ПРОИЗВОДСТВА,процент,март,2018-03,100.08
Российская Федерация,Внутренний рынок,ОБРАБАТЫВАЮЩИЕ ПРОИЗВОДСТВА,процент,апрель,2018-04,101.82
Российская Федерация,Внутренний рынок,ОБРАБАТЫВАЮЩИЕ ПРОИЗВОДСТВА,процент,май,2018-05,103.3
Российская Федерация,Внутренний рынок,ОБРАБАТЫВАЮЩИЕ ПРОИЗВОДСТВА,процент,июнь,2018-06,101.47
Российская Федерация,Внутренний рынок,ОБРАБАТЫВАЮЩИЕ ПРОИЗВОДСТВА,процент,июль,2018-07,100.4
Российская Федерация,Внутренний рынок,ОБРАБАТЫВАЮЩИЕ ПРОИЗВОДСТВА,процент,август,2018-08,100.68
Российская Федерация,Внутренний рынок,ОБРАБАТЫВАЮЩИЕ ПРОИЗВОДСТВА,процент,сентябрь,2018-09,101.46
Российская Федерация,Внутренний рынок,ОБРАБАТЫВАЮЩИЕ ПРОИЗВОДСТВА,процент,октябрь,2018-10,101.64
Российская Федерация,Внутренний рынок,ОБРАБАТЫВАЮЩИЕ ПРОИЗВОДСТВА,процент,ноябрь,2018-11,100.25
Российская Федерация,Внутренний рынок,ОБРАБАТЫВАЮЩИЕ ПРОИЗВОДСТВА,процент,декабрь,2018-12,97.96
Российская Федерация,Внутренний рынок,ОБРАБАТЫВАЮЩИЕ ПРОИЗВОДСТВА,процент,январь,2019-01,98.57
Российская Федерация,Внутренний рынок,ОБРАБАТЫВАЮЩИЕ ПРОИЗВОДСТВА,процент,февраль,2019-02,99.42
Российская Федерация,Внутренний рынок,ОБРАБАТЫВАЮЩИЕ ПРОИЗВОДСТВА,процент,март,2019-03,99.61
Российская Федерация,Внутренний рынок,ОБРАБАТЫВАЮЩИЕ ПРОИЗВОДСТВА,процент,апрель,2019-04,100.5
Российская Федерация,Внутренний рынок,ОБРАБАТЫВАЮЩИЕ ПРОИЗВОДСТВА,процент,май,2019-05,101.55
Российская Федерация,Внутренний рынок,ОБРАБАТЫВАЮЩИЕ ПРОИЗВОДСТВА,процент,июнь,2019-06,99.98
Российская Федерация,Внутренний рынок,ОБРАБАТЫВАЮЩИЕ ПРОИЗВОДСТВА,процент,июль,2019-07,99.67
Российская Федерация,Внутренний рынок,ОБРАБАТЫВАЮЩИЕ ПРОИЗВОДСТВА,процент,август,2019-08,99.31
Российская Федерация,Внутренний рынок,ОБРАБАТЫВАЮЩИЕ ПРОИЗВОДСТВА,процент,сентябрь,2019-09,99.96
Российская Федерация,Внутренний рынок,ОБРАБАТЫВАЮЩИЕ ПРОИЗВОДСТВА,процент,октябрь,2019-10,100.01
Российская Федерация,Внутренний рынок,ОБРАБАТЫВАЮЩИЕ ПРОИЗВОДСТВА,процент,ноябрь,2019-11,99.06
Российская Федерация,Внутренний рынок,ОБРАБАТЫВАЮЩИЕ ПРОИЗВОДСТВА,процент,декабрь,2019-12,98.89
Российская Федерация,Внутренний рынок,ОБРАБАТЫВАЮЩИЕ ПРОИЗВОДСТВА,процент,январь,2020-01,100.56
Российская Федерация,Внутренний рынок,ОБРАБАТЫВАЮЩИЕ ПРОИЗВОДСТВА,процент,февраль,2020-02,100.1
Российская Федерация,Внутренний рынок,ОБРАБАТЫВАЮЩИЕ ПРОИЗВОДСТВА,процент,март,2020-03,100.31
Российская Федерация,Внутренний рынок,ОБРАБАТЫВАЮЩИЕ ПРОИЗВОДСТВА,процент,апрель,2020-04,97.29
Российская Федерация,Внутренний рынок,ОБРАБАТЫВАЮЩИЕ ПРОИЗВОДСТВА,процент,май,2020-05,99.72
Российская Федерация,Внутренний рынок,ОБРАБАТЫВАЮЩИЕ ПРОИЗВОДСТВА,процент,июнь,2020-06,101.6
Российская Федерация,Внутренний рынок,ОБРАБАТЫВАЮЩИЕ ПРОИЗВОДСТВА,процент,июль,2020-07,101.67
Российская Федерация,Внутренний рынок,ОБРАБАТЫВАЮЩИЕ ПРОИЗВОДСТВА,процент,август,2020-08,100.56
Российская Федерация,Внутренний рынок,ОБРАБАТЫВАЮЩИЕ ПРОИЗВОДСТВА,процент,сентябрь,2020-09,100.73
Российская Федерация,Внутренний рынок,ОБРАБАТЫВАЮЩИЕ ПРОИЗВОДСТВА,процент,октябрь,2020-10,101.23
Российская Федерация,Внутренний рынок,ОБРАБАТЫВАЮЩИЕ ПРОИЗВОДСТВА,процент,ноябрь,2020-11,101.13
Российская Федерация,Внутренний рынок,ОБРАБАТЫВАЮЩИЕ ПРОИЗВОДСТВА,процент,декабрь,2020-12,100.92
Российская Федерация,Внутренний рынок,ОБРАБАТЫВАЮЩИЕ ПРОИЗВОДСТВА,процент,январь,2021-01,102.17
Российская Федерация,Внутренний рынок,ОБРАБАТЫВАЮЩИЕ ПРОИЗВОДСТВА,процент,февраль,2021-02,102.82
Российская Федерация,Внутренний рынок,ОБРАБАТЫВАЮЩИЕ ПРОИЗВОДСТВА,процент,март,2021-03,102.91
Российская Федерация,Внутренний рынок,ОБРАБАТЫВАЮЩИЕ ПРОИЗВОДСТВА,процент,апрель,2021-04,102.58
Российская Федерация,Внутренний рынок,ОБРАБАТЫВАЮЩИЕ ПРОИЗВОДСТВА,процент,май,2021-05,103.06
Российская Федерация,Внутренний рынок,ОБРАБАТЫВАЮЩИЕ ПРОИЗВОДСТВА,процент,июнь,2021-06,103.3
Российская Федерация,Внутренний рынок,ОБРАБАТЫВАЮЩИЕ ПРОИЗВОДСТВА,процент,июль,2021-07,102.25
Российская Федерация,Внутренний рынок,ОБРАБАТЫВАЮЩИЕ ПРОИЗВОДСТВА,процент,август,2021-08,100.57
Российская Федерация,Внутренний рынок,ОБРАБАТЫВАЮЩИЕ ПРОИЗВОДСТВА,процент,сентябрь,2021-09,99.76
Российская Федерация,Внутренний рынок,ОБРАБАТЫВАЮЩИЕ ПРОИЗВОДСТВА,процент,октябрь,2021-10,100.17
Российская Федерация,Внутренний рынок,ОБРАБАТЫВАЮЩИЕ ПРОИЗВОДСТВА,процент,ноябрь,2021-11,101.08
Российская Федерация,Внутренний рынок,ОБРАБАТЫВАЮЩИЕ ПРОИЗВОДСТВА,процент,декабрь,2021-12,100.71
Российская Федерация,Внутренний рынок,ОБРАБАТЫВАЮЩИЕ ПРОИЗВОДСТВА,процент,январь,2022-01,101.47
Российская Федерация,Внутренний рынок,ОБРАБАТЫВАЮЩИЕ ПРОИЗВОДСТВА,процент,февраль,2022-02,101.11
Российская Федерация,Внутренний рынок,ОБРАБАТЫВАЮЩИЕ ПРОИЗВОДСТВА,процент,март,2022-03,104.22
Российская Федерация,Внутренний рынок,ОБРАБАТЫВАЮЩИЕ ПРОИЗВОДСТВА,процент,апрель,2022-04,105.28
Российская Федерация,Внутренний рынок,ОБРАБАТЫВАЮЩИЕ ПРОИЗВОДСТВА,процент,май,2022-05,98.26
Российская Федерация,Внутренний рынок,ОБРАБАТЫВАЮЩИЕ ПРОИЗВОДСТВА,процент,июнь,2022-06,97.09
Российская Федерация,Внутренний рынок,ОБРАБАТЫВАЮЩИЕ ПРОИЗВОДСТВА,процент,июль,2022-07,97.08
Российская Федерация,Внутренний рынок,ОБРАБАТЫВАЮЩИЕ ПРОИЗВОДСТВА,процент,август,2022-08,99.48
Российская Федерация,Внутренний рынок,ОБРАБАТЫВАЮЩИЕ ПРОИЗВОДСТВА,процент,сентябрь,2022-09,98.91
Российская Федерация,Внутренний рынок,ОБРАБАТЫВАЮЩИЕ ПРОИЗВОДСТВА,процент,октябрь,2022-10,98.1
Российская Федерация,Внутренний рынок,ОБРАБАТЫВАЮЩИЕ ПРОИЗВОДСТВА,процент,ноябрь,2022-11,99.14
Российская Федерация,Внутренний рынок,ОБРАБАТЫВАЮЩИЕ ПРОИЗВОДСТВА,процент,декабрь,2022-12,99.3
Российская Федерация,Внутренний рынок,Производство пищевых продуктов,процент,январь,2017-01,100.03
Российская Федерация,Внутренний рынок,Производство пищевых продуктов,процент,февраль,2017-02,98.51
Российская Федерация,Внутренний рынок,Производство пищевых продуктов,процент,март,2017-03,99.34
Российская Федерация,Внутренний рынок,Производство пищевых продуктов,процент,апрель,2017-04,99.49
Российская Федерация,Внутренний рынок,Производство пищевых продуктов,процент,май,2017-05,99.81
Российская Федерация,Внутренний рынок,Производство пищевых продуктов,процент,июнь,2017-06,99.97
Российская Федерация,Внутренний рынок,Производство пищевых продуктов,процент,июль,2017-07,100.52
Российская Федерация,Внутренний рынок,Производство пищевых продуктов,процент,август,2017-08,100.03
Российская Федерация,Внутренний рынок,Производство пищевых продуктов,процент,октябрь,2017-10,99.3
Российская Федерация,Внутренний рынок,Производство пищевых продуктов,процент,ноябрь,2017-11,99.32
Российская Федерация,Внутренний рынок,Производство пищевых продуктов,процент,декабрь,2017-12,100.0
Российская Федерация,Внутренний рынок,Производство пищевых продуктов,процент,январь,2018-01,100.4
Российская Федерация,Внутренний рынок,Производство пищевых продуктов,процент,февраль,2018-02,99.76
Российская Федерация,Внутренний рынок,Производство пищевых продуктов,процент,март,2018-03,99.19
Российская Федерация,Внутренний рынок,Производство пищевых продуктов,процент,апрель,2018-04,100.27
Российская Федерация,Внутренний рынок,Производство пищевых продуктов,процент,май,2018-05,100.99
Российская Федерация,Внутренний рынок,Производство пищевых продуктов,процент,июнь,2018-06,101.42
Российская Федерация,Внутренний рынок,Производство пищевых продуктов,процент,июль,2018-07,100.9
Российская Федерация,Внутренний рынок,Производство пищевых продуктов,процент,август,2018-08,100.45
Российская Федерация,Внутренний рынок,Производство пищевых продуктов,процент,сентябрь,2018-09,100.68
Российская Федерация,Внутренний рынок,Производство пищевых продуктов,процент,октябрь,2018-10,100.98
Российская Федерация,Внутренний рынок,Производство пищевых продуктов,процент,ноябрь,2018-11,101.37
Российская Федерация,Внутренний рынок,Производство пищевых продуктов,процент,декабрь,2018-12,100.72
Российская Федерация,Внутренний рынок,Производство пищевых продуктов,процент,январь,2019-01,100.31
Российская Федерация,Внутренний рынок,Производство пищевых продуктов,процент,февраль,2019-02,100.09
Российская Федерация,Внутренний рынок,Производство пищевых продуктов,процент,март,2019-03,98.76
Российская Федерация,Внутренний рынок,Производство пищевых продуктов,процент,апрель,2019-04,99.96
Российская Федерация,Внутренний рынок,Производство пищевых продуктов,процент,май,2019-05,99.87
Российская Федерация,Внутренний рынок,Производство пищевых продуктов,процент,июнь,2019-06,99.86
Российская Федерация,Внутренний рынок,Производство пищевых продуктов,процент,июль,2019-07,100.29
Российская Федерация,Внутренний рынок,Производство пищевых продуктов,процент,август,2019-08,99.92
Российская Федерация,Внутренний рынок,Производство пищевых продуктов,процент,сентябрь,2019-09,99.42
Российская Федерация,Внутренний рынок,Производство пищевых продуктов,процент,октябрь,2019-10,99.77
Российская Федерация,Внутренний рынок,Производство пищевых продуктов,процент,ноябрь,2019-11,99.62
Российская Федерация,Внутренний рынок,Производство пищевых продуктов,процент,декабрь,2019-12,99.52
Российская Федерация,Внутренний рынок,Производство пищевых продуктов,процент,январь,2020-01,100.72
Российская Федерация,Внутренний рынок,Производство пищевых продуктов,процент,февраль,2020-02,100.03
Российская Федерация,Внутренний рынок,Производство пищевых продуктов,процент,март,2020-03,100.02
Российская Федерация,Внутренний рынок,Производство пищевых продуктов,процент,апрель,2020-04,101.57
Российская Федерация,Внутренний рынок,Производство пищевых продуктов,процент,май,2020-05,100.57
Российская Федерация,Внутренний рынок,Производство пищевых продуктов,процент,июнь,2020-06,100.69
Российская Федерация,Внутренний рынок,Производство пищевых продуктов,процент,июль,2020-07,101.49
Российская Федерация,Внутренний рынок,Производство пищевых продуктов,процент,август,2020-08,100.72
Российская Федерация,Внутренний рынок,Производство пищевых продуктов,процент,сентябрь,2020-09,100.46
Российская Федерация,Внутренний рынок,Производство пищевых продуктов,процент,октябрь,2020-10,102.41
Российская Федерация,Внутренний рынок,Производство пищевых продуктов,процент,ноябрь,2020-11,101.38
Российская Федерация,Внутренний рынок,Производство пищевых продуктов,процент,декабрь,2020-12,101.71
Российская Федерация,Внутренний рынок,Производство пищевых продуктов,процент,январь,2021-01,101.29
Российская Федерация,Внутренний рынок,Производство пищевых продуктов,процент,февраль,2021-02,101.55
Российская Федерация,Внутренний рынок,Производство пищевых продуктов,процент,март,2021-03,101.81
Российская Федерация,Внутренний рынок,Производство пищевых продуктов,процент,апрель,2021-04,101.55
Российская Федерация,Внутренний рынок,Производство пищевых продуктов,процент,май,2021-05,101.28
Российская Федерация,Внутренний рынок,Производство пищевых продуктов,процент,июнь,2021-06,100.82
Российская Федерация,Внутренний рынок,Производство пищевых продуктов,процент,июль,2021-07,100.17
Российская Федерация,Внутренний рынок,Производство пищевых продуктов,процент,август,2021-08,100.75
Российская Федерация,Внутренний рынок,Производство пищевых продуктов,процент,сентябрь,2021-09,101.39
Российская Федерация,Внутренний рынок,Производство пищевых продуктов,процент,октябрь,2021-10,101.66
Российская Федерация,Внутренний рынок,Производство пищевых продуктов,процент,ноябрь,2021-11,100.42
Российская Федерация,Внутренний рынок,Производство пищевых продуктов,процент,декабрь,2021-12,100.51
Российская Федерация,Внутренний рынок,Производство пищевых продуктов,процент,январь,2022-01,100.64
Российская Федерация,Внутренний рынок,Производство пищевых продуктов,процент,февраль,2022-02,100.79
Российская Федерация,Внутренний рынок,Производство пищевых продуктов,процент,март,2022-03,103.98
Российская Федерация,Внутренний рынок,Производство пищевых продуктов,процент,апрель,2022-04,106.1
Российская Федерация,Внутренний рынок,Производство пищевых продуктов,процент,май,2022-05,100.65
Российская Федерация,Внутренний рынок,Производство пищевых продуктов,процент,июнь,2022-06,98.9
Российская Федерация,Внутренний рынок,Производство пищевых продуктов,процент,июль,2022-07,98.35
Российская Федерация,Внутренний рынок,Производство пищевых продуктов,процент,август,2022-08,99.58
Российская Федерация,Внутренний рынок,Производство пищевых продуктов,процент,сентябрь,2022-09,99.13
Российская Федерация,Внутренний рынок,Производство пищевых продуктов,процент,октябрь,2022-10,98.6
Российская Федерация,Внутренний рынок,Производство пищевых продуктов,процент,ноябрь,2022-11,99.14
Российская Федерация,Внутренний рынок,Производство пищевых продуктов,процент,декабрь,2022-12,99.59
Российская Федерация без учета новых субъектов (с 01.01.2023),Всего,"Собирательная классификационная группировка видов экономической деятельности ""Промышленность"" на основе ОКВЭД2 (КДЕС Ред. 2)",процент,январь,2023-01,98.6
Российская Федерация без учета новых субъектов (с 01.01.2023),Всего,"Собирательная классификационная группировка видов экономической деятельности ""Промышленность"" на основе ОКВЭД2 (КДЕС Ред. 2)",процент,февраль,2023-02,101.16
Российская Федерация без учета новых субъектов (с 01.01.2023),Всего,"Собирательная классификационная группировка видов экономической деятельности ""Промышленность"" на основе ОКВЭД2 (КДЕС Ред. 2)",процент,март,2023-03,102.74
Российская Федерация без учета новых субъектов (с 01.01.2023),Всего,"Собирательная классификационная группировка видов экономической деятельности ""Промышленность"" на основе ОКВЭД2 (КДЕС Ред. 2)",процент,апрель,2023-04,102.22
Российская Федерация без учета новых субъектов (с 01.01.2023),Всего,"Собирательная классификационная группировка видов экономической деятельности ""Промышленность"" на основе ОКВЭД2 (КДЕС Ред. 2)",процент,май,2023-05,103.48
Российская Федерация без учета новых субъектов (с 01.01.2023),Всего,"Собирательная классификационная группировка видов экономической деятельности ""Промышленность"" на основе ОКВЭД2 (КДЕС Ред. 2)",процент,июнь,2023-06,99.62
Российская Федерация без учета новых субъектов (с 01.01.2023),Всего,"Собирательная классификационная группировка видов экономической деятельности ""Промышленность"" на основе ОКВЭД2 (КДЕС Ред. 2)",процент,июль,2023-07,102.11
Российская Федерация без учета новых субъектов (с 01.01.2023),Всего,"Собирательная классификационная группировка видов экономической деятельности ""Промышленность"" на основе ОКВЭД2 (КДЕС Ред. 2)",процент,август,2023-08,105.74
Российская Федерация без учета новых субъектов (с 01.01.2023),Всего,"Собирательная классификационная группировка видов экономической деятельности ""Промышленность"" на основе ОКВЭД2 (КДЕС Ред. 2)",процент,сентябрь,2023-09,106.36
Российская Федерация без учета новых субъектов (с 01.01.2023),Всего,"Собирательная классификационная группировка видов экономической деятельности ""Промышленность"" на основе ОКВЭД2 (КДЕС Ред. 2)",процент,октябрь,2023-10,102.39
Российская Федерация без учета новых субъектов (с 01.01.2023),Всего,"Собирательная классификационная группировка видов экономической деятельности ""Промышленность"" на основе ОКВЭД2 (КДЕС Ред. 2)",процент,ноябрь,2023-11,98.81
Российская Федерация без учета новых субъектов (с 01.01.2023),Всего,"Собирательная классификационная группировка видов экономической деятельности ""Промышленность"" на основе ОКВЭД2 (КДЕС Ред. 2)",процент,декабрь,2023-12,95.73
Российская Федерация без учета новых субъектов (с 01.01.2023),Всего,"Собирательная классификационная группировка видов экономической деятельности ""Промышленность"" на основе ОКВЭД2 (КДЕС Ред. 2)",процент,январь,2024-01,98.45
Российская Федерация без учета новых субъектов (с 01.01.2023),Всего,"Собирательная классификационная группировка видов экономической деятельности ""Промышленность"" на основе ОКВЭД2 (КДЕС Ред. 2)",процент,февраль,2024-02,101.5
Российская Федерация без учета новых субъектов (с 01.01.2023),Всего,"Собирательная классификационная группировка видов экономической деятельности ""Промышленность"" на основе ОКВЭД2 (КДЕС Ред. 2)",процент,март,2024-03,102.44
Российская Федерация без учета новых субъектов (с 01.01.2023),Всего,"Собирательная классификационная группировка видов экономической деятельности ""Промышленность"" на основе ОКВЭД2 (КДЕС Ред. 2)",процент,апрель,2024-04,102.0
Российская Федерация без учета новых субъектов (с 01.01.2023),Всего,"Собирательная классификационная группировка видов экономической деятельности ""Промышленность"" на основе ОКВЭД2 (КДЕС Ред. 2)",процент,май,2024-05,101.0
Российская Федерация без учета новых субъектов (с 01.01.2023),Всего,"Собирательная классификационная группировка видов экономической деятельности ""Промышленность"" на основе ОКВЭД2 (КДЕС Ред. 2)",процент,июнь,2024-06,98.12
Российская Федерация без учета новых субъектов (с 01.01.2023),Всего,"Собирательная классификационная группировка видов экономической деятельности ""Промышленность"" на основе ОКВЭД2 (КДЕС Ред. 2)",процент,июль,2024-07,100.89
Российская Федерация без учета новых субъектов (с 01.01.2023),Всего,"Собирательная классификационная группировка видов экономической деятельности ""Промышленность"" на основе ОКВЭД2 (КДЕС Ред. 2)",процент,август,2024-08,100.84
Российская Федерация без учета новых субъектов (с 01.01.2023),Всего,"Собирательная классификационная группировка видов экономической деятельности ""Промышленность"" на основе ОКВЭД2 (КДЕС Ред. 2)",процент,сентябрь,2024-09,100.57
Российская Федерация без учета новых субъектов (с 01.01.2023),Всего,"Собирательная классификационная группировка видов экономической деятельности ""Промышленность"" на основе ОКВЭД2 (КДЕС Ред. 2)",процент,октябрь,2024-10,99.62
Российская Федерация без учета новых субъектов (с 01.01.2023),Всего,"Собирательная классификационная группировка видов экономической деятельности ""Промышленность"" на основе ОКВЭД2 (КДЕС Ред. 2)",процент,ноябрь,2024-11,101.61
Российская Федерация без учета новых субъектов (с 01.01.2023),Всего,"Собирательная классификационная группировка видов экономической деятельности ""Промышленность"" на основе ОКВЭД2 (КДЕС Ред. 2)",процент,декабрь,2024-12,101.3
Российская Федерация без учета новых субъектов (с 01.01.2023),Всего,"Собирательная классификационная группировка видов экономической деятельности ""Промышленность"" на основе ОКВЭД2 (КДЕС Ред. 2)",процент,январь,2025-01,100.43
Российская Федерация без учета новых субъектов (с 01.01.2023),Всего,"Собирательная классификационная группировка видов экономической деятельности ""Промышленность"" на основе ОКВЭД2 (КДЕС Ред. 2)",процент,февраль,2025-02,101.11
Российская Федерация без учета новых субъектов (с 01.01.2023),Всего,"Собирательная классификационная группировка видов экономической деятельности ""Промышленность"" на основе ОКВЭД2 (КДЕС Ред. 2)",процент,март,2025-03,96.84
Российская Федерация без учета новых субъектов (с 01.01.2023),Всего,"Собирательная классификационная группировка видов экономической деятельности ""Промышленность"" на основе ОКВЭД2 (КДЕС Ред. 2)",процент,апрель,2025-04,97.5
Российская Федерация без учета новых субъектов (с 01.01.2023),Всего,"Собирательная классификационная группировка видов экономической деятельности ""Промышленность"" на основе ОКВЭД2 (КДЕС Ред. 2)",процент,май,2025-05,97.68
Российская Федерация без учета новых субъектов (с 01.01.2023),Всего,"Собирательная классификационная группировка видов экономической деятельности ""Промышленность"" на основе ОКВЭД2 (КДЕС Ред. 2)",процент,июнь,2025-06,98.41
Российская Федерация без учета новых субъектов (с 01.01.2023),Всего,"Собирательная классификационная группировка видов экономической деятельности ""Промышленность"" на основе ОКВЭД2 (КДЕС Ред. 2)",процент,июль,2025-07,101.32
Российская Федерация без учета новых субъектов (с 01.01.2023),Всего,"Собирательная классификационная группировка видов экономической деятельности ""Промышленность"" на основе ОКВЭД2 (КДЕС Ред. 2)",процент,август,2025-08,101.26
Российская Федерация без учета новых субъектов (с 01.01.2023),Всего,"Собирательная классификационная группировка видов экономической деятельности ""Промышленность"" на основе ОКВЭД2 (КДЕС Ред. 2)",процент,сентябрь,2025-09,100.27
Российская Федерация без учета новых субъектов (с 01.01.2023),Всего,"Собирательная классификационная группировка видов экономической деятельности ""Промышленность"" на основе ОКВЭД2 (КДЕС Ред. 2)",процент,октябрь,2025-10,101.02
Российская Федерация без учета новых субъектов (с 01.01.2023),Всего,"Собирательная классификационная группировка видов экономической деятельности ""Промышленность"" на основе ОКВЭД2 (КДЕС Ред. 2)",процент,ноябрь,2025-11,99.09
Российская Федерация без учета новых субъектов (с 01.01.2023),Всего,"Собирательная классификационная группировка видов экономической деятельности ""Промышленность"" на основе ОКВЭД2 (КДЕС Ред. 2)",процент,декабрь,2025-12,97.82
Российская Федерация без учета новых субъектов (с 01.01.2023),Всего,"Собирательная классификационная группировка видов экономической деятельности ""Промышленность"" на основе ОКВЭД2 (КДЕС Ред. 2)",процент,январь,2026-01,98.11
Российская Федерация без учета новых субъектов (с 01.01.2023),Всего,"Собирательная классификационная группировка видов экономической деятельности ""Промышленность"" на основе ОКВЭД2 (КДЕС Ред. 2)",процент,февраль,2026-02,100.55
Российская Федерация без учета новых субъектов (с 01.01.2023),Всего,"Собирательная классификационная группировка видов экономической деятельности ""Промышленность"" на основе ОКВЭД2 (КДЕС Ред. 2)",процент,март,2026-03,102.77
Российская Федерация без учета новых субъектов (с 01.01.2023),Всего,"Собирательная классификационная группировка видов экономической деятельности ""Промышленность"" на основе ОКВЭД2 (КДЕС Ред. 2)",процент,апрель,2026-04,109.62
Российская Федерация без учета новых субъектов (с 01.01.2023),Всего,"Собирательная классификационная группировка видов экономической деятельности ""Промышленность"" на основе ОКВЭД2 (КДЕС Ред. 2)",процент,май,2026-05,103.03
Российская Федерация без учета новых субъектов (с 01.01.2023),Всего,"Собирательная классификационная группировка видов экономической деятельности ""Промышленность"" на основе ОКВЭД2 (КДЕС Ред. 2)",процент,июнь,2026-06,98.75
Российская Федерация без учета новых субъектов (с 01.01.2023),Всего,ДОБЫЧА ПОЛЕЗНЫХ ИСКОПАЕМЫХ,процент,январь,2023-01,91.88
Российская Федерация без учета новых субъектов (с 01.01.2023),Всего,ДОБЫЧА ПОЛЕЗНЫХ ИСКОПАЕМЫХ,процент,февраль,2023-02,102.74
Российская Федерация без учета новых субъектов (с 01.01.2023),Всего,ДОБЫЧА ПОЛЕЗНЫХ ИСКОПАЕМЫХ,процент,март,2023-03,105.27
Российская Федерация без учета новых субъектов (с 01.01.2023),Всего,ДОБЫЧА ПОЛЕЗНЫХ ИСКОПАЕМЫХ,процент,апрель,2023-04,104.28
Российская Федерация без учета новых субъектов (с 01.01.2023),Всего,ДОБЫЧА ПОЛЕЗНЫХ ИСКОПАЕМЫХ,процент,май,2023-05,110.15
Российская Федерация без учета новых субъектов (с 01.01.2023),Всего,ДОБЫЧА ПОЛЕЗНЫХ ИСКОПАЕМЫХ,процент,июнь,2023-06,96.58
Российская Федерация без учета новых субъектов (с 01.01.2023),Всего,ДОБЫЧА ПОЛЕЗНЫХ ИСКОПАЕМЫХ,процент,июль,2023-07,104.75
Российская Федерация без учета новых субъектов (с 01.01.2023),Всего,ДОБЫЧА ПОЛЕЗНЫХ ИСКОПАЕМЫХ,процент,август,2023-08,112.69
Российская Федерация без учета новых субъектов (с 01.01.2023),Всего,ДОБЫЧА ПОЛЕЗНЫХ ИСКОПАЕМЫХ,процент,сентябрь,2023-09,112.16
Российская Федерация без учета новых субъектов (с 01.01.2023),Всего,ДОБЫЧА ПОЛЕЗНЫХ ИСКОПАЕМЫХ,процент,октябрь,2023-10,105.92
Российская Федерация без учета новых субъектов (с 01.01.2023),Всего,ДОБЫЧА ПОЛЕЗНЫХ ИСКОПАЕМЫХ,процент,ноябрь,2023-11,97.83
Российская Федерация без учета новых субъектов (с 01.01.2023),Всего,ДОБЫЧА ПОЛЕЗНЫХ ИСКОПАЕМЫХ,процент,декабрь,2023-12,89.48
Российская Федерация без учета новых субъектов (с 01.01.2023),Всего,ДОБЫЧА ПОЛЕЗНЫХ ИСКОПАЕМЫХ,процент,январь,2024-01,95.37
Российская Федерация без учета новых субъектов (с 01.01.2023),Всего,ДОБЫЧА ПОЛЕЗНЫХ ИСКОПАЕМЫХ,процент,февраль,2024-02,103.76
Российская Федерация без учета новых субъектов (с 01.01.2023),Всего,ДОБЫЧА ПОЛЕЗНЫХ ИСКОПАЕМЫХ,процент,март,2024-03,104.21
Российская Федерация без учета новых субъектов (с 01.01.2023),Всего,ДОБЫЧА ПОЛЕЗНЫХ ИСКОПАЕМЫХ,процент,апрель,2024-04,104.36
Российская Федерация без учета новых субъектов (с 01.01.2023),Всего,ДОБЫЧА ПОЛЕЗНЫХ ИСКОПАЕМЫХ,процент,май,2024-05,101.49
Российская Федерация без учета новых субъектов (с 01.01.2023),Всего,ДОБЫЧА ПОЛЕЗНЫХ ИСКОПАЕМЫХ,процент,июнь,2024-06,93.78
Российская Федерация без учета новых субъектов (с 01.01.2023),Всего,ДОБЫЧА ПОЛЕЗНЫХ ИСКОПАЕМЫХ,процент,июль,2024-07,100.15
Российская Федерация без учета новых субъектов (с 01.01.2023),Всего,ДОБЫЧА ПОЛЕЗНЫХ ИСКОПАЕМЫХ,процент,август,2024-08,101.0
Российская Федерация без учета новых субъектов (с 01.01.2023),Всего,ДОБЫЧА ПОЛЕЗНЫХ ИСКОПАЕМЫХ,процент,сентябрь,2024-09,99.8
Российская Федерация без учета новых субъектов (с 01.01.2023),Всего,ДОБЫЧА ПОЛЕЗНЫХ ИСКОПАЕМЫХ,процент,октябрь,2024-10,96.54
Российская Федерация без учета новых субъектов (с 01.01.2023),Всего,ДОБЫЧА ПОЛЕЗНЫХ ИСКОПАЕМЫХ,процент,ноябрь,2024-11,103.38
Российская Федерация без учета новых субъектов (с 01.01.2023),Всего,ДОБЫЧА ПОЛЕЗНЫХ ИСКОПАЕМЫХ,процент,декабрь,2024-12,102.58
Российская Федерация без учета новых субъектов (с 01.01.2023),Всего,ДОБЫЧА ПОЛЕЗНЫХ ИСКОПАЕМЫХ,процент,январь,2025-01,100.9
Российская Федерация без учета новых субъектов (с 01.01.2023),Всего,ДОБЫЧА ПОЛЕЗНЫХ ИСКОПАЕМЫХ,процент,февраль,2025-02,103.12
Российская Федерация без учета новых субъектов (с 01.01.2023),Всего,ДОБЫЧА ПОЛЕЗНЫХ ИСКОПАЕМЫХ,процент,март,2025-03,90.81
Российская Федерация без учета новых субъектов (с 01.01.2023),Всего,ДОБЫЧА ПОЛЕЗНЫХ ИСКОПАЕМЫХ,процент,апрель,2025-04,92.49
Российская Федерация без учета новых субъектов (с 01.01.2023),Всего,ДОБЫЧА ПОЛЕЗНЫХ ИСКОПАЕМЫХ,процент,май,2025-05,93.27
Российская Федерация без учета новых субъектов (с 01.01.2023),Всего,ДОБЫЧА ПОЛЕЗНЫХ ИСКОПАЕМЫХ,процент,июнь,2025-06,95.57
Российская Федерация без учета новых субъектов (с 01.01.2023),Всего,ДОБЫЧА ПОЛЕЗНЫХ ИСКОПАЕМЫХ,процент,июль,2025-07,104.0
Российская Федерация без учета новых субъектов (с 01.01.2023),Всего,ДОБЫЧА ПОЛЕЗНЫХ ИСКОПАЕМЫХ,процент,август,2025-08,102.32
Российская Федерация без учета новых субъектов (с 01.01.2023),Всего,ДОБЫЧА ПОЛЕЗНЫХ ИСКОПАЕМЫХ,процент,сентябрь,2025-09,97.51
Российская Федерация без учета новых субъектов (с 01.01.2023),Всего,ДОБЫЧА ПОЛЕЗНЫХ ИСКОПАЕМЫХ,процент,октябрь,2025-10,100.81
Российская Федерация без учета новых субъектов (с 01.01.2023),Всего,ДОБЫЧА ПОЛЕЗНЫХ ИСКОПАЕМЫХ,процент,ноябрь,2025-11,98.16
Российская Федерация без учета новых субъектов (с 01.01.2023),Всего,ДОБЫЧА ПОЛЕЗНЫХ ИСКОПАЕМЫХ,процент,декабрь,2025-12,93.31
Российская Федерация без учета новых субъектов (с 01.01.2023),Всего,ДОБЫЧА ПОЛЕЗНЫХ ИСКОПАЕМЫХ,процент,январь,2026-01,91.83
Российская Федерация без учета новых субъектов (с 01.01.2023),Всего,ДОБЫЧА ПОЛЕЗНЫХ ИСКОПАЕМЫХ,процент,февраль,2026-02,102.4
Российская Федерация без учета новых субъектов (с 01.01.2023),Всего,ДОБЫЧА ПОЛЕЗНЫХ ИСКОПАЕМЫХ,процент,март,2026-03,106.23
Российская Федерация без учета новых субъектов (с 01.01.2023),Всего,ДОБЫЧА ПОЛЕЗНЫХ ИСКОПАЕМЫХ,процент,апрель,2026-04,136.4
Российская Федерация без учета новых субъектов (с 01.01.2023),Всего,ДОБЫЧА ПОЛЕЗНЫХ ИСКОПАЕМЫХ,процент,май,2026-05,108.43
Российская Федерация без учета новых субъектов (с 01.01.2023),Всего,ДОБЫЧА ПОЛЕЗНЫХ ИСКОПАЕМЫХ,процент,июнь,2026-06,92.49
Российская Федерация без учета новых субъектов (с 01.01.2023),Всего,ОБРАБАТЫВАЮЩИЕ ПРОИЗВОДСТВА,процент,январь,2023-01,100.18
Российская Федерация без учета новых субъектов (с 01.01.2023),Всего,ОБРАБАТЫВАЮЩИЕ ПРОИЗВОДСТВА,процент,февраль,2023-02,100.59
Российская Федерация без учета новых субъектов (с 01.01.2023),Всего,ОБРАБАТЫВАЮЩИЕ ПРОИЗВОДСТВА,процент,март,2023-03,102.0
Российская Федерация без учета новых субъектов (с 01.01.2023),Всего,ОБРАБАТЫВАЮЩИЕ ПРОИЗВОДСТВА,процент,апрель,2023-04,101.86
Российская Федерация без учета новых субъектов (с 01.01.2023),Всего,ОБРАБАТЫВАЮЩИЕ ПРОИЗВОДСТВА,процент,май,2023-05,101.58
Российская Федерация без учета новых субъектов (с 01.01.2023),Всего,ОБРАБАТЫВАЮЩИЕ ПРОИЗВОДСТВА,процент,июнь,2023-06,100.78
Российская Федерация без учета новых субъектов (с 01.01.2023),Всего,ОБРАБАТЫВАЮЩИЕ ПРОИЗВОДСТВА,процент,июль,2023-07,101.43
Российская Федерация без учета новых субъектов (с 01.01.2023),Всего,ОБРАБАТЫВАЮЩИЕ ПРОИЗВОДСТВА,процент,август,2023-08,103.78
Российская Федерация без учета новых субъектов (с 01.01.2023),Всего,ОБРАБАТЫВАЮЩИЕ ПРОИЗВОДСТВА,процент,сентябрь,2023-09,104.76
Российская Федерация без учета новых субъектов (с 01.01.2023),Всего,ОБРАБАТЫВАЮЩИЕ ПРОИЗВОДСТВА,процент,октябрь,2023-10,100.92
Российская Федерация без учета новых субъектов (с 01.01.2023),Всего,ОБРАБАТЫВАЮЩИЕ ПРОИЗВОДСТВА,процент,ноябрь,2023-11,99.3
Российская Федерация без учета новых субъектов (с 01.01.2023),Всего,ОБРАБАТЫВАЮЩИЕ ПРОИЗВОДСТВА,процент,декабрь,2023-12,98.08
Российская Федерация без учета новых субъектов (с 01.01.2023),Всего,ОБРАБАТЫВАЮЩИЕ ПРОИЗВОДСТВА,процент,январь,2024-01,99.57
Российская Федерация без учета новых субъектов (с 01.01.2023),Всего,ОБРАБАТЫВАЮЩИЕ ПРОИЗВОДСТВА,процент,февраль,2024-02,100.64
Российская Федерация без учета новых субъектов (с 01.01.2023),Всего,ОБРАБАТЫВАЮЩИЕ ПРОИЗВОДСТВА,процент,март,2024-03,101.83
Российская Федерация без учета новых субъектов (с 01.01.2023),Всего,ОБРАБАТЫВАЮЩИЕ ПРОИЗВОДСТВА,процент,апрель,2024-04,101.34
Российская Федерация без учета новых субъектов (с 01.01.2023),Всего,ОБРАБАТЫВАЮЩИЕ ПРОИЗВОДСТВА,процент,май,2024-05,100.94
Российская Федерация без учета новых субъектов (с 01.01.2023),Всего,ОБРАБАТЫВАЮЩИЕ ПРОИЗВОДСТВА,процент,июнь,2024-06,100.04
Российская Федерация без учета новых субъектов (с 01.01.2023),Всего,ОБРАБАТЫВАЮЩИЕ ПРОИЗВОДСТВА,процент,июль,2024-07,100.87
Российская Федерация без учета новых субъектов (с 01.01.2023),Всего,ОБРАБАТЫВАЮЩИЕ ПРОИЗВОДСТВА,процент,август,2024-08,99.98
Российская Федерация без учета новых субъектов (с 01.01.2023),Всего,ОБРАБАТЫВАЮЩИЕ ПРОИЗВОДСТВА,процент,сентябрь,2024-09,100.98
Российская Федерация без учета новых субъектов (с 01.01.2023),Всего,ОБРАБАТЫВАЮЩИЕ ПРОИЗВОДСТВА,процент,октябрь,2024-10,100.67
Российская Федерация без учета новых субъектов (с 01.01.2023),Всего,ОБРАБАТЫВАЮЩИЕ ПРОИЗВОДСТВА,процент,ноябрь,2024-11,101.17
Российская Федерация без учета новых субъектов (с 01.01.2023),Всего,ОБРАБАТЫВАЮЩИЕ ПРОИЗВОДСТВА,процент,декабрь,2024-12,100.76
Российская Федерация без учета новых субъектов (с 01.01.2023),Всего,ОБРАБАТЫВАЮЩИЕ ПРОИЗВОДСТВА,процент,январь,2025-01,100.45
Российская Федерация без учета новых субъектов (с 01.01.2023),Всего,ОБРАБАТЫВАЮЩИЕ ПРОИЗВОДСТВА,процент,февраль,2025-02,100.37
Российская Федерация без учета новых субъектов (с 01.01.2023),Всего,ОБРАБАТЫВАЮЩИЕ ПРОИЗВОДСТВА,процент,март,2025-03,98.67
Российская Федерация без учета новых субъектов (с 01.01.2023),Всего,ОБРАБАТЫВАЮЩИЕ ПРОИЗВОДСТВА,процент,апрель,2025-04,99.2
Российская Федерация без учета новых субъектов (с 01.01.2023),Всего,ОБРАБАТЫВАЮЩИЕ ПРОИЗВОДСТВА,процент,май,2025-05,98.81
Российская Федерация без учета новых субъектов (с 01.01.2023),Всего,ОБРАБАТЫВАЮЩИЕ ПРОИЗВОДСТВА,процент,июнь,2025-06,99.23
Российская Федерация без учета новых субъектов (с 01.01.2023),Всего,ОБРАБАТЫВАЮЩИЕ ПРОИЗВОДСТВА,процент,июль,2025-07,100.28
Российская Федерация без учета новых субъектов (с 01.01.2023),Всего,ОБРАБАТЫВАЮЩИЕ ПРОИЗВОДСТВА,процент,август,2025-08,100.09
Российская Федерация без учета новых субъектов (с 01.01.2023),Всего,ОБРАБАТЫВАЮЩИЕ ПРОИЗВОДСТВА,процент,сентябрь,2025-09,100.88
Российская Федерация без учета новых субъектов (с 01.01.2023),Всего,ОБРАБАТЫВАЮЩИЕ ПРОИЗВОДСТВА,процент,октябрь,2025-10,101.23
Российская Федерация без учета новых субъектов (с 01.01.2023),Всего,ОБРАБАТЫВАЮЩИЕ ПРОИЗВОДСТВА,процент,ноябрь,2025-11,99.43
Российская Федерация без учета новых субъектов (с 01.01.2023),Всего,ОБРАБАТЫВАЮЩИЕ ПРОИЗВОДСТВА,процент,декабрь,2025-12,98.68
Российская Федерация без учета новых субъектов (с 01.01.2023),Всего,ОБРАБАТЫВАЮЩИЕ ПРОИЗВОДСТВА,процент,январь,2026-01,99.6
Российская Федерация без учета новых субъектов (с 01.01.2023),Всего,ОБРАБАТЫВАЮЩИЕ ПРОИЗВОДСТВА,процент,февраль,2026-02,99.98
Российская Федерация без учета новых субъектов (с 01.01.2023),Всего,ОБРАБАТЫВАЮЩИЕ ПРОИЗВОДСТВА,процент,март,2026-03,102.09
Российская Федерация без учета новых субъектов (с 01.01.2023),Всего,ОБРАБАТЫВАЮЩИЕ ПРОИЗВОДСТВА,процент,апрель,2026-04,103.73
Российская Федерация без учета новых субъектов (с 01.01.2023),Всего,ОБРАБАТЫВАЮЩИЕ ПРОИЗВОДСТВА,процент,май,2026-05,101.65
Российская Федерация без учета новых субъектов (с 01.01.2023),Всего,ОБРАБАТЫВАЮЩИЕ ПРОИЗВОДСТВА,процент,июнь,2026-06,101.01
Российская Федерация без учета новых субъектов (с 01.01.2023),Всего,Производство пищевых продуктов,процент,январь,2023-01,100.27
Российская Федерация без учета новых субъектов (с 01.01.2023),Всего,Производство пищевых продуктов,процент,февраль,2023-02,100.56
Российская Федерация без учета новых субъектов (с 01.01.2023),Всего,Производство пищевых продуктов,процент,март,2023-03,100.5
Российская Федерация без учета новых субъектов (с 01.01.2023),Всего,Производство пищевых продуктов,процент,апрель,2023-04,100.14
Российская Федерация без учета новых субъектов (с 01.01.2023),Всего,Производство пищевых продуктов,процент,май,2023-05,100.66
Российская Федерация без учета новых субъектов (с 01.01.2023),Всего,Производство пищевых продуктов,процент,июнь,2023-06,100.14
Российская Федерация без учета новых субъектов (с 01.01.2023),Всего,Производство пищевых продуктов,процент,июль,2023-07,101.37
Российская Федерация без учета новых субъектов (с 01.01.2023),Всего,Производство пищевых продуктов,процент,август,2023-08,101.62
Российская Федерация без учета новых субъектов (с 01.01.2023),Всего,Производство пищевых продуктов,процент,сентябрь,2023-09,101.6
Российская Федерация без учета новых субъектов (с 01.01.2023),Всего,Производство пищевых продуктов,процент,октябрь,2023-10,101.38
Российская Федерация без учета новых субъектов (с 01.01.2023),Всего,Производство пищевых продуктов,процент,ноябрь,2023-11,100.78
Российская Федерация без учета новых субъектов (с 01.01.2023),Всего,Производство пищевых продуктов,процент,декабрь,2023-12,99.84
Российская Федерация без учета новых субъектов (с 01.01.2023),Всего,Производство пищевых продуктов,процент,январь,2024-01,99.62
Российская Федерация без учета новых субъектов (с 01.01.2023),Всего,Производство пищевых продуктов,процент,февраль,2024-02,100.58
Российская Федерация без учета новых субъектов (с 01.01.2023),Всего,Производство пищевых продуктов,процент,март,2024-03,100.48
Российская Федерация без учета новых субъектов (с 01.01.2023),Всего,Производство пищевых продуктов,процент,апрель,2024-04,99.75
Российская Федерация без учета новых субъектов (с 01.01.2023),Всего,Производство пищевых продуктов,процент,май,2024-05,101.16
Российская Федерация без учета новых субъектов (с 01.01.2023),Всего,Производство пищевых продуктов,процент,июнь,2024-06,100.57
Российская Федерация без учета новых субъектов (с 01.01.2023),Всего,Производство пищевых продуктов,процент,июль,2024-07,100.7
Российская Федерация без учета новых субъектов (с 01.01.2023),Всего,Производство пищевых продуктов,процент,август,2024-08,100.64
Российская Федерация без учета новых субъектов (с 01.01.2023),Всего,Производство пищевых продуктов,процент,сентябрь,2024-09,101.45
Российская Федерация без учета новых субъектов (с 01.01.2023),Всего,Производство пищевых продуктов,процент,октябрь,2024-10,101.04
Российская Федерация без учета новых субъектов (с 01.01.2023),Всего,Производство пищевых продуктов,процент,ноябрь,2024-11,102.49
Российская Федерация без учета новых субъектов (с 01.01.2023),Всего,Производство пищевых продуктов,процент,декабрь,2024-12,102.39
Российская Федерация без учета новых субъектов (с 01.01.2023),Всего,Производство пищевых продуктов,процент,январь,2025-01,101.33
Российская Федерация без учета новых субъектов (с 01.01.2023),Всего,Производство пищевых продуктов,процент,февраль,2025-02,100.81
Российская Федерация без учета новых субъектов (с 01.01.2023),Всего,Производство пищевых продуктов,процент,март,2025-03,100.0
Российская Федерация без учета новых субъектов (с 01.01.2023),Всего,Производство пищевых продуктов,процент,апрель,2025-04,99.99
Российская Федерация без учета новых субъектов (с 01.01.2023),Всего,Производство пищевых продуктов,процент,май,2025-05,100.53
Российская Федерация без учета новых субъектов (с 01.01.2023),Всего,Производство пищевых продуктов,процент,июнь,2025-06,99.35
Российская Федерация без учета новых субъектов (с 01.01.2023),Всего,Производство пищевых продуктов,процент,июль,2025-07,100.07
Российская Федерация без учета новых субъектов (с 01.01.2023),Всего,Производство пищевых продуктов,процент,август,2025-08,100.64
Российская Федерация без учета новых субъектов (с 01.01.2023),Всего,Производство пищевых продуктов,процент,сентябрь,2025-09,100.19
Российская Федерация без учета новых субъектов (с 01.01.2023),Всего,Производство пищевых продуктов,процент,октябрь,2025-10,100.54
Российская Федерация без учета новых субъектов (с 01.01.2023),Всего,Производство пищевых продуктов,процент,ноябрь,2025-11,99.42
Российская Федерация без учета новых субъектов (с 01.01.2023),Всего,Производство пищевых продуктов,процент,декабрь,2025-12,98.73
Российская Федерация без учета новых субъектов (с 01.01.2023),Всего,Производство пищевых продуктов,процент,январь,2026-01,100.27
Российская Федерация без учета новых субъектов (с 01.01.2023),Всего,Производство пищевых продуктов,процент,февраль,2026-02,98.92
Российская Федерация без учета новых субъектов (с 01.01.2023),Всего,Производство пищевых продуктов,процент,март,2026-03,100.08
Российская Федерация без учета новых субъектов (с 01.01.2023),Всего,Производство пищевых продуктов,процент,апрель,2026-04,100.71
Российская Федерация без учета новых субъектов (с 01.01.2023),Всего,Производство пищевых продуктов,процент,май,2026-05,99.49
Российская Федерация без учета новых субъектов (с 01.01.2023),Всего,Производство пищевых продуктов,процент,июнь,2026-06,99.9
Российская Федерация без учета новых субъектов (с 01.01.2023),Внутренний рынок,"Собирательная классификационная группировка видов экономической деятельности ""Промышленность"" на основе ОКВЭД2 (КДЕС Ред. 2)",процент,январь,2023-01,99.06
Российская Федерация без учета новых субъектов (с 01.01.2023),Внутренний рынок,"Собирательная классификационная группировка видов экономической деятельности ""Промышленность"" на основе ОКВЭД2 (КДЕС Ред. 2)",процент,февраль,2023-02,100.92
Российская Федерация без учета новых субъектов (с 01.01.2023),Внутренний рынок,"Собирательная классификационная группировка видов экономической деятельности ""Промышленность"" на основе ОКВЭД2 (КДЕС Ред. 2)",процент,март,2023-03,102.61
Российская Федерация без учета новых субъектов (с 01.01.2023),Внутренний рынок,"Собирательная классификационная группировка видов экономической деятельности ""Промышленность"" на основе ОКВЭД2 (КДЕС Ред. 2)",процент,апрель,2023-04,102.38
Российская Федерация без учета новых субъектов (с 01.01.2023),Внутренний рынок,"Собирательная классификационная группировка видов экономической деятельности ""Промышленность"" на основе ОКВЭД2 (КДЕС Ред. 2)",процент,май,2023-05,103.74
Российская Федерация без учета новых субъектов (с 01.01.2023),Внутренний рынок,"Собирательная классификационная группировка видов экономической деятельности ""Промышленность"" на основе ОКВЭД2 (КДЕС Ред. 2)",процент,июнь,2023-06,99.96
Российская Федерация без учета новых субъектов (с 01.01.2023),Внутренний рынок,"Собирательная классификационная группировка видов экономической деятельности ""Промышленность"" на основе ОКВЭД2 (КДЕС Ред. 2)",процент,июль,2023-07,101.4
Российская Федерация без учета новых субъектов (с 01.01.2023),Внутренний рынок,"Собирательная классификационная группировка видов экономической деятельности ""Промышленность"" на основе ОКВЭД2 (КДЕС Ред. 2)",процент,август,2023-08,104.4
Российская Федерация без учета новых субъектов (с 01.01.2023),Внутренний рынок,"Собирательная классификационная группировка видов экономической деятельности ""Промышленность"" на основе ОКВЭД2 (КДЕС Ред. 2)",процент,сентябрь,2023-09,104.65
Российская Федерация без учета новых субъектов (с 01.01.2023),Внутренний рынок,"Собирательная классификационная группировка видов экономической деятельности ""Промышленность"" на основе ОКВЭД2 (КДЕС Ред. 2)",процент,октябрь,2023-10,102.01
Российская Федерация без учета новых субъектов (с 01.01.2023),Внутренний рынок,"Собирательная классификационная группировка видов экономической деятельности ""Промышленность"" на основе ОКВЭД2 (КДЕС Ред. 2)",процент,ноябрь,2023-11,99.89
Российская Федерация без учета новых субъектов (с 01.01.2023),Внутренний рынок,"Собирательная классификационная группировка видов экономической деятельности ""Промышленность"" на основе ОКВЭД2 (КДЕС Ред. 2)",процент,декабрь,2023-12,96.91
Российская Федерация без учета новых субъектов (с 01.01.2023),Внутренний рынок,"Собирательная классификационная группировка видов экономической деятельности ""Промышленность"" на основе ОКВЭД2 (КДЕС Ред. 2)",процент,январь,2024-01,98.62
Российская Федерация без учета новых субъектов (с 01.01.2023),Внутренний рынок,"Собирательная классификационная группировка видов экономической деятельности ""Промышленность"" на основе ОКВЭД2 (КДЕС Ред. 2)",процент,февраль,2024-02,100.94
Российская Федерация без учета новых субъектов (с 01.01.2023),Внутренний рынок,"Собирательная классификационная группировка видов экономической деятельности ""Промышленность"" на основе ОКВЭД2 (КДЕС Ред. 2)",процент,март,2024-03,102.4
Российская Федерация без учета новых субъектов (с 01.01.2023),Внутренний рынок,"Собирательная классификационная группировка видов экономической деятельности ""Промышленность"" на основе ОКВЭД2 (КДЕС Ред. 2)",процент,апрель,2024-04,101.78
Российская Федерация без учета новых субъектов (с 01.01.2023),Внутренний рынок,"Собирательная классификационная группировка видов экономической деятельности ""Промышленность"" на основе ОКВЭД2 (КДЕС Ред. 2)",процент,май,2024-05,101.57
Российская Федерация без учета новых субъектов (с 01.01.2023),Внутренний рынок,"Собирательная классификационная группировка видов экономической деятельности ""Промышленность"" на основе ОКВЭД2 (КДЕС Ред. 2)",процент,июнь,2024-06,98.53
Российская Федерация без учета новых субъектов (с 01.01.2023),Внутренний рынок,"Собирательная классификационная группировка видов экономической деятельности ""Промышленность"" на основе ОКВЭД2 (КДЕС Ред. 2)",процент,июль,2024-07,101.09
Российская Федерация без учета новых субъектов (с 01.01.2023),Внутренний рынок,"Собирательная классификационная группировка видов экономической деятельности ""Промышленность"" на основе ОКВЭД2 (КДЕС Ред. 2)",процент,август,2024-08,101.4
Российская Федерация без учета новых субъектов (с 01.01.2023),Внутренний рынок,"Собирательная классификационная группировка видов экономической деятельности ""Промышленность"" на основе ОКВЭД2 (КДЕС Ред. 2)",процент,сентябрь,2024-09,100.54
Российская Федерация без учета новых субъектов (с 01.01.2023),Внутренний рынок,"Собирательная классификационная группировка видов экономической деятельности ""Промышленность"" на основе ОКВЭД2 (КДЕС Ред. 2)",процент,октябрь,2024-10,99.4
Российская Федерация без учета новых субъектов (с 01.01.2023),Внутренний рынок,"Собирательная классификационная группировка видов экономической деятельности ""Промышленность"" на основе ОКВЭД2 (КДЕС Ред. 2)",процент,ноябрь,2024-11,101.0
Российская Федерация без учета новых субъектов (с 01.01.2023),Внутренний рынок,"Собирательная классификационная группировка видов экономической деятельности ""Промышленность"" на основе ОКВЭД2 (КДЕС Ред. 2)",процент,декабрь,2024-12,100.44
Российская Федерация без учета новых субъектов (с 01.01.2023),Внутренний рынок,"Собирательная классификационная группировка видов экономической деятельности ""Промышленность"" на основе ОКВЭД2 (КДЕС Ред. 2)",процент,январь,2025-01,100.5
Российская Федерация без учета новых субъектов (с 01.01.2023),Внутренний рынок,"Собирательная классификационная группировка видов экономической деятельности ""Промышленность"" на основе ОКВЭД2 (КДЕС Ред. 2)",процент,февраль,2025-02,100.88
Российская Федерация без учета новых субъектов (с 01.01.2023),Внутренний рынок,"Собирательная классификационная группировка видов экономической деятельности ""Промышленность"" на основе ОКВЭД2 (КДЕС Ред. 2)",процент,март,2025-03,98.49
Российская Федерация без учета новых субъектов (с 01.01.2023),Внутренний рынок,"Собирательная классификационная группировка видов экономической деятельности ""Промышленность"" на основе ОКВЭД2 (КДЕС Ред. 2)",процент,апрель,2025-04,98.69
Российская Федерация без учета новых субъектов (с 01.01.2023),Внутренний рынок,"Собирательная классификационная группировка видов экономической деятельности ""Промышленность"" на основе ОКВЭД2 (КДЕС Ред. 2)",процент,май,2025-05,98.7
Российская Федерация без учета новых субъектов (с 01.01.2023),Внутренний рынок,"Собирательная классификационная группировка видов экономической деятельности ""Промышленность"" на основе ОКВЭД2 (КДЕС Ред. 2)",процент,июнь,2025-06,98.71
Российская Федерация без учета новых субъектов (с 01.01.2023),Внутренний рынок,"Собирательная классификационная группировка видов экономической деятельности ""Промышленность"" на основе ОКВЭД2 (КДЕС Ред. 2)",процент,июль,2025-07,100.89
Российская Федерация без учета новых субъектов (с 01.01.2023),Внутренний рынок,"Собирательная классификационная группировка видов экономической деятельности ""Промышленность"" на основе ОКВЭД2 (КДЕС Ред. 2)",процент,август,2025-08,101.09
Российская Федерация без учета новых субъектов (с 01.01.2023),Внутренний рынок,"Собирательная классификационная группировка видов экономической деятельности ""Промышленность"" на основе ОКВЭД2 (КДЕС Ред. 2)",процент,сентябрь,2025-09,100.51
Российская Федерация без учета новых субъектов (с 01.01.2023),Внутренний рынок,"Собирательная классификационная группировка видов экономической деятельности ""Промышленность"" на основе ОКВЭД2 (КДЕС Ред. 2)",процент,октябрь,2025-10,100.83
Российская Федерация без учета новых субъектов (с 01.01.2023),Внутренний рынок,"Собирательная классификационная группировка видов экономической деятельности ""Промышленность"" на основе ОКВЭД2 (КДЕС Ред. 2)",процент,ноябрь,2025-11,99.1
Российская Федерация без учета новых субъектов (с 01.01.2023),Внутренний рынок,"Собирательная классификационная группировка видов экономической деятельности ""Промышленность"" на основе ОКВЭД2 (КДЕС Ред. 2)",процент,декабрь,2025-12,98.35
Российская Федерация без учета новых субъектов (с 01.01.2023),Внутренний рынок,"Собирательная классификационная группировка видов экономической деятельности ""Промышленность"" на основе ОКВЭД2 (КДЕС Ред. 2)",процент,январь,2026-01,98.45
Российская Федерация без учета новых субъектов (с 01.01.2023),Внутренний рынок,"Собирательная классификационная группировка видов экономической деятельности ""Промышленность"" на основе ОКВЭД2 (КДЕС Ред. 2)",процент,февраль,2026-02,100.54
Российская Федерация без учета новых субъектов (с 01.01.2023),Внутренний рынок,"Собирательная классификационная группировка видов экономической деятельности ""Промышленность"" на основе ОКВЭД2 (КДЕС Ред. 2)",процент,март,2026-03,101.99
Российская Федерация без учета новых субъектов (с 01.01.2023),Внутренний рынок,"Собирательная классификационная группировка видов экономической деятельности ""Промышленность"" на основе ОКВЭД2 (КДЕС Ред. 2)",процент,апрель,2026-04,106.14
Российская Федерация без учета новых субъектов (с 01.01.2023),Внутренний рынок,"Собирательная классификационная группировка видов экономической деятельности ""Промышленность"" на основе ОКВЭД2 (КДЕС Ред. 2)",процент,май,2026-05,102.5
Российская Федерация без учета новых субъектов (с 01.01.2023),Внутренний рынок,"Собирательная классификационная группировка видов экономической деятельности ""Промышленность"" на основе ОКВЭД2 (КДЕС Ред. 2)",процент,июнь,2026-06,99.9
Российская Федерация без учета новых субъектов (с 01.01.2023),Внутренний рынок,ДОБЫЧА ПОЛЕЗНЫХ ИСКОПАЕМЫХ,процент,январь,2023-01,92.95
Российская Федерация без учета новых субъектов (с 01.01.2023),Внутренний рынок,ДОБЫЧА ПОЛЕЗНЫХ ИСКОПАЕМЫХ,процент,февраль,2023-02,102.51
Российская Федерация без учета новых субъектов (с 01.01.2023),Внутренний рынок,ДОБЫЧА ПОЛЕЗНЫХ ИСКОПАЕМЫХ,процент,март,2023-03,104.93
Российская Федерация без учета новых субъектов (с 01.01.2023),Внутренний рынок,ДОБЫЧА ПОЛЕЗНЫХ ИСКОПАЕМЫХ,процент,апрель,2023-04,105.52
Российская Федерация без учета новых субъектов (с 01.01.2023),Внутренний рынок,ДОБЫЧА ПОЛЕЗНЫХ ИСКОПАЕМЫХ,процент,май,2023-05,112.19
Российская Федерация без учета новых субъектов (с 01.01.2023),Внутренний рынок,ДОБЫЧА ПОЛЕЗНЫХ ИСКОПАЕМЫХ,процент,июнь,2023-06,96.67
Российская Федерация без учета новых субъектов (с 01.01.2023),Внутренний рынок,ДОБЫЧА ПОЛЕЗНЫХ ИСКОПАЕМЫХ,процент,июль,2023-07,105.08
Российская Федерация без учета новых субъектов (с 01.01.2023),Внутренний рынок,ДОБЫЧА ПОЛЕЗНЫХ ИСКОПАЕМЫХ,процент,август,2023-08,112.84
Российская Федерация без учета новых субъектов (с 01.01.2023),Внутренний рынок,ДОБЫЧА ПОЛЕЗНЫХ ИСКОПАЕМЫХ,процент,сентябрь,2023-09,110.98
Российская Федерация без учета новых субъектов (с 01.01.2023),Внутренний рынок,ДОБЫЧА ПОЛЕЗНЫХ ИСКОПАЕМЫХ,процент,октябрь,2023-10,105.68
Российская Федерация без учета новых субъектов (с 01.01.2023),Внутренний рынок,ДОБЫЧА ПОЛЕЗНЫХ ИСКОПАЕМЫХ,процент,ноябрь,2023-11,98.79
Российская Федерация без учета новых субъектов (с 01.01.2023),Внутренний рынок,ДОБЫЧА ПОЛЕЗНЫХ ИСКОПАЕМЫХ,процент,декабрь,2023-12,89.58
Российская Федерация без учета новых субъектов (с 01.01.2023),Внутренний рынок,ДОБЫЧА ПОЛЕЗНЫХ ИСКОПАЕМЫХ,процент,январь,2024-01,94.63
Российская Федерация без учета новых субъектов (с 01.01.2023),Внутренний рынок,ДОБЫЧА ПОЛЕЗНЫХ ИСКОПАЕМЫХ,процент,февраль,2024-02,103.33
Российская Федерация без учета новых субъектов (с 01.01.2023),Внутренний рынок,ДОБЫЧА ПОЛЕЗНЫХ ИСКОПАЕМЫХ,процент,март,2024-03,104.76
Российская Федерация без учета новых субъектов (с 01.01.2023),Внутренний рынок,ДОБЫЧА ПОЛЕЗНЫХ ИСКОПАЕМЫХ,процент,апрель,2024-04,104.31
Российская Федерация без учета новых субъектов (с 01.01.2023),Внутренний рынок,ДОБЫЧА ПОЛЕЗНЫХ ИСКОПАЕМЫХ,процент,май,2024-05,103.35
Российская Федерация без учета новых субъектов (с 01.01.2023),Внутренний рынок,ДОБЫЧА ПОЛЕЗНЫХ ИСКОПАЕМЫХ,процент,июнь,2024-06,93.66
Российская Федерация без учета новых субъектов (с 01.01.2023),Внутренний рынок,ДОБЫЧА ПОЛЕЗНЫХ ИСКОПАЕМЫХ,процент,июль,2024-07,100.17
Российская Федерация без учета новых субъектов (с 01.01.2023),Внутренний рынок,ДОБЫЧА ПОЛЕЗНЫХ ИСКОПАЕМЫХ,процент,август,2024-08,101.88
Российская Федерация без учета новых субъектов (с 01.01.2023),Внутренний рынок,ДОБЫЧА ПОЛЕЗНЫХ ИСКОПАЕМЫХ,процент,сентябрь,2024-09,98.71
Российская Федерация без учета новых субъектов (с 01.01.2023),Внутренний рынок,ДОБЫЧА ПОЛЕЗНЫХ ИСКОПАЕМЫХ,процент,октябрь,2024-10,96.71
Российская Федерация без учета новых субъектов (с 01.01.2023),Внутренний рынок,ДОБЫЧА ПОЛЕЗНЫХ ИСКОПАЕМЫХ,процент,ноябрь,2024-11,102.4
Российская Федерация без учета новых субъектов (с 01.01.2023),Внутренний рынок,ДОБЫЧА ПОЛЕЗНЫХ ИСКОПАЕМЫХ,процент,декабрь,2024-12,101.16
Российская Федерация без учета новых субъектов (с 01.01.2023),Внутренний рынок,ДОБЫЧА ПОЛЕЗНЫХ ИСКОПАЕМЫХ,процент,январь,2025-01,101.72
Российская Федерация без учета новых субъектов (с 01.01.2023),Внутренний рынок,ДОБЫЧА ПОЛЕЗНЫХ ИСКОПАЕМЫХ,процент,февраль,2025-02,102.11
Российская Федерация без учета новых субъектов (с 01.01.2023),Внутренний рынок,ДОБЫЧА ПОЛЕЗНЫХ ИСКОПАЕМЫХ,процент,март,2025-03,92.74
Российская Федерация без учета новых субъектов (с 01.01.2023),Внутренний рынок,ДОБЫЧА ПОЛЕЗНЫХ ИСКОПАЕМЫХ,процент,апрель,2025-04,94.13
Российская Федерация без учета новых субъектов (с 01.01.2023),Внутренний рынок,ДОБЫЧА ПОЛЕЗНЫХ ИСКОПАЕМЫХ,процент,май,2025-05,94.65
Российская Федерация без учета новых субъектов (с 01.01.2023),Внутренний рынок,ДОБЫЧА ПОЛЕЗНЫХ ИСКОПАЕМЫХ,процент,июнь,2025-06,95.73
Российская Федерация без учета новых субъектов (с 01.01.2023),Внутренний рынок,ДОБЫЧА ПОЛЕЗНЫХ ИСКОПАЕМЫХ,процент,июль,2025-07,103.21
Российская Федерация без учета новых субъектов (с 01.01.2023),Внутренний рынок,ДОБЫЧА ПОЛЕЗНЫХ ИСКОПАЕМЫХ,процент,август,2025-08,101.37
Российская Федерация без учета новых субъектов (с 01.01.2023),Внутренний рынок,ДОБЫЧА ПОЛЕЗНЫХ ИСКОПАЕМЫХ,процент,сентябрь,2025-09,98.78
Российская Федерация без учета новых субъектов (с 01.01.2023),Внутренний рынок,ДОБЫЧА ПОЛЕЗНЫХ ИСКОПАЕМЫХ,процент,октябрь,2025-10,100.56
Российская Федерация без учета новых субъектов (с 01.01.2023),Внутренний рынок,ДОБЫЧА ПОЛЕЗНЫХ ИСКОПАЕМЫХ,процент,ноябрь,2025-11,98.5
Российская Федерация без учета новых субъектов (с 01.01.2023),Внутренний рынок,ДОБЫЧА ПОЛЕЗНЫХ ИСКОПАЕМЫХ,процент,декабрь,2025-12,93.27
Российская Федерация без учета новых субъектов (с 01.01.2023),Внутренний рынок,ДОБЫЧА ПОЛЕЗНЫХ ИСКОПАЕМЫХ,процент,январь,2026-01,92.39
Российская Федерация без учета новых субъектов (с 01.01.2023),Внутренний рынок,ДОБЫЧА ПОЛЕЗНЫХ ИСКОПАЕМЫХ,процент,февраль,2026-02,102.07
Российская Федерация без учета новых субъектов (с 01.01.2023),Внутренний рынок,ДОБЫЧА ПОЛЕЗНЫХ ИСКОПАЕМЫХ,процент,март,2026-03,104.73
Российская Федерация без учета новых субъектов (с 01.01.2023),Внутренний рынок,ДОБЫЧА ПОЛЕЗНЫХ ИСКОПАЕМЫХ,процент,апрель,2026-04,131.95
Российская Федерация без учета новых субъектов (с 01.01.2023),Внутренний рынок,ДОБЫЧА ПОЛЕЗНЫХ ИСКОПАЕМЫХ,процент,май,2026-05,108.55
Российская Федерация без учета новых субъектов (с 01.01.2023),Внутренний рынок,ДОБЫЧА ПОЛЕЗНЫХ ИСКОПАЕМЫХ,процент,июнь,2026-06,93.71
Российская Федерация без учета новых субъектов (с 01.01.2023),Внутренний рынок,ОБРАБАТЫВАЮЩИЕ ПРОИЗВОДСТВА,процент,январь,2023-01,99.78
Российская Федерация без учета новых субъектов (с 01.01.2023),Внутренний рынок,ОБРАБАТЫВАЮЩИЕ ПРОИЗВОДСТВА,процент,февраль,2023-02,100.43
Российская Федерация без учета новых субъектов (с 01.01.2023),Внутренний рынок,ОБРАБАТЫВАЮЩИЕ ПРОИЗВОДСТВА,процент,март,2023-03,102.14
Российская Федерация без учета новых субъектов (с 01.01.2023),Внутренний рынок,ОБРАБАТЫВАЮЩИЕ ПРОИЗВОДСТВА,процент,апрель,2023-04,102.0
Российская Федерация без учета новых субъектов (с 01.01.2023),Внутренний рынок,ОБРАБАТЫВАЮЩИЕ ПРОИЗВОДСТВА,процент,май,2023-05,102.02
Российская Федерация без учета новых субъектов (с 01.01.2023),Внутренний рынок,ОБРАБАТЫВАЮЩИЕ ПРОИЗВОДСТВА,процент,июнь,2023-06,100.98
Российская Федерация без учета новых субъектов (с 01.01.2023),Внутренний рынок,ОБРАБАТЫВАЮЩИЕ ПРОИЗВОДСТВА,процент,июль,2023-07,100.56
Российская Федерация без учета новых субъектов (с 01.01.2023),Внутренний рынок,ОБРАБАТЫВАЮЩИЕ ПРОИЗВОДСТВА,процент,август,2023-08,102.46
Российская Федерация без учета новых субъектов (с 01.01.2023),Внутренний рынок,ОБРАБАТЫВАЮЩИЕ ПРОИЗВОДСТВА,процент,сентябрь,2023-09,103.25
Российская Федерация без учета новых субъектов (с 01.01.2023),Внутренний рынок,ОБРАБАТЫВАЮЩИЕ ПРОИЗВОДСТВА,процент,октябрь,2023-10,100.77
Российская Федерация без учета новых субъектов (с 01.01.2023),Внутренний рынок,ОБРАБАТЫВАЮЩИЕ ПРОИЗВОДСТВА,процент,ноябрь,2023-11,100.51
Российская Федерация без учета новых субъектов (с 01.01.2023),Внутренний рынок,ОБРАБАТЫВАЮЩИЕ ПРОИЗВОДСТВА,процент,декабрь,2023-12,99.16
Российская Федерация без учета новых субъектов (с 01.01.2023),Внутренний рынок,ОБРАБАТЫВАЮЩИЕ ПРОИЗВОДСТВА,процент,январь,2024-01,99.84
Российская Федерация без учета новых субъектов (с 01.01.2023),Внутренний рынок,ОБРАБАТЫВАЮЩИЕ ПРОИЗВОДСТВА,процент,февраль,2024-02,100.12
Российская Федерация без учета новых субъектов (с 01.01.2023),Внутренний рынок,ОБРАБАТЫВАЮЩИЕ ПРОИЗВОДСТВА,процент,март,2024-03,101.73
Российская Федерация без учета новых субъектов (с 01.01.2023),Внутренний рынок,ОБРАБАТЫВАЮЩИЕ ПРОИЗВОДСТВА,процент,апрель,2024-04,101.27
Российская Федерация без учета новых субъектов (с 01.01.2023),Внутренний рынок,ОБРАБАТЫВАЮЩИЕ ПРОИЗВОДСТВА,процент,май,2024-05,101.16
Российская Федерация без учета новых субъектов (с 01.01.2023),Внутренний рынок,ОБРАБАТЫВАЮЩИЕ ПРОИЗВОДСТВА,процент,июнь,2024-06,100.4
Российская Федерация без учета новых субъектов (с 01.01.2023),Внутренний рынок,ОБРАБАТЫВАЮЩИЕ ПРОИЗВОДСТВА,процент,июль,2024-07,101.05
Российская Федерация без учета новых субъектов (с 01.01.2023),Внутренний рынок,ОБРАБАТЫВАЮЩИЕ ПРОИЗВОДСТВА,процент,август,2024-08,100.38
Российская Федерация без учета новых субъектов (с 01.01.2023),Внутренний рынок,ОБРАБАТЫВАЮЩИЕ ПРОИЗВОДСТВА,процент,сентябрь,2024-09,101.31
Российская Федерация без учета новых субъектов (с 01.01.2023),Внутренний рынок,ОБРАБАТЫВАЮЩИЕ ПРОИЗВОДСТВА,процент,октябрь,2024-10,100.0
Российская Федерация без учета новых субъектов (с 01.01.2023),Внутренний рынок,ОБРАБАТЫВАЮЩИЕ ПРОИЗВОДСТВА,процент,ноябрь,2024-11,100.76
Российская Федерация без учета новых субъектов (с 01.01.2023),Внутренний рынок,ОБРАБАТЫВАЮЩИЕ ПРОИЗВОДСТВА,процент,декабрь,2024-12,100.05
Российская Федерация без учета новых субъектов (с 01.01.2023),Внутренний рынок,ОБРАБАТЫВАЮЩИЕ ПРОИЗВОДСТВА,процент,январь,2025-01,100.39
Российская Федерация без учета новых субъектов (с 01.01.2023),Внутренний рынок,ОБРАБАТЫВАЮЩИЕ ПРОИЗВОДСТВА,процент,февраль,2025-02,100.52
Российская Федерация без учета новых субъектов (с 01.01.2023),Внутренний рынок,ОБРАБАТЫВАЮЩИЕ ПРОИЗВОДСТВА,процент,март,2025-03,99.83
Российская Федерация без учета новых субъектов (с 01.01.2023),Внутренний рынок,ОБРАБАТЫВАЮЩИЕ ПРОИЗВОДСТВА,процент,апрель,2025-04,99.99
Российская Федерация без учета новых субъектов (с 01.01.2023),Внутренний рынок,ОБРАБАТЫВАЮЩИЕ ПРОИЗВОДСТВА,процент,май,2025-05,99.51
Российская Федерация без учета новых субъектов (с 01.01.2023),Внутренний рынок,ОБРАБАТЫВАЮЩИЕ ПРОИЗВОДСТВА,процент,июнь,2025-06,99.41
Российская Федерация без учета новых субъектов (с 01.01.2023),Внутренний рынок,ОБРАБАТЫВАЮЩИЕ ПРОИЗВОДСТВА,процент,июль,2025-07,100.01
Российская Федерация без учета новых субъектов (с 01.01.2023),Внутренний рынок,ОБРАБАТЫВАЮЩИЕ ПРОИЗВОДСТВА,процент,август,2025-08,100.04
Российская Федерация без учета новых субъектов (с 01.01.2023),Внутренний рынок,ОБРАБАТЫВАЮЩИЕ ПРОИЗВОДСТВА,процент,сентябрь,2025-09,100.65
Российская Федерация без учета новых субъектов (с 01.01.2023),Внутренний рынок,ОБРАБАТЫВАЮЩИЕ ПРОИЗВОДСТВА,процент,октябрь,2025-10,101.03
Российская Федерация без учета новых субъектов (с 01.01.2023),Внутренний рынок,ОБРАБАТЫВАЮЩИЕ ПРОИЗВОДСТВА,процент,ноябрь,2025-11,99.31
Российская Федерация без учета новых субъектов (с 01.01.2023),Внутренний рынок,ОБРАБАТЫВАЮЩИЕ ПРОИЗВОДСТВА,процент,декабрь,2025-12,99.06
Российская Федерация без учета новых субъектов (с 01.01.2023),Внутренний рынок,ОБРАБАТЫВАЮЩИЕ ПРОИЗВОДСТВА,процент,январь,2026-01,99.58
Российская Федерация без учета новых субъектов (с 01.01.2023),Внутренний рынок,ОБРАБАТЫВАЮЩИЕ ПРОИЗВОДСТВА,процент,февраль,2026-02,100.11
Российская Федерация без учета новых субъектов (с 01.01.2023),Внутренний рынок,ОБРАБАТЫВАЮЩИЕ ПРОИЗВОДСТВА,процент,март,2026-03,101.54
Российская Федерация без учета новых субъектов (с 01.01.2023),Внутренний рынок,ОБРАБАТЫВАЮЩИЕ ПРОИЗВОДСТВА,процент,апрель,2026-04,101.5
Российская Федерация без учета новых субъектов (с 01.01.2023),Внутренний рынок,ОБРАБАТЫВАЮЩИЕ ПРОИЗВОДСТВА,процент,май,2026-05,101.34
Российская Федерация без учета новых субъектов (с 01.01.2023),Внутренний рынок,ОБРАБАТЫВАЮЩИЕ ПРОИЗВОДСТВА,процент,июнь,2026-06,101.82
Российская Федерация без учета новых субъектов (с 01.01.2023),Внутренний рынок,Производство пищевых продуктов,процент,январь,2023-01,100.08
Российская Федерация без учета новых субъектов (с 01.01.2023),Внутренний рынок,Производство пищевых продуктов,процент,февраль,2023-02,100.43
Российская Федерация без учета новых субъектов (с 01.01.2023),Внутренний рынок,Производство пищевых продуктов,процент,март,2023-03,100.42
Российская Федерация без учета новых субъектов (с 01.01.2023),Внутренний рынок,Производство пищевых продуктов,процент,апрель,2023-04,100.06
Российская Федерация без учета новых субъектов (с 01.01.2023),Внутренний рынок,Производство пищевых продуктов,процент,май,2023-05,100.74
Российская Федерация без учета новых субъектов (с 01.01.2023),Внутренний рынок,Производство пищевых продуктов,процент,июнь,2023-06,100.35
Российская Федерация без учета новых субъектов (с 01.01.2023),Внутренний рынок,Производство пищевых продуктов,процент,июль,2023-07,101.5
Российская Федерация без учета новых субъектов (с 01.01.2023),Внутренний рынок,Производство пищевых продуктов,процент,август,2023-08,101.44
Российская Федерация без учета новых субъектов (с 01.01.2023),Внутренний рынок,Производство пищевых продуктов,процент,сентябрь,2023-09,101.56
Российская Федерация без учета новых субъектов (с 01.01.2023),Внутренний рынок,Производство пищевых продуктов,процент,октябрь,2023-10,101.46
Российская Федерация без учета новых субъектов (с 01.01.2023),Внутренний рынок,Производство пищевых продуктов,процент,ноябрь,2023-11,100.86
Российская Федерация без учета новых субъектов (с 01.01.2023),Внутренний рынок,Производство пищевых продуктов,процент,декабрь,2023-12,99.92
Российская Федерация без учета новых субъектов (с 01.01.2023),Внутренний рынок,Производство пищевых продуктов,процент,январь,2024-01,99.74
Российская Федерация без учета новых субъектов (с 01.01.2023),Внутренний рынок,Производство пищевых продуктов,процент,февраль,2024-02,100.75
Российская Федерация без учета новых субъектов (с 01.01.2023),Внутренний рынок,Производство пищевых продуктов,процент,март,2024-03,100.52
Российская Федерация без учета новых субъектов (с 01.01.2023),Внутренний рынок,Производство пищевых продуктов,процент,апрель,2024-04,99.71
Российская Федерация без учета новых субъектов (с 01.01.2023),Внутренний рынок,Производство пищевых продуктов,процент,май,2024-05,101.2
Российская Федерация без учета новых субъектов (с 01.01.2023),Внутренний рынок,Производство пищевых продуктов,процент,июнь,2024-06,100.64
Российская Федерация без учета новых субъектов (с 01.01.2023),Внутренний рынок,Производство пищевых продуктов,процент,июль,2024-07,100.83
Российская Федерация без учета новых субъектов (с 01.01.2023),Внутренний рынок,Производство пищевых продуктов,процент,август,2024-08,100.7
Российская Федерация без учета новых субъектов (с 01.01.2023),Внутренний рынок,Производство пищевых продуктов,процент,сентябрь,2024-09,101.35
Российская Федерация без учета новых субъектов (с 01.01.2023),Внутренний рынок,Производство пищевых продуктов,процент,октябрь,2024-10,100.86
Российская Федерация без учета новых субъектов (с 01.01.2023),Внутренний рынок,Производство пищевых продуктов,процент,ноябрь,2024-11,102.27
Российская Федерация без учета новых субъектов (с 01.01.2023),Внутренний рынок,Производство пищевых продуктов,процент,декабрь,2024-12,102.22
Российская Федерация без учета новых субъектов (с 01.01.2023),Внутренний рынок,Производство пищевых продуктов,процент,январь,2025-01,101.3
Российская Федерация без учета новых субъектов (с 01.01.2023),Внутренний рынок,Производство пищевых продуктов,процент,февраль,2025-02,100.98
Российская Федерация без учета новых субъектов (с 01.01.2023),Внутренний рынок,Производство пищевых продуктов,процент,март,2025-03,100.28
Российская Федерация без учета новых субъектов (с 01.01.2023),Внутренний рынок,Производство пищевых продуктов,процент,апрель,2025-04,100.07
Российская Федерация без учета новых субъектов (с 01.01.2023),Внутренний рынок,Производство пищевых продуктов,процент,май,2025-05,100.66
Российская Федерация без учета новых субъектов (с 01.01.2023),Внутренний рынок,Производство пищевых продуктов,процент,июнь,2025-06,99.62
Российская Федерация без учета новых субъектов (с 01.01.2023),Внутренний рынок,Производство пищевых продуктов,процент,июль,2025-07,100.13
Российская Федерация без учета новых субъектов (с 01.01.2023),Внутренний рынок,Производство пищевых продуктов,процент,август,2025-08,100.7
Российская Федерация без учета новых субъектов (с 01.01.2023),Внутренний рынок,Производство пищевых продуктов,процент,сентябрь,2025-09,99.93
Российская Федерация без учета новых субъектов (с 01.01.2023),Внутренний рынок,Производство пищевых продуктов,процент,октябрь,2025-10,100.47
Российская Федерация без учета новых субъектов (с 01.01.2023),Внутренний рынок,Производство пищевых продуктов,процент,ноябрь,2025-11,99.34
Российская Федерация без учета новых субъектов (с 01.01.2023),Внутренний рынок,Производство пищевых продуктов,процент,декабрь,2025-12,98.52
Российская Федерация без учета новых субъектов (с 01.01.2023),Внутренний рынок,Производство пищевых продуктов,процент,январь,2026-01,100.2
Российская Федерация без учета новых субъектов (с 01.01.2023),Внутренний рынок,Производство пищевых продуктов,процент,февраль,2026-02,99.02
Российская Федерация без учета новых субъектов (с 01.01.2023),Внутренний рынок,Производство пищевых продуктов,процент,март,2026-03,99.91
Российская Федерация без учета новых субъектов (с 01.01.2023),Внутренний рынок,Производство пищевых продуктов,процент,апрель,2026-04,100.6
Российская Федерация без учета новых субъектов (с 01.01.2023),Внутренний рынок,Производство пищевых продуктов,процент,май,2026-05,99.52
Российская Федерация без учета новых субъектов (с 01.01.2023),Внутренний рынок,Производство пищевых продуктов,процент,июнь,2026-06,99.98
