label_0,label_1,period_label,period,value
Российская Федерация,рубль,,1995,515.9
Российская Федерация,рубль,,1996,769.5
Российская Федерация,рубль,,1997,940.6
Российская Федерация,рубль,,1998,1010.2
Российская Федерация,рубль,,1999,1658.9
Российская Федерация,рубль,,2000,2281.1
Российская Федерация,рубль,,2001,3062.0
Российская Федерация,рубль,,2002,3947.2
Российская Федерация,рубль,,2003,5170.4
Российская Федерация,рубль,,2004,6410.3
Российская Федерация,рубль,,2005,8088.3
Российская Федерация,рубль,,2006,10154.8
Российская Федерация,рубль,,2007,12540.2
Центральный федеральный округ,рубль,,2000,3230.6
Центральный федеральный округ,рубль,,2001,4299.6
Центральный федеральный округ,рубль,,2002,5435.6
Центральный федеральный округ,рубль,,2003,7211.3
Центральный федеральный округ,рубль,,2004,8991.1
Центральный федеральный округ,рубль,,2005,10902.3
Центральный федеральный округ,рубль,,2006,13570.0
Центральный федеральный округ,рубль,,2007,16631.2
Белгородская область,рубль,,1995,392.5
Белгородская область,рубль,,1996,593.3
Белгородская область,рубль,,1997,657.6
Белгородская область,рубль,,1998,717.5
Белгородская область,рубль,,1999,1187.1
Белгородская область,рубль,,2000,1554.5
Белгородская область,рубль,,2001,2121.4
Белгородская область,рубль,,2002,2762.3
Белгородская область,рубль,,2003,3357.4
Белгородская область,рубль,,2004,4070.2
Белгородская область,рубль,,2005,5275.8
Белгородская область,рубль,,2006,7082.8
Белгородская область,рубль,,2007,9399.1
Брянская область,рубль,,1995,342.8
Брянская область,рубль,,1996,528.8
Брянская область,рубль,,1997,601.4
Брянская область,рубль,,1998,592.7
Брянская область,рубль,,1999,945.7
Брянская область,рубль,,2000,1312.1
Брянская область,рубль,,2001,1818.3
Брянская область,рубль,,2002,2452.4
Брянская область,рубль,,2003,3134.6
Брянская область,рубль,,2004,3720.4
Брянская область,рубль,,2005,4787.7
Брянская область,рубль,,2006,6171.1
Брянская область,рубль,,2007,7626.2
Владимирская область,рубль,,1995,317.7
Владимирская область,рубль,,1996,473.2
Владимирская область,рубль,,1997,577.3
Владимирская область,рубль,,1998,593.5
Владимирская область,рубль,,1999,994.5
Владимирская область,рубль,,2000,1279.6
Владимирская область,рубль,,2001,1665.9
Владимирская область,рубль,,2002,2158.0
Владимирская область,рубль,,2003,2842.0
Владимирская область,рубль,,2004,3381.6
Владимирская область,рубль,,2005,4107.5
Владимирская область,рубль,,2006,5626.9
Владимирская область,рубль,,2007,7014.9
Воронежская область,рубль,,1995,345.0
Воронежская область,рубль,,1996,468.0
Воронежская область,рубль,,1997,676.2
Воронежская область,рубль,,1998,787.1
Воронежская область,рубль,,1999,1186.0
Воронежская область,рубль,,2000,1486.5
Воронежская область,рубль,,2001,2039.7
Воронежская область,рубль,,2002,2597.4
Воронежская область,рубль,,2003,3391.2
Воронежская область,рубль,,2004,4143.0
Воронежская область,рубль,,2005,5398.0
Воронежская область,рубль,,2006,6861.6
Воронежская область,рубль,,2007,8306.6
Ивановская область,рубль,,1995,309.9
Ивановская область,рубль,,1996,460.5
Ивановская область,рубль,,1997,555.2
Ивановская область,рубль,,1998,522.2
Ивановская область,рубль,,1999,756.7
Ивановская область,рубль,,2000,1037.6
Ивановская область,рубль,,2001,1297.8
Ивановская область,рубль,,2002,1778.4
Ивановская область,рубль,,2003,2293.1
Ивановская область,рубль,,2004,2858.8
Ивановская область,рубль,,2005,3480.3
Ивановская область,рубль,,2006,4456.9
Ивановская область,рубль,,2007,5683.5
Калужская область,рубль,,1995,438.4
Калужская область,рубль,,1996,571.0
Калужская область,рубль,,1997,644.8
Калужская область,рубль,,1998,696.7
Калужская область,рубль,,1999,1028.5
Калужская область,рубль,,2000,1311.3
Калужская область,рубль,,2001,1782.1
Калужская область,рубль,,2002,2503.3
Калужская область,рубль,,2003,3339.8
Калужская область,рубль,,2004,4181.4
Калужская область,рубль,,2005,5343.4
Калужская область,рубль,,2006,6924.7
Калужская область,рубль,,2007,9185.5
Костромская область,рубль,,1995,398.7
Костромская область,рубль,,1996,533.9
Костромская область,рубль,,1997,620.3
Костромская область,рубль,,1998,619.0
Костромская область,рубль,,1999,1034.5
Костромская область,рубль,,2000,1438.9
Костромская область,рубль,,2001,1904.5
Костромская область,рубль,,2002,2515.7
Костромская область,рубль,,2003,3089.2
Костромская область,рубль,,2004,3815.5
Костромская область,рубль,,2005,4985.4
Костромская область,рубль,,2006,6397.5
Костромская область,рубль,,2007,7857.3
Курская область,рубль,,1995,313.4
Курская область,рубль,,1996,463.2
Курская область,рубль,,1997,595.5
Курская область,рубль,,1998,644.7
Курская область,рубль,,1999,1087.3
Курская область,рубль,,2000,1464.9
Курская область,рубль,,2001,1979.9
Курская область,рубль,,2002,2698.5
Курская область,рубль,,2003,3371.4
Курская область,рубль,,2004,4233.0
Курская область,рубль,,2005,5217.8
Курская область,рубль,,2006,6751.0
Курская область,рубль,,2007,8686.6
Липецкая область,рубль,,1995,377.1
Липецкая область,рубль,,1996,620.9
Липецкая область,рубль,,1997,692.7
Липецкая область,рубль,,1998,739.5
Липецкая область,рубль,,1999,1185.5
Липецкая область,рубль,,2000,1772.0
Липецкая область,рубль,,2001,2261.2
Липецкая область,рубль,,2002,2776.2
Липецкая область,рубль,,2003,3563.2
Липецкая область,рубль,,2004,4430.5
Липецкая область,рубль,,2005,5591.2
Липецкая область,рубль,,2006,7610.7
Липецкая область,рубль,,2007,9471.9
Московская область,рубль,,1995,392.0
Московская область,рубль,,1996,579.6
Московская область,рубль,,1997,734.3
Московская область,рубль,,1998,900.6
Московская область,рубль,,1999,1463.4
Московская область,рубль,,2000,1823.9
Московская область,рубль,,2001,2626.4
Московская область,рубль,,2002,3546.0
Московская область,рубль,,2003,4425.0
Московская область,рубль,,2004,5821.1
Московская область,рубль,,2005,7444.8
Московская область,рубль,,2006,10515.0
Московская область,рубль,,2007,14034.1
Орловская область,рубль,,1995,382.9
Орловская область,рубль,,1996,583.4
Орловская область,рубль,,1997,658.9
Орловская область,рубль,,1998,718.4
Орловская область,рубль,,1999,1102.9
Орловская область,рубль,,2000,1414.5
Орловская область,рубль,,2001,1963.2
Орловская область,рубль,,2002,2614.4
Орловская область,рубль,,2003,3225.3
Орловская область,рубль,,2004,3879.0
Орловская область,рубль,,2005,4856.5
Орловская область,рубль,,2006,5972.3
Орловская область,рубль,,2007,7324.9
Рязанская область,рубль,,1995,336.0
Рязанская область,рубль,,1996,508.0
Рязанская область,рубль,,1997,610.6
Рязанская область,рубль,,1998,610.1
Рязанская область,рубль,,1999,979.0
Рязанская область,рубль,,2000,1265.2
Рязанская область,рубль,,2001,1852.8
Рязанская область,рубль,,2002,2530.9
Рязанская область,рубль,,2003,3309.1
Рязанская область,рубль,,2004,3638.8
Рязанская область,рубль,,2005,4775.1
Рязанская область,рубль,,2006,6133.4
Рязанская область,рубль,,2007,8049.0
Смоленская область,рубль,,1995,372.5
Смоленская область,рубль,,1996,556.7
Смоленская область,рубль,,1997,662.4
Смоленская область,рубль,,1998,722.3
Смоленская область,рубль,,1999,1249.4
Смоленская область,рубль,,2000,1720.2
Смоленская область,рубль,,2001,2336.4
Смоленская область,рубль,,2002,3003.5
Смоленская область,рубль,,2003,3723.9
Смоленская область,рубль,,2004,4429.0
Смоленская область,рубль,,2005,5482.7
Смоленская область,рубль,,2006,6722.8
Смоленская область,рубль,,2007,8227.9
Тамбовская область,рубль,,1995,311.7
Тамбовская область,рубль,,1996,465.3
Тамбовская область,рубль,,1997,574.7
Тамбовская область,рубль,,1998,631.7
Тамбовская область,рубль,,1999,1112.4
Тамбовская область,рубль,,2000,1508.6
Тамбовская область,рубль,,2001,2072.0
Тамбовская область,рубль,,2002,2688.3
Тамбовская область,рубль,,2003,3416.2
Тамбовская область,рубль,,2004,4050.9
Тамбовская область,рубль,,2005,5292.4
Тамбовская область,рубль,,2006,6814.8
Тамбовская область,рубль,,2007,8514.7
Тверская область,рубль,,1995,351.0
Тверская область,рубль,,1996,480.1
Тверская область,рубль,,1997,549.7
Тверская область,рубль,,1998,596.9
Тверская область,рубль,,1999,970.8
Тверская область,рубль,,2000,1253.7
Тверская область,рубль,,2001,1689.6
Тверская область,рубль,,2002,2349.2
Тверская область,рубль,,2003,3020.6
Тверская область,рубль,,2004,3955.8
Тверская область,рубль,,2005,5606.1
Тверская область,рубль,,2006,7266.6
Тверская область,рубль,,2007,8542.9
Тульская область,рубль,,1995,398.8
Тульская область,рубль,,1996,549.5
Тульская область,рубль,,1997,710.3
Тульская область,рубль,,1998,695.7
Тульская область,рубль,,1999,1106.2
Тульская область,рубль,,2000,1486.0
Тульская область,рубль,,2001,2015.1
Тульская область,рубль,,2002,2619.8
Тульская область,рубль,,2003,3382.6
Тульская область,рубль,,2004,3988.9
Тульская область,рубль,,2005,4988.4
Тульская область,рубль,,2006,6564.1
Тульская область,рубль,,2007,8264.7
Ярославская область,рубль,,1995,472.8
Ярославская область,рубль,,1996,629.3
Ярославская область,рубль,,1997,729.6
Ярославская область,рубль,,1998,798.0
Ярославская область,рубль,,1999,1303.4
Ярославская область,рубль,,2000,1804.2
Ярославская область,рубль,,2001,2518.2
Ярославская область,рубль,,2002,3354.2
Ярославская область,рубль,,2003,4266.6
Ярославская область,рубль,,2004,5094.6
Ярославская область,рубль,,2005,6320.7
Ярославская область,рубль,,2006,8263.5
Ярославская область,рубль,,2007,10101.3
Город Москва столица Российской Федерации город федерального значения,рубль,,1995,1710.3
Город Москва столица Российской Федерации город федерального значения,рубль,,1996,2639.2
Город Москва столица Российской Федерации город федерального значения,рубль,,1997,3200.3
Город Москва столица Российской Федерации город федерального значения,рубль,,1998,3635.0
Город Москва столица Российской Федерации город федерального значения,рубль,,1999,6003.3
Город Москва столица Российской Федерации город федерального значения,рубль,,2000,7998.3
Город Москва столица Российской Федерации город федерального значения,рубль,,2001,10282.0
Город Москва столица Российской Федерации город федерального значения,рубль,,2002,12460.8
Город Москва столица Российской Федерации город федерального значения,рубль,,2003,16826.6
Город Москва столица Российской Федерации город федерального значения,рубль,,2004,20899.1
Город Москва столица Российской Федерации город федерального значения,рубль,,2005,24013.9
Город Москва столица Российской Федерации город федерального значения,рубль,,2006,28249.4
Город Москва столица Российской Федерации город федерального значения,рубль,,2007,33314.8
Северо-Западный федеральный округ,рубль,,2000,2268.9
Северо-Западный федеральный округ,рубль,,2001,3084.1
Северо-Западный федеральный округ,рубль,,2002,4010.5
Северо-Западный федеральный округ,рубль,,2003,5403.5
Северо-Западный федеральный округ,рубль,,2004,6938.2
Северо-Западный федеральный округ,рубль,,2005,8995.9
Северо-Западный федеральный округ,рубль,,2006,10889.3
Северо-Западный федеральный округ,рубль,,2007,13163.0
Республика Карелия,рубль,,1995,690.5
Республика Карелия,рубль,,1996,949.2
Республика Карелия,рубль,,1997,1057.5
Республика Карелия,рубль,,1998,1077.0
Республика Карелия,рубль,,1999,1752.3
Республика Карелия,рубль,,2000,2313.2
Республика Карелия,рубль,,2001,2930.8
Республика Карелия,рубль,,2002,4061.0
Республика Карелия,рубль,,2003,4937.0
Республика Карелия,рубль,,2004,5809.2
Республика Карелия,рубль,,2005,7277.8
Республика Карелия,рубль,,2006,9127.6
Республика Карелия,рубль,,2007,10547.6
Республика Коми,рубль,,1995,694.8
Республика Коми,рубль,,1996,1034.1
Республика Коми,рубль,,1997,1330.0
Республика Коми,рубль,,1998,1459.2
Республика Коми,рубль,,1999,2225.5
Республика Коми,рубль,,2000,3140.8
Республика Коми,рубль,,2001,4862.1
Республика Коми,рубль,,2002,6225.0
Республика Коми,рубль,,2003,7476.7
Республика Коми,рубль,,2004,9300.6
Республика Коми,рубль,,2005,11452.3
Республика Коми,рубль,,2006,13782.2
Республика Коми,рубль,,2007,16760.7
Архангельская область,рубль,,1995,518.6
Архангельская область,рубль,,1996,693.5
Архангельская область,рубль,,1997,822.8
Архангельская область,рубль,,1998,840.1
Архангельская область,рубль,,1999,1434.2
Архангельская область,рубль,,2000,2139.5
Архангельская область,рубль,,2001,3041.1
Архангельская область,рубль,,2002,3956.5
Архангельская область,рубль,,2003,4834.2
Архангельская область,рубль,,2004,6119.4
Архангельская область,рубль,,2005,7902.5
Архангельская область,рубль,,2006,9625.8
Архангельская область,рубль,,2007,11702.8
Ненецкий автономный округ (Архангельская область),рубль,,1997,1177.7
Ненецкий автономный округ (Архангельская область),рубль,,1998,1306.7
Ненецкий автономный округ (Архангельская область),рубль,,1999,1904.2
Ненецкий автономный округ (Архангельская область),рубль,,2000,3426.3
Ненецкий автономный округ (Архангельская область),рубль,,2001,5887.6
Ненецкий автономный округ (Архангельская область),рубль,,2002,8621.1
Ненецкий автономный округ (Архангельская область),рубль,,2003,14197.2
Ненецкий автономный округ (Архангельская область),рубль,,2004,20122.2
Ненецкий автономный округ (Архангельская область),рубль,,2005,21501.8
Ненецкий автономный округ (Архангельская область),рубль,,2006,27276.5
Ненецкий автономный округ (Архангельская область),рубль,,2007,38038.8
Вологодская область,рубль,,1995,505.0
Вологодская область,рубль,,1996,709.1
Вологодская область,рубль,,1997,890.7
Вологодская область,рубль,,1998,884.7
Вологодская область,рубль,,1999,1396.2
Вологодская область,рубль,,2000,2022.8
Вологодская область,рубль,,2001,2719.0
Вологодская область,рубль,,2002,3481.3
Вологодская область,рубль,,2003,4411.8
Вологодская область,рубль,,2004,5246.4
Вологодская область,рубль,,2005,6344.9
Вологодская область,рубль,,2006,8681.9
Вологодская область,рубль,,2007,10521.0
Калининградская область,рубль,,1995,375.7
Калининградская область,рубль,,1996,507.2
Калининградская область,рубль,,1997,589.0
Калининградская область,рубль,,1998,756.6
Калининградская область,рубль,,1999,1279.3
Калининградская область,рубль,,2000,1843.3
Калининградская область,рубль,,2001,2339.6
Калининградская область,рубль,,2002,2716.1
Калининградская область,рубль,,2003,3807.1
Калининградская область,рубль,,2004,4692.5
Калининградская область,рубль,,2005,6481.1
Калининградская область,рубль,,2006,8917.5
Калининградская область,рубль,,2007,11430.7
Ленинградская область,рубль,,1995,369.2
Ленинградская область,рубль,,1996,540.8
Ленинградская область,рубль,,1997,597.5
Ленинградская область,рубль,,1998,648.7
Ленинградская область,рубль,,1999,1007.6
Ленинградская область,рубль,,2000,1354.9
Ленинградская область,рубль,,2001,1868.7
Ленинградская область,рубль,,2002,2417.5
Ленинградская область,рубль,,2003,3052.3
Ленинградская область,рубль,,2004,4455.1
Ленинградская область,рубль,,2005,5686.5
Ленинградская область,рубль,,2006,8055.4
Ленинградская область,рубль,,2007,10201.2
Мурманская область,рубль,,1995,743.7
Мурманская область,рубль,,1996,1078.5
Мурманская область,рубль,,1997,1332.3
Мурманская область,рубль,,1998,1558.9
Мурманская область,рубль,,1999,2464.7
Мурманская область,рубль,,2000,3550.1
Мурманская область,рубль,,2001,4620.2
Мурманская область,рубль,,2002,5892.5
Мурманская область,рубль,,2003,7134.7
Мурманская область,рубль,,2004,8366.5
Мурманская область,рубль,,2005,10624.1
Мурманская область,рубль,,2006,13020.1
Мурманская область,рубль,,2007,15859.1
Новгородская область,рубль,,1995,437.8
Новгородская область,рубль,,1996,709.2
Новгородская область,рубль,,1997,765.2
Новгородская область,рубль,,1998,951.0
Новгородская область,рубль,,1999,1375.9
Новгородская область,рубль,,2000,1807.5
Новгородская область,рубль,,2001,2407.7
Новгородская область,рубль,,2002,3008.5
Новгородская область,рубль,,2003,3715.4
Новгородская область,рубль,,2004,4363.3
Новгородская область,рубль,,2005,5475.6
Новгородская область,рубль,,2006,7205.9
Новгородская область,рубль,,2007,8614.1
Псковская область,рубль,,1995,342.5
Псковская область,рубль,,1996,479.9
Псковская область,рубль,,1997,563.1
Псковская область,рубль,,1998,602.2
Псковская область,рубль,,1999,972.3
Псковская область,рубль,,2000,1374.8
Псковская область,рубль,,2001,1847.7
Псковская область,рубль,,2002,2735.0
Псковская область,рубль,,2003,3555.7
Псковская область,рубль,,2004,4293.6
Псковская область,рубль,,2005,4926.8
Псковская область,рубль,,2006,6422.5
Псковская область,рубль,,2007,7923.2
Город Санкт-Петербург город федерального значения,рубль,,1995,670.0
Город Санкт-Петербург город федерального значения,рубль,,1996,918.8
Город Санкт-Петербург город федерального значения,рубль,,1997,1015.1
Город Санкт-Петербург город федерального значения,рубль,,1998,1169.2
Город Санкт-Петербург город федерального значения,рубль,,1999,1820.3
Город Санкт-Петербург город федерального значения,рубль,,2000,2555.6
Город Санкт-Петербург город федерального значения,рубль,,2001,3425.8
Город Санкт-Петербург город федерального значения,рубль,,2002,4514.4
Город Санкт-Петербург город федерального значения,рубль,,2003,6851.2
Город Санкт-Петербург город федерального значения,рубль,,2004,9175.7
Город Санкт-Петербург город федерального значения,рубль,,2005,12263.7
Город Санкт-Петербург город федерального значения,рубль,,2006,13686.7
Город Санкт-Петербург город федерального значения,рубль,,2007,16214.2
Южный федеральный округ (по 2009 год),рубль,,2000,1429.3
Южный федеральный округ (по 2009 год),рубль,,2001,1907.9
Южный федеральный округ (по 2009 год),рубль,,2002,2548.4
Южный федеральный округ (по 2009 год),рубль,,2003,3309.6
Южный федеральный округ (по 2009 год),рубль,,2004,4169.3
Южный федеральный округ (по 2009 год),рубль,,2005,5332.9
Южный федеральный округ (по 2009 год),рубль,,2006,6813.8
Южный федеральный округ (по 2009 год),рубль,,2007,8716.8
Республика Адыгея (Адыгея),рубль,,1995,273.8
Республика Адыгея (Адыгея),рубль,,1996,412.6
Республика Адыгея (Адыгея),рубль,,1997,546.0
Республика Адыгея (Адыгея),рубль,,1998,605.9
Республика Адыгея (Адыгея),рубль,,1999,966.9
Республика Адыгея (Адыгея),рубль,,2000,1385.3
Республика Адыгея (Адыгея),рубль,,2001,1642.5
Республика Адыгея (Адыгея),рубль,,2002,2166.9
Республика Адыгея (Адыгея),рубль,,2003,2548.9
Республика Адыгея (Адыгея),рубль,,2004,3080.3
Республика Адыгея (Адыгея),рубль,,2005,3892.9
Республика Адыгея (Адыгея),рубль,,2006,4731.0
Республика Адыгея (Адыгея),рубль,,2007,5802.1
Республика Калмыкия,рубль,,1995,234.7
Республика Калмыкия,рубль,,1996,342.6
Республика Калмыкия,рубль,,1997,482.9
Республика Калмыкия,рубль,,1998,478.1
Республика Калмыкия,рубль,,1999,755.1
Республика Калмыкия,рубль,,2000,979.0
Республика Калмыкия,рубль,,2001,1545.5
Республика Калмыкия,рубль,,2002,1763.0
Республика Калмыкия,рубль,,2003,2100.2
Республика Калмыкия,рубль,,2004,2312.1
Республика Калмыкия,рубль,,2005,2391.9
Республика Калмыкия,рубль,,2006,3456.7
Республика Калмыкия,рубль,,2007,4375.2
Краснодарский край,рубль,,1995,356.1
Краснодарский край,рубль,,1996,572.8
Краснодарский край,рубль,,1997,670.0
Краснодарский край,рубль,,1998,687.2
Краснодарский край,рубль,,1999,1143.0
Краснодарский край,рубль,,2000,1563.4
Краснодарский край,рубль,,2001,2124.6
Краснодарский край,рубль,,2002,2856.8
Краснодарский край,рубль,,2003,3662.2
Краснодарский край,рубль,,2004,4378.9
Краснодарский край,рубль,,2005,5545.2
Краснодарский край,рубль,,2006,7193.1
Краснодарский край,рубль,,2007,9692.3
Астраханская область,рубль,,1995,324.3
Астраханская область,рубль,,1996,526.9
Астраханская область,рубль,,1997,664.3
Астраханская область,рубль,,1998,725.2
Астраханская область,рубль,,1999,1221.3
Астраханская область,рубль,,2000,1778.6
Астраханская область,рубль,,2001,2333.3
Астраханская область,рубль,,2002,3058.0
Астраханская область,рубль,,2003,3864.1
Астраханская область,рубль,,2004,4559.4
Астраханская область,рубль,,2005,5636.4
Астраханская область,рубль,,2006,7035.0
Астраханская область,рубль,,2007,8638.6
Волгоградская область,рубль,,1995,327.2
Волгоградская область,рубль,,1996,510.4
Волгоградская область,рубль,,1997,660.4
Волгоградская область,рубль,,1998,647.9
Волгоградская область,рубль,,1999,1118.0
Волгоградская область,рубль,,2000,1577.6
Волгоградская область,рубль,,2001,2163.0
Волгоградская область,рубль,,2002,2952.1
Волгоградская область,рубль,,2003,3802.9
Волгоградская область,рубль,,2004,4648.2
Волгоградская область,рубль,,2005,5908.1
Волгоградская область,рубль,,2006,7889.3
Волгоградская область,рубль,,2007,9409.8
Ростовская область,рубль,,1995,328.7
Ростовская область,рубль,,1996,516.0
Ростовская область,рубль,,1997,643.8
Ростовская область,рубль,,1998,705.5
Ростовская область,рубль,,1999,1211.9
Ростовская область,рубль,,2000,1653.3
Ростовская область,рубль,,2001,2270.6
Ростовская область,рубль,,2002,3025.7
Ростовская область,рубль,,2003,4023.9
Ростовская область,рубль,,2004,5038.1
Ростовская область,рубль,,2005,6359.7
Ростовская область,рубль,,2006,7482.5
Ростовская область,рубль,,2007,9538.8
Республика Дагестан,рубль,,1995,181.7
Республика Дагестан,рубль,,1996,247.6
Республика Дагестан,рубль,,1997,337.1
Республика Дагестан,рубль,,1998,360.9
Республика Дагестан,рубль,,1999,602.3
Республика Дагестан,рубль,,2000,861.3
Республика Дагестан,рубль,,2001,1141.2
Республика Дагестан,рубль,,2002,1534.0
Республика Дагестан,рубль,,2003,2125.0
Республика Дагестан,рубль,,2004,3311.2
Республика Дагестан,рубль,,2005,4388.5
Республика Дагестан,рубль,,2006,6112.1
Республика Дагестан,рубль,,2007,7724.2
Республика Ингушетия,рубль,,1995,123.2
Республика Ингушетия,рубль,,1996,215.5
Республика Ингушетия,рубль,,1997,307.7
Республика Ингушетия,рубль,,1998,334.1
Республика Ингушетия,рубль,,1999,456.0
Республика Ингушетия,рубль,,2000,587.2
Республика Ингушетия,рубль,,2001,908.5
Республика Ингушетия,рубль,,2002,1170.7
Республика Ингушетия,рубль,,2003,1402.2
Республика Ингушетия,рубль,,2004,1757.5
Республика Ингушетия,рубль,,2005,2737.3
Республика Ингушетия,рубль,,2006,3568.8
Республика Ингушетия,рубль,,2007,4886.7
Кабардино-Балкарская Республика,рубль,,1995,253.7
Кабардино-Балкарская Республика,рубль,,1996,372.5
Кабардино-Балкарская Республика,рубль,,1997,443.8
Кабардино-Балкарская Республика,рубль,,1998,481.1
Кабардино-Балкарская Республика,рубль,,1999,812.6
Кабардино-Балкарская Республика,рубль,,2000,1057.1
Кабардино-Балкарская Республика,рубль,,2001,1465.7
Кабардино-Балкарская Республика,рубль,,2002,2095.0
Кабардино-Балкарская Республика,рубль,,2003,2571.4
Кабардино-Балкарская Республика,рубль,,2004,3159.9
Кабардино-Балкарская Республика,рубль,,2005,4190.1
Кабардино-Балкарская Республика,рубль,,2006,5258.5
Кабардино-Балкарская Республика,рубль,,2007,6902.0
Карачаево-Черкесская Республика,рубль,,1995,232.0
Карачаево-Черкесская Республика,рубль,,1996,323.6
Карачаево-Черкесская Республика,рубль,,1997,434.8
Карачаево-Черкесская Республика,рубль,,1998,449.8
Карачаево-Черкесская Республика,рубль,,1999,709.4
Карачаево-Черкесская Республика,рубль,,2000,1039.5
Карачаево-Черкесская Республика,рубль,,2001,1341.7
Карачаево-Черкесская Республика,рубль,,2002,1999.4
Карачаево-Черкесская Республика,рубль,,2003,2619.2
Карачаево-Черкесская Республика,рубль,,2004,3343.7
Карачаево-Черкесская Республика,рубль,,2005,4083.8
Карачаево-Черкесская Республика,рубль,,2006,5196.3
Карачаево-Черкесская Республика,рубль,,2007,6402.0
Республика Северная Осетия-Алания,рубль,,1995,312.6
Республика Северная Осетия-Алания,рубль,,1996,435.1
Республика Северная Осетия-Алания,рубль,,1997,561.0
Республика Северная Осетия-Алания,рубль,,1998,613.5
Республика Северная Осетия-Алания,рубль,,1999,1072.3
Республика Северная Осетия-Алания,рубль,,2000,1472.8
Республика Северная Осетия-Алания,рубль,,2001,1632.2
Республика Северная Осетия-Алания,рубль,,2002,1961.0
Республика Северная Осетия-Алания,рубль,,2003,2596.0
Республика Северная Осетия-Алания,рубль,,2004,4085.8
Республика Северная Осетия-Алания,рубль,,2005,4668.8
Республика Северная Осетия-Алания,рубль,,2006,5976.7
Республика Северная Осетия-Алания,рубль,,2007,7781.7
Ставропольский край,рубль,,1995,329.4
Ставропольский край,рубль,,1996,516.7
Ставропольский край,рубль,,1997,594.1
Ставропольский край,рубль,,1998,630.3
Ставропольский край,рубль,,1999,1041.5
Ставропольский край,рубль,,2000,1405.0
Ставропольский край,рубль,,2001,1766.5
Ставропольский край,рубль,,2002,2335.2
Ставропольский край,рубль,,2003,3071.8
Ставропольский край,рубль,,2004,3886.1
Ставропольский край,рубль,,2005,5116.5
Ставропольский край,рубль,,2006,6488.4
Ставропольский край,рубль,,2007,8122.4
Приволжский федеральный округ,рубль,,2000,1726.2
Приволжский федеральный округ,рубль,,2001,2319.4
Приволжский федеральный округ,рубль,,2002,3034.9
Приволжский федеральный округ,рубль,,2003,3916.6
Приволжский федеральный округ,рубль,,2004,4786.6
Приволжский федеральный округ,рубль,,2005,6229.4
Приволжский федеральный округ,рубль,,2006,8014.1
Приволжский федеральный округ,рубль,,2007,9958.9
Республика Башкортостан,рубль,,1995,325.7
Республика Башкортостан,рубль,,1996,499.9
Республика Башкортостан,рубль,,1997,626.8
Республика Башкортостан,рубль,,1998,694.9
Республика Башкортостан,рубль,,1999,1244.1
Республика Башкортостан,рубль,,2000,1736.3
Республика Башкортостан,рубль,,2001,2400.2
Республика Башкортостан,рубль,,2002,3133.8
Республика Башкортостан,рубль,,2003,4153.1
Республика Башкортостан,рубль,,2004,5156.6
Республика Башкортостан,рубль,,2005,6886.5
Республика Башкортостан,рубль,,2006,8903.6
Республика Башкортостан,рубль,,2007,11072.8
Республика Марий Эл,рубль,,1995,262.4
Республика Марий Эл,рубль,,1996,372.1
Республика Марий Эл,рубль,,1997,443.9
Республика Марий Эл,рубль,,1998,429.9
Республика Марий Эл,рубль,,1999,817.3
Республика Марий Эл,рубль,,2000,1067.8
Республика Марий Эл,рубль,,2001,1387.6
Республика Марий Эл,рубль,,2002,1813.1
Республика Марий Эл,рубль,,2003,2189.0
Республика Марий Эл,рубль,,2004,2566.6
Республика Марий Эл,рубль,,2005,3376.0
Республика Марий Эл,рубль,,2006,4896.5
Республика Марий Эл,рубль,,2007,6072.3
Республика Мордовия,рубль,,1995,285.3
Республика Мордовия,рубль,,1996,412.0
Республика Мордовия,рубль,,1997,517.4
Республика Мордовия,рубль,,1998,518.5
Республика Мордовия,рубль,,1999,839.9
Республика Мордовия,рубль,,2000,1128.4
Республика Мордовия,рубль,,2001,1570.2
Республика Мордовия,рубль,,2002,2124.1
Республика Мордовия,рубль,,2003,2719.9
Республика Мордовия,рубль,,2004,3266.3
Республика Мордовия,рубль,,2005,4102.9
Республика Мордовия,рубль,,2006,4826.9
Республика Мордовия,рубль,,2007,6060.4
Республика Татарстан (Татарстан),рубль,,1995,393.8
Республика Татарстан (Татарстан),рубль,,1996,546.2
Республика Татарстан (Татарстан),рубль,,1997,689.8
Республика Татарстан (Татарстан),рубль,,1998,758.7
Республика Татарстан (Татарстан),рубль,,1999,1244.2
Республика Татарстан (Татарстан),рубль,,2000,1813.1
Республика Татарстан (Татарстан),рубль,,2001,2471.8
Республика Татарстан (Татарстан),рубль,,2002,3249.4
Республика Татарстан (Татарстан),рубль,,2003,4273.1
Республика Татарстан (Татарстан),рубль,,2004,5355.0
Республика Татарстан (Татарстан),рубль,,2005,7383.5
Республика Татарстан (Татарстан),рубль,,2006,9365.5
Республика Татарстан (Татарстан),рубль,,2007,11566.9
Удмуртская Республика,рубль,,1995,323.7
Удмуртская Республика,рубль,,1996,591.5
Удмуртская Республика,рубль,,1997,721.0
Удмуртская Республика,рубль,,1998,671.5
Удмуртская Республика,рубль,,1999,1058.4
Удмуртская Республика,рубль,,2000,1513.7
Удмуртская Республика,рубль,,2001,2024.7
Удмуртская Республика,рубль,,2002,2533.0
Удмуртская Республика,рубль,,2003,3098.1
Удмуртская Республика,рубль,,2004,3684.8
Удмуртская Республика,рубль,,2005,4656.9
Удмуртская Республика,рубль,,2006,6262.0
Удмуртская Республика,рубль,,2007,7823.8
Чувашская Республика - Чувашия,рубль,,1995,305.1
Чувашская Республика - Чувашия,рубль,,1996,436.3
Чувашская Республика - Чувашия,рубль,,1997,486.4
Чувашская Республика - Чувашия,рубль,,1998,476.6
Чувашская Республика - Чувашия,рубль,,1999,830.2
Чувашская Республика - Чувашия,рубль,,2000,1139.9
Чувашская Республика - Чувашия,рубль,,2001,1553.3
Чувашская Республика - Чувашия,рубль,,2002,2069.9
Чувашская Республика - Чувашия,рубль,,2003,2749.2
Чувашская Республика - Чувашия,рубль,,2004,3188.4
Чувашская Республика - Чувашия,рубль,,2005,3958.5
Чувашская Республика - Чувашия,рубль,,2006,5448.8
Чувашская Республика - Чувашия,рубль,,2007,6848.7
Пермский край,рубль,,1995,489.6
Пермский край,рубль,,1996,774.2
Пермский край,рубль,,1997,977.8
Пермский край,рубль,,1998,1020.5
Пермский край,рубль,,1999,1671.5
Пермский край,рубль,,2000,2401.0
Пермский край,рубль,,2001,3253.9
Пермский край,рубль,,2002,4129.5
Пермский край,рубль,,2003,5257.3
Пермский край,рубль,,2004,6371.5
Пермский край,рубль,,2005,8273.2
Пермский край,рубль,,2006,11122.0
Пермский край,рубль,,2007,13691.1
"Коми-Пермяцкий округ, входящий в состав Пермского края",рубль,,1997,399.4
"Коми-Пермяцкий округ, входящий в состав Пермского края",рубль,,1998,368.3
"Коми-Пермяцкий округ, входящий в состав Пермского края",рубль,,1999,553.3
"Коми-Пермяцкий округ, входящий в состав Пермского края",рубль,,2000,871.0
"Коми-Пермяцкий округ, входящий в состав Пермского края",рубль,,2001,1156.7
"Коми-Пермяцкий округ, входящий в состав Пермского края",рубль,,2002,1591.2
"Коми-Пермяцкий округ, входящий в состав Пермского края",рубль,,2003,1922.5
"Коми-Пермяцкий округ, входящий в состав Пермского края",рубль,,2004,2309.3
Кировская область,рубль,,1995,386.7
Кировская область,рубль,,1996,553.5
Кировская область,рубль,,1997,630.0
Кировская область,рубль,,1998,622.3
Кировская область,рубль,,1999,1006.2
Кировская область,рубль,,2000,1359.3
Кировская область,рубль,,2001,1830.6
Кировская область,рубль,,2002,2517.4
Кировская область,рубль,,2003,3093.6
Кировская область,рубль,,2004,3757.9
Кировская область,рубль,,2005,4644.3
Кировская область,рубль,,2006,5885.6
Кировская область,рубль,,2007,7407.4
Нижегородская область,рубль,,1995,383.6
Нижегородская область,рубль,,1996,534.6
Нижегородская область,рубль,,1997,657.3
Нижегородская область,рубль,,1998,725.6
Нижегородская область,рубль,,1999,1172.3
Нижегородская область,рубль,,2000,1717.9
Нижегородская область,рубль,,2001,2406.6
Нижегородская область,рубль,,2002,3214.6
Нижегородская область,рубль,,2003,4000.1
Нижегородская область,рубль,,2004,4793.7
Нижегородская область,рубль,,2005,6056.9
Нижегородская область,рубль,,2006,8049.0
Нижегородская область,рубль,,2007,10171.9
Оренбургская область,рубль,,1995,332.4
Оренбургская область,рубль,,1996,533.8
Оренбургская область,рубль,,1997,674.1
Оренбургская область,рубль,,1998,641.2
Оренбургская область,рубль,,1999,1084.2
Оренбургская область,рубль,,2000,1451.4
Оренбургская область,рубль,,2001,1927.4
Оренбургская область,рубль,,2002,2481.8
Оренбургская область,рубль,,2003,3135.1
Оренбургская область,рубль,,2004,3872.9
Оренбургская область,рубль,,2005,5122.3
Оренбургская область,рубль,,2006,6326.3
Оренбургская область,рубль,,2007,7914.3
Пензенская область,рубль,,1995,303.9
Пензенская область,рубль,,1996,456.4
Пензенская область,рубль,,1997,569.6
Пензенская область,рубль,,1998,549.7
Пензенская область,рубль,,1999,953.5
Пензенская область,рубль,,2000,1259.9
Пензенская область,рубль,,2001,1708.3
Пензенская область,рубль,,2002,2221.4
Пензенская область,рубль,,2003,2764.9
Пензенская область,рубль,,2004,3421.0
Пензенская область,рубль,,2005,4354.7
Пензенская область,рубль,,2006,5603.4
Пензенская область,рубль,,2007,7908.4
Самарская область,рубль,,1995,476.3
Самарская область,рубль,,1996,731.6
Самарская область,рубль,,1997,929.7
Самарская область,рубль,,1998,1202.8
Самарская область,рубль,,1999,2031.8
Самарская область,рубль,,2000,2605.2
Самарская область,рубль,,2001,3262.6
Самарская область,рубль,,2002,4270.3
Самарская область,рубль,,2003,5788.1
Самарская область,рубль,,2004,7176.6
Самарская область,рубль,,2005,9264.1
Самарская область,рубль,,2006,11382.9
Самарская область,рубль,,2007,13779.3
Саратовская область,рубль,,1995,326.3
Саратовская область,рубль,,1996,456.7
Саратовская область,рубль,,1997,620.5
Саратовская область,рубль,,1998,609.9
Саратовская область,рубль,,1999,1118.3
Саратовская область,рубль,,2000,1540.1
Саратовская область,рубль,,2001,2035.2
Саратовская область,рубль,,2002,2620.7
Саратовская область,рубль,,2003,3337.1
Саратовская область,рубль,,2004,3995.0
Саратовская область,рубль,,2005,5056.0
Саратовская область,рубль,,2006,6182.0
Саратовская область,рубль,,2007,7320.3
Ульяновская область,рубль,,1995,316.3
Ульяновская область,рубль,,1996,514.8
Ульяновская область,рубль,,1997,638.4
Ульяновская область,рубль,,1998,677.0
Ульяновская область,рубль,,1999,998.9
Ульяновская область,рубль,,2000,1276.6
Ульяновская область,рубль,,2001,1717.1
Ульяновская область,рубль,,2002,2378.9
Ульяновская область,рубль,,2003,3063.1
Ульяновская область,рубль,,2004,3668.5
Ульяновская область,рубль,,2005,4575.9
Ульяновская область,рубль,,2006,6137.1
Ульяновская область,рубль,,2007,7761.7
Уральский федеральный округ,рубль,,2000,2743.6
Уральский федеральный округ,рубль,,2001,3819.8
Уральский федеральный округ,рубль,,2002,4791.3
Уральский федеральный округ,рубль,,2003,6109.6
Уральский федеральный округ,рубль,,2004,7412.9
Уральский федеральный округ,рубль,,2005,9581.1
Уральский федеральный округ,рубль,,2006,12170.4
Уральский федеральный округ,рубль,,2007,15221.9
Курганская область,рубль,,1995,279.6
Курганская область,рубль,,1996,419.6
Курганская область,рубль,,1997,534.6
Курганская область,рубль,,1998,543.7
Курганская область,рубль,,1999,948.8
Курганская область,рубль,,2000,1341.6
Курганская область,рубль,,2001,1784.8
Курганская область,рубль,,2002,2419.3
Курганская область,рубль,,2003,2867.2
Курганская область,рубль,,2004,3853.9
Курганская область,рубль,,2005,4799.9
Курганская область,рубль,,2006,6676.8
Курганская область,рубль,,2007,8700.9
Свердловская область,рубль,,1995,506.1
Свердловская область,рубль,,1996,710.5
Свердловская область,рубль,,1997,851.9
Свердловская область,рубль,,1998,858.0
Свердловская область,рубль,,1999,1470.6
Свердловская область,рубль,,2000,2139.7
Свердловская область,рубль,,2001,2994.2
Свердловская область,рубль,,2002,3954.1
Свердловская область,рубль,,2003,5278.0
Свердловская область,рубль,,2004,6743.3
Свердловская область,рубль,,2005,9021.7
Свердловская область,рубль,,2006,11167.6
Свердловская область,рубль,,2007,14481.5
Тюменская область,рубль,,1995,1082.6
Тюменская область,рубль,,1996,1733.3
Тюменская область,рубль,,1997,2207.0
Тюменская область,рубль,,1998,2128.6
Тюменская область,рубль,,1999,3265.6
Тюменская область,рубль,,2000,4934.5
Тюменская область,рубль,,2001,7108.8
Тюменская область,рубль,,2002,8558.5
Тюменская область,рубль,,2003,10555.5
Тюменская область,рубль,,2004,12190.7
Тюменская область,рубль,,2005,14982.8
Тюменская область,рубль,,2006,18813.4
Тюменская область,рубль,,2007,22794.5
Ханты-Мансийский автономный округ - Югра (Тюменская область),рубль,,1997,2884.0
Ханты-Мансийский автономный округ - Югра (Тюменская область),рубль,,1998,2719.7
Ханты-Мансийский автономный округ - Югра (Тюменская область),рубль,,1999,4274.2
Ханты-Мансийский автономный округ - Югра (Тюменская область),рубль,,2000,6627.5
Ханты-Мансийский автономный округ - Югра (Тюменская область),рубль,,2001,9594.0
Ханты-Мансийский автономный округ - Югра (Тюменская область),рубль,,2002,10846.3
Ханты-Мансийский автономный округ - Югра (Тюменская область),рубль,,2003,12892.1
Ханты-Мансийский автономный округ - Югра (Тюменская область),рубль,,2004,14971.6
Ханты-Мансийский автономный округ - Югра (Тюменская область),рубль,,2005,18114.6
Ханты-Мансийский автономный округ - Югра (Тюменская область),рубль,,2006,22481.9
Ханты-Мансийский автономный округ - Югра (Тюменская область),рубль,,2007,27357.9
Ямало-Ненецкий автономный округ (Тюменская область),рубль,,1997,3638.9
Ямало-Ненецкий автономный округ (Тюменская область),рубль,,1998,3359.0
Ямало-Ненецкий автономный округ (Тюменская область),рубль,,1999,5152.5
Ямало-Ненецкий автономный округ (Тюменская область),рубль,,2000,7562.6
Ямало-Ненецкий автономный округ (Тюменская область),рубль,,2001,10732.8
Ямало-Ненецкий автономный округ (Тюменская область),рубль,,2002,13298.1
Ямало-Ненецкий автономный округ (Тюменская область),рубль,,2003,15962.2
Ямало-Ненецкий автономный округ (Тюменская область),рубль,,2004,18868.1
Ямало-Ненецкий автономный округ (Тюменская область),рубль,,2005,22230.7
Ямало-Ненецкий автономный округ (Тюменская область),рубль,,2006,27665.0
Ямало-Ненецкий автономный округ (Тюменская область),рубль,,2007,32589.9
Челябинская область,рубль,,1995,416.1
Челябинская область,рубль,,1996,582.6
Челябинская область,рубль,,1997,739.4
Челябинская область,рубль,,1998,743.3
Челябинская область,рубль,,1999,1307.0
Челябинская область,рубль,,2000,1968.6
Челябинская область,рубль,,2001,2500.2
Челябинская область,рубль,,2002,3108.3
Челябинская область,рубль,,2003,3998.1
Челябинская область,рубль,,2004,4819.8
Челябинская область,рубль,,2005,6553.5
Челябинская область,рубль,,2006,8655.2
Челябинская область,рубль,,2007,10699.6
Сибирский федеральный округ (до 03.11.2018),рубль,,2000,1933.0
Сибирский федеральный округ (до 03.11.2018),рубль,,2001,2576.0
Сибирский федеральный округ (до 03.11.2018),рубль,,2002,3373.2
Сибирский федеральный округ (до 03.11.2018),рубль,,2003,4351.3
Сибирский федеральный округ (до 03.11.2018),рубль,,2004,5266.6
Сибирский федеральный округ (до 03.11.2018),рубль,,2005,6731.4
Сибирский федеральный округ (до 03.11.2018),рубль,,2006,8434.5
Сибирский федеральный округ (до 03.11.2018),рубль,,2007,10413.7
Республика Алтай,рубль,,1995,318.7
Республика Алтай,рубль,,1996,478.5
Республика Алтай,рубль,,1997,614.2
Республика Алтай,рубль,,1998,554.3
Республика Алтай,рубль,,1999,865.6
Республика Алтай,рубль,,2000,1182.0
Республика Алтай,рубль,,2001,1620.0
Республика Алтай,рубль,,2002,2354.6
Республика Алтай,рубль,,2003,2876.4
Республика Алтай,рубль,,2004,3419.4
Республика Алтай,рубль,,2005,4380.9
Республика Алтай,рубль,,2006,5557.0
Республика Алтай,рубль,,2007,7066.8
Республика Тыва,рубль,,1995,318.9
Республика Тыва,рубль,,1996,456.8
Республика Тыва,рубль,,1997,599.7
Республика Тыва,рубль,,1998,556.8
Республика Тыва,рубль,,1999,797.2
Республика Тыва,рубль,,2000,1167.6
Республика Тыва,рубль,,2001,1638.3
Республика Тыва,рубль,,2002,2402.1
Республика Тыва,рубль,,2003,2872.9
Республика Тыва,рубль,,2004,3384.9
Республика Тыва,рубль,,2005,4161.5
Республика Тыва,рубль,,2006,4819.6
Республика Тыва,рубль,,2007,5959.2
Республика Хакасия,рубль,,1995,476.5
Республика Хакасия,рубль,,1996,758.3
Республика Хакасия,рубль,,1997,858.5
Республика Хакасия,рубль,,1998,783.8
Республика Хакасия,рубль,,1999,1347.0
Республика Хакасия,рубль,,2000,1904.1
Республика Хакасия,рубль,,2001,2475.5
Республика Хакасия,рубль,,2002,3143.7
Республика Хакасия,рубль,,2003,3765.0
Республика Хакасия,рубль,,2004,4440.9
Республика Хакасия,рубль,,2005,5176.5
Республика Хакасия,рубль,,2006,6425.5
Республика Хакасия,рубль,,2007,8066.9
Алтайский край,рубль,,1995,348.8
Алтайский край,рубль,,1996,436.5
Алтайский край,рубль,,1997,505.9
Алтайский край,рубль,,1998,533.0
Алтайский край,рубль,,1999,907.4
Алтайский край,рубль,,2000,1224.2
Алтайский край,рубль,,2001,1690.7
Алтайский край,рубль,,2002,2194.2
Алтайский край,рубль,,2003,2894.5
Алтайский край,рубль,,2004,3495.7
Алтайский край,рубль,,2005,4639.7
Алтайский край,рубль,,2006,6369.1
Алтайский край,рубль,,2007,7597.1
Красноярский край,рубль,,1995,594.5
Красноярский край,рубль,,1996,932.4
Красноярский край,рубль,,1997,1150.0
Красноярский край,рубль,,1998,1179.2
Красноярский край,рубль,,1999,1953.6
Красноярский край,рубль,,2000,2773.3
Красноярский край,рубль,,2001,3571.8
Красноярский край,рубль,,2002,4346.1
Красноярский край,рубль,,2003,5508.8
Красноярский край,рубль,,2004,6407.7
Красноярский край,рубль,,2005,7790.2
Красноярский край,рубль,,2006,9784.0
Красноярский край,рубль,,2007,12880.3
Таймырский (Долгано-Ненецкий) автономный округ (Красноярский край),рубль,,1997,1433.3
Таймырский (Долгано-Ненецкий) автономный округ (Красноярский край),рубль,,1998,1459.9
Таймырский (Долгано-Ненецкий) автономный округ (Красноярский край),рубль,,1999,2236.9
Таймырский (Долгано-Ненецкий) автономный округ (Красноярский край),рубль,,2000,4741.6
Таймырский (Долгано-Ненецкий) автономный округ (Красноярский край),рубль,,2001,7610.6
Таймырский (Долгано-Ненецкий) автономный округ (Красноярский край),рубль,,2002,8460.9
Таймырский (Долгано-Ненецкий) автономный округ (Красноярский край),рубль,,2003,10236.3
Таймырский (Долгано-Ненецкий) автономный округ (Красноярский край),рубль,,2004,11255.1
Таймырский (Долгано-Ненецкий) автономный округ (Красноярский край),рубль,,2005,12168.1
Таймырский (Долгано-Ненецкий) автономный округ (Красноярский край),рубль,,2006,13797.5
Эвенкийский автономный округ (Красноярский край),рубль,,1997,978.0
Эвенкийский автономный округ (Красноярский край),рубль,,1998,937.6
Эвенкийский автономный округ (Красноярский край),рубль,,1999,1546.3
Эвенкийский автономный округ (Красноярский край),рубль,,2000,2043.9
Эвенкийский автономный округ (Красноярский край),рубль,,2001,3366.6
Эвенкийский автономный округ (Красноярский край),рубль,,2002,4952.2
Эвенкийский автономный округ (Красноярский край),рубль,,2003,6646.2
Эвенкийский автономный округ (Красноярский край),рубль,,2004,8385.3
Эвенкийский автономный округ (Красноярский край),рубль,,2005,10361.3
Эвенкийский автономный округ (Красноярский край),рубль,,2006,12865.7
Иркутская область,рубль,,1995,593.0
Иркутская область,рубль,,1996,832.8
Иркутская область,рубль,,1997,1013.4
Иркутская область,рубль,,1998,1081.6
Иркутская область,рубль,,1999,1766.8
Иркутская область,рубль,,2000,2374.2
Иркутская область,рубль,,2001,2879.5
Иркутская область,рубль,,2002,3609.9
Иркутская область,рубль,,2003,4549.6
Иркутская область,рубль,,2004,5418.6
Иркутская область,рубль,,2005,7119.5
Иркутская область,рубль,,2006,8826.3
Иркутская область,рубль,,2007,10280.0
Усть-Ордынский Бурятский округ,рубль,,1997,323.8
Усть-Ордынский Бурятский округ,рубль,,1998,301.8
Усть-Ордынский Бурятский округ,рубль,,1999,506.3
Усть-Ордынский Бурятский округ,рубль,,2000,634.6
Усть-Ордынский Бурятский округ,рубль,,2001,853.0
Усть-Ордынский Бурятский округ,рубль,,2002,1222.2
Усть-Ордынский Бурятский округ,рубль,,2003,1490.8
Усть-Ордынский Бурятский округ,рубль,,2004,1800.4
Усть-Ордынский Бурятский округ,рубль,,2005,2220.3
Усть-Ордынский Бурятский округ,рубль,,2006,3101.5
Усть-Ордынский Бурятский округ,рубль,,2007,4083.3
Кемеровская область - Кузбасс,рубль,,1995,704.1
Кемеровская область - Кузбасс,рубль,,1996,851.0
Кемеровская область - Кузбасс,рубль,,1997,1070.0
Кемеровская область - Кузбасс,рубль,,1998,979.4
Кемеровская область - Кузбасс,рубль,,1999,1522.6
Кемеровская область - Кузбасс,рубль,,2000,2275.5
Кемеровская область - Кузбасс,рубль,,2001,3086.5
Кемеровская область - Кузбасс,рубль,,2002,3993.6
Кемеровская область - Кузбасс,рубль,,2003,4906.6
Кемеровская область - Кузбасс,рубль,,2004,6161.6
Кемеровская область - Кузбасс,рубль,,2005,7888.6
Кемеровская область - Кузбасс,рубль,,2006,9565.8
Кемеровская область - Кузбасс,рубль,,2007,11876.0
Новосибирская область,рубль,,1995,341.6
Новосибирская область,рубль,,1996,702.4
Новосибирская область,рубль,,1997,863.9
Новосибирская область,рубль,,1998,758.1
Новосибирская область,рубль,,1999,1248.0
Новосибирская область,рубль,,2000,1608.3
Новосибирская область,рубль,,2001,2140.3
Новосибирская область,рубль,,2002,2933.0
Новосибирская область,рубль,,2003,3892.9
Новосибирская область,рубль,,2004,4968.7
Новосибирская область,рубль,,2005,6638.8
Новосибирская область,рубль,,2006,8381.3
Новосибирская область,рубль,,2007,10290.2
Омская область,рубль,,1995,431.6
Омская область,рубль,,1996,672.1
Омская область,рубль,,1997,789.0
Омская область,рубль,,1998,801.8
Омская область,рубль,,1999,1145.9
Омская область,рубль,,2000,1582.1
Омская область,рубль,,2001,2341.4
Омская область,рубль,,2002,3221.8
Омская область,рубль,,2003,4512.5
Омская область,рубль,,2004,5427.1
Омская область,рубль,,2005,6969.1
Омская область,рубль,,2006,9084.3
Омская область,рубль,,2007,11450.7
Томская область,рубль,,1995,496.8
Томская область,рубль,,1996,710.7
Томская область,рубль,,1997,966.4
Томская область,рубль,,1998,928.6
Томская область,рубль,,1999,1505.1
Томская область,рубль,,2000,2070.2
Томская область,рубль,,2001,2851.3
Томская область,рубль,,2002,3954.3
Томская область,рубль,,2003,5407.3
Томская область,рубль,,2004,6472.7
Томская область,рубль,,2005,8141.6
Томская область,рубль,,2006,9992.4
Томская область,рубль,,2007,11997.9
Дальневосточный федеральный округ (до 03.11.2018),рубль,,2000,2497.6
Дальневосточный федеральный округ (до 03.11.2018),рубль,,2001,3303.9
Дальневосточный федеральный округ (до 03.11.2018),рубль,,2002,4391.4
Дальневосточный федеральный округ (до 03.11.2018),рубль,,2003,5788.3
Дальневосточный федеральный округ (до 03.11.2018),рубль,,2004,7046.9
Дальневосточный федеральный округ (до 03.11.2018),рубль,,2005,8989.3
Дальневосточный федеральный округ (до 03.11.2018),рубль,,2006,11266.8
Дальневосточный федеральный округ (до 03.11.2018),рубль,,2007,13597.4
Республика Бурятия,рубль,,1995,378.6
Республика Бурятия,рубль,,1996,506.9
Республика Бурятия,рубль,,1997,754.8
Республика Бурятия,рубль,,1998,659.4
Республика Бурятия,рубль,,1999,1176.9
Республика Бурятия,рубль,,2000,1639.0
Республика Бурятия,рубль,,2001,2262.4
Республика Бурятия,рубль,,2002,3141.2
Республика Бурятия,рубль,,2003,3857.4
Республика Бурятия,рубль,,2004,4671.9
Республика Бурятия,рубль,,2005,6026.9
Республика Бурятия,рубль,,2006,6989.8
Республика Бурятия,рубль,,2007,8845.7
Забайкальский край,рубль,,1995,436.3
Забайкальский край,рубль,,1996,571.1
Забайкальский край,рубль,,1997,595.5
Забайкальский край,рубль,,1998,534.4
Забайкальский край,рубль,,1999,914.2
Забайкальский край,рубль,,2000,1405.7
Забайкальский край,рубль,,2001,2011.5
Забайкальский край,рубль,,2002,2993.1
Забайкальский край,рубль,,2003,4015.7
Забайкальский край,рубль,,2004,4799.7
Забайкальский край,рубль,,2005,5907.6
Забайкальский край,рубль,,2006,7119.2
Забайкальский край,рубль,,2007,8265.4
Агинский Бурятский округ (Забайкальский край),рубль,,1997,381.3
Агинский Бурятский округ (Забайкальский край),рубль,,1998,355.7
Агинский Бурятский округ (Забайкальский край),рубль,,1999,607.9
Агинский Бурятский округ (Забайкальский край),рубль,,2000,995.1
Агинский Бурятский округ (Забайкальский край),рубль,,2001,1502.7
Агинский Бурятский округ (Забайкальский край),рубль,,2002,2345.9
Агинский Бурятский округ (Забайкальский край),рубль,,2003,3236.7
Агинский Бурятский округ (Забайкальский край),рубль,,2004,4182.7
Агинский Бурятский округ (Забайкальский край),рубль,,2005,5043.3
Агинский Бурятский округ (Забайкальский край),рубль,,2006,6806.2
Агинский Бурятский округ (Забайкальский край),рубль,,2007,7816.4
Республика Саха (Якутия),рубль,,1995,957.1
Республика Саха (Якутия),рубль,,1996,1491.8
Республика Саха (Якутия),рубль,,1997,1752.8
Республика Саха (Якутия),рубль,,1998,1779.7
Республика Саха (Якутия),рубль,,1999,3046.6
Республика Саха (Якутия),рубль,,2000,3967.7
Республика Саха (Якутия),рубль,,2001,5009.9
Республика Саха (Якутия),рубль,,2002,6348.2
Республика Саха (Якутия),рубль,,2003,8239.7
Республика Саха (Якутия),рубль,,2004,9633.2
Республика Саха (Якутия),рубль,,2005,11349.9
Республика Саха (Якутия),рубль,,2006,13554.9
Республика Саха (Якутия),рубль,,2007,15571.2
Камчатский край,рубль,,1995,957.2
Камчатский край,рубль,,1996,1458.1
Камчатский край,рубль,,1997,1680.7
Камчатский край,рубль,,1998,1634.0
Камчатский край,рубль,,1999,2581.7
Камчатский край,рубль,,2000,3452.4
Камчатский край,рубль,,2001,4559.1
Камчатский край,рубль,,2002,5915.6
Камчатский край,рубль,,2003,7100.8
Камчатский край,рубль,,2004,8343.0
Камчатский край,рубль,,2005,11167.2
Камчатский край,рубль,,2006,13811.9
Камчатский край,рубль,,2007,16787.1
"Корякский округ, входящий в состав Камчатского края",рубль,,1997,1993.4
"Корякский округ, входящий в состав Камчатского края",рубль,,1998,2015.7
"Корякский округ, входящий в состав Камчатского края",рубль,,1999,3106.2
"Корякский округ, входящий в состав Камчатского края",рубль,,2000,4508.0
"Корякский округ, входящий в состав Камчатского края",рубль,,2001,5427.9
"Корякский округ, входящий в состав Камчатского края",рубль,,2002,6921.2
"Корякский округ, входящий в состав Камчатского края",рубль,,2003,7884.9
"Корякский округ, входящий в состав Камчатского края",рубль,,2004,10010.3
"Корякский округ, входящий в состав Камчатского края",рубль,,2005,12907.5
"Корякский округ, входящий в состав Камчатского края",рубль,,2006,15268.4
Приморский край,рубль,,1995,540.1
Приморский край,рубль,,1996,735.8
Приморский край,рубль,,1997,851.3
Приморский край,рубль,,1998,921.2
Приморский край,рубль,,1999,1356.4
Приморский край,рубль,,2000,1799.8
Приморский край,рубль,,2001,2367.2
Приморский край,рубль,,2002,3122.4
Приморский край,рубль,,2003,4246.2
Приморский край,рубль,,2004,5405.0
Приморский край,рубль,,2005,7162.9
Приморский край,рубль,,2006,9109.5
Приморский край,рубль,,2007,10894.4
Хабаровский край,рубль,,1995,536.0
Хабаровский край,рубль,,1996,833.7
Хабаровский край,рубль,,1997,1015.6
Хабаровский край,рубль,,1998,1163.3
Хабаровский край,рубль,,1999,1908.3
Хабаровский край,рубль,,2000,2500.4
Хабаровский край,рубль,,2001,3395.8
Хабаровский край,рубль,,2002,4689.1
Хабаровский край,рубль,,2003,6205.3
Хабаровский край,рубль,,2004,7596.9
Хабаровский край,рубль,,2005,9653.7
Хабаровский край,рубль,,2006,12356.6
Хабаровский край,рубль,,2007,15081.0
Амурская область,рубль,,1995,512.5
Амурская область,рубль,,1996,780.4
Амурская область,рубль,,1997,925.8
Амурская область,рубль,,1998,902.3
Амурская область,рубль,,1999,1387.6
Амурская область,рубль,,2000,1825.2
Амурская область,рубль,,2001,2313.0
Амурская область,рубль,,2002,2874.6
Амурская область,рубль,,2003,3852.4
Амурская область,рубль,,2004,4695.3
Амурская область,рубль,,2005,5987.7
Амурская область,рубль,,2006,7419.0
Амурская область,рубль,,2007,9662.3
Магаданская область,рубль,,1995,1018.3
Магаданская область,рубль,,1996,1446.8
Магаданская область,рубль,,1997,1674.2
Магаданская область,рубль,,1998,1831.0
Магаданская область,рубль,,1999,2816.5
Магаданская область,рубль,,2000,3724.5
Магаданская область,рубль,,2001,5069.3
Магаданская область,рубль,,2002,6748.5
Магаданская область,рубль,,2003,8184.6
Магаданская область,рубль,,2004,9485.9
Магаданская область,рубль,,2005,11166.7
Магаданская область,рубль,,2006,13858.3
Магаданская область,рубль,,2007,16634.1
Сахалинская область,рубль,,1995,688.8
Сахалинская область,рубль,,1996,1020.5
Сахалинская область,рубль,,1997,1169.0
Сахалинская область,рубль,,1998,1194.8
Сахалинская область,рубль,,1999,1992.6
Сахалинская область,рубль,,2000,2792.8
Сахалинская область,рубль,,2001,3872.4
Сахалинская область,рубль,,2002,5522.8
Сахалинская область,рубль,,2003,7676.0
Сахалинская область,рубль,,2004,9488.3
Сахалинская область,рубль,,2005,12639.5
Сахалинская область,рубль,,2006,16412.4
Сахалинская область,рубль,,2007,20513.0
Еврейская автономная область,рубль,,1995,416.1
Еврейская автономная область,рубль,,1996,597.7
Еврейская автономная область,рубль,,1997,676.6
Еврейская автономная область,рубль,,1998,690.4
Еврейская автономная область,рубль,,1999,1041.2
Еврейская автономная область,рубль,,2000,1488.8
Еврейская автономная область,рубль,,2001,2028.9
Еврейская автономная область,рубль,,2002,3081.0
Еврейская автономная область,рубль,,2003,4062.4
Еврейская автономная область,рубль,,2004,4974.7
Еврейская автономная область,рубль,,2005,6405.7
Еврейская автономная область,рубль,,2006,7623.8
Еврейская автономная область,рубль,,2007,8751.5
Чукотский автономный округ,рубль,,1995,1131.0
Чукотский автономный округ,рубль,,1996,1772.4
Чукотский автономный округ,рубль,,1997,2071.2
Чукотский автономный округ,рубль,,1998,2074.9
Чукотский автономный округ,рубль,,1999,3034.6
Чукотский автономный округ,рубль,,2000,4731.9
Чукотский автономный округ,рубль,,2001,7951.9
Чукотский автономный округ,рубль,,2002,11313.2
Чукотский автономный округ,рубль,,2003,13663.9
Чукотский автономный округ,рубль,,2004,15041.8
Чукотский автономный округ,рубль,,2005,19668.9
Чукотский автономный округ,рубль,,2006,23326.1
Чукотский автономный округ,рубль,,2007,26557.3
Российская Федерация,рубль,значение показателя за год,2008,14863.6
Российская Федерация,рубль,значение показателя за год,2009,16895.0
Российская Федерация,рубль,значение показателя за год,2010,18958.4
Российская Федерация,рубль,значение показателя за год,2011,20772.0
Российская Федерация,рубль,I квартал,2012-Q1,19106.0
Российская Федерация,рубль,II квартал,2012-Q2,22573.0
Российская Федерация,рубль,III квартал,2012-Q3,23262.0
Российская Федерация,рубль,IV квартал,2012-Q4,27964.0
Российская Федерация,рубль,значение показателя за год,2012,23193.0
Российская Федерация,рубль,I квартал,2013-Q1,21764.0
Российская Федерация,рубль,II квартал,2013-Q2,24949.0
Российская Федерация,рубль,III квартал,2013-Q3,25486.0
Российская Федерация,рубль,IV квартал,2013-Q4,30482.0
Российская Федерация,рубль,значение показателя за год,2013,25631.0
Российская Федерация,рубль,I квартал,2014-Q1,22401.0
Российская Федерация,рубль,II квартал,2014-Q2,26992.0
Российская Федерация,рубль,III квартал,2014-Q3,27895.0
Российская Федерация,рубль,IV квартал,2014-Q4,32205.0
Российская Федерация,рубль,значение показателя за год,2014,27333.0
Российская Федерация,рубль,I квартал,2015-Q1,25282.0
Российская Федерация,рубль,II квартал,2015-Q2,29627.0
Российская Федерация,рубль,III квартал,2015-Q3,29848.0
Российская Федерация,рубль,IV квартал,2015-Q4,35983.0
Российская Федерация,рубль,значение показателя за год,2015,30140.0
Российская Федерация,рубль,I квартал,2016-Q1,26531.0
Российская Федерация,рубль,II квартал,2016-Q2,30103.0
Российская Федерация,рубль,III квартал,2016-Q3,30407.0
Российская Федерация,рубль,IV квартал,2016-Q4,35993.0
Российская Федерация,рубль,значение показателя за год,2016,30717.0
Российская Федерация,рубль,I квартал,2017-Q1,27617.0
Российская Федерация,рубль,II квартал,2017-Q2,31142.0
Российская Федерация,рубль,III квартал,2017-Q3,31160.0
Российская Федерация,рубль,IV квартал,2017-Q4,37029.0
Российская Федерация,рубль,значение показателя за год,2017,31714.0
Российская Федерация,рубль,I квартал,2018-Q1,28848.0
Российская Федерация,рубль,II квартал,2018-Q2,32320.0
Российская Федерация,рубль,III квартал,2018-Q3,32536.0
Российская Федерация,рубль,IV квартал,2018-Q4,38868.0
Российская Федерация,рубль,значение показателя за год,2018,33138.0
Российская Федерация,рубль,I квартал,2019-Q1,30075.0
Российская Федерация,рубль,II квартал,2019-Q2,34424.0
Российская Федерация,рубль,III квартал,2019-Q3,35009.0
Российская Федерация,рубль,IV квартал,2019-Q4,41481.0
Российская Федерация,рубль,значение показателя за год,2019,35233.0
Российская Федерация,рубль,I квартал,2020-Q1,31810.0
Российская Федерация,рубль,II квартал,2020-Q2,33202.0
Российская Федерация,рубль,III квартал,2020-Q3,35123.0
Российская Федерация,рубль,IV квартал,2020-Q4,43355.0
Российская Федерация,рубль,значение показателя за год,2020,35934.0
Центральный федеральный округ,рубль,значение показателя за год,2008,18590.3
Центральный федеральный округ,рубль,значение показателя за год,2009,21931.1
Центральный федеральный округ,рубль,значение показателя за год,2010,24644.7
Центральный федеральный округ,рубль,значение показателя за год,2011,27053.0
Центральный федеральный округ,рубль,I квартал,2012-Q1,24303.0
Центральный федеральный округ,рубль,II квартал,2012-Q2,29537.0
Центральный федеральный округ,рубль,III квартал,2012-Q3,28969.0
Центральный федеральный округ,рубль,IV квартал,2012-Q4,37160.0
Центральный федеральный округ,рубль,значение показателя за год,2012,29884.0
Центральный федеральный округ,рубль,I квартал,2013-Q1,28035.0
Центральный федеральный округ,рубль,II квартал,2013-Q2,33930.0
Центральный федеральный округ,рубль,III квартал,2013-Q3,33561.0
Центральный федеральный округ,рубль,IV квартал,2013-Q4,37981.0
Центральный федеральный округ,рубль,значение показателя за год,2013,33270.0
Центральный федеральный округ,рубль,I квартал,2014-Q1,29226.0
Центральный федеральный округ,рубль,II квартал,2014-Q2,34648.0
Центральный федеральный округ,рубль,III квартал,2014-Q3,34604.0
Центральный федеральный округ,рубль,IV квартал,2014-Q4,39910.0
Центральный федеральный округ,рубль,значение показателя за год,2014,34491.0
Центральный федеральный округ,рубль,I квартал,2015-Q1,33936.0
Центральный федеральный округ,рубль,II квартал,2015-Q2,37950.0
Центральный федеральный округ,рубль,III квартал,2015-Q3,38934.0
Центральный федеральный округ,рубль,IV квартал,2015-Q4,43106.0
Центральный федеральный округ,рубль,значение показателя за год,2015,38351.0
Центральный федеральный округ,рубль,I квартал,2016-Q1,35122.0
Центральный федеральный округ,рубль,II квартал,2016-Q2,39339.0
Центральный федеральный округ,рубль,III квартал,2016-Q3,39411.0
Центральный федеральный округ,рубль,IV квартал,2016-Q4,44928.0
Центральный федеральный округ,рубль,значение показателя за год,2016,39592.0
Центральный федеральный округ,рубль,I квартал,2017-Q1,36364.0
Центральный федеральный округ,рубль,II квартал,2017-Q2,41079.0
Центральный федеральный округ,рубль,III квартал,2017-Q3,39991.0
Центральный федеральный округ,рубль,IV квартал,2017-Q4,47605.0
Центральный федеральный округ,рубль,значение показателя за год,2017,41151.0
Центральный федеральный округ,рубль,I квартал,2018-Q1,38026.0
Центральный федеральный округ,рубль,II квартал,2018-Q2,42973.0
Центральный федеральный округ,рубль,III квартал,2018-Q3,42376.0
Центральный федеральный округ,рубль,IV квартал,2018-Q4,50164.0
Центральный федеральный округ,рубль,значение показателя за год,2018,43290.0
Центральный федеральный округ,рубль,I квартал,2019-Q1,40019.0
Центральный федеральный округ,рубль,II квартал,2019-Q2,46588.0
Центральный федеральный округ,рубль,III квартал,2019-Q3,46294.0
Центральный федеральный округ,рубль,IV квартал,2019-Q4,53423.0
Центральный федеральный округ,рубль,значение показателя за год,2019,46486.0
Центральный федеральный округ,рубль,I квартал,2020-Q1,41545.0
Центральный федеральный округ,рубль,II квартал,2020-Q2,43646.0
Центральный федеральный округ,рубль,III квартал,2020-Q3,45853.0
Центральный федеральный округ,рубль,IV квартал,2020-Q4,58047.0
Центральный федеральный округ,рубль,значение показателя за год,2020,47318.0
Белгородская область,рубль,значение показателя за год,2008,12748.9
Белгородская область,рубль,значение показателя за год,2009,14146.7
Белгородская область,рубль,значение показателя за год,2010,16992.8
Белгородская область,рубль,значение показателя за год,2011,18796.0
Белгородская область,рубль,I квартал,2012-Q1,18248.0
Белгородская область,рубль,II квартал,2012-Q2,21235.0
Белгородская область,рубль,III квартал,2012-Q3,21626.0
Белгородская область,рубль,IV квартал,2012-Q4,25638.0
Белгородская область,рубль,значение показателя за год,2012,21649.0
Белгородская область,рубль,I квартал,2013-Q1,19968.0
Белгородская область,рубль,II квартал,2013-Q2,23480.0
Белгородская область,рубль,III квартал,2013-Q3,23099.0
Белгородская область,рубль,IV квартал,2013-Q4,26478.0
Белгородская область,рубль,значение показателя за год,2013,23229.0
Белгородская область,рубль,I квартал,2014-Q1,20289.0
Белгородская область,рубль,II квартал,2014-Q2,24016.0
Белгородская область,рубль,III квартал,2014-Q3,25823.0
Белгородская область,рубль,IV квартал,2014-Q4,28904.0
Белгородская область,рубль,значение показателя за год,2014,24724.0
Белгородская область,рубль,I квартал,2015-Q1,24255.0
Белгородская область,рубль,II квартал,2015-Q2,27107.0
Белгородская область,рубль,III квартал,2015-Q3,28232.0
Белгородская область,рубль,IV квартал,2015-Q4,32524.0
Белгородская область,рубль,значение показателя за год,2015,28006.0
Белгородская область,рубль,I квартал,2016-Q1,24550.0
Белгородская область,рубль,II квартал,2016-Q2,31215.0
Белгородская область,рубль,III квартал,2016-Q3,30632.0
Белгородская область,рубль,IV квартал,2016-Q4,32727.0
Белгородская область,рубль,значение показателя за год,2016,29751.0
Белгородская область,рубль,I квартал,2017-Q1,27976.0
Белгородская область,рубль,II квартал,2017-Q2,29954.0
Белгородская область,рубль,III квартал,2017-Q3,27922.0
Белгородская область,рубль,IV квартал,2017-Q4,35194.0
Белгородская область,рубль,значение показателя за год,2017,30286.0
Белгородская область,рубль,I квартал,2018-Q1,27995.0
Белгородская область,рубль,II квартал,2018-Q2,27709.0
Белгородская область,рубль,III квартал,2018-Q3,29441.0
Белгородская область,рубль,IV квартал,2018-Q4,37625.0
Белгородская область,рубль,значение показателя за год,2018,30713.0
Белгородская область,рубль,I квартал,2019-Q1,26453.0
Белгородская область,рубль,II квартал,2019-Q2,31011.0
Белгородская область,рубль,III квартал,2019-Q3,32989.0
Белгородская область,рубль,IV квартал,2019-Q4,38922.0
Белгородская область,рубль,значение показателя за год,2019,32322.0
Белгородская область,рубль,I квартал,2020-Q1,28322.0
Белгородская область,рубль,II квартал,2020-Q2,30925.0
Белгородская область,рубль,III квартал,2020-Q3,33758.0
Белгородская область,рубль,IV квартал,2020-Q4,37873.0
Белгородская область,рубль,значение показателя за год,2020,32799.0
Брянская область,рубль,значение показателя за год,2008,10083.4
Брянская область,рубль,значение показателя за год,2009,11484.3
Брянская область,рубль,значение показателя за год,2010,13358.4
Брянская область,рубль,значение показателя за год,2011,15352.0
Брянская область,рубль,I квартал,2012-Q1,14431.0
Брянская область,рубль,II квартал,2012-Q2,17198.0
Брянская область,рубль,III квартал,2012-Q3,17991.0
Брянская область,рубль,IV квартал,2012-Q4,20003.0
Брянская область,рубль,значение показателя за год,2012,17484.0
Брянская область,рубль,I квартал,2013-Q1,16818.0
Брянская область,рубль,II квартал,2013-Q2,18783.0
Брянская область,рубль,III квартал,2013-Q3,18559.0
Брянская область,рубль,IV квартал,2013-Q4,20424.0
Брянская область,рубль,значение показателя за год,2013,18733.0
Брянская область,рубль,I квартал,2014-Q1,17284.0
Брянская область,рубль,II квартал,2014-Q2,20984.0
Брянская область,рубль,III квартал,2014-Q3,21851.0
Брянская область,рубль,IV квартал,2014-Q4,22074.0
Брянская область,рубль,значение показателя за год,2014,20634.0
Брянская область,рубль,I квартал,2015-Q1,19838.0
Брянская область,рубль,II квартал,2015-Q2,23961.0
Брянская область,рубль,III квартал,2015-Q3,25138.0
Брянская область,рубль,IV квартал,2015-Q4,24706.0
Брянская область,рубль,значение показателя за год,2015,23479.0
Брянская область,рубль,I квартал,2016-Q1,19791.0
Брянская область,рубль,II квартал,2016-Q2,24456.0
Брянская область,рубль,III квартал,2016-Q3,24539.0
Брянская область,рубль,IV квартал,2016-Q4,27236.0
Брянская область,рубль,значение показателя за год,2016,24057.0
Брянская область,рубль,I квартал,2017-Q1,22573.0
Брянская область,рубль,II квартал,2017-Q2,25091.0
Брянская область,рубль,III квартал,2017-Q3,25889.0
Брянская область,рубль,IV квартал,2017-Q4,26692.0
Брянская область,рубль,значение показателя за год,2017,25162.0
Брянская область,рубль,I квартал,2018-Q1,23166.0
Брянская область,рубль,II квартал,2018-Q2,25980.0
Брянская область,рубль,III квартал,2018-Q3,27671.0
Брянская область,рубль,IV квартал,2018-Q4,29584.0
Брянская область,рубль,значение показателя за год,2018,26722.0
Брянская область,рубль,I квартал,2019-Q1,24354.0
Брянская область,рубль,II квартал,2019-Q2,27854.0
Брянская область,рубль,III квартал,2019-Q3,29756.0
Брянская область,рубль,IV квартал,2019-Q4,31646.0
Брянская область,рубль,значение показателя за год,2019,28497.0
Брянская область,рубль,I квартал,2020-Q1,25535.0
Брянская область,рубль,II квартал,2020-Q2,24307.0
Брянская область,рубль,III квартал,2020-Q3,29881.0
Брянская область,рубль,IV квартал,2020-Q4,34667.0
Брянская область,рубль,значение показателя за год,2020,28720.0
Владимирская область,рубль,значение показателя за год,2008,9479.9
Владимирская область,рубль,значение показателя за год,2009,10827.5
Владимирская область,рубль,значение показателя за год,2010,12956.2
Владимирская область,рубль,значение показателя за год,2011,14304.0
Владимирская область,рубль,I квартал,2012-Q1,13185.0
Владимирская область,рубль,II квартал,2012-Q2,15895.0
Владимирская область,рубль,III квартал,2012-Q3,16529.0
Владимирская область,рубль,IV квартал,2012-Q4,19003.0
Владимирская область,рубль,значение показателя за год,2012,16201.0
Владимирская область,рубль,I квартал,2013-Q1,15767.0
Владимирская область,рубль,II квартал,2013-Q2,17280.0
Владимирская область,рубль,III квартал,2013-Q3,18228.0
Владимирская область,рубль,IV квартал,2013-Q4,20579.0
Владимирская область,рубль,значение показателя за год,2013,18007.0
Владимирская область,рубль,I квартал,2014-Q1,16208.0
Владимирская область,рубль,II квартал,2014-Q2,19645.0
Владимирская область,рубль,III квартал,2014-Q3,19417.0
Владимирская область,рубль,IV квартал,2014-Q4,22368.0
Владимирская область,рубль,значение показателя за год,2014,19451.0
Владимирская область,рубль,I квартал,2015-Q1,20868.0
Владимирская область,рубль,II квартал,2015-Q2,21768.0
Владимирская область,рубль,III квартал,2015-Q3,22023.0
Владимирская область,рубль,IV квартал,2015-Q4,25502.0
Владимирская область,рубль,значение показателя за год,2015,22593.0
Владимирская область,рубль,I квартал,2016-Q1,20549.0
Владимирская область,рубль,II квартал,2016-Q2,22238.0
Владимирская область,рубль,III квартал,2016-Q3,22393.0
Владимирская область,рубль,IV квартал,2016-Q4,23509.0
Владимирская область,рубль,значение показателя за год,2016,22217.0
Владимирская область,рубль,I квартал,2017-Q1,21753.0
Владимирская область,рубль,II квартал,2017-Q2,23709.0
Владимирская область,рубль,III квартал,2017-Q3,22901.0
Владимирская область,рубль,IV квартал,2017-Q4,24787.0
Владимирская область,рубль,значение показателя за год,2017,23368.0
Владимирская область,рубль,I квартал,2018-Q1,21036.0
Владимирская область,рубль,II квартал,2018-Q2,23407.0
Владимирская область,рубль,III квартал,2018-Q3,22651.0
Владимирская область,рубль,IV квартал,2018-Q4,25918.0
Владимирская область,рубль,значение показателя за год,2018,23344.0
Владимирская область,рубль,I квартал,2019-Q1,21714.0
Владимирская область,рубль,II квартал,2019-Q2,25011.0
Владимирская область,рубль,III квартал,2019-Q3,24951.0
Владимирская область,рубль,IV квартал,2019-Q4,28615.0
Владимирская область,рубль,значение показателя за год,2019,25125.0
Владимирская область,рубль,I квартал,2020-Q1,23323.0
Владимирская область,рубль,II квартал,2020-Q2,24790.0
Владимирская область,рубль,III квартал,2020-Q3,25246.0
Владимирская область,рубль,IV квартал,2020-Q4,28689.0
Владимирская область,рубль,значение показателя за год,2020,25649.0
Воронежская область,рубль,значение показателя за год,2008,10586.8
Воронежская область,рубль,значение показателя за год,2009,11999.4
Воронежская область,рубль,значение показателя за год,2010,13883.3
Воронежская область,рубль,значение показателя за год,2011,15904.0
Воронежская область,рубль,I квартал,2012-Q1,14543.0
Воронежская область,рубль,II квартал,2012-Q2,18707.0
Воронежская область,рубль,III квартал,2012-Q3,18889.0
Воронежская область,рубль,IV квартал,2012-Q4,23595.0
Воронежская область,рубль,значение показателя за год,2012,18933.0
Воронежская область,рубль,I квартал,2013-Q1,17359.0
Воронежская область,рубль,II квартал,2013-Q2,20336.0
Воронежская область,рубль,III квартал,2013-Q3,21607.0
Воронежская область,рубль,IV квартал,2013-Q4,27309.0
Воронежская область,рубль,значение показателя за год,2013,21653.0
Воронежская область,рубль,I квартал,2014-Q1,19710.0
Воронежская область,рубль,II квартал,2014-Q2,23328.0
Воронежская область,рубль,III квартал,2014-Q3,26169.0
Воронежская область,рубль,IV квартал,2014-Q4,30566.0
Воронежская область,рубль,значение показателя за год,2014,24924.0
Воронежская область,рубль,I квартал,2015-Q1,25457.0
Воронежская область,рубль,II квартал,2015-Q2,27821.0
Воронежская область,рубль,III квартал,2015-Q3,31094.0
Воронежская область,рубль,IV квартал,2015-Q4,32886.0
Воронежская область,рубль,значение показателя за год,2015,29291.0
Воронежская область,рубль,I квартал,2016-Q1,26590.0
Воронежская область,рубль,II квартал,2016-Q2,29396.0
Воронежская область,рубль,III квартал,2016-Q3,28896.0
Воронежская область,рубль,IV квартал,2016-Q4,31970.0
Воронежская область,рубль,значение показателя за год,2016,29192.0
Воронежская область,рубль,I квартал,2017-Q1,27437.0
Воронежская область,рубль,II квартал,2017-Q2,29287.0
Воронежская область,рубль,III квартал,2017-Q3,29275.0
Воронежская область,рубль,IV квартал,2017-Q4,31548.0
Воронежская область,рубль,значение показателя за год,2017,29388.0
Воронежская область,рубль,I квартал,2018-Q1,27265.0
Воронежская область,рубль,II квартал,2018-Q2,30034.0
Воронежская область,рубль,III квартал,2018-Q3,30004.0
Воронежская область,рубль,IV квартал,2018-Q4,33212.0
Воронежская область,рубль,значение показателя за год,2018,30158.0
Воронежская область,рубль,I квартал,2019-Q1,27181.0
Воронежская область,рубль,II квартал,2019-Q2,31404.0
Воронежская область,рубль,III квартал,2019-Q3,33332.0
Воронежская область,рубль,IV квартал,2019-Q4,35484.0
Воронежская область,рубль,значение показателя за год,2019,31865.0
Воронежская область,рубль,I квартал,2020-Q1,28942.0
Воронежская область,рубль,II квартал,2020-Q2,29035.0
Воронежская область,рубль,III квартал,2020-Q3,32003.0
Воронежская область,рубль,IV квартал,2020-Q4,37251.0
Воронежская область,рубль,значение показателя за год,2020,31925.0
Ивановская область,рубль,значение показателя за год,2008,8343.1
Ивановская область,рубль,значение показателя за год,2009,9351.2
Ивановская область,рубль,значение показателя за год,2010,11123.5
Ивановская область,рубль,значение показателя за год,2011,13036.0
Ивановская область,рубль,I квартал,2012-Q1,13735.0
Ивановская область,рубль,II квартал,2012-Q2,15554.0
Ивановская область,рубль,III квартал,2012-Q3,15693.0
Ивановская область,рубль,IV квартал,2012-Q4,19224.0
Ивановская область,рубль,значение показателя за год,2012,16128.0
Ивановская область,рубль,I квартал,2013-Q1,15157.0
Ивановская область,рубль,II квартал,2013-Q2,17497.0
Ивановская область,рубль,III квартал,2013-Q3,17658.0
Ивановская область,рубль,IV квартал,2013-Q4,21176.0
Ивановская область,рубль,значение показателя за год,2013,17964.0
Ивановская область,рубль,I квартал,2014-Q1,16936.0
Ивановская область,рубль,II квартал,2014-Q2,20424.0
Ивановская область,рубль,III квартал,2014-Q3,19492.0
Ивановская область,рубль,IV квартал,2014-Q4,23362.0
Ивановская область,рубль,значение показателя за год,2014,20163.0
Ивановская область,рубль,I квартал,2015-Q1,18261.0
Ивановская область,рубль,II квартал,2015-Q2,21945.0
Ивановская область,рубль,III квартал,2015-Q3,22271.0
Ивановская область,рубль,IV квартал,2015-Q4,28113.0
Ивановская область,рубль,значение показателя за год,2015,22783.0
Ивановская область,рубль,I квартал,2016-Q1,20961.0
Ивановская область,рубль,II квартал,2016-Q2,23472.0
Ивановская область,рубль,III квартал,2016-Q3,24466.0
Ивановская область,рубль,IV квартал,2016-Q4,27805.0
Ивановская область,рубль,значение показателя за год,2016,24314.0
Ивановская область,рубль,I квартал,2017-Q1,22983.0
Ивановская область,рубль,II квартал,2017-Q2,23482.0
Ивановская область,рубль,III квартал,2017-Q3,24475.0
Ивановская область,рубль,IV квартал,2017-Q4,31006.0
Ивановская область,рубль,значение показателя за год,2017,25658.0
Ивановская область,рубль,I квартал,2018-Q1,22744.0
Ивановская область,рубль,II квартал,2018-Q2,24240.0
Ивановская область,рубль,III квартал,2018-Q3,22758.0
Ивановская область,рубль,IV квартал,2018-Q4,31153.0
Ивановская область,рубль,значение показателя за год,2018,25421.0
Ивановская область,рубль,I квартал,2019-Q1,23264.0
Ивановская область,рубль,II квартал,2019-Q2,27232.0
Ивановская область,рубль,III квартал,2019-Q3,25394.0
Ивановская область,рубль,IV квартал,2019-Q4,31064.0
Ивановская область,рубль,значение показателя за год,2019,26902.0
Ивановская область,рубль,I квартал,2020-Q1,24702.0
Ивановская область,рубль,II квартал,2020-Q2,26518.0
Ивановская область,рубль,III квартал,2020-Q3,25929.0
Ивановская область,рубль,IV квартал,2020-Q4,32228.0
Ивановская область,рубль,значение показателя за год,2020,27558.0
Калужская область,рубль,значение показателя за год,2008,11612.4
Калужская область,рубль,значение показателя за год,2009,13379.8
Калужская область,рубль,значение показателя за год,2010,15477.4
Калужская область,рубль,значение показателя за год,2011,17509.0
Калужская область,рубль,I квартал,2012-Q1,16213.0
Калужская область,рубль,II квартал,2012-Q2,20123.0
Калужская область,рубль,III квартал,2012-Q3,20349.0
Калужская область,рубль,IV квартал,2012-Q4,25723.0
Калужская область,рубль,значение показателя за год,2012,20573.0
Калужская область,рубль,I квартал,2013-Q1,20310.0
Калужская область,рубль,II квартал,2013-Q2,21098.0
Калужская область,рубль,III квартал,2013-Q3,21091.0
Калужская область,рубль,IV квартал,2013-Q4,25458.0
Калужская область,рубль,значение показателя за год,2013,21943.0
Калужская область,рубль,I квартал,2014-Q1,20482.0
Калужская область,рубль,II квартал,2014-Q2,22721.0
Калужская область,рубль,III квартал,2014-Q3,23683.0
Калужская область,рубль,IV квартал,2014-Q4,29108.0
Калужская область,рубль,значение показателя за год,2014,23868.0
Калужская область,рубль,I квартал,2015-Q1,25246.0
Калужская область,рубль,II квартал,2015-Q2,26354.0
Калужская область,рубль,III квартал,2015-Q3,26538.0
Калужская область,рубль,IV квартал,2015-Q4,29265.0
Калужская область,рубль,значение показателя за год,2015,26787.0
Калужская область,рубль,I квартал,2016-Q1,25328.0
Калужская область,рубль,II квартал,2016-Q2,29041.0
Калужская область,рубль,III квартал,2016-Q3,28274.0
Калужская область,рубль,IV квартал,2016-Q4,29804.0
Калужская область,рубль,значение показателя за год,2016,27971.0
Калужская область,рубль,I квартал,2017-Q1,27008.0
Калужская область,рубль,II квартал,2017-Q2,27494.0
Калужская область,рубль,III квартал,2017-Q3,25684.0
Калужская область,рубль,IV квартал,2017-Q4,30944.0
Калужская область,рубль,значение показателя за год,2017,27741.0
Калужская область,рубль,I квартал,2018-Q1,26202.0
Калужская область,рубль,II квартал,2018-Q2,27944.0
Калужская область,рубль,III квартал,2018-Q3,26137.0
Калужская область,рубль,IV квартал,2018-Q4,32011.0
Калужская область,рубль,значение показателя за год,2018,28036.0
Калужская область,рубль,I квартал,2019-Q1,27866.0
Калужская область,рубль,II квартал,2019-Q2,29402.0
Калужская область,рубль,III квартал,2019-Q3,29197.0
Калужская область,рубль,IV квартал,2019-Q4,33549.0
Калужская область,рубль,значение показателя за год,2019,30021.0
Калужская область,рубль,I квартал,2020-Q1,28895.0
Калужская область,рубль,II квартал,2020-Q2,30073.0
Калужская область,рубль,III квартал,2020-Q3,31066.0
Калужская область,рубль,IV квартал,2020-Q4,33965.0
Калужская область,рубль,значение показателя за год,2020,30943.0
Костромская область,рубль,значение показателя за год,2008,9607.9
Костромская область,рубль,значение показателя за год,2009,10695.6
Костромская область,рубль,значение показателя за год,2010,13314.8
Костромская область,рубль,значение показателя за год,2011,14619.0
Костромская область,рубль,I квартал,2012-Q1,13703.0
Костромская область,рубль,II квартал,2012-Q2,15228.0
Костромская область,рубль,III квартал,2012-Q3,16248.0
Костромская область,рубль,IV квартал,2012-Q4,18540.0
Костромская область,рубль,значение показателя за год,2012,16011.0
Костромская область,рубль,I квартал,2013-Q1,15134.0
Костромская область,рубль,II квартал,2013-Q2,16924.0
Костромская область,рубль,III квартал,2013-Q3,17160.0
Костромская область,рубль,IV квартал,2013-Q4,19340.0
Костромская область,рубль,значение показателя за год,2013,17225.0
Костромская область,рубль,I квартал,2014-Q1,16857.0
Костромская область,рубль,II квартал,2014-Q2,18851.0
Костромская область,рубль,III квартал,2014-Q3,19453.0
Костромская область,рубль,IV квартал,2014-Q4,22563.0
Костромская область,рубль,значение показателя за год,2014,19520.0
Костромская область,рубль,I квартал,2015-Q1,20308.0
Костромская область,рубль,II квартал,2015-Q2,22053.0
Костромская область,рубль,III квартал,2015-Q3,21932.0
Костромская область,рубль,IV квартал,2015-Q4,25415.0
Костромская область,рубль,значение показателя за год,2015,22550.0
Костромская область,рубль,I квартал,2016-Q1,22162.0
Костромская область,рубль,II квартал,2016-Q2,23020.0
Костромская область,рубль,III квартал,2016-Q3,23164.0
Костромская область,рубль,IV квартал,2016-Q4,26997.0
Костромская область,рубль,значение показателя за год,2016,23974.0
Костромская область,рубль,I квартал,2017-Q1,23300.0
Костромская область,рубль,II квартал,2017-Q2,24419.0
Костромская область,рубль,III квартал,2017-Q3,24798.0
Костромская область,рубль,IV квартал,2017-Q4,27139.0
Костромская область,рубль,значение показателя за год,2017,25090.0
Костромская область,рубль,I квартал,2018-Q1,23702.0
Костромская область,рубль,II квартал,2018-Q2,25602.0
Костромская область,рубль,III квартал,2018-Q3,23289.0
Костромская область,рубль,IV квартал,2018-Q4,26057.0
Костромская область,рубль,значение показателя за год,2018,24866.0
Костромская область,рубль,I квартал,2019-Q1,24892.0
Костромская область,рубль,II квартал,2019-Q2,27057.0
Костромская область,рубль,III квартал,2019-Q3,25411.0
Костромская область,рубль,IV квартал,2019-Q4,28871.0
Костромская область,рубль,значение показателя за год,2019,26727.0
Костромская область,рубль,I квартал,2020-Q1,25276.0
Костромская область,рубль,II квартал,2020-Q2,26771.0
Костромская область,рубль,III квартал,2020-Q3,26943.0
Костромская область,рубль,IV квартал,2020-Q4,29835.0
Костромская область,рубль,значение показателя за год,2020,27408.0
Курская область,рубль,значение показателя за год,2008,11523.9
Курская область,рубль,значение показателя за год,2009,12801.5
Курская область,рубль,значение показателя за год,2010,14685.1
Курская область,рубль,значение показателя за год,2011,16391.0
Курская область,рубль,I квартал,2012-Q1,15243.0
Курская область,рубль,II квартал,2012-Q2,18603.0
Курская область,рубль,III квартал,2012-Q3,19434.0
Курская область,рубль,IV квартал,2012-Q4,22142.0
Курская область,рубль,значение показателя за год,2012,18879.0
Курская область,рубль,I квартал,2013-Q1,16535.0
Курская область,рубль,II квартал,2013-Q2,17784.0
Курская область,рубль,III квартал,2013-Q3,18692.0
Курская область,рубль,IV квартал,2013-Q4,24794.0
Курская область,рубль,значение показателя за год,2013,19459.0
Курская область,рубль,I квартал,2014-Q1,19409.0
Курская область,рубль,II квартал,2014-Q2,20176.0
Курская область,рубль,III квартал,2014-Q3,22785.0
Курская область,рубль,IV квартал,2014-Q4,25135.0
Курская область,рубль,значение показателя за год,2014,21897.0
Курская область,рубль,I квартал,2015-Q1,21853.0
Курская область,рубль,II квартал,2015-Q2,23802.0
Курская область,рубль,III квартал,2015-Q3,25323.0
Курская область,рубль,IV квартал,2015-Q4,30657.0
Курская область,рубль,значение показателя за год,2015,25383.0
Курская область,рубль,I квартал,2016-Q1,21905.0
Курская область,рубль,II квартал,2016-Q2,24908.0
Курская область,рубль,III квартал,2016-Q3,25901.0
Курская область,рубль,IV квартал,2016-Q4,29065.0
Курская область,рубль,значение показателя за год,2016,25416.0
Курская область,рубль,I квартал,2017-Q1,23466.0
Курская область,рубль,II квартал,2017-Q2,25273.0
Курская область,рубль,III квартал,2017-Q3,25673.0
Курская область,рубль,IV квартал,2017-Q4,29947.0
Курская область,рубль,значение показателя за год,2017,26185.0
Курская область,рубль,I квартал,2018-Q1,23611.0
Курская область,рубль,II квартал,2018-Q2,26682.0
Курская область,рубль,III квартал,2018-Q3,27128.0
Курская область,рубль,IV квартал,2018-Q4,31627.0
Курская область,рубль,значение показателя за год,2018,27369.0
Курская область,рубль,I квартал,2019-Q1,25350.0
Курская область,рубль,II квартал,2019-Q2,28452.0
Курская область,рубль,III квартал,2019-Q3,29092.0
Курская область,рубль,IV квартал,2019-Q4,33948.0
Курская область,рубль,значение показателя за год,2019,29258.0
Курская область,рубль,I квартал,2020-Q1,26358.0
Курская область,рубль,II квартал,2020-Q2,28780.0
Курская область,рубль,III квартал,2020-Q3,29785.0
Курская область,рубль,IV квартал,2020-Q4,34309.0
Курская область,рубль,значение показателя за год,2020,29917.0
Липецкая область,рубль,значение показателя за год,2008,12085.1
Липецкая область,рубль,значение показателя за год,2009,14487.2
Липецкая область,рубль,значение показателя за год,2010,15935.8
Липецкая область,рубль,значение показателя за год,2011,16796.0
Липецкая область,рубль,I квартал,2012-Q1,16535.0
Липецкая область,рубль,II квартал,2012-Q2,19869.0
Липецкая область,рубль,III квартал,2012-Q3,19727.0
Липецкая область,рубль,IV квартал,2012-Q4,22915.0
Липецкая область,рубль,значение показателя за год,2012,19775.0
Липецкая область,рубль,I квартал,2013-Q1,19381.0
Липецкая область,рубль,II квартал,2013-Q2,20513.0
Липецкая область,рубль,III квартал,2013-Q3,21163.0
Липецкая область,рубль,IV квартал,2013-Q4,26361.0
Липецкая область,рубль,значение показателя за год,2013,21858.0
Липецкая область,рубль,I квартал,2014-Q1,19785.0
Липецкая область,рубль,II квартал,2014-Q2,23488.0
Липецкая область,рубль,III квартал,2014-Q3,24273.0
Липецкая область,рубль,IV квартал,2014-Q4,29525.0
Липецкая область,рубль,значение показателя за год,2014,24267.0
Липецкая область,рубль,I квартал,2015-Q1,22592.0
Липецкая область,рубль,II квартал,2015-Q2,26594.0
Липецкая область,рубль,III квартал,2015-Q3,26665.0
Липецкая область,рубль,IV квартал,2015-Q4,31643.0
Липецкая область,рубль,значение показателя за год,2015,26864.0
Липецкая область,рубль,I квартал,2016-Q1,24158.0
Липецкая область,рубль,II квартал,2016-Q2,27106.0
Липецкая область,рубль,III квартал,2016-Q3,27286.0
Липецкая область,рубль,IV квартал,2016-Q4,32148.0
Липецкая область,рубль,значение показателя за год,2016,27645.0
Липецкая область,рубль,I квартал,2017-Q1,25325.0
Липецкая область,рубль,II квартал,2017-Q2,28245.0
Липецкая область,рубль,III квартал,2017-Q3,27617.0
Липецкая область,рубль,IV квартал,2017-Q4,33022.0
Липецкая область,рубль,значение показателя за год,2017,28598.0
Липецкая область,рубль,I квартал,2018-Q1,25421.0
Липецкая область,рубль,II квартал,2018-Q2,28812.0
Липецкая область,рубль,III квартал,2018-Q3,29421.0
Липецкая область,рубль,IV квартал,2018-Q4,34526.0
Липецкая область,рубль,значение показателя за год,2018,29593.0
Липецкая область,рубль,I квартал,2019-Q1,27697.0
Липецкая область,рубль,II квартал,2019-Q2,31310.0
Липецкая область,рубль,III квартал,2019-Q3,32705.0
Липецкая область,рубль,IV квартал,2019-Q4,36154.0
Липецкая область,рубль,значение показателя за год,2019,31999.0
Липецкая область,рубль,I квартал,2020-Q1,29451.0
Липецкая область,рубль,II квартал,2020-Q2,29822.0
Липецкая область,рубль,III квартал,2020-Q3,31543.0
Липецкая область,рубль,IV квартал,2020-Q4,36413.0
Липецкая область,рубль,значение показателя за год,2020,31932.0
Московская область,рубль,значение показателя за год,2008,19046.8
Московская область,рубль,значение показателя за год,2009,20064.1
Московская область,рубль,значение показателя за год,2010,22641.0
Московская область,рубль,значение показателя за год,2011,25524.0
Московская область,рубль,I квартал,2012-Q1,23964.0
Московская область,рубль,II квартал,2012-Q2,28783.0
Московская область,рубль,III квартал,2012-Q3,29776.0
Московская область,рубль,IV квартал,2012-Q4,35678.0
Московская область,рубль,значение показателя за год,2012,29264.0
Московская область,рубль,I квартал,2013-Q1,24235.0
Московская область,рубль,II квартал,2013-Q2,33030.0
Московская область,рубль,III квартал,2013-Q3,35109.0
Московская область,рубль,IV квартал,2013-Q4,34239.0
Московская область,рубль,значение показателя за год,2013,31368.0
Московская область,рубль,I квартал,2014-Q1,27743.0
Московская область,рубль,II квартал,2014-Q2,32207.0
Московская область,рубль,III квартал,2014-Q3,33014.0
Московская область,рубль,IV квартал,2014-Q4,39185.0
Московская область,рубль,значение показателя за год,2014,32718.0
Московская область,рубль,I квартал,2015-Q1,33235.0
Московская область,рубль,II квартал,2015-Q2,35624.0
Московская область,рубль,III квартал,2015-Q3,35470.0
Московская область,рубль,IV квартал,2015-Q4,41667.0
Московская область,рубль,значение показателя за год,2015,36170.0
Московская область,рубль,I квартал,2016-Q1,37712.0
Московская область,рубль,II квартал,2016-Q2,38154.0
Московская область,рубль,III квартал,2016-Q3,36891.0
Московская область,рубль,IV квартал,2016-Q4,43153.0
Московская область,рубль,значение показателя за год,2016,38596.0
Московская область,рубль,I квартал,2017-Q1,36098.0
Московская область,рубль,II квартал,2017-Q2,38683.0
Московская область,рубль,III квартал,2017-Q3,38244.0
Московская область,рубль,IV квартал,2017-Q4,45789.0
Московская область,рубль,значение показателя за год,2017,39386.0
Московская область,рубль,I квартал,2018-Q1,36521.0
Московская область,рубль,II квартал,2018-Q2,40788.0
Московская область,рубль,III квартал,2018-Q3,42071.0
Московская область,рубль,IV квартал,2018-Q4,47712.0
Московская область,рубль,значение показателя за год,2018,41402.0
Московская область,рубль,I квартал,2019-Q1,37501.0
Московская область,рубль,II квартал,2019-Q2,44739.0
Московская область,рубль,III квартал,2019-Q3,43561.0
Московская область,рубль,IV квартал,2019-Q4,50680.0
Московская область,рубль,значение показателя за год,2019,43749.0
Московская область,рубль,I квартал,2020-Q1,39396.0
Московская область,рубль,II квартал,2020-Q2,39969.0
Московская область,рубль,III квартал,2020-Q3,41438.0
Московская область,рубль,IV квартал,2020-Q4,53188.0
Московская область,рубль,значение показателя за год,2020,43332.0
Орловская область,рубль,значение показателя за год,2008,10027.3
Орловская область,рубль,значение показателя за год,2009,10926.5
Орловская область,рубль,значение показателя за год,2010,13114.6
Орловская область,рубль,значение показателя за год,2011,14828.0
Орловская область,рубль,I квартал,2012-Q1,14655.0
Орловская область,рубль,II квартал,2012-Q2,16330.0
Орловская область,рубль,III квартал,2012-Q3,16914.0
Орловская область,рубль,IV квартал,2012-Q4,19203.0
Орловская область,рубль,значение показателя за год,2012,16838.0
Орловская область,рубль,I квартал,2013-Q1,14658.0
Орловская область,рубль,II квартал,2013-Q2,16757.0
Орловская область,рубль,III квартал,2013-Q3,16921.0
Орловская область,рубль,IV квартал,2013-Q4,20476.0
Орловская область,рубль,значение показателя за год,2013,17272.0
Орловская область,рубль,I квартал,2014-Q1,15500.0
Орловская область,рубль,II квартал,2014-Q2,18342.0
Орловская область,рубль,III квартал,2014-Q3,19505.0
Орловская область,рубль,IV квартал,2014-Q4,22552.0
Орловская область,рубль,значение показателя за год,2014,19038.0
Орловская область,рубль,I квартал,2015-Q1,20090.0
Орловская область,рубль,II квартал,2015-Q2,22438.0
Орловская область,рубль,III квартал,2015-Q3,21638.0
Орловская область,рубль,IV квартал,2015-Q4,24102.0
Орловская область,рубль,значение показателя за год,2015,22152.0
Орловская область,рубль,I квартал,2016-Q1,19278.0
Орловская область,рубль,II квартал,2016-Q2,23427.0
Орловская область,рубль,III квартал,2016-Q3,23024.0
Орловская область,рубль,IV квартал,2016-Q4,26220.0
Орловская область,рубль,значение показателя за год,2016,23067.0
Орловская область,рубль,I квартал,2017-Q1,21860.0
Орловская область,рубль,II квартал,2017-Q2,23734.0
Орловская область,рубль,III квартал,2017-Q3,23276.0
Орловская область,рубль,IV квартал,2017-Q4,26846.0
Орловская область,рубль,значение показателя за год,2017,24056.0
Орловская область,рубль,I квартал,2018-Q1,21763.0
Орловская область,рубль,II квартал,2018-Q2,24730.0
Орловская область,рубль,III квартал,2018-Q3,24779.0
Орловская область,рубль,IV квартал,2018-Q4,28135.0
Орловская область,рубль,значение показателя за год,2018,24989.0
Орловская область,рубль,I квартал,2019-Q1,22683.0
Орловская область,рубль,II квартал,2019-Q2,25948.0
Орловская область,рубль,III квартал,2019-Q3,26504.0
Орловская область,рубль,IV квартал,2019-Q4,29599.0
Орловская область,рубль,значение показателя за год,2019,26297.0
Орловская область,рубль,I квартал,2020-Q1,23622.0
Орловская область,рубль,II квартал,2020-Q2,25021.0
Орловская область,рубль,III квартал,2020-Q3,27450.0
Орловская область,рубль,IV квартал,2020-Q4,31709.0
Орловская область,рубль,значение показателя за год,2020,27121.0
Рязанская область,рубль,значение показателя за год,2008,11214.8
Рязанская область,рубль,значение показателя за год,2009,11968.4
Рязанская область,рубль,значение показателя за год,2010,13886.3
Рязанская область,рубль,значение показателя за год,2011,14781.0
Рязанская область,рубль,I квартал,2012-Q1,14141.0
Рязанская область,рубль,II квартал,2012-Q2,17507.0
Рязанская область,рубль,III квартал,2012-Q3,17913.0
Рязанская область,рубль,IV квартал,2012-Q4,20862.0
Рязанская область,рубль,значение показателя за год,2012,17625.0
Рязанская область,рубль,I квартал,2013-Q1,15844.0
Рязанская область,рубль,II квартал,2013-Q2,18065.0
Рязанская область,рубль,III квартал,2013-Q3,17915.0
Рязанская область,рубль,IV квартал,2013-Q4,23622.0
Рязанская область,рубль,значение показателя за год,2013,18883.0
Рязанская область,рубль,I квартал,2014-Q1,17233.0
Рязанская область,рубль,II квартал,2014-Q2,21859.0
Рязанская область,рубль,III квартал,2014-Q3,21385.0
Рязанская область,рубль,IV квартал,2014-Q4,24415.0
Рязанская область,рубль,значение показателя за год,2014,21262.0
Рязанская область,рубль,I квартал,2015-Q1,19477.0
Рязанская область,рубль,II квартал,2015-Q2,22727.0
Рязанская область,рубль,III квартал,2015-Q3,22862.0
Рязанская область,рубль,IV квартал,2015-Q4,29074.0
Рязанская область,рубль,значение показателя за год,2015,23578.0
Рязанская область,рубль,I квартал,2016-Q1,20188.0
Рязанская область,рубль,II квартал,2016-Q2,22815.0
Рязанская область,рубль,III квартал,2016-Q3,22271.0
Рязанская область,рубль,IV квартал,2016-Q4,29279.0
Рязанская область,рубль,значение показателя за год,2016,23660.0
Рязанская область,рубль,I квартал,2017-Q1,20554.0
Рязанская область,рубль,II квартал,2017-Q2,22765.0
Рязанская область,рубль,III квартал,2017-Q3,22597.0
Рязанская область,рубль,IV квартал,2017-Q4,30330.0
Рязанская область,рубль,значение показателя за год,2017,24104.0
Рязанская область,рубль,I квартал,2018-Q1,21513.0
Рязанская область,рубль,II квартал,2018-Q2,23452.0
Рязанская область,рубль,III квартал,2018-Q3,23455.0
Рязанская область,рубль,IV квартал,2018-Q4,32265.0
Рязанская область,рубль,значение показателя за год,2018,25239.0
Рязанская область,рубль,I квартал,2019-Q1,21948.0
Рязанская область,рубль,II квартал,2019-Q2,25803.0
Рязанская область,рубль,III квартал,2019-Q3,25867.0
Рязанская область,рубль,IV квартал,2019-Q4,32749.0
Рязанская область,рубль,значение показателя за год,2019,26639.0
Рязанская область,рубль,I квартал,2020-Q1,23136.0
Рязанская область,рубль,II квартал,2020-Q2,25679.0
Рязанская область,рубль,III квартал,2020-Q3,26188.0
Рязанская область,рубль,IV квартал,2020-Q4,32722.0
Рязанская область,рубль,значение показателя за год,2020,27044.0
Смоленская область,рубль,значение показателя за год,2008,11222.5
Смоленская область,рубль,значение показателя за год,2009,12616.0
Смоленская область,рубль,значение показателя за год,2010,14546.0
Смоленская область,рубль,значение показателя за год,2011,15987.0
Смоленская область,рубль,I квартал,2012-Q1,15410.0
Смоленская область,рубль,II квартал,2012-Q2,17805.0
Смоленская область,рубль,III квартал,2012-Q3,18512.0
Смоленская область,рубль,IV квартал,2012-Q4,21460.0
Смоленская область,рубль,значение показателя за год,2012,18367.0
Смоленская область,рубль,I квартал,2013-Q1,16448.0
Смоленская область,рубль,II квартал,2013-Q2,18803.0
Смоленская область,рубль,III квартал,2013-Q3,18629.0
Смоленская область,рубль,IV квартал,2013-Q4,20051.0
Смоленская область,рубль,значение показателя за год,2013,18573.0
Смоленская область,рубль,I квартал,2014-Q1,17305.0
Смоленская область,рубль,II квартал,2014-Q2,19808.0
Смоленская область,рубль,III квартал,2014-Q3,20148.0
Смоленская область,рубль,IV квартал,2014-Q4,25088.0
Смоленская область,рубль,значение показателя за год,2014,20644.0
Смоленская область,рубль,I квартал,2015-Q1,22677.0
Смоленская область,рубль,II квартал,2015-Q2,23556.0
Смоленская область,рубль,III квартал,2015-Q3,23831.0
Смоленская область,рубль,IV квартал,2015-Q4,25098.0
Смоленская область,рубль,значение показателя за год,2015,23893.0
Смоленская область,рубль,I квартал,2016-Q1,21324.0
Смоленская область,рубль,II квартал,2016-Q2,24161.0
Смоленская область,рубль,III квартал,2016-Q3,22858.0
Смоленская область,рубль,IV квартал,2016-Q4,26905.0
Смоленская область,рубль,значение показателя за год,2016,23905.0
Смоленская область,рубль,I квартал,2017-Q1,23571.0
Смоленская область,рубль,II квартал,2017-Q2,25634.0
Смоленская область,рубль,III квартал,2017-Q3,24521.0
Смоленская область,рубль,IV квартал,2017-Q4,26462.0
Смоленская область,рубль,значение показателя за год,2017,25125.0
Смоленская область,рубль,I квартал,2018-Q1,24348.0
Смоленская область,рубль,II квартал,2018-Q2,27059.0
Смоленская область,рубль,III квартал,2018-Q3,25629.0
Смоленская область,рубль,IV квартал,2018-Q4,28140.0
Смоленская область,рубль,значение показателя за год,2018,26421.0
Смоленская область,рубль,I квартал,2019-Q1,24549.0
Смоленская область,рубль,II квартал,2019-Q2,27918.0
Смоленская область,рубль,III квартал,2019-Q3,27166.0
Смоленская область,рубль,IV квартал,2019-Q4,31841.0
Смоленская область,рубль,значение показателя за год,2019,28012.0
Смоленская область,рубль,I квартал,2020-Q1,25626.0
Смоленская область,рубль,II квартал,2020-Q2,27860.0
Смоленская область,рубль,III квартал,2020-Q3,27240.0
Смоленская область,рубль,IV квартал,2020-Q4,33754.0
Смоленская область,рубль,значение показателя за год,2020,28870.0
Тамбовская область,рубль,значение показателя за год,2008,11144.9
Тамбовская область,рубль,значение показателя за год,2009,11970.2
Тамбовская область,рубль,значение показателя за год,2010,13630.8
Тамбовская область,рубль,значение показателя за год,2011,15152.0
Тамбовская область,рубль,I квартал,2012-Q1,13749.0
Тамбовская область,рубль,II квартал,2012-Q2,16356.0
Тамбовская область,рубль,III квартал,2012-Q3,17679.0
Тамбовская область,рубль,IV квартал,2012-Q4,21805.0
Тамбовская область,рубль,значение показателя за год,2012,17453.0
Тамбовская область,рубль,I квартал,2013-Q1,15971.0
Тамбовская область,рубль,II квартал,2013-Q2,18567.0
Тамбовская область,рубль,III квартал,2013-Q3,19606.0
Тамбовская область,рубль,IV квартал,2013-Q4,24371.0
Тамбовская область,рубль,значение показателя за год,2013,19690.0
Тамбовская область,рубль,I квартал,2014-Q1,17734.0
Тамбовская область,рубль,II квартал,2014-Q2,20514.0
Тамбовская область,рубль,III квартал,2014-Q3,23270.0
Тамбовская область,рубль,IV квартал,2014-Q4,25209.0
Тамбовская область,рубль,значение показателя за год,2014,21750.0
Тамбовская область,рубль,I квартал,2015-Q1,19611.0
Тамбовская область,рубль,II квартал,2015-Q2,23668.0
Тамбовская область,рубль,III квартал,2015-Q3,26182.0
Тамбовская область,рубль,IV квартал,2015-Q4,29477.0
Тамбовская область,рубль,значение показателя за год,2015,24876.0
Тамбовская область,рубль,I квартал,2016-Q1,21018.0
Тамбовская область,рубль,II квартал,2016-Q2,25396.0
Тамбовская область,рубль,III квартал,2016-Q3,26544.0
Тамбовская область,рубль,IV квартал,2016-Q4,29672.0
Тамбовская область,рубль,значение показателя за год,2016,25782.0
Тамбовская область,рубль,I квартал,2017-Q1,22150.0
Тамбовская область,рубль,II квартал,2017-Q2,24384.0
Тамбовская область,рубль,III квартал,2017-Q3,27185.0
Тамбовская область,рубль,IV квартал,2017-Q4,30238.0
Тамбовская область,рубль,значение показателя за год,2017,26072.0
Тамбовская область,рубль,I квартал,2018-Q1,22241.0
Тамбовская область,рубль,II квартал,2018-Q2,24923.0
Тамбовская область,рубль,III квартал,2018-Q3,27283.0
Тамбовская область,рубль,IV квартал,2018-Q4,32004.0
Тамбовская область,рубль,значение показателя за год,2018,26843.0
Тамбовская область,рубль,I квартал,2019-Q1,23621.0
Тамбовская область,рубль,II квартал,2019-Q2,26649.0
Тамбовская область,рубль,III квартал,2019-Q3,28953.0
Тамбовская область,рубль,IV квартал,2019-Q4,32954.0
Тамбовская область,рубль,значение показателя за год,2019,28176.0
Тамбовская область,рубль,I квартал,2020-Q1,25276.0
Тамбовская область,рубль,II квартал,2020-Q2,24581.0
Тамбовская область,рубль,III квартал,2020-Q3,27455.0
Тамбовская область,рубль,IV квартал,2020-Q4,33672.0
Тамбовская область,рубль,значение показателя за год,2020,27924.0
Тверская область,рубль,значение показателя за год,2008,10803.3
Тверская область,рубль,значение показателя за год,2009,12185.0
Тверская область,рубль,значение показателя за год,2010,13872.6
Тверская область,рубль,значение показателя за год,2011,14946.0
Тверская область,рубль,I квартал,2012-Q1,14289.0
Тверская область,рубль,II квартал,2012-Q2,16829.0
Тверская область,рубль,III квартал,2012-Q3,16633.0
Тверская область,рубль,IV квартал,2012-Q4,21189.0
Тверская область,рубль,значение показателя за год,2012,17290.0
Тверская область,рубль,I квартал,2013-Q1,15946.0
Тверская область,рубль,II квартал,2013-Q2,19131.0
Тверская область,рубль,III квартал,2013-Q3,18084.0
Тверская область,рубль,IV квартал,2013-Q4,23700.0
Тверская область,рубль,значение показателя за год,2013,19282.0
Тверская область,рубль,I квартал,2014-Q1,17095.0
Тверская область,рубль,II квартал,2014-Q2,20490.0
Тверская область,рубль,III квартал,2014-Q3,20800.0
Тверская область,рубль,IV квартал,2014-Q4,24889.0
Тверская область,рубль,значение показателя за год,2014,20902.0
Тверская область,рубль,I квартал,2015-Q1,22820.0
Тверская область,рубль,II квартал,2015-Q2,23054.0
Тверская область,рубль,III квартал,2015-Q3,22898.0
Тверская область,рубль,IV квартал,2015-Q4,25655.0
Тверская область,рубль,значение показателя за год,2015,23703.0
Тверская область,рубль,I квартал,2016-Q1,20983.0
Тверская область,рубль,II квартал,2016-Q2,24555.0
Тверская область,рубль,III квартал,2016-Q3,23843.0
Тверская область,рубль,IV квартал,2016-Q4,26717.0
Тверская область,рубль,значение показателя за год,2016,24101.0
Тверская область,рубль,I квартал,2017-Q1,21603.0
Тверская область,рубль,II квартал,2017-Q2,23039.0
Тверская область,рубль,III квартал,2017-Q3,23176.0
Тверская область,рубль,IV квартал,2017-Q4,29277.0
Тверская область,рубль,значение показателя за год,2017,24399.0
Тверская область,рубль,I квартал,2018-Q1,21571.0
Тверская область,рубль,II квартал,2018-Q2,24235.0
Тверская область,рубль,III квартал,2018-Q3,24758.0
Тверская область,рубль,IV квартал,2018-Q4,29584.0
Тверская область,рубль,значение показателя за год,2018,25181.0
Тверская область,рубль,I квартал,2019-Q1,24493.0
Тверская область,рубль,II квартал,2019-Q2,26571.0
Тверская область,рубль,III квартал,2019-Q3,26233.0
Тверская область,рубль,IV квартал,2019-Q4,31412.0
Тверская область,рубль,значение показателя за год,2019,27281.0
Тверская область,рубль,I квартал,2020-Q1,25877.0
Тверская область,рубль,II квартал,2020-Q2,27096.0
Тверская область,рубль,III квартал,2020-Q3,26318.0
Тверская область,рубль,IV квартал,2020-Q4,31126.0
Тверская область,рубль,значение показателя за год,2020,27771.0
Тульская область,рубль,значение показателя за год,2008,11227.0
Тульская область,рубль,значение показателя за год,2009,13191.0
Тульская область,рубль,значение показателя за год,2010,15349.5
Тульская область,рубль,значение показателя за год,2011,16944.0
Тульская область,рубль,I квартал,2012-Q1,16400.0
Тульская область,рубль,II квартал,2012-Q2,18727.0
Тульская область,рубль,III квартал,2012-Q3,19117.0
Тульская область,рубль,IV квартал,2012-Q4,22534.0
Тульская область,рубль,значение показателя за год,2012,19235.0
Тульская область,рубль,I квартал,2013-Q1,17345.0
Тульская область,рубль,II квартал,2013-Q2,19287.0
Тульская область,рубль,III квартал,2013-Q3,18996.0
Тульская область,рубль,IV квартал,2013-Q4,22222.0
Тульская область,рубль,значение показателя за год,2013,19496.0
Тульская область,рубль,I квартал,2014-Q1,18378.0
Тульская область,рубль,II квартал,2014-Q2,21032.0
Тульская область,рубль,III квартал,2014-Q3,22355.0
Тульская область,рубль,IV квартал,2014-Q4,24794.0
Тульская область,рубль,значение показателя за год,2014,21656.0
Тульская область,рубль,I квартал,2015-Q1,21359.0
Тульская область,рубль,II квартал,2015-Q2,24786.0
Тульская область,рубль,III квартал,2015-Q3,24329.0
Тульская область,рубль,IV квартал,2015-Q4,29644.0
Тульская область,рубль,значение показателя за год,2015,25035.0
Тульская область,рубль,I квартал,2016-Q1,23445.0
Тульская область,рубль,II квартал,2016-Q2,26553.0
Тульская область,рубль,III квартал,2016-Q3,26324.0
Тульская область,рубль,IV квартал,2016-Q4,28680.0
Тульская область,рубль,значение показателя за год,2016,26257.0
Тульская область,рубль,I квартал,2017-Q1,24230.0
Тульская область,рубль,II квартал,2017-Q2,26299.0
Тульская область,рубль,III квартал,2017-Q3,26474.0
Тульская область,рубль,IV квартал,2017-Q4,29142.0
Тульская область,рубль,значение показателя за год,2017,26550.0
Тульская область,рубль,I квартал,2018-Q1,24552.0
Тульская область,рубль,II квартал,2018-Q2,26217.0
Тульская область,рубль,III квартал,2018-Q3,25083.0
Тульская область,рубль,IV квартал,2018-Q4,29618.0
Тульская область,рубль,значение показателя за год,2018,26429.0
Тульская область,рубль,I квартал,2019-Q1,24173.0
Тульская область,рубль,II квартал,2019-Q2,27445.0
Тульская область,рубль,III квартал,2019-Q3,27665.0
Тульская область,рубль,IV квартал,2019-Q4,30970.0
Тульская область,рубль,значение показателя за год,2019,27625.0
Тульская область,рубль,I квартал,2020-Q1,26338.0
Тульская область,рубль,II квартал,2020-Q2,27032.0
Тульская область,рубль,III квартал,2020-Q3,27715.0
Тульская область,рубль,IV квартал,2020-Q4,31750.0
Тульская область,рубль,значение показателя за год,2020,28315.0
Ярославская область,рубль,значение показателя за год,2008,12815.8
Ярославская область,рубль,значение показателя за год,2009,13424.6
Ярославская область,рубль,значение показателя за год,2010,14490.6
Ярославская область,рубль,значение показателя за год,2011,15520.0
Ярославская область,рубль,I квартал,2012-Q1,15721.0
Ярославская область,рубль,II квартал,2012-Q2,18467.0
Ярославская область,рубль,III квартал,2012-Q3,18354.0
Ярославская область,рубль,IV квартал,2012-Q4,22009.0
Ярославская область,рубль,значение показателя за год,2012,18648.0
Ярославская область,рубль,I квартал,2013-Q1,17777.0
Ярославская область,рубль,II квартал,2013-Q2,20623.0
Ярославская область,рубль,III квартал,2013-Q3,19749.0
Ярославская область,рубль,IV квартал,2013-Q4,24764.0
Ярославская область,рубль,значение показателя за год,2013,20744.0
Ярославская область,рубль,I квартал,2014-Q1,18416.0
Ярославская область,рубль,II квартал,2014-Q2,23037.0
Ярославская область,рубль,III квартал,2014-Q3,22372.0
Ярославская область,рубль,IV квартал,2014-Q4,27986.0
Ярославская область,рубль,значение показателя за год,2014,22972.0
Ярославская область,рубль,I квартал,2015-Q1,23168.0
Ярославская область,рубль,II квартал,2015-Q2,26616.0
Ярославская область,рубль,III квартал,2015-Q3,26102.0
Ярославская область,рубль,IV квартал,2015-Q4,31238.0
Ярославская область,рубль,значение показателя за год,2015,26799.0
Ярославская область,рубль,I квартал,2016-Q1,24313.0
Ярославская область,рубль,II квартал,2016-Q2,27307.0
Ярославская область,рубль,III квартал,2016-Q3,26694.0
Ярославская область,рубль,IV квартал,2016-Q4,29541.0
Ярославская область,рубль,значение показателя за год,2016,26997.0
Ярославская область,рубль,I квартал,2017-Q1,25396.0
Ярославская область,рубль,II квартал,2017-Q2,27897.0
Ярославская область,рубль,III квартал,2017-Q3,26526.0
Ярославская область,рубль,IV квартал,2017-Q4,29784.0
Ярославская область,рубль,значение показателя за год,2017,27477.0
Ярославская область,рубль,I квартал,2018-Q1,25002.0
Ярославская область,рубль,II квартал,2018-Q2,27397.0
Ярославская область,рубль,III квартал,2018-Q3,25999.0
Ярославская область,рубль,IV квартал,2018-Q4,30821.0
Ярославская область,рубль,значение показателя за год,2018,27393.0
Ярославская область,рубль,I квартал,2019-Q1,24862.0
Ярославская область,рубль,II квартал,2019-Q2,29188.0
Ярославская область,рубль,III квартал,2019-Q3,28501.0
Ярославская область,рубль,IV квартал,2019-Q4,33288.0
Ярославская область,рубль,значение показателя за год,2019,29056.0
Ярославская область,рубль,I квартал,2020-Q1,26175.0
Ярославская область,рубль,II квартал,2020-Q2,28929.0
Ярославская область,рубль,III квартал,2020-Q3,29372.0
Ярославская область,рубль,IV квартал,2020-Q4,34759.0
Ярославская область,рубль,значение показателя за год,2020,29978.0
Город Москва столица Российской Федерации город федерального значения,рубль,значение показателя за год,2008,31940.1
Город Москва столица Российской Федерации город федерального значения,рубль,значение показателя за год,2009,40071.6
Город Москва столица Российской Федерации город федерального значения,рубль,значение показателя за год,2010,44051.5
Город Москва столица Российской Федерации город федерального значения,рубль,значение показателя за год,2011,47205.0
Город Москва столица Российской Федерации город федерального значения,рубль,I квартал,2012-Q1,40103.0
Город Москва столица Российской Федерации город федерального значения,рубль,II квартал,2012-Q2,49552.0
Город Москва столица Российской Федерации город федерального значения,рубль,III квартал,2012-Q3,46370.0
Город Москва столица Российской Федерации город федерального значения,рубль,IV квартал,2012-Q4,63896.0
Город Москва столица Российской Федерации город федерального значения,рубль,значение показателя за год,2012,49596.0
Город Москва столица Российской Федерации город федерального значения,рубль,I квартал,2013-Q1,48603.0
Город Москва столица Российской Федерации город федерального значения,рубль,II квартал,2013-Q2,58741.0
Город Москва столица Российской Федерации город федерального значения,рубль,III квартал,2013-Q3,55940.0
Город Москва столица Российской Федерации город федерального значения,рубль,IV квартал,2013-Q4,64133.0
Город Москва столица Российской Федерации город федерального значения,рубль,значение показателя за год,2013,56409.0
Город Москва столица Российской Федерации город федерального значения,рубль,I квартал,2014-Q1,48038.0
Город Москва столица Российской Федерации город федерального значения,рубль,II квартал,2014-Q2,57623.0
Город Москва столица Российской Федерации город федерального значения,рубль,III квартал,2014-Q3,55342.0
Город Москва столица Российской Федерации город федерального значения,рубль,IV квартал,2014-Q4,63037.0
Город Москва столица Российской Федерации город федерального значения,рубль,значение показателя за год,2014,55670.0
Город Москва столица Российской Федерации город федерального значения,рубль,I квартал,2015-Q1,53380.0
Город Москва столица Российской Федерации город федерального значения,рубль,II квартал,2015-Q2,60771.0
Город Москва столица Российской Федерации город федерального значения,рубль,III квартал,2015-Q3,62871.0
Город Москва столица Российской Федерации город федерального значения,рубль,IV квартал,2015-Q4,66722.0
Город Москва столица Российской Федерации город федерального значения,рубль,значение показателя за год,2015,60465.0
Город Москва столица Российской Федерации город федерального значения,рубль,I квартал,2016-Q1,53095.0
Город Москва столица Российской Федерации город федерального значения,рубль,II квартал,2016-Q2,61050.0
Город Москва столица Российской Федерации город федерального значения,рубль,III квартал,2016-Q3,62333.0
Город Москва столица Российской Федерации город федерального значения,рубль,IV квартал,2016-Q4,71187.0
Город Москва столица Российской Федерации город федерального значения,рубль,значение показателя за год,2016,61649.0
Город Москва столица Российской Федерации город федерального значения,рубль,I квартал,2017-Q1,55525.0
Город Москва столица Российской Федерации город федерального значения,рубль,II квартал,2017-Q2,65997.0
Город Москва столица Российской Федерации город федерального значения,рубль,III квартал,2017-Q3,63141.0
Город Москва столица Российской Федерации город федерального значения,рубль,IV квартал,2017-Q4,76453.0
Город Москва столица Российской Федерации город федерального значения,рубль,значение показателя за год,2017,64805.0
Город Москва столица Российской Федерации город федерального значения,рубль,I квартал,2018-Q1,60092.0
Город Москва столица Российской Федерации город федерального значения,рубль,II квартал,2018-Q2,69608.0
Город Москва столица Российской Федерации город федерального значения,рубль,III квартал,2018-Q3,67026.0
Город Москва столица Российской Федерации город федерального значения,рубль,IV квартал,2018-Q4,80731.0
Город Москва столица Российской Федерации город федерального значения,рубль,значение показателя за год,2018,68915.0
Город Москва столица Российской Федерации город федерального значения,рубль,I квартал,2019-Q1,64277.0
Город Москва столица Российской Федерации город федерального значения,рубль,II квартал,2019-Q2,75099.0
Город Москва столица Российской Федерации город федерального значения,рубль,III квартал,2019-Q3,74132.0
Город Москва столица Российской Федерации город федерального значения,рубль,IV квартал,2019-Q4,85773.0
Город Москва столица Российской Федерации город федерального значения,рубль,значение показателя за год,2019,74475.0
Город Москва столица Российской Федерации город федерального значения,рубль,I квартал,2020-Q1,65357.0
Город Москва столица Российской Федерации город федерального значения,рубль,II квартал,2020-Q2,69773.0
Город Москва столица Российской Федерации город федерального значения,рубль,III квартал,2020-Q3,73584.0
Город Москва столица Российской Федерации город федерального значения,рубль,IV квартал,2020-Q4,96952.0
Город Москва столица Российской Федерации город федерального значения,рубль,значение показателя за год,2020,76320.0
Северо-Западный федеральный округ,рубль,значение показателя за год,2008,14915.3
Северо-Западный федеральный округ,рубль,значение показателя за год,2009,17389.9
Северо-Западный федеральный округ,рубль,значение показателя за год,2010,19836.7
Северо-Западный федеральный округ,рубль,значение показателя за год,2011,21183.0
Северо-Западный федеральный округ,рубль,I квартал,2012-Q1,19997.0
Северо-Западный федеральный округ,рубль,II квартал,2012-Q2,24043.0
Северо-Западный федеральный округ,рубль,III квартал,2012-Q3,22448.0
Северо-Западный федеральный округ,рубль,IV квартал,2012-Q4,27508.0
Северо-Западный федеральный округ,рубль,значение показателя за год,2012,23418.0
Северо-Западный федеральный округ,рубль,I квартал,2013-Q1,22363.0
Северо-Западный федеральный округ,рубль,II квартал,2013-Q2,25132.0
Северо-Западный федеральный округ,рубль,III квартал,2013-Q3,25526.0
Северо-Западный федеральный округ,рубль,IV квартал,2013-Q4,29229.0
Северо-Западный федеральный округ,рубль,значение показателя за год,2013,25488.0
Северо-Западный федеральный округ,рубль,I квартал,2014-Q1,22913.0
Северо-Западный федеральный округ,рубль,II квартал,2014-Q2,28066.0
Северо-Западный федеральный округ,рубль,III квартал,2014-Q3,27456.0
Северо-Западный федеральный округ,рубль,IV квартал,2014-Q4,32850.0
Северо-Западный федеральный округ,рубль,значение показателя за год,2014,27779.0
Северо-Западный федеральный округ,рубль,I квартал,2015-Q1,27058.0
Северо-Западный федеральный округ,рубль,II квартал,2015-Q2,31509.0
Северо-Западный федеральный округ,рубль,III квартал,2015-Q3,31154.0
Северо-Западный федеральный округ,рубль,IV квартал,2015-Q4,35342.0
Северо-Западный федеральный округ,рубль,значение показателя за год,2015,31256.0
Северо-Западный федеральный округ,рубль,I квартал,2016-Q1,29727.0
Северо-Западный федеральный округ,рубль,II квартал,2016-Q2,33472.0
Северо-Западный федеральный округ,рубль,III квартал,2016-Q3,31842.0
Северо-Западный федеральный округ,рубль,IV квартал,2016-Q4,36477.0
Северо-Западный федеральный округ,рубль,значение показателя за год,2016,32831.0
Северо-Западный федеральный округ,рубль,I квартал,2017-Q1,30676.0
Северо-Западный федеральный округ,рубль,II квартал,2017-Q2,34640.0
Северо-Западный федеральный округ,рубль,III квартал,2017-Q3,32708.0
Северо-Западный федеральный округ,рубль,IV квартал,2017-Q4,39491.0
Северо-Западный федеральный округ,рубль,значение показателя за год,2017,34319.0
Северо-Западный федеральный округ,рубль,I квартал,2018-Q1,32153.0
Северо-Западный федеральный округ,рубль,II квартал,2018-Q2,35594.0
Северо-Западный федеральный округ,рубль,III квартал,2018-Q3,35182.0
Северо-Западный федеральный округ,рубль,IV квартал,2018-Q4,42303.0
Северо-Западный федеральный округ,рубль,значение показателя за год,2018,36284.0
Северо-Западный федеральный округ,рубль,I квартал,2019-Q1,33275.0
Северо-Западный федеральный округ,рубль,II квартал,2019-Q2,37240.0
Северо-Западный федеральный округ,рубль,III квартал,2019-Q3,37470.0
Северо-Западный федеральный округ,рубль,IV квартал,2019-Q4,44518.0
Северо-Западный федеральный округ,рубль,значение показателя за год,2019,38107.0
Северо-Западный федеральный округ,рубль,I квартал,2020-Q1,35208.0
Северо-Западный федеральный округ,рубль,II квартал,2020-Q2,38016.0
Северо-Западный федеральный округ,рубль,III квартал,2020-Q3,37291.0
Северо-Западный федеральный округ,рубль,IV квартал,2020-Q4,47296.0
Северо-Западный федеральный округ,рубль,значение показателя за год,2020,39502.0
Республика Карелия,рубль,значение показателя за год,2008,12833.8
Республика Карелия,рубль,значение показателя за год,2009,14293.0
Республика Карелия,рубль,значение показателя за год,2010,16045.7
Республика Карелия,рубль,значение показателя за год,2011,17606.0
Республика Карелия,рубль,I квартал,2012-Q1,17101.0
Республика Карелия,рубль,II квартал,2012-Q2,20783.0
Республика Карелия,рубль,III квартал,2012-Q3,18524.0
Республика Карелия,рубль,IV квартал,2012-Q4,24237.0
Республика Карелия,рубль,значение показателя за год,2012,20310.0
Республика Карелия,рубль,I квартал,2013-Q1,19759.0
Республика Карелия,рубль,II квартал,2013-Q2,22175.0
Республика Карелия,рубль,III квартал,2013-Q3,22551.0
Республика Карелия,рубль,IV квартал,2013-Q4,25187.0
Республика Карелия,рубль,значение показателя за год,2013,22595.0
Республика Карелия,рубль,I квартал,2014-Q1,19155.0
Республика Карелия,рубль,II квартал,2014-Q2,23582.0
Республика Карелия,рубль,III квартал,2014-Q3,24080.0
Республика Карелия,рубль,IV квартал,2014-Q4,27824.0
Республика Карелия,рубль,значение показателя за год,2014,23822.0
Республика Карелия,рубль,I квартал,2015-Q1,22285.0
Республика Карелия,рубль,II квартал,2015-Q2,26553.0
Республика Карелия,рубль,III квартал,2015-Q3,27571.0
Республика Карелия,рубль,IV квартал,2015-Q4,31056.0
Республика Карелия,рубль,значение показателя за год,2015,27118.0
Республика Карелия,рубль,I квартал,2016-Q1,25792.0
Республика Карелия,рубль,II квартал,2016-Q2,27836.0
Республика Карелия,рубль,III квартал,2016-Q3,27488.0
Республика Карелия,рубль,IV квартал,2016-Q4,29548.0
Республика Карелия,рубль,значение показателя за год,2016,27911.0
Республика Карелия,рубль,I квартал,2017-Q1,26820.0
Республика Карелия,рубль,II квартал,2017-Q2,28639.0
Республика Карелия,рубль,III квартал,2017-Q3,28551.0
Республика Карелия,рубль,IV квартал,2017-Q4,33198.0
Республика Карелия,рубль,значение показателя за год,2017,29654.0
Республика Карелия,рубль,I квартал,2018-Q1,28127.0
Республика Карелия,рубль,II квартал,2018-Q2,31316.0
Республика Карелия,рубль,III квартал,2018-Q3,30967.0
Республика Карелия,рубль,IV квартал,2018-Q4,36060.0
Республика Карелия,рубль,значение показателя за год,2018,31965.0
Республика Карелия,рубль,I квартал,2019-Q1,29878.0
Республика Карелия,рубль,II квартал,2019-Q2,33675.0
Республика Карелия,рубль,III квартал,2019-Q3,33579.0
Республика Карелия,рубль,IV квартал,2019-Q4,38782.0
Республика Карелия,рубль,значение показателя за год,2019,34244.0
Республика Карелия,рубль,I квартал,2020-Q1,31921.0
Республика Карелия,рубль,II квартал,2020-Q2,34204.0
Республика Карелия,рубль,III квартал,2020-Q3,36289.0
Республика Карелия,рубль,IV квартал,2020-Q4,42375.0
Республика Карелия,рубль,значение показателя за год,2020,36504.0
Республика Коми,рубль,значение показателя за год,2008,19334.0
Республика Коми,рубль,значение показателя за год,2009,20085.0
Республика Коми,рубль,значение показателя за год,2010,22260.3
Республика Коми,рубль,значение показателя за год,2011,24016.0
Республика Коми,рубль,I квартал,2012-Q1,24959.0
Республика Коми,рубль,II квартал,2012-Q2,27924.0
Республика Коми,рубль,III квартал,2012-Q3,24009.0
Республика Коми,рубль,IV квартал,2012-Q4,31533.0
Республика Коми,рубль,значение показателя за год,2012,27352.0
Республика Коми,рубль,I квартал,2013-Q1,25730.0
Республика Коми,рубль,II квартал,2013-Q2,28147.0
Республика Коми,рубль,III квартал,2013-Q3,28906.0
Республика Коми,рубль,IV квартал,2013-Q4,33329.0
Республика Коми,рубль,значение показателя за год,2013,29283.0
Республика Коми,рубль,I квартал,2014-Q1,26994.0
Республика Коми,рубль,II квартал,2014-Q2,31029.0
Республика Коми,рубль,III квартал,2014-Q3,28905.0
Республика Коми,рубль,IV квартал,2014-Q4,33553.0
Республика Коми,рубль,значение показателя за год,2014,30371.0
Республика Коми,рубль,I квартал,2015-Q1,30682.0
Республика Коми,рубль,II квартал,2015-Q2,34556.0
Республика Коми,рубль,III квартал,2015-Q3,29117.0
Республика Коми,рубль,IV квартал,2015-Q4,33892.0
Республика Коми,рубль,значение показателя за год,2015,32331.0
Республика Коми,рубль,I квартал,2016-Q1,31160.0
Республика Коми,рубль,II квартал,2016-Q2,34163.0
Республика Коми,рубль,III квартал,2016-Q3,31098.0
Республика Коми,рубль,IV квартал,2016-Q4,35038.0
Республика Коми,рубль,значение показателя за год,2016,33118.0
Республика Коми,рубль,I квартал,2017-Q1,30416.0
Республика Коми,рубль,II квартал,2017-Q2,33290.0
Республика Коми,рубль,III квартал,2017-Q3,31504.0
Республика Коми,рубль,IV квартал,2017-Q4,39481.0
Республика Коми,рубль,значение показателя за год,2017,34001.0
Республика Коми,рубль,I квартал,2018-Q1,31519.0
Республика Коми,рубль,II квартал,2018-Q2,35802.0
Республика Коми,рубль,III квартал,2018-Q3,32977.0
Республика Коми,рубль,IV квартал,2018-Q4,43151.0
Республика Коми,рубль,значение показателя за год,2018,36243.0
Республика Коми,рубль,I квартал,2019-Q1,32428.0
Республика Коми,рубль,II квартал,2019-Q2,37145.0
Республика Коми,рубль,III квартал,2019-Q3,35529.0
Республика Коми,рубль,IV квартал,2019-Q4,45023.0
Республика Коми,рубль,значение показателя за год,2019,37913.0
Республика Коми,рубль,I квартал,2020-Q1,34365.0
Республика Коми,рубль,II квартал,2020-Q2,38326.0
Республика Коми,рубль,III квартал,2020-Q3,38103.0
Республика Коми,рубль,IV квартал,2020-Q4,46265.0
Республика Коми,рубль,значение показателя за год,2020,39601.0
Архангельская область,рубль,значение показателя за год,2008,15004.5
Архангельская область,рубль,значение показателя за год,2009,17523.4
Архангельская область,рубль,значение показателя за год,2010,19608.8
Архангельская область,рубль,значение показателя за год,2011,21538.0
Архангельская область,рубль,I квартал,2012-Q1,18796.0
Архангельская область,рубль,II квартал,2012-Q2,24273.0
Архангельская область,рубль,III квартал,2012-Q3,23227.0
Архангельская область,рубль,IV квартал,2012-Q4,26562.0
Архангельская область,рубль,значение показателя за год,2012,23415.0
Архангельская область,рубль,I квартал,2013-Q1,22421.0
Архангельская область,рубль,II квартал,2013-Q2,25743.0
Архангельская область,рубль,III квартал,2013-Q3,24749.0
Архангельская область,рубль,IV квартал,2013-Q4,29615.0
Архангельская область,рубль,значение показателя за год,2013,25849.0
Архангельская область,рубль,I квартал,2014-Q1,24177.0
Архангельская область,рубль,II квартал,2014-Q2,32353.0
Архангельская область,рубль,III квартал,2014-Q3,29583.0
Архангельская область,рубль,IV квартал,2014-Q4,28633.0
Архангельская область,рубль,значение показателя за год,2014,28905.0
Архангельская область,рубль,I квартал,2015-Q1,29405.0
Архангельская область,рубль,II квартал,2015-Q2,33141.0
Архангельская область,рубль,III квартал,2015-Q3,32152.0
Архангельская область,рубль,IV квартал,2015-Q4,34004.0
Архангельская область,рубль,значение показателя за год,2015,32434.0
Архангельская область,рубль,I квартал,2016-Q1,29202.0
Архангельская область,рубль,II квартал,2016-Q2,32938.0
Архангельская область,рубль,III квартал,2016-Q3,32712.0
Архангельская область,рубль,IV квартал,2016-Q4,35416.0
Архангельская область,рубль,значение показателя за год,2016,32817.0
Архангельская область,рубль,I квартал,2017-Q1,31046.0
Архангельская область,рубль,II квартал,2017-Q2,34136.0
Архангельская область,рубль,III квартал,2017-Q3,33376.0
Архангельская область,рубль,IV квартал,2017-Q4,36475.0
Архангельская область,рубль,значение показателя за год,2017,34057.0
Архангельская область,рубль,I квартал,2018-Q1,33109.0
Архангельская область,рубль,II квартал,2018-Q2,34836.0
Архангельская область,рубль,III квартал,2018-Q3,37749.0
Архангельская область,рубль,IV квартал,2018-Q4,37026.0
Архангельская область,рубль,значение показателя за год,2018,36002.0
Архангельская область,рубль,I квартал,2019-Q1,35329.0
Архангельская область,рубль,II квартал,2019-Q2,37340.0
Архангельская область,рубль,III квартал,2019-Q3,39464.0
Архангельская область,рубль,IV квартал,2019-Q4,39932.0
Архангельская область,рубль,значение показателя за год,2019,38304.0
Архангельская область,рубль,I квартал,2020-Q1,38467.0
Архангельская область,рубль,II квартал,2020-Q2,40680.0
Архангельская область,рубль,III квартал,2020-Q3,36488.0
Архангельская область,рубль,IV квартал,2020-Q4,42146.0
Архангельская область,рубль,значение показателя за год,2020,39788.0
Ненецкий автономный округ (Архангельская область),рубль,значение показателя за год,2008,48930.2
Ненецкий автономный округ (Архангельская область),рубль,значение показателя за год,2009,49090.8
Ненецкий автономный округ (Архангельская область),рубль,значение показателя за год,2010,52270.1
Ненецкий автономный округ (Архангельская область),рубль,значение показателя за год,2011,54814.0
Ненецкий автономный округ (Архангельская область),рубль,I квартал,2012-Q1,53803.0
Ненецкий автономный округ (Архангельская область),рубль,II квартал,2012-Q2,57508.0
Ненецкий автономный округ (Архангельская область),рубль,III квартал,2012-Q3,64042.0
Ненецкий автономный округ (Архангельская область),рубль,IV квартал,2012-Q4,76628.0
Ненецкий автономный округ (Архангельская область),рубль,значение показателя за год,2012,62921.0
Ненецкий автономный округ (Архангельская область),рубль,I квартал,2013-Q1,63178.0
Ненецкий автономный округ (Архангельская область),рубль,II квартал,2013-Q2,66259.0
Ненецкий автономный округ (Архангельская область),рубль,III квартал,2013-Q3,65626.0
Ненецкий автономный округ (Архангельская область),рубль,IV квартал,2013-Q4,76592.0
Ненецкий автономный округ (Архангельская область),рубль,значение показателя за год,2013,67935.0
Ненецкий автономный округ (Архангельская область),рубль,I квартал,2014-Q1,68610.0
Ненецкий автономный округ (Архангельская область),рубль,II квартал,2014-Q2,76208.0
Ненецкий автономный округ (Архангельская область),рубль,III квартал,2014-Q3,69569.0
Ненецкий автономный округ (Архангельская область),рубль,IV квартал,2014-Q4,59680.0
Ненецкий автономный округ (Архангельская область),рубль,значение показателя за год,2014,68483.0
Ненецкий автономный округ (Архангельская область),рубль,I квартал,2015-Q1,67827.0
Ненецкий автономный округ (Архангельская область),рубль,II квартал,2015-Q2,80616.0
Ненецкий автономный округ (Архангельская область),рубль,III квартал,2015-Q3,72072.0
Ненецкий автономный округ (Архангельская область),рубль,IV квартал,2015-Q4,77170.0
Ненецкий автономный округ (Архангельская область),рубль,значение показателя за год,2015,74218.0
Ненецкий автономный округ (Архангельская область),рубль,I квартал,2016-Q1,75012.0
Ненецкий автономный округ (Архангельская область),рубль,II квартал,2016-Q2,81204.0
Ненецкий автономный округ (Архангельская область),рубль,III квартал,2016-Q3,74296.0
Ненецкий автономный округ (Архангельская область),рубль,IV квартал,2016-Q4,64188.0
Ненецкий автономный округ (Архангельская область),рубль,значение показателя за год,2016,73852.0
Ненецкий автономный округ (Архангельская область),рубль,I квартал,2017-Q1,71630.0
Ненецкий автономный округ (Архангельская область),рубль,II квартал,2017-Q2,81421.0
Ненецкий автономный округ (Архангельская область),рубль,III квартал,2017-Q3,77163.0
Ненецкий автономный округ (Архангельская область),рубль,IV квартал,2017-Q4,73356.0
Ненецкий автономный округ (Архангельская область),рубль,значение показателя за год,2017,76115.0
Ненецкий автономный округ (Архангельская область),рубль,I квартал,2018-Q1,78313.0
Ненецкий автономный округ (Архангельская область),рубль,II квартал,2018-Q2,89515.0
Ненецкий автономный округ (Архангельская область),рубль,III квартал,2018-Q3,81568.0
Ненецкий автономный округ (Архангельская область),рубль,IV квартал,2018-Q4,78720.0
Ненецкий автономный округ (Архангельская область),рубль,значение показателя за год,2018,82451.0
Ненецкий автономный округ (Архангельская область),рубль,I квартал,2019-Q1,79114.0
Ненецкий автономный округ (Архангельская область),рубль,II квартал,2019-Q2,91668.0
Ненецкий автономный округ (Архангельская область),рубль,III квартал,2019-Q3,84435.0
Ненецкий автономный округ (Архангельская область),рубль,IV квартал,2019-Q4,87249.0
Ненецкий автономный округ (Архангельская область),рубль,значение показателя за год,2019,85633.0
Ненецкий автономный округ (Архангельская область),рубль,I квартал,2020-Q1,84528.0
Ненецкий автономный округ (Архангельская область),рубль,II квартал,2020-Q2,97683.0
Ненецкий автономный округ (Архангельская область),рубль,III квартал,2020-Q3,86594.0
Ненецкий автономный округ (Архангельская область),рубль,IV квартал,2020-Q4,89292.0
Ненецкий автономный округ (Архангельская область),рубль,значение показателя за год,2020,89570.0
Архангельская область (кроме Ненецкого автономного округа),рубль,значение показателя за год,2011,20342.0
Архангельская область (кроме Ненецкого автономного округа),рубль,I квартал,2012-Q1,17526.0
Архангельская область (кроме Ненецкого автономного округа),рубль,II квартал,2012-Q2,23067.0
Архангельская область (кроме Ненецкого автономного округа),рубль,III квартал,2012-Q3,21747.0
Архангельская область (кроме Ненецкого автономного округа),рубль,IV квартал,2012-Q4,24745.0
Архангельская область (кроме Ненецкого автономного округа),рубль,значение показателя за год,2012,21967.0
Архангельская область (кроме Ненецкого автономного округа),рубль,I квартал,2013-Q1,20912.0
Архангельская область (кроме Ненецкого автономного округа),рубль,II квартал,2013-Q2,24243.0
Архангельская область (кроме Ненецкого автономного округа),рубль,III квартал,2013-Q3,23235.0
Архангельская область (кроме Ненецкого автономного округа),рубль,IV квартал,2013-Q4,27876.0
Архангельская область (кроме Ненецкого автономного округа),рубль,значение показателя за год,2013,24277.0
Архангельская область (кроме Ненецкого автономного округа),рубль,I квартал,2014-Q1,22504.0
Архангельская область (кроме Ненецкого автономного округа),рубль,II квартал,2014-Q2,30702.0
Архангельская область (кроме Ненецкого автономного округа),рубль,III квартал,2014-Q3,28077.0
Архангельская область (кроме Ненецкого автономного округа),рубль,IV квартал,2014-Q4,27464.0
Архангельская область (кроме Ненецкого автономного округа),рубль,значение показателя за год,2014,27402.0
Архангельская область (кроме Ненецкого автономного округа),рубль,I квартал,2015-Q1,27934.0
Архангельская область (кроме Ненецкого автономного округа),рубль,II квартал,2015-Q2,31323.0
Архангельская область (кроме Ненецкого автономного округа),рубль,III квартал,2015-Q3,30623.0
Архангельская область (кроме Ненецкого автономного округа),рубль,IV квартал,2015-Q4,32351.0
Архангельская область (кроме Ненецкого автономного округа),рубль,значение показателя за год,2015,30816.0
Архангельская область (кроме Ненецкого автономного округа),рубль,I квартал,2016-Q1,27408.0
Архангельская область (кроме Ненецкого автономного округа),рубль,II квартал,2016-Q2,31048.0
Архангельская область (кроме Ненецкого автономного округа),рубль,III квартал,2016-Q3,31084.0
Архангельская область (кроме Ненецкого автономного округа),рубль,IV квартал,2016-Q4,34289.0
Архангельская область (кроме Ненецкого автономного округа),рубль,значение показателя за год,2016,31201.0
Архангельская область (кроме Ненецкого автономного округа),рубль,I квартал,2017-Q1,29439.0
Архангельская область (кроме Ненецкого автономного округа),рубль,II квартал,2017-Q2,32264.0
Архангельская область (кроме Ненецкого автономного округа),рубль,III квартал,2017-Q3,31642.0
Архангельская область (кроме Ненецкого автономного округа),рубль,IV квартал,2017-Q4,35015.0
Архангельская область (кроме Ненецкого автономного округа),рубль,значение показателя за год,2017,32381.0
Архангельская область (кроме Ненецкого автономного округа),рубль,I квартал,2018-Q1,31297.0
Архангельская область (кроме Ненецкого автономного округа),рубль,II квартал,2018-Q2,32644.0
Архангельская область (кроме Ненецкого автономного округа),рубль,III квартал,2018-Q3,35992.0
Архангельская область (кроме Ненецкого автономного округа),рубль,IV квартал,2018-Q4,35355.0
Архангельская область (кроме Ненецкого автономного округа),рубль,значение показателя за год,2018,34133.0
Архангельская область (кроме Ненецкого автономного округа),рубль,I квартал,2019-Q1,33560.0
Архангельская область (кроме Ненецкого автономного округа),рубль,II квартал,2019-Q2,35144.0
Архангельская область (кроме Ненецкого автономного округа),рубль,III квартал,2019-Q3,37646.0
Архангельская область (кроме Ненецкого автономного округа),рубль,IV квартал,2019-Q4,38019.0
Архангельская область (кроме Ненецкого автономного округа),рубль,значение показателя за год,2019,36377.0
Архангельская область (кроме Ненецкого автономного округа),рубль,I квартал,2020-Q1,36577.0
Архангельская область (кроме Ненецкого автономного округа),рубль,II квартал,2020-Q2,38341.0
Архангельская область (кроме Ненецкого автономного округа),рубль,III квартал,2020-Q3,34432.0
Архангельская область (кроме Ненецкого автономного округа),рубль,IV квартал,2020-Q4,40212.0
Архангельская область (кроме Ненецкого автономного округа),рубль,значение показателя за год,2020,37728.0
Вологодская область,рубль,значение показателя за год,2008,12229.7
Вологодская область,рубль,значение показателя за год,2009,12239.1
Вологодская область,рубль,значение показателя за год,2010,14115.1
Вологодская область,рубль,значение показателя за год,2011,15639.0
Вологодская область,рубль,I квартал,2012-Q1,16078.0
Вологодская область,рубль,II квартал,2012-Q2,18001.0
Вологодская область,рубль,III квартал,2012-Q3,17486.0
Вологодская область,рубль,IV квартал,2012-Q4,21367.0
Вологодская область,рубль,значение показателя за год,2012,18252.0
Вологодская область,рубль,I квартал,2013-Q1,17804.0
Вологодская область,рубль,II квартал,2013-Q2,17796.0
Вологодская область,рубль,III квартал,2013-Q3,19169.0
Вологодская область,рубль,IV квартал,2013-Q4,21129.0
Вологодская область,рубль,значение показателя за год,2013,18998.0
Вологодская область,рубль,I квартал,2014-Q1,19047.0
Вологодская область,рубль,II квартал,2014-Q2,21449.0
Вологодская область,рубль,III квартал,2014-Q3,21154.0
Вологодская область,рубль,IV квартал,2014-Q4,25461.0
Вологодская область,рубль,значение показателя за год,2014,21800.0
Вологодская область,рубль,I квартал,2015-Q1,21188.0
Вологодская область,рубль,II квартал,2015-Q2,24972.0
Вологодская область,рубль,III квартал,2015-Q3,25276.0
Вологодская область,рубль,IV квартал,2015-Q4,28430.0
Вологодская область,рубль,значение показателя за год,2015,25002.0
Вологодская область,рубль,I квартал,2016-Q1,24001.0
Вологодская область,рубль,II квартал,2016-Q2,27068.0
Вологодская область,рубль,III квартал,2016-Q3,27361.0
Вологодская область,рубль,IV квартал,2016-Q4,27851.0
Вологодская область,рубль,значение показателя за год,2016,26614.0
Вологодская область,рубль,I квартал,2017-Q1,24217.0
Вологодская область,рубль,II квартал,2017-Q2,25944.0
Вологодская область,рубль,III квартал,2017-Q3,25951.0
Вологодская область,рубль,IV квартал,2017-Q4,27301.0
Вологодская область,рубль,значение показателя за год,2017,25933.0
Вологодская область,рубль,I квартал,2018-Q1,25206.0
Вологодская область,рубль,II квартал,2018-Q2,26121.0
Вологодская область,рубль,III квартал,2018-Q3,26336.0
Вологодская область,рубль,IV квартал,2018-Q4,30032.0
Вологодская область,рубль,значение показателя за год,2018,27028.0
Вологодская область,рубль,I квартал,2019-Q1,25491.0
Вологодская область,рубль,II квартал,2019-Q2,27637.0
Вологодская область,рубль,III квартал,2019-Q3,28433.0
Вологодская область,рубль,IV квартал,2019-Q4,31833.0
Вологодская область,рубль,значение показателя за год,2019,28438.0
Вологодская область,рубль,I квартал,2020-Q1,27202.0
Вологодская область,рубль,II квартал,2020-Q2,28703.0
Вологодская область,рубль,III квартал,2020-Q3,29228.0
Вологодская область,рубль,IV квартал,2020-Q4,33205.0
Вологодская область,рубль,значение показателя за год,2020,29706.0
Калининградская область,рубль,значение показателя за год,2008,12919.9
Калининградская область,рубль,значение показателя за год,2009,14771.7
Калининградская область,рубль,значение показателя за год,2010,16040.1
Калининградская область,рубль,значение показателя за год,2011,16878.0
Калининградская область,рубль,I квартал,2012-Q1,17077.0
Калининградская область,рубль,II квартал,2012-Q2,19176.0
Калининградская область,рубль,III квартал,2012-Q3,18578.0
Калининградская область,рубль,IV квартал,2012-Q4,23302.0
Калининградская область,рубль,значение показателя за год,2012,19449.0
Калининградская область,рубль,I квартал,2013-Q1,17269.0
Калининградская область,рубль,II квартал,2013-Q2,20264.0
Калининградская область,рубль,III квартал,2013-Q3,20821.0
Калининградская область,рубль,IV квартал,2013-Q4,22266.0
Калининградская область,рубль,значение показателя за год,2013,20064.0
Калининградская область,рубль,I квартал,2014-Q1,19304.0
Калининградская область,рубль,II квартал,2014-Q2,21475.0
Калининградская область,рубль,III квартал,2014-Q3,23453.0
Калининградская область,рубль,IV квартал,2014-Q4,26439.0
Калининградская область,рубль,значение показателя за год,2014,22596.0
Калининградская область,рубль,I квартал,2015-Q1,21790.0
Калининградская область,рубль,II квартал,2015-Q2,24014.0
Калининградская область,рубль,III квартал,2015-Q3,26713.0
Калининградская область,рубль,IV квартал,2015-Q4,29793.0
Калининградская область,рубль,значение показателя за год,2015,25476.0
Калининградская область,рубль,I квартал,2016-Q1,24212.0
Калининградская область,рубль,II квартал,2016-Q2,24824.0
Калининградская область,рубль,III квартал,2016-Q3,25091.0
Калининградская область,рубль,IV квартал,2016-Q4,28895.0
Калининградская область,рубль,значение показателя за год,2016,25623.0
Калининградская область,рубль,I квартал,2017-Q1,24577.0
Калининградская область,рубль,II квартал,2017-Q2,26798.0
Калининградская область,рубль,III квартал,2017-Q3,26073.0
Калининградская область,рубль,IV квартал,2017-Q4,28674.0
Калининградская область,рубль,значение показателя за год,2017,26415.0
Калининградская область,рубль,I квартал,2018-Q1,25102.0
Калининградская область,рубль,II квартал,2018-Q2,26996.0
Калининградская область,рубль,III квартал,2018-Q3,27325.0
Калининградская область,рубль,IV квартал,2018-Q4,30978.0
Калининградская область,рубль,значение показателя за год,2018,27491.0
Калининградская область,рубль,I квартал,2019-Q1,26201.0
Калининградская область,рубль,II квартал,2019-Q2,28555.0
Калининградская область,рубль,III квартал,2019-Q3,29035.0
Калининградская область,рубль,IV квартал,2019-Q4,32933.0
Калининградская область,рубль,значение показателя за год,2019,29025.0
Калининградская область,рубль,I квартал,2020-Q1,26382.0
Калининградская область,рубль,II квартал,2020-Q2,29291.0
Калининградская область,рубль,III квартал,2020-Q3,29682.0
Калининградская область,рубль,IV квартал,2020-Q4,33161.0
Калининградская область,рубль,значение показателя за год,2020,29536.0
Ленинградская область,рубль,значение показателя за год,2008,11567.3
Ленинградская область,рубль,значение показателя за год,2009,12537.7
Ленинградская область,рубль,значение показателя за год,2010,14798.5
Ленинградская область,рубль,значение показателя за год,2011,15892.0
Ленинградская область,рубль,I квартал,2012-Q1,15428.0
Ленинградская область,рубль,II квартал,2012-Q2,18074.0
Ленинградская область,рубль,III квартал,2012-Q3,17993.0
Ленинградская область,рубль,IV квартал,2012-Q4,20373.0
Ленинградская область,рубль,значение показателя за год,2012,17834.0
Ленинградская область,рубль,I квартал,2013-Q1,17964.0
Ленинградская область,рубль,II квартал,2013-Q2,19721.0
Ленинградская область,рубль,III квартал,2013-Q3,20222.0
Ленинградская область,рубль,IV квартал,2013-Q4,21089.0
Ленинградская область,рубль,значение показателя за год,2013,19633.0
Ленинградская область,рубль,I квартал,2014-Q1,18672.0
Ленинградская область,рубль,II квартал,2014-Q2,21328.0
Ленинградская область,рубль,III квартал,2014-Q3,21802.0
Ленинградская область,рубль,IV квартал,2014-Q4,23556.0
Ленинградская область,рубль,значение показателя за год,2014,21225.0
Ленинградская область,рубль,I квартал,2015-Q1,24872.0
Ленинградская область,рубль,II квартал,2015-Q2,23939.0
Ленинградская область,рубль,III квартал,2015-Q3,27267.0
Ленинградская область,рубль,IV квартал,2015-Q4,24298.0
Ленинградская область,рубль,значение показателя за год,2015,25008.0
Ленинградская область,рубль,I квартал,2016-Q1,27107.0
Ленинградская область,рубль,II квартал,2016-Q2,26714.0
Ленинградская область,рубль,III квартал,2016-Q3,28431.0
Ленинградская область,рубль,IV квартал,2016-Q4,29593.0
Ленинградская область,рубль,значение показателя за год,2016,27804.0
Ленинградская область,рубль,I квартал,2017-Q1,26621.0
Ленинградская область,рубль,II квартал,2017-Q2,28819.0
Ленинградская область,рубль,III квартал,2017-Q3,29042.0
Ленинградская область,рубль,IV квартал,2017-Q4,31674.0
Ленинградская область,рубль,значение показателя за год,2017,28809.0
Ленинградская область,рубль,I квартал,2018-Q1,27812.0
Ленинградская область,рубль,II квартал,2018-Q2,30472.0
Ленинградская область,рубль,III квартал,2018-Q3,30925.0
Ленинградская область,рубль,IV квартал,2018-Q4,33439.0
Ленинградская область,рубль,значение показателя за год,2018,30321.0
Ленинградская область,рубль,I квартал,2019-Q1,27372.0
Ленинградская область,рубль,II квартал,2019-Q2,32124.0
Ленинградская область,рубль,III квартал,2019-Q3,32807.0
Ленинградская область,рубль,IV квартал,2019-Q4,33686.0
Ленинградская область,рубль,значение показателя за год,2019,31192.0
Ленинградская область,рубль,I квартал,2020-Q1,28876.0
Ленинградская область,рубль,II квартал,2020-Q2,31473.0
Ленинградская область,рубль,III квартал,2020-Q3,32588.0
Ленинградская область,рубль,IV квартал,2020-Q4,35461.0
Ленинградская область,рубль,значение показателя за год,2020,31884.0
Мурманская область,рубль,значение показателя за год,2008,19615.2
Мурманская область,рубль,значение показателя за год,2009,22333.1
Мурманская область,рубль,значение показателя за год,2010,24046.5
Мурманская область,рубль,значение показателя за год,2011,25395.0
Мурманская область,рубль,I квартал,2012-Q1,26398.0
Мурманская область,рубль,II квартал,2012-Q2,29490.0
Мурманская область,рубль,III квартал,2012-Q3,24830.0
Мурманская область,рубль,IV квартал,2012-Q4,35299.0
Мурманская область,рубль,значение показателя за год,2012,29248.0
Мурманская область,рубль,I квартал,2013-Q1,28505.0
Мурманская область,рубль,II квартал,2013-Q2,32120.0
Мурманская область,рубль,III квартал,2013-Q3,30145.0
Мурманская область,рубль,IV квартал,2013-Q4,37944.0
Мурманская область,рубль,значение показателя за год,2013,32497.0
Мурманская область,рубль,I квартал,2014-Q1,30249.0
Мурманская область,рубль,II квартал,2014-Q2,35286.0
Мурманская область,рубль,III квартал,2014-Q3,31276.0
Мурманская область,рубль,IV квартал,2014-Q4,40929.0
Мурманская область,рубль,значение показателя за год,2014,34670.0
Мурманская область,рубль,I квартал,2015-Q1,34686.0
Мурманская область,рубль,II квартал,2015-Q2,37397.0
Мурманская область,рубль,III квартал,2015-Q3,36716.0
Мурманская область,рубль,IV квартал,2015-Q4,42207.0
Мурманская область,рубль,значение показателя за год,2015,38001.0
Мурманская область,рубль,I квартал,2016-Q1,37799.0
Мурманская область,рубль,II квартал,2016-Q2,38318.0
Мурманская область,рубль,III квартал,2016-Q3,38488.0
Мурманская область,рубль,IV квартал,2016-Q4,40079.0
Мурманская область,рубль,значение показателя за год,2016,38936.0
Мурманская область,рубль,I квартал,2017-Q1,40570.0
Мурманская область,рубль,II квартал,2017-Q2,40212.0
Мурманская область,рубль,III квартал,2017-Q3,41102.0
Мурманская область,рубль,IV квартал,2017-Q4,42033.0
Мурманская область,рубль,значение показателя за год,2017,41247.0
Мурманская область,рубль,I квартал,2018-Q1,41705.0
Мурманская область,рубль,II квартал,2018-Q2,41953.0
Мурманская область,рубль,III квартал,2018-Q3,43376.0
Мурманская область,рубль,IV квартал,2018-Q4,47718.0
Мурманская область,рубль,значение показателя за год,2018,44019.0
Мурманская область,рубль,I квартал,2019-Q1,43091.0
Мурманская область,рубль,II квартал,2019-Q2,45399.0
Мурманская область,рубль,III квартал,2019-Q3,46017.0
Мурманская область,рубль,IV квартал,2019-Q4,52793.0
Мурманская область,рубль,значение показателя за год,2019,47218.0
Мурманская область,рубль,I квартал,2020-Q1,45353.0
Мурманская область,рубль,II квартал,2020-Q2,47913.0
Мурманская область,рубль,III квартал,2020-Q3,48428.0
Мурманская область,рубль,IV квартал,2020-Q4,56885.0
Мурманская область,рубль,значение показателя за год,2020,50139.0
Новгородская область,рубль,значение показателя за год,2008,11653.3
Новгородская область,рубль,значение показателя за год,2009,13388.8
Новгородская область,рубль,значение показателя за год,2010,15598.9
Новгородская область,рубль,значение показателя за год,2011,16988.0
Новгородская область,рубль,I квартал,2012-Q1,15855.0
Новгородская область,рубль,II квартал,2012-Q2,20401.0
Новгородская область,рубль,III квартал,2012-Q3,18387.0
Новгородская область,рубль,IV квартал,2012-Q4,23364.0
Новгородская область,рубль,значение показателя за год,2012,19569.0
Новгородская область,рубль,I квартал,2013-Q1,18894.0
Новгородская область,рубль,II квартал,2013-Q2,20153.0
Новгородская область,рубль,III квартал,2013-Q3,20510.0
Новгородская область,рубль,IV квартал,2013-Q4,22773.0
Новгородская область,рубль,значение показателя за год,2013,20646.0
Новгородская область,рубль,I квартал,2014-Q1,19226.0
Новгородская область,рубль,II квартал,2014-Q2,21480.0
Новгородская область,рубль,III квартал,2014-Q3,21698.0
Новгородская область,рубль,IV квартал,2014-Q4,29380.0
Новгородская область,рубль,значение показателя за год,2014,23023.0
Новгородская область,рубль,I квартал,2015-Q1,22166.0
Новгородская область,рубль,II квартал,2015-Q2,24763.0
Новгородская область,рубль,III квартал,2015-Q3,27573.0
Новгородская область,рубль,IV квартал,2015-Q4,28074.0
Новгородская область,рубль,значение показателя за год,2015,25712.0
Новгородская область,рубль,I квартал,2016-Q1,21344.0
Новгородская область,рубль,II квартал,2016-Q2,25960.0
Новгородская область,рубль,III квартал,2016-Q3,24771.0
Новгородская область,рубль,IV квартал,2016-Q4,29145.0
Новгородская область,рубль,значение показателя за год,2016,25380.0
Новгородская область,рубль,I квартал,2017-Q1,23300.0
Новгородская область,рубль,II квартал,2017-Q2,24262.0
Новгородская область,рубль,III квартал,2017-Q3,24458.0
Новгородская область,рубль,IV квартал,2017-Q4,30922.0
Новгородская область,рубль,значение показателя за год,2017,25870.0
Новгородская область,рубль,I квартал,2018-Q1,22421.0
Новгородская область,рубль,II квартал,2018-Q2,24394.0
Новгородская область,рубль,III квартал,2018-Q3,24156.0
Новгородская область,рубль,IV квартал,2018-Q4,31447.0
Новгородская область,рубль,значение показателя за год,2018,25745.0
Новгородская область,рубль,I квартал,2019-Q1,23059.0
Новгородская область,рубль,II квартал,2019-Q2,24955.0
Новгородская область,рубль,III квартал,2019-Q3,25042.0
Новгородская область,рубль,IV квартал,2019-Q4,31955.0
Новгородская область,рубль,значение показателя за год,2019,26346.0
Новгородская область,рубль,I квартал,2020-Q1,23741.0
Новгородская область,рубль,II квартал,2020-Q2,25797.0
Новгородская область,рубль,III квартал,2020-Q3,25671.0
Новгородская область,рубль,IV квартал,2020-Q4,30809.0
Новгородская область,рубль,значение показателя за год,2020,26606.0
Псковская область,рубль,значение показателя за год,2008,10336.4
Псковская область,рубль,значение показателя за год,2009,11438.0
Псковская область,рубль,значение показателя за год,2010,12797.6
Псковская область,рубль,значение показателя за год,2011,14202.0
Псковская область,рубль,I квартал,2012-Q1,13059.0
Псковская область,рубль,II квартал,2012-Q2,17176.0
Псковская область,рубль,III квартал,2012-Q3,16066.0
Псковская область,рубль,IV квартал,2012-Q4,18759.0
Псковская область,рубль,значение показателя за год,2012,16352.0
Псковская область,рубль,I квартал,2013-Q1,15193.0
Псковская область,рубль,II квартал,2013-Q2,16923.0
Псковская область,рубль,III квартал,2013-Q3,17226.0
Псковская область,рубль,IV квартал,2013-Q4,22193.0
Псковская область,рубль,значение показателя за год,2013,17973.0
Псковская область,рубль,I квартал,2014-Q1,16431.0
Псковская область,рубль,II квартал,2014-Q2,19140.0
Псковская область,рубль,III квартал,2014-Q3,20293.0
Псковская область,рубль,IV квартал,2014-Q4,23175.0
Псковская область,рубль,значение показателя за год,2014,19867.0
Псковская область,рубль,I квартал,2015-Q1,18697.0
Псковская область,рубль,II квартал,2015-Q2,21806.0
Псковская область,рубль,III квартал,2015-Q3,21595.0
Псковская область,рубль,IV квартал,2015-Q4,24539.0
Псковская область,рубль,значение показателя за год,2015,21762.0
Псковская область,рубль,I квартал,2016-Q1,19704.0
Псковская область,рубль,II квартал,2016-Q2,22736.0
Псковская область,рубль,III квартал,2016-Q3,21925.0
Псковская область,рубль,IV квартал,2016-Q4,24543.0
Псковская область,рубль,значение показателя за год,2016,22328.0
Псковская область,рубль,I квартал,2017-Q1,21425.0
Псковская область,рубль,II квартал,2017-Q2,23741.0
Псковская область,рубль,III квартал,2017-Q3,23974.0
Псковская область,рубль,IV квартал,2017-Q4,24962.0
Псковская область,рубль,значение показателя за год,2017,23657.0
Псковская область,рубль,I квартал,2018-Q1,20971.0
Псковская область,рубль,II квартал,2018-Q2,23263.0
Псковская область,рубль,III квартал,2018-Q3,24522.0
Псковская область,рубль,IV квартал,2018-Q4,27883.0
Псковская область,рубль,значение показателя за год,2018,24321.0
Псковская область,рубль,I квартал,2019-Q1,22198.0
Псковская область,рубль,II квартал,2019-Q2,26179.0
Псковская область,рубль,III квартал,2019-Q3,26737.0
Псковская область,рубль,IV квартал,2019-Q4,28708.0
Псковская область,рубль,значение показателя за год,2019,26060.0
Псковская область,рубль,I квартал,2020-Q1,23843.0
Псковская область,рубль,II квартал,2020-Q2,26437.0
Псковская область,рубль,III квартал,2020-Q3,27231.0
Псковская область,рубль,IV квартал,2020-Q4,30112.0
Псковская область,рубль,значение показателя за год,2020,27069.0
Город Санкт-Петербург город федерального значения,рубль,значение показателя за год,2008,16946.0
Город Санкт-Петербург город федерального значения,рубль,значение показателя за год,2009,21552.8
Город Санкт-Петербург город федерального значения,рубль,значение показателя за год,2010,24824.3
Город Санкт-Петербург город федерального значения,рубль,значение показателя за год,2011,26012.0
Город Санкт-Петербург город федерального значения,рубль,I квартал,2012-Q1,23322.0
Город Санкт-Петербург город федерального значения,рубль,II квартал,2012-Q2,28710.0
Город Санкт-Петербург город федерального значения,рубль,III квартал,2012-Q3,26969.0
Город Санкт-Петербург город федерального значения,рубль,IV квартал,2012-Q4,32689.0
Город Санкт-Петербург город федерального значения,рубль,значение показателя за год,2012,27654.0
Город Санкт-Петербург город федерального значения,рубль,I квартал,2013-Q1,26090.0
Город Санкт-Петербург город федерального значения,рубль,II квартал,2013-Q2,29993.0
Город Санкт-Петербург город федерального значения,рубль,III квартал,2013-Q3,30726.0
Город Санкт-Петербург город федерального значения,рубль,IV квартал,2013-Q4,35385.0
Город Санкт-Петербург город федерального значения,рубль,значение показателя за год,2013,30179.0
Город Санкт-Петербург город федерального значения,рубль,I квартал,2014-Q1,25613.0
Город Санкт-Петербург город федерального значения,рубль,II квартал,2014-Q2,33073.0
Город Санкт-Петербург город федерального значения,рубль,III квартал,2014-Q3,32313.0
Город Санкт-Петербург город федерального значения,рубль,IV квартал,2014-Q4,40818.0
Город Санкт-Петербург город федерального значения,рубль,значение показателя за год,2014,32701.0
Город Санкт-Петербург город федерального значения,рубль,I квартал,2015-Q1,30083.0
Город Санкт-Петербург город федерального значения,рубль,II квартал,2015-Q2,37835.0
Город Санкт-Петербург город федерального значения,рубль,III квартал,2015-Q3,35952.0
Город Санкт-Петербург город федерального значения,рубль,IV квартал,2015-Q4,43924.0
Город Санкт-Петербург город федерального значения,рубль,значение показателя за год,2015,36757.0
Город Санкт-Петербург город федерального значения,рубль,I квартал,2016-Q1,34292.0
Город Санкт-Петербург город федерального значения,рубль,II квартал,2016-Q2,40913.0
Город Санкт-Петербург город федерального значения,рубль,III квартал,2016-Q3,36749.0
Город Санкт-Петербург город федерального значения,рубль,IV квартал,2016-Q4,45140.0
Город Санкт-Петербург город федерального значения,рубль,значение показателя за год,2016,39002.0
Город Санкт-Петербург город федерального значения,рубль,I квартал,2017-Q1,35557.0
Город Санкт-Петербург город федерального значения,рубль,II квартал,2017-Q2,42619.0
Город Санкт-Петербург город федерального значения,рубль,III квартал,2017-Q3,37971.0
Город Санкт-Петербург город федерального значения,рубль,IV квартал,2017-Q4,50430.0
Город Санкт-Петербург город федерального значения,рубль,значение показателя за год,2017,41302.0
Город Санкт-Петербург город федерального значения,рубль,I квартал,2018-Q1,37817.0
Город Санкт-Петербург город федерального значения,рубль,II квартал,2018-Q2,43299.0
Город Санкт-Петербург город федерального значения,рубль,III квартал,2018-Q3,41557.0
Город Санкт-Петербург город федерального значения,рубль,IV квартал,2018-Q4,53707.0
Город Санкт-Петербург город федерального значения,рубль,значение показателя за год,2018,43889.0
Город Санкт-Петербург город федерального значения,рубль,I квартал,2019-Q1,39381.0
Город Санкт-Петербург город федерального значения,рубль,II квартал,2019-Q2,44470.0
Город Санкт-Петербург город федерального значения,рубль,III квартал,2019-Q3,44236.0
Город Санкт-Петербург город федерального значения,рубль,IV квартал,2019-Q4,56478.0
Город Санкт-Петербург город федерального значения,рубль,значение показателя за год,2019,45999.0
Город Санкт-Петербург город федерального значения,рубль,I квартал,2020-Q1,41722.0
Город Санкт-Петербург город федерального значения,рубль,II квартал,2020-Q2,44997.0
Город Санкт-Петербург город федерального значения,рубль,III квартал,2020-Q3,43091.0
Город Санкт-Петербург город федерального значения,рубль,IV квартал,2020-Q4,60980.0
Город Санкт-Петербург город федерального значения,рубль,значение показателя за год,2020,47664.0
Южный федеральный округ (по 2009 год),рубль,значение показателя за год,2008,10885.0
Южный федеральный округ (по 2009 год),рубль,значение показателя за год,2009,12436.6
Южный федеральный округ (до 29.07.2016),рубль,значение показателя за год,2010,15113.9
Южный федеральный округ (до 29.07.2016),рубль,значение показателя за год,2011,16573.0
Южный федеральный округ (до 29.07.2016),рубль,I квартал,2012-Q1,14824.0
Южный федеральный округ (до 29.07.2016),рубль,II квартал,2012-Q2,17166.0
Южный федеральный округ (до 29.07.2016),рубль,III квартал,2012-Q3,20512.0
Южный федеральный округ (до 29.07.2016),рубль,IV квартал,2012-Q4,22925.0
Южный федеральный округ (до 29.07.2016),рубль,значение показателя за год,2012,18825.0
Южный федеральный округ (до 29.07.2016),рубль,I квартал,2013-Q1,17071.0
Южный федеральный округ (до 29.07.2016),рубль,II квартал,2013-Q2,19992.0
Южный федеральный округ (до 29.07.2016),рубль,III квартал,2013-Q3,22474.0
Южный федеральный округ (до 29.07.2016),рубль,IV квартал,2013-Q4,26640.0
Южный федеральный округ (до 29.07.2016),рубль,значение показателя за год,2013,21487.0
Южный федеральный округ (до 29.07.2016),рубль,I квартал,2014-Q1,19563.0
Южный федеральный округ (до 29.07.2016),рубль,II квартал,2014-Q2,23205.0
Южный федеральный округ (до 29.07.2016),рубль,III квартал,2014-Q3,25395.0
Южный федеральный округ (до 29.07.2016),рубль,IV квартал,2014-Q4,27558.0
Южный федеральный округ (до 29.07.2016),рубль,значение показателя за год,2014,20557.0
Южный федеральный округ,рубль,I квартал,2015-Q1,20944.0
Южный федеральный округ,рубль,II квартал,2015-Q2,23839.0
Южный федеральный округ,рубль,III квартал,2015-Q3,25674.0
Южный федеральный округ,рубль,IV квартал,2015-Q4,30533.0
Южный федеральный округ,рубль,значение показателя за год,2015,25157.0
Южный федеральный округ,рубль,I квартал,2016-Q1,22390.0
Южный федеральный округ,рубль,II квартал,2016-Q2,25619.0
Южный федеральный округ,рубль,III квартал,2016-Q3,27190.0
Южный федеральный округ,рубль,IV квартал,2016-Q4,29915.0
Южный федеральный округ,рубль,значение показателя за год,2016,26202.0
Южный федеральный округ,рубль,I квартал,2017-Q1,23142.0
Южный федеральный округ,рубль,II квартал,2017-Q2,25857.0
Южный федеральный округ,рубль,III квартал,2017-Q3,28225.0
Южный федеральный округ,рубль,IV квартал,2017-Q4,31138.0
Южный федеральный округ,рубль,значение показателя за год,2017,27048.0
Южный федеральный округ,рубль,I квартал,2018-Q1,23614.0
Южный федеральный округ,рубль,II квартал,2018-Q2,26806.0
Южный федеральный округ,рубль,III квартал,2018-Q3,29745.0
Южный федеральный округ,рубль,IV квартал,2018-Q4,33091.0
Южный федеральный округ,рубль,значение показателя за год,2018,28270.0
Южный федеральный округ,рубль,I квартал,2019-Q1,24320.0
Южный федеральный округ,рубль,II квартал,2019-Q2,28065.0
Южный федеральный округ,рубль,III квартал,2019-Q3,31966.0
Южный федеральный округ,рубль,IV квартал,2019-Q4,34766.0
Южный федеральный округ,рубль,значение показателя за год,2019,29732.0
Южный федеральный округ,рубль,I квартал,2020-Q1,26363.0
Южный федеральный округ,рубль,II квартал,2020-Q2,25712.0
Южный федеральный округ,рубль,III квартал,2020-Q3,33266.0
Южный федеральный округ,рубль,IV квартал,2020-Q4,36275.0
Южный федеральный округ,рубль,значение показателя за год,2020,30413.0
Республика Адыгея (Адыгея),рубль,значение показателя за год,2008,8047.0
Республика Адыгея (Адыгея),рубль,значение показателя за год,2009,10555.8
Республика Адыгея (Адыгея),рубль,значение показателя за год,2010,12278.7
Республика Адыгея (Адыгея),рубль,значение показателя за год,2011,14230.0
Республика Адыгея (Адыгея),рубль,I квартал,2012-Q1,13422.0
Республика Адыгея (Адыгея),рубль,II квартал,2012-Q2,15434.0
Республика Адыгея (Адыгея),рубль,III квартал,2012-Q3,17316.0
Республика Адыгея (Адыгея),рубль,IV квартал,2012-Q4,21869.0
Республика Адыгея (Адыгея),рубль,значение показателя за год,2012,16920.0
Республика Адыгея (Адыгея),рубль,I квартал,2013-Q1,15287.0
Республика Адыгея (Адыгея),рубль,II квартал,2013-Q2,18223.0
Республика Адыгея (Адыгея),рубль,III квартал,2013-Q3,19050.0
Республика Адыгея (Адыгея),рубль,IV квартал,2013-Q4,21660.0
Республика Адыгея (Адыгея),рубль,значение показателя за год,2013,18459.0
Республика Адыгея (Адыгея),рубль,I квартал,2014-Q1,17941.0
Республика Адыгея (Адыгея),рубль,II квартал,2014-Q2,20780.0
Республика Адыгея (Адыгея),рубль,III квартал,2014-Q3,22320.0
Республика Адыгея (Адыгея),рубль,IV квартал,2014-Q4,25982.0
Республика Адыгея (Адыгея),рубль,значение показателя за год,2014,21625.0
Республика Адыгея (Адыгея),рубль,I квартал,2015-Q1,20417.0
Республика Адыгея (Адыгея),рубль,II квартал,2015-Q2,20360.0
Республика Адыгея (Адыгея),рубль,III квартал,2015-Q3,23335.0
Республика Адыгея (Адыгея),рубль,IV квартал,2015-Q4,26078.0
Республика Адыгея (Адыгея),рубль,значение показателя за год,2015,22417.0
Республика Адыгея (Адыгея),рубль,I квартал,2016-Q1,18569.0
Республика Адыгея (Адыгея),рубль,II квартал,2016-Q2,24283.0
Республика Адыгея (Адыгея),рубль,III квартал,2016-Q3,25823.0
Республика Адыгея (Адыгея),рубль,IV квартал,2016-Q4,28878.0
Республика Адыгея (Адыгея),рубль,значение показателя за год,2016,24269.0
Республика Адыгея (Адыгея),рубль,I квартал,2017-Q1,21712.0
Республика Адыгея (Адыгея),рубль,II квартал,2017-Q2,24752.0
Республика Адыгея (Адыгея),рубль,III квартал,2017-Q3,25738.0
Республика Адыгея (Адыгея),рубль,IV квартал,2017-Q4,29993.0
Республика Адыгея (Адыгея),рубль,значение показателя за год,2017,25476.0
Республика Адыгея (Адыгея),рубль,I квартал,2018-Q1,21758.0
Республика Адыгея (Адыгея),рубль,II квартал,2018-Q2,26266.0
Республика Адыгея (Адыгея),рубль,III квартал,2018-Q3,27595.0
Республика Адыгея (Адыгея),рубль,IV квартал,2018-Q4,30422.0
Республика Адыгея (Адыгея),рубль,значение показателя за год,2018,26397.0
Республика Адыгея (Адыгея),рубль,I квартал,2019-Q1,23554.0
Республика Адыгея (Адыгея),рубль,II квартал,2019-Q2,27503.0
Республика Адыгея (Адыгея),рубль,III квартал,2019-Q3,28842.0
Республика Адыгея (Адыгея),рубль,IV квартал,2019-Q4,32332.0
Республика Адыгея (Адыгея),рубль,значение показателя за год,2019,27739.0
Республика Адыгея (Адыгея),рубль,I квартал,2020-Q1,24771.0
Республика Адыгея (Адыгея),рубль,II квартал,2020-Q2,25526.0
Республика Адыгея (Адыгея),рубль,III квартал,2020-Q3,30104.0
Республика Адыгея (Адыгея),рубль,IV квартал,2020-Q4,34802.0
Республика Адыгея (Адыгея),рубль,значение показателя за год,2020,28716.0
Республика Калмыкия,рубль,значение показателя за год,2008,5530.9
Республика Калмыкия,рубль,значение показателя за год,2009,6953.5
Республика Калмыкия,рубль,значение показателя за год,2010,7774.0
Республика Калмыкия,рубль,значение показателя за год,2011,8834.0
Республика Калмыкия,рубль,I квартал,2012-Q1,8600.0
Республика Калмыкия,рубль,II квартал,2012-Q2,10373.0
Республика Калмыкия,рубль,III квартал,2012-Q3,9607.0
Республика Калмыкия,рубль,IV квартал,2012-Q4,12042.0
Республика Калмыкия,рубль,значение показателя за год,2012,10205.0
Республика Калмыкия,рубль,I квартал,2013-Q1,9634.0
Республика Калмыкия,рубль,II квартал,2013-Q2,9767.0
Республика Калмыкия,рубль,III квартал,2013-Q3,13362.0
Республика Калмыкия,рубль,IV квартал,2013-Q4,13848.0
Республика Калмыкия,рубль,значение показателя за год,2013,11700.0
Республика Калмыкия,рубль,I квартал,2014-Q1,10208.0
Республика Калмыкия,рубль,II квартал,2014-Q2,13592.0
Республика Калмыкия,рубль,III квартал,2014-Q3,13480.0
Республика Калмыкия,рубль,IV квартал,2014-Q4,14691.0
Республика Калмыкия,рубль,значение показателя за год,2014,13029.0
Республика Калмыкия,рубль,I квартал,2015-Q1,12803.0
Республика Калмыкия,рубль,II квартал,2015-Q2,16535.0
Республика Калмыкия,рубль,III квартал,2015-Q3,15917.0
Республика Калмыкия,рубль,IV квартал,2015-Q4,15834.0
Республика Калмыкия,рубль,значение показателя за год,2015,15325.0
Республика Калмыкия,рубль,I квартал,2016-Q1,12948.0
Республика Калмыкия,рубль,II квартал,2016-Q2,15799.0
Республика Калмыкия,рубль,III квартал,2016-Q3,15654.0
Республика Калмыкия,рубль,IV квартал,2016-Q4,18485.0
Республика Калмыкия,рубль,значение показателя за год,2016,15748.0
Республика Калмыкия,рубль,I квартал,2017-Q1,14079.0
Республика Калмыкия,рубль,II квартал,2017-Q2,15253.0
Республика Калмыкия,рубль,III квартал,2017-Q3,15659.0
Республика Калмыкия,рубль,IV квартал,2017-Q4,19991.0
Республика Калмыкия,рубль,значение показателя за год,2017,16316.0
Республика Калмыкия,рубль,I квартал,2018-Q1,14716.0
Республика Калмыкия,рубль,II квартал,2018-Q2,15387.0
Республика Калмыкия,рубль,III квартал,2018-Q3,15797.0
Республика Калмыкия,рубль,IV квартал,2018-Q4,22311.0
Республика Калмыкия,рубль,значение показателя за год,2018,17140.0
Республика Калмыкия,рубль,I квартал,2019-Q1,15143.0
Республика Калмыкия,рубль,II квартал,2019-Q2,17270.0
Республика Калмыкия,рубль,III квартал,2019-Q3,18293.0
Республика Калмыкия,рубль,IV квартал,2019-Q4,23370.0
Республика Калмыкия,рубль,значение показателя за год,2019,18573.0
Республика Калмыкия,рубль,I квартал,2020-Q1,17245.0
Республика Калмыкия,рубль,II квартал,2020-Q2,19107.0
Республика Калмыкия,рубль,III квартал,2020-Q3,20142.0
Республика Калмыкия,рубль,IV квартал,2020-Q4,22890.0
Республика Калмыкия,рубль,значение показателя за год,2020,19892.0
Республика Крым,рубль,I квартал,2015-Q1,12084.0
Республика Крым,рубль,II квартал,2015-Q2,15379.0
Республика Крым,рубль,III квартал,2015-Q3,15732.0
Республика Крым,рубль,IV квартал,2015-Q4,19644.0
Республика Крым,рубль,значение показателя за год,2015,15641.0
Республика Крым,рубль,I квартал,2016-Q1,15381.0
Республика Крым,рубль,II квартал,2016-Q2,18197.0
Республика Крым,рубль,III квартал,2016-Q3,17293.0
Республика Крым,рубль,IV квартал,2016-Q4,20317.0
Республика Крым,рубль,значение показателя за год,2016,17750.0
Республика Крым,рубль,I квартал,2017-Q1,17372.0
Республика Крым,рубль,II квартал,2017-Q2,20692.0
Республика Крым,рубль,III квартал,2017-Q3,19544.0
Республика Крым,рубль,IV квартал,2017-Q4,21256.0
Республика Крым,рубль,значение показателя за год,2017,19681.0
Республика Крым,рубль,I квартал,2018-Q1,17893.0
Республика Крым,рубль,II квартал,2018-Q2,22247.0
Республика Крым,рубль,III квартал,2018-Q3,22417.0
Республика Крым,рубль,IV квартал,2018-Q4,22794.0
Республика Крым,рубль,значение показателя за год,2018,21320.0
Республика Крым,рубль,I квартал,2019-Q1,18879.0
Республика Крым,рубль,II квартал,2019-Q2,22458.0
Республика Крым,рубль,III квартал,2019-Q3,23147.0
Республика Крым,рубль,IV квартал,2019-Q4,24027.0
Республика Крым,рубль,значение показателя за год,2019,22094.0
Республика Крым,рубль,I квартал,2020-Q1,19148.0
Республика Крым,рубль,II квартал,2020-Q2,20448.0
Республика Крым,рубль,III квартал,2020-Q3,25105.0
Республика Крым,рубль,IV квартал,2020-Q4,25932.0
Республика Крым,рубль,значение показателя за год,2020,22698.0
Краснодарский край,рубль,значение показателя за год,2008,11906.2
Краснодарский край,рубль,значение показателя за год,2009,13752.1
Краснодарский край,рубль,значение показателя за год,2010,16892.1
Краснодарский край,рубль,значение показателя за год,2011,18773.0
Краснодарский край,рубль,I квартал,2012-Q1,16277.0
Краснодарский край,рубль,II квартал,2012-Q2,17999.0
Краснодарский край,рубль,III квартал,2012-Q3,25058.0
Краснодарский край,рубль,IV квартал,2012-Q4,27576.0
Краснодарский край,рубль,значение показателя за год,2012,21607.0
Краснодарский край,рубль,I квартал,2013-Q1,18653.0
Краснодарский край,рубль,II квартал,2013-Q2,21435.0
Краснодарский край,рубль,III квартал,2013-Q3,27219.0
Краснодарский край,рубль,IV квартал,2013-Q4,33424.0
Краснодарский край,рубль,значение показателя за год,2013,24979.0
Краснодарский край,рубль,I квартал,2014-Q1,23266.0
Краснодарский край,рубль,II квартал,2014-Q2,26669.0
Краснодарский край,рубль,III квартал,2014-Q3,30160.0
Краснодарский край,рубль,IV квартал,2014-Q4,31980.0
Краснодарский край,рубль,значение показателя за год,2014,27859.0
Краснодарский край,рубль,I квартал,2015-Q1,25732.0
Краснодарский край,рубль,II квартал,2015-Q2,28620.0
Краснодарский край,рубль,III квартал,2015-Q3,31499.0
Краснодарский край,рубль,IV квартал,2015-Q4,38859.0
Краснодарский край,рубль,значение показателя за год,2015,30970.0
Краснодарский край,рубль,I квартал,2016-Q1,28370.0
Краснодарский край,рубль,II квартал,2016-Q2,30438.0
Краснодарский край,рубль,III квартал,2016-Q3,34599.0
Краснодарский край,рубль,IV квартал,2016-Q4,37141.0
Краснодарский край,рубль,значение показателя за год,2016,32432.0
Краснодарский край,рубль,I квартал,2017-Q1,28696.0
Краснодарский край,рубль,II квартал,2017-Q2,30684.0
Краснодарский край,рубль,III квартал,2017-Q3,36055.0
Краснодарский край,рубль,IV квартал,2017-Q4,36687.0
Краснодарский край,рубль,значение показателя за год,2017,32898.0
Краснодарский край,рубль,I квартал,2018-Q1,29245.0
Краснодарский край,рубль,II квартал,2018-Q2,31477.0
Краснодарский край,рубль,III квартал,2018-Q3,37581.0
Краснодарский край,рубль,IV квартал,2018-Q4,39426.0
Краснодарский край,рубль,значение показателя за год,2018,34258.0
Краснодарский край,рубль,I квартал,2019-Q1,29412.0
Краснодарский край,рубль,II квартал,2019-Q2,33051.0
Краснодарский край,рубль,III квартал,2019-Q3,40938.0
Краснодарский край,рубль,IV квартал,2019-Q4,40675.0
Краснодарский край,рубль,значение показателя за год,2019,35894.0
Краснодарский край,рубль,I квартал,2020-Q1,32080.0
Краснодарский край,рубль,II квартал,2020-Q2,29429.0
Краснодарский край,рубль,III квартал,2020-Q3,42006.0
Краснодарский край,рубль,IV квартал,2020-Q4,42944.0
Краснодарский край,рубль,значение показателя за год,2020,36547.0
Астраханская область,рубль,значение показателя за год,2008,11066.9
Астраханская область,рубль,значение показателя за год,2009,13011.9
Астраханская область,рубль,значение показателя за год,2010,14697.2
Астраханская область,рубль,значение показателя за год,2011,16060.0
Астраханская область,рубль,I квартал,2012-Q1,15565.0
Астраханская область,рубль,II квартал,2012-Q2,17267.0
Астраханская область,рубль,III квартал,2012-Q3,17888.0
Астраханская область,рубль,IV квартал,2012-Q4,20643.0
Астраханская область,рубль,значение показателя за год,2012,17876.0
Астраханская область,рубль,I квартал,2013-Q1,16628.0
Астраханская область,рубль,II квартал,2013-Q2,19724.0
Астраханская область,рубль,III квартал,2013-Q3,20139.0
Астраханская область,рубль,IV квартал,2013-Q4,23918.0
Астраханская область,рубль,значение показателя за год,2013,20104.0
Астраханская область,рубль,I квартал,2014-Q1,18407.0
Астраханская область,рубль,II квартал,2014-Q2,21788.0
Астраханская область,рубль,III квартал,2014-Q3,22486.0
Астраханская область,рубль,IV квартал,2014-Q4,26244.0
Астраханская область,рубль,значение показателя за год,2014,22211.0
Астраханская область,рубль,I квартал,2015-Q1,21969.0
Астраханская область,рубль,II квартал,2015-Q2,23696.0
Астраханская область,рубль,III квартал,2015-Q3,24304.0
Астраханская область,рубль,IV квартал,2015-Q4,26374.0
Астраханская область,рубль,значение показателя за год,2015,24149.0
Астраханская область,рубль,I квартал,2016-Q1,20302.0
Астраханская область,рубль,II квартал,2016-Q2,23681.0
Астраханская область,рубль,III квартал,2016-Q3,22759.0
Астраханская область,рубль,IV квартал,2016-Q4,25968.0
Астраханская область,рубль,значение показателя за год,2016,23205.0
Астраханская область,рубль,I квартал,2017-Q1,19633.0
Астраханская область,рубль,II квартал,2017-Q2,23929.0
Астраханская область,рубль,III квартал,2017-Q3,22548.0
Астраханская область,рубль,IV квартал,2017-Q4,26949.0
Астраханская область,рубль,значение показателя за год,2017,23313.0
Астраханская область,рубль,I квартал,2018-Q1,20728.0
Астраханская область,рубль,II квартал,2018-Q2,24352.0
Астраханская область,рубль,III квартал,2018-Q3,23523.0
Астраханская область,рубль,IV квартал,2018-Q4,28230.0
Астраханская область,рубль,значение показателя за год,2018,24285.0
Астраханская область,рубль,I квартал,2019-Q1,22217.0
Астраханская область,рубль,II квартал,2019-Q2,25230.0
Астраханская область,рубль,III квартал,2019-Q3,24936.0
Астраханская область,рубль,IV квартал,2019-Q4,29403.0
Астраханская область,рубль,значение показателя за год,2019,25590.0
Астраханская область,рубль,I квартал,2020-Q1,23648.0
Астраханская область,рубль,II квартал,2020-Q2,24719.0
Астраханская область,рубль,III квартал,2020-Q3,25036.0
Астраханская область,рубль,IV квартал,2020-Q4,29669.0
Астраханская область,рубль,значение показателя за год,2020,25912.0
Волгоградская область,рубль,значение показателя за год,2008,10833.5
Волгоградская область,рубль,значение показателя за год,2009,12530.7
Волгоградская область,рубль,значение показателя за год,2010,13774.8
Волгоградская область,рубль,значение показателя за год,2011,14509.0
Волгоградская область,рубль,I квартал,2012-Q1,13017.0
Волгоградская область,рубль,II квартал,2012-Q2,15401.0
Волгоградская область,рубль,III квартал,2012-Q3,16164.0
Волгоградская область,рубль,IV квартал,2012-Q4,19222.0
Волгоградская область,рубль,значение показателя за год,2012,15975.0
Волгоградская область,рубль,I квартал,2013-Q1,15256.0
Волгоградская область,рубль,II квартал,2013-Q2,18713.0
Волгоградская область,рубль,III квартал,2013-Q3,18104.0
Волгоградская область,рубль,IV квартал,2013-Q4,19788.0
Волгоградская область,рубль,значение показателя за год,2013,18000.0
Волгоградская область,рубль,I квартал,2014-Q1,16240.0
Волгоградская область,рубль,II квартал,2014-Q2,18734.0
Волгоградская область,рубль,III квартал,2014-Q3,20018.0
Волгоградская область,рубль,IV квартал,2014-Q4,22034.0
Волгоградская область,рубль,значение показателя за год,2014,19286.0
Волгоградская область,рубль,I квартал,2015-Q1,18604.0
Волгоградская область,рубль,II квартал,2015-Q2,21128.0
Волгоградская область,рубль,III квартал,2015-Q3,22351.0
Волгоградская область,рубль,IV квартал,2015-Q4,25601.0
Волгоградская область,рубль,значение показателя за год,2015,21953.0
Волгоградская область,рубль,I квартал,2016-Q1,17767.0
Волгоградская область,рубль,II квартал,2016-Q2,21332.0
Волгоградская область,рубль,III квартал,2016-Q3,21075.0
Волгоградская область,рубль,IV квартал,2016-Q4,24676.0
Волгоградская область,рубль,значение показателя за год,2016,21241.0
Волгоградская область,рубль,I квартал,2017-Q1,18003.0
Волгоградская область,рубль,II квартал,2017-Q2,20662.0
Волгоградская область,рубль,III квартал,2017-Q3,21509.0
Волгоградская область,рубль,IV квартал,2017-Q4,26931.0
Волгоградская область,рубль,значение показателя за год,2017,21819.0
Волгоградская область,рубль,I квартал,2018-Q1,18256.0
Волгоградская область,рубль,II квартал,2018-Q2,21629.0
Волгоградская область,рубль,III квартал,2018-Q3,21557.0
Волгоградская область,рубль,IV квартал,2018-Q4,28590.0
Волгоградская область,рубль,значение показателя за год,2018,22551.0
Волгоградская область,рубль,I квартал,2019-Q1,18318.0
Волгоградская область,рубль,II квартал,2019-Q2,22178.0
Волгоградская область,рубль,III квартал,2019-Q3,24160.0
Волгоградская область,рубль,IV квартал,2019-Q4,30483.0
Волгоградская область,рубль,значение показателя за год,2019,23843.0
Волгоградская область,рубль,I квартал,2020-Q1,20786.0
Волгоградская область,рубль,II квартал,2020-Q2,20285.0
Волгоградская область,рубль,III квартал,2020-Q3,25710.0
Волгоградская область,рубль,IV квартал,2020-Q4,31483.0
Волгоградская область,рубль,значение показателя за год,2020,24627.0
Ростовская область,рубль,значение показателя за год,2008,12027.7
Ростовская область,рубль,значение показателя за год,2009,12800.0
Ростовская область,рубль,значение показателя за год,2010,14647.1
Ростовская область,рубль,значение показателя за год,2011,16004.0
Ростовская область,рубль,I квартал,2012-Q1,14510.0
Ростовская область,рубль,II квартал,2012-Q2,17821.0
Ростовская область,рубль,III квартал,2012-Q3,19202.0
Ростовская область,рубль,IV квартал,2012-Q4,20787.0
Ростовская область,рубль,значение показателя за год,2012,18086.0
Ростовская область,рубль,I квартал,2013-Q1,16972.0
Ростовская область,рубль,II квартал,2013-Q2,19887.0
Ростовская область,рубль,III квартал,2013-Q3,20688.0
Ростовская область,рубль,IV квартал,2013-Q4,24298.0
Ростовская область,рубль,значение показателя за год,2013,20475.0
Ростовская область,рубль,I квартал,2014-Q1,17907.0
Ростовская область,рубль,II квартал,2014-Q2,22716.0
Ростовская область,рубль,III квартал,2014-Q3,24365.0
Ростовская область,рубль,IV квартал,2014-Q4,26583.0
Ростовская область,рубль,значение показателя за год,2014,22893.0
Ростовская область,рубль,I квартал,2015-Q1,20822.0
Ростовская область,рубль,II квартал,2015-Q2,24470.0
Ростовская область,рубль,III квартал,2015-Q3,26628.0
Ростовская область,рубль,IV квартал,2015-Q4,30975.0
Ростовская область,рубль,значение показателя за год,2015,25730.0
Ростовская область,рубль,I квартал,2016-Q1,22220.0
Ростовская область,рубль,II квартал,2016-Q2,26617.0
Ростовская область,рубль,III квартал,2016-Q3,27632.0
Ростовская область,рубль,IV квартал,2016-Q4,29650.0
Ростовская область,рубль,значение показателя за год,2016,26533.0
Ростовская область,рубль,I квартал,2017-Q1,23243.0
Ростовская область,рубль,II квартал,2017-Q2,26184.0
Ростовская область,рубль,III квартал,2017-Q3,28285.0
Ростовская область,рубль,IV квартал,2017-Q4,32554.0
Ростовская область,рубль,значение показателя за год,2017,27591.0
Ростовская область,рубль,I квартал,2018-Q1,23534.0
Ростовская область,рубль,II квартал,2018-Q2,27240.0
Ростовская область,рубль,III квартал,2018-Q3,30219.0
Ростовская область,рубль,IV квартал,2018-Q4,34467.0
Ростовская область,рубль,значение показателя за год,2018,28915.0
Ростовская область,рубль,I квартал,2019-Q1,25030.0
Ростовская область,рубль,II квартал,2019-Q2,28969.0
Ростовская область,рубль,III квартал,2019-Q3,31794.0
Ростовская область,рубль,IV квартал,2019-Q4,36781.0
Ростовская область,рубль,значение показателя за год,2019,30647.0
Ростовская область,рубль,I квартал,2020-Q1,26885.0
Ростовская область,рубль,II квартал,2020-Q2,27097.0
Ростовская область,рубль,III квартал,2020-Q3,33087.0
Ростовская область,рубль,IV квартал,2020-Q4,37821.0
Ростовская область,рубль,значение показателя за год,2020,31270.0
Город федерального значения Севастополь,рубль,I квартал,2015-Q1,17077.0
Город федерального значения Севастополь,рубль,II квартал,2015-Q2,18312.0
Город федерального значения Севастополь,рубль,III квартал,2015-Q3,16812.0
Город федерального значения Севастополь,рубль,IV квартал,2015-Q4,20435.0
Город федерального значения Севастополь,рубль,значение показателя за год,2015,17324.0
Город федерального значения Севастополь,рубль,I квартал,2016-Q1,20366.0
Город федерального значения Севастополь,рубль,II квартал,2016-Q2,24130.0
Город федерального значения Севастополь,рубль,III квартал,2016-Q3,26466.0
Город федерального значения Севастополь,рубль,IV квартал,2016-Q4,30419.0
Город федерального значения Севастополь,рубль,значение показателя за год,2016,24746.0
Город федерального значения Севастополь,рубль,I квартал,2017-Q1,21232.0
Город федерального значения Севастополь,рубль,II квартал,2017-Q2,25744.0
Город федерального значения Севастополь,рубль,III квартал,2017-Q3,27586.0
Город федерального значения Севастополь,рубль,IV квартал,2017-Q4,31612.0
Город федерального значения Севастополь,рубль,значение показателя за год,2017,25950.0
Город федерального значения Севастополь,рубль,I квартал,2018-Q1,21875.0
Город федерального значения Севастополь,рубль,II квартал,2018-Q2,25500.0
Город федерального значения Севастополь,рубль,III квартал,2018-Q3,28518.0
Город федерального значения Севастополь,рубль,IV квартал,2018-Q4,29922.0
Город федерального значения Севастополь,рубль,значение показателя за год,2018,25911.0
Город федерального значения Севастополь,рубль,I квартал,2019-Q1,21087.0
Город федерального значения Севастополь,рубль,II квартал,2019-Q2,26632.0
Город федерального значения Севастополь,рубль,III квартал,2019-Q3,28249.0
Город федерального значения Севастополь,рубль,IV квартал,2019-Q4,32129.0
Город федерального значения Севастополь,рубль,значение показателя за год,2019,26423.0
Город федерального значения Севастополь,рубль,I квартал,2020-Q1,23760.0
Город федерального значения Севастополь,рубль,II квартал,2020-Q2,24495.0
Город федерального значения Севастополь,рубль,III квартал,2020-Q3,29756.0
Город федерального значения Севастополь,рубль,IV квартал,2020-Q4,32045.0
Город федерального значения Севастополь,рубль,значение показателя за год,2020,27267.0
Северо-Кавказский федеральный округ,рубль,значение показателя за год,2010,13253.4
Северо-Кавказский федеральный округ,рубль,значение показателя за год,2011,15037.0
Северо-Кавказский федеральный округ,рубль,I квартал,2012-Q1,12986.0
Северо-Кавказский федеральный округ,рубль,II квартал,2012-Q2,15474.0
Северо-Кавказский федеральный округ,рубль,III квартал,2012-Q3,17938.0
Северо-Кавказский федеральный округ,рубль,IV квартал,2012-Q4,22401.0
Северо-Кавказский федеральный округ,рубль,значение показателя за год,2012,17120.0
Северо-Кавказский федеральный округ,рубль,I квартал,2013-Q1,14703.0
Северо-Кавказский федеральный округ,рубль,II квартал,2013-Q2,16633.0
Северо-Кавказский федеральный округ,рубль,III квартал,2013-Q3,18748.0
Северо-Кавказский федеральный округ,рубль,IV квартал,2013-Q4,24302.0
Северо-Кавказский федеральный округ,рубль,значение показателя за год,2013,18533.0
Северо-Кавказский федеральный округ,рубль,I квартал,2014-Q1,15584.0
Северо-Кавказский федеральный округ,рубль,II квартал,2014-Q2,18162.0
Северо-Кавказский федеральный округ,рубль,III квартал,2014-Q3,21059.0
Северо-Кавказский федеральный округ,рубль,IV квартал,2014-Q4,26386.0
Северо-Кавказский федеральный округ,рубль,значение показателя за год,2014,20209.0
Северо-Кавказский федеральный округ,рубль,I квартал,2015-Q1,17699.0
Северо-Кавказский федеральный округ,рубль,II квартал,2015-Q2,20245.0
Северо-Кавказский федеральный округ,рубль,III квартал,2015-Q3,23406.0
Северо-Кавказский федеральный округ,рубль,IV квартал,2015-Q4,28483.0
Северо-Кавказский федеральный округ,рубль,значение показателя за год,2015,22368.0
Северо-Кавказский федеральный округ,рубль,I квартал,2016-Q1,18327.0
Северо-Кавказский федеральный округ,рубль,II квартал,2016-Q2,20183.0
Северо-Кавказский федеральный округ,рубль,III квартал,2016-Q3,22705.0
Северо-Кавказский федеральный округ,рубль,IV квартал,2016-Q4,27369.0
Северо-Кавказский федеральный округ,рубль,значение показателя за год,2016,22062.0
Северо-Кавказский федеральный округ,рубль,I квартал,2017-Q1,19049.0
Северо-Кавказский федеральный округ,рубль,II квартал,2017-Q2,21036.0
Северо-Кавказский федеральный округ,рубль,III квартал,2017-Q3,23489.0
Северо-Кавказский федеральный округ,рубль,IV квартал,2017-Q4,27772.0
Северо-Кавказский федеральный округ,рубль,значение показателя за год,2017,22762.0
Северо-Кавказский федеральный округ,рубль,I квартал,2018-Q1,19140.0
Северо-Кавказский федеральный округ,рубль,II квартал,2018-Q2,21136.0
Северо-Кавказский федеральный округ,рубль,III квартал,2018-Q3,23677.0
Северо-Кавказский федеральный округ,рубль,IV квартал,2018-Q4,28192.0
Северо-Кавказский федеральный округ,рубль,значение показателя за год,2018,22967.0
Северо-Кавказский федеральный округ,рубль,I квартал,2019-Q1,19903.0
Северо-Кавказский федеральный округ,рубль,II квартал,2019-Q2,22519.0
Северо-Кавказский федеральный округ,рубль,III квартал,2019-Q3,24366.0
Северо-Кавказский федеральный округ,рубль,IV квартал,2019-Q4,29825.0
Северо-Кавказский федеральный округ,рубль,значение показателя за год,2019,24057.0
Северо-Кавказский федеральный округ,рубль,I квартал,2020-Q1,21106.0
Северо-Кавказский федеральный округ,рубль,II квартал,2020-Q2,19890.0
Северо-Кавказский федеральный округ,рубль,III квартал,2020-Q3,24956.0
Северо-Кавказский федеральный округ,рубль,IV квартал,2020-Q4,30856.0
Северо-Кавказский федеральный округ,рубль,значение показателя за год,2020,24143.0
Республика Дагестан,рубль,значение показателя за год,2008,10541.1
Республика Дагестан,рубль,значение показателя за год,2009,13250.1
Республика Дагестан,рубль,значение показателя за год,2010,15678.3
Республика Дагестан,рубль,значение показателя за год,2011,18265.0
Республика Дагестан,рубль,I квартал,2012-Q1,14304.0
Республика Дагестан,рубль,II квартал,2012-Q2,17616.0
Республика Дагестан,рубль,III квартал,2012-Q3,22318.0
Республика Дагестан,рубль,IV квартал,2012-Q4,28784.0
Республика Дагестан,рубль,значение показателя за год,2012,20688.0
Республика Дагестан,рубль,I квартал,2013-Q1,16268.0
Республика Дагестан,рубль,II квартал,2013-Q2,17573.0
Республика Дагестан,рубль,III квартал,2013-Q3,23119.0
Республика Дагестан,рубль,IV квартал,2013-Q4,29307.0
Республика Дагестан,рубль,значение показателя за год,2013,21489.0
Республика Дагестан,рубль,I квартал,2014-Q1,16155.0
Республика Дагестан,рубль,II квартал,2014-Q2,19394.0
Республика Дагестан,рубль,III квартал,2014-Q3,25692.0
Республика Дагестан,рубль,IV квартал,2014-Q4,32020.0
Республика Дагестан,рубль,значение показателя за год,2014,23198.0
Республика Дагестан,рубль,I квартал,2015-Q1,18676.0
Республика Дагестан,рубль,II квартал,2015-Q2,21293.0
Республика Дагестан,рубль,III квартал,2015-Q3,29440.0
Республика Дагестан,рубль,IV квартал,2015-Q4,37577.0
Республика Дагестан,рубль,значение показателя за год,2015,26625.0
Республика Дагестан,рубль,I квартал,2016-Q1,18951.0
Республика Дагестан,рубль,II квартал,2016-Q2,20968.0
Республика Дагестан,рубль,III квартал,2016-Q3,27784.0
Республика Дагестан,рубль,IV квартал,2016-Q4,34846.0
Республика Дагестан,рубль,значение показателя за год,2016,25516.0
Республика Дагестан,рубль,I квартал,2017-Q1,19566.0
Республика Дагестан,рубль,II квартал,2017-Q2,21807.0
Республика Дагестан,рубль,III квартал,2017-Q3,28711.0
Республика Дагестан,рубль,IV квартал,2017-Q4,35558.0
Республика Дагестан,рубль,значение показателя за год,2017,26302.0
Республика Дагестан,рубль,I квартал,2018-Q1,19468.0
Республика Дагестан,рубль,II квартал,2018-Q2,22253.0
Республика Дагестан,рубль,III квартал,2018-Q3,28023.0
Республика Дагестан,рубль,IV квартал,2018-Q4,32897.0
Республика Дагестан,рубль,значение показателя за год,2018,25551.0
Республика Дагестан,рубль,I квартал,2019-Q1,21368.0
Республика Дагестан,рубль,II квартал,2019-Q2,24528.0
Республика Дагестан,рубль,III квартал,2019-Q3,27891.0
Республика Дагестан,рубль,IV квартал,2019-Q4,35340.0
Республика Дагестан,рубль,значение показателя за год,2019,27160.0
Республика Дагестан,рубль,I квартал,2020-Q1,22167.0
Республика Дагестан,рубль,II квартал,2020-Q2,21736.0
Республика Дагестан,рубль,III квартал,2020-Q3,28780.0
Республика Дагестан,рубль,IV квартал,2020-Q4,37318.0
Республика Дагестан,рубль,значение показателя за год,2020,27395.0
Республика Ингушетия,рубль,значение показателя за год,2008,6909.2
Республика Ингушетия,рубль,значение показателя за год,2009,8000.5
Республика Ингушетия,рубль,значение показателя за год,2010,9630.0
Республика Ингушетия,рубль,значение показателя за год,2011,11579.0
Республика Ингушетия,рубль,I квартал,2012-Q1,10478.0
Республика Ингушетия,рубль,II квартал,2012-Q2,11173.0
Республика Ингушетия,рубль,III квартал,2012-Q3,12536.0
Республика Ингушетия,рубль,IV квартал,2012-Q4,15916.0
Республика Ингушетия,рубль,значение показателя за год,2012,12370.0
Республика Ингушетия,рубль,I квартал,2013-Q1,12427.0
Республика Ингушетия,рубль,II квартал,2013-Q2,12226.0
Республика Ингушетия,рубль,III квартал,2013-Q3,12796.0
Республика Ингушетия,рубль,IV квартал,2013-Q4,16551.0
Республика Ингушетия,рубль,значение показателя за год,2013,13355.0
Республика Ингушетия,рубль,I квартал,2014-Q1,12018.0
Республика Ингушетия,рубль,II квартал,2014-Q2,13720.0
Республика Ингушетия,рубль,III квартал,2014-Q3,15532.0
Республика Ингушетия,рубль,IV квартал,2014-Q4,18605.0
Республика Ингушетия,рубль,значение показателя за год,2014,14809.0
Республика Ингушетия,рубль,I квартал,2015-Q1,12833.0
Республика Ингушетия,рубль,II квартал,2015-Q2,14854.0
Республика Ингушетия,рубль,III квартал,2015-Q3,15469.0
Республика Ингушетия,рубль,IV квартал,2015-Q4,18797.0
Республика Ингушетия,рубль,значение показателя за год,2015,15358.0
Республика Ингушетия,рубль,I квартал,2016-Q1,13554.0
Республика Ингушетия,рубль,II квартал,2016-Q2,14854.0
Республика Ингушетия,рубль,III квартал,2016-Q3,15349.0
Республика Ингушетия,рубль,IV квартал,2016-Q4,20477.0
Республика Ингушетия,рубль,значение показателя за год,2016,15947.0
Республика Ингушетия,рубль,I квартал,2017-Q1,14230.0
Республика Ингушетия,рубль,II квартал,2017-Q2,14973.0
Республика Ингушетия,рубль,III квартал,2017-Q3,15633.0
Республика Ингушетия,рубль,IV квартал,2017-Q4,19784.0
Республика Ингушетия,рубль,значение показателя за год,2017,16047.0
Республика Ингушетия,рубль,I квартал,2018-Q1,13448.0
Республика Ингушетия,рубль,II квартал,2018-Q2,16099.0
Республика Ингушетия,рубль,III квартал,2018-Q3,16200.0
Республика Ингушетия,рубль,IV квартал,2018-Q4,20614.0
Республика Ингушетия,рубль,значение показателя за год,2018,16450.0
Республика Ингушетия,рубль,I квартал,2019-Q1,13664.0
Республика Ингушетия,рубль,II квартал,2019-Q2,16873.0
Республика Ингушетия,рубль,III квартал,2019-Q3,17489.0
Республика Ингушетия,рубль,IV квартал,2019-Q4,20342.0
Республика Ингушетия,рубль,значение показателя за год,2019,16945.0
Республика Ингушетия,рубль,I квартал,2020-Q1,13856.0
Республика Ингушетия,рубль,II квартал,2020-Q2,16731.0
Республика Ингушетия,рубль,III квартал,2020-Q3,18238.0
Республика Ингушетия,рубль,IV квартал,2020-Q4,20671.0
Республика Ингушетия,рубль,значение показателя за год,2020,17247.0
Кабардино-Балкарская Республика,рубль,значение показателя за год,2008,8931.4
Кабардино-Балкарская Республика,рубль,значение показателя за год,2009,9985.6
Кабардино-Балкарская Республика,рубль,значение показателя за год,2010,11290.0
Кабардино-Балкарская Республика,рубль,значение показателя за год,2011,12617.0
Кабардино-Балкарская Республика,рубль,I квартал,2012-Q1,10793.0
Кабардино-Балкарская Республика,рубль,II квартал,2012-Q2,12578.0
Кабардино-Балкарская Республика,рубль,III квартал,2012-Q3,14139.0
Кабардино-Балкарская Республика,рубль,IV квартал,2012-Q4,17188.0
Кабардино-Балкарская Республика,рубль,значение показателя за год,2012,13649.0
Кабардино-Балкарская Республика,рубль,I квартал,2013-Q1,12392.0
Кабардино-Балкарская Республика,рубль,II квартал,2013-Q2,13703.0
Кабардино-Балкарская Республика,рубль,III квартал,2013-Q3,15069.0
Кабардино-Балкарская Республика,рубль,IV квартал,2013-Q4,18326.0
Кабардино-Балкарская Республика,рубль,значение показателя за год,2013,14851.0
Кабардино-Балкарская Республика,рубль,I квартал,2014-Q1,13683.0
Кабардино-Балкарская Республика,рубль,II квартал,2014-Q2,14724.0
Кабардино-Балкарская Республика,рубль,III квартал,2014-Q3,15911.0
Кабардино-Балкарская Республика,рубль,IV квартал,2014-Q4,20709.0
Кабардино-Балкарская Республика,рубль,значение показателя за год,2014,16207.0
Кабардино-Балкарская Республика,рубль,I квартал,2015-Q1,15957.0
Кабардино-Балкарская Республика,рубль,II квартал,2015-Q2,17679.0
Кабардино-Балкарская Республика,рубль,III квартал,2015-Q3,18988.0
Кабардино-Балкарская Республика,рубль,IV квартал,2015-Q4,22298.0
Кабардино-Балкарская Республика,рубль,значение показателя за год,2015,18670.0
Кабардино-Балкарская Республика,рубль,I квартал,2016-Q1,15666.0
Кабардино-Балкарская Республика,рубль,II квартал,2016-Q2,18415.0
Кабардино-Балкарская Республика,рубль,III квартал,2016-Q3,19923.0
Кабардино-Балкарская Республика,рубль,IV квартал,2016-Q4,23704.0
Кабардино-Балкарская Республика,рубль,значение показателя за год,2016,19367.0
Кабардино-Балкарская Республика,рубль,I квартал,2017-Q1,17231.0
Кабардино-Балкарская Республика,рубль,II квартал,2017-Q2,19441.0
Кабардино-Балкарская Республика,рубль,III квартал,2017-Q3,20225.0
Кабардино-Балкарская Республика,рубль,IV квартал,2017-Q4,23119.0
Кабардино-Балкарская Республика,рубль,значение показателя за год,2017,19953.0
Кабардино-Балкарская Республика,рубль,I квартал,2018-Q1,17043.0
Кабардино-Балкарская Республика,рубль,II квартал,2018-Q2,18214.0
Кабардино-Балкарская Республика,рубль,III квартал,2018-Q3,20872.0
Кабардино-Балкарская Республика,рубль,IV квартал,2018-Q4,24987.0
Кабардино-Балкарская Республика,рубль,значение показателя за год,2018,20237.0
Кабардино-Балкарская Республика,рубль,I квартал,2019-Q1,17753.0
Кабардино-Балкарская Республика,рубль,II квартал,2019-Q2,19101.0
Кабардино-Балкарская Республика,рубль,III квартал,2019-Q3,21069.0
Кабардино-Балкарская Республика,рубль,IV квартал,2019-Q4,25579.0
Кабардино-Балкарская Республика,рубль,значение показателя за год,2019,20815.0
Кабардино-Балкарская Республика,рубль,I квартал,2020-Q1,19664.0
Кабардино-Балкарская Республика,рубль,II квартал,2020-Q2,16131.0
Кабардино-Балкарская Республика,рубль,III квартал,2020-Q3,21914.0
Кабардино-Балкарская Республика,рубль,IV квартал,2020-Q4,27551.0
Кабардино-Балкарская Республика,рубль,значение показателя за год,2020,21276.0
Карачаево-Черкесская Республика,рубль,значение показателя за год,2008,7918.1
Карачаево-Черкесская Республика,рубль,значение показателя за год,2009,9200.6
Карачаево-Черкесская Республика,рубль,значение показателя за год,2010,10878.0
Карачаево-Черкесская Республика,рубль,значение показателя за год,2011,11740.0
Карачаево-Черкесская Республика,рубль,I квартал,2012-Q1,10943.0
Карачаево-Черкесская Республика,рубль,II квартал,2012-Q2,12949.0
Карачаево-Черкесская Республика,рубль,III квартал,2012-Q3,13377.0
Карачаево-Черкесская Республика,рубль,IV квартал,2012-Q4,16112.0
Карачаево-Черкесская Республика,рубль,значение показателя за год,2012,13379.0
Карачаево-Черкесская Республика,рубль,I квартал,2013-Q1,11783.0
Карачаево-Черкесская Республика,рубль,II квартал,2013-Q2,13456.0
Карачаево-Черкесская Республика,рубль,III квартал,2013-Q3,14763.0
Карачаево-Черкесская Республика,рубль,IV квартал,2013-Q4,16701.0
Карачаево-Черкесская Республика,рубль,значение показателя за год,2013,14203.0
Карачаево-Черкесская Республика,рубль,I квартал,2014-Q1,13326.0
Карачаево-Черкесская Республика,рубль,II квартал,2014-Q2,15483.0
Карачаево-Черкесская Республика,рубль,III квартал,2014-Q3,16948.0
Карачаево-Черкесская Республика,рубль,IV квартал,2014-Q4,19328.0
Карачаево-Черкесская Республика,рубль,значение показателя за год,2014,16280.0
Карачаево-Черкесская Республика,рубль,I квартал,2015-Q1,15684.0
Карачаево-Черкесская Республика,рубль,II квартал,2015-Q2,17379.0
Карачаево-Черкесская Республика,рубль,III квартал,2015-Q3,17418.0
Карачаево-Черкесская Республика,рубль,IV квартал,2015-Q4,20526.0
Карачаево-Черкесская Республика,рубль,значение показателя за год,2015,17754.0
Карачаево-Черкесская Республика,рубль,I квартал,2016-Q1,15532.0
Карачаево-Черкесская Республика,рубль,II квартал,2016-Q2,17150.0
Карачаево-Черкесская Республика,рубль,III квартал,2016-Q3,17222.0
Карачаево-Черкесская Республика,рубль,IV квартал,2016-Q4,20237.0
Карачаево-Черкесская Республика,рубль,значение показателя за год,2016,17546.0
Карачаево-Черкесская Республика,рубль,I квартал,2017-Q1,16017.0
Карачаево-Черкесская Республика,рубль,II квартал,2017-Q2,17204.0
Карачаево-Черкесская Республика,рубль,III квартал,2017-Q3,17445.0
Карачаево-Черкесская Республика,рубль,IV квартал,2017-Q4,20619.0
Карачаево-Черкесская Республика,рубль,значение показателя за год,2017,17809.0
Карачаево-Черкесская Республика,рубль,I квартал,2018-Q1,14347.0
Карачаево-Черкесская Республика,рубль,II квартал,2018-Q2,17535.0
Карачаево-Черкесская Республика,рубль,III квартал,2018-Q3,17732.0
Карачаево-Черкесская Республика,рубль,IV квартал,2018-Q4,22171.0
Карачаево-Черкесская Республика,рубль,значение показателя за год,2018,17947.0
Карачаево-Черкесская Республика,рубль,I квартал,2019-Q1,15523.0
Карачаево-Черкесская Республика,рубль,II квартал,2019-Q2,18149.0
Карачаево-Черкесская Республика,рубль,III квартал,2019-Q3,18762.0
Карачаево-Черкесская Республика,рубль,IV квартал,2019-Q4,22776.0
Карачаево-Черкесская Республика,рубль,значение показателя за год,2019,18793.0
Карачаево-Черкесская Республика,рубль,I квартал,2020-Q1,16608.0
Карачаево-Черкесская Республика,рубль,II квартал,2020-Q2,16429.0
Карачаево-Черкесская Республика,рубль,III квартал,2020-Q3,19198.0
Карачаево-Черкесская Республика,рубль,IV квартал,2020-Q4,23371.0
Карачаево-Черкесская Республика,рубль,значение показателя за год,2020,18903.0
Республика Северная Осетия-Алания,рубль,значение показателя за год,2008,9847.5
Республика Северная Осетия-Алания,рубль,значение показателя за год,2009,9977.7
Республика Северная Осетия-Алания,рубль,значение показателя за год,2010,13192.9
Республика Северная Осетия-Алания,рубль,значение показателя за год,2011,13758.0
Республика Северная Осетия-Алания,рубль,I квартал,2012-Q1,13628.0
Республика Северная Осетия-Алания,рубль,II квартал,2012-Q2,14957.0
Республика Северная Осетия-Алания,рубль,III квартал,2012-Q3,16021.0
Республика Северная Осетия-Алания,рубль,IV квартал,2012-Q4,19930.0
Республика Северная Осетия-Алания,рубль,значение показателя за год,2012,16165.0
Республика Северная Осетия-Алания,рубль,I квартал,2013-Q1,14787.0
Республика Северная Осетия-Алания,рубль,II квартал,2013-Q2,15846.0
Республика Северная Осетия-Алания,рубль,III квартал,2013-Q3,16459.0
Республика Северная Осетия-Алания,рубль,IV квартал,2013-Q4,21365.0
Республика Северная Осетия-Алания,рубль,значение показателя за год,2013,17142.0
Республика Северная Осетия-Алания,рубль,I квартал,2014-Q1,16161.0
Республика Северная Осетия-Алания,рубль,II квартал,2014-Q2,18074.0
Республика Северная Осетия-Алания,рубль,III квартал,2014-Q3,20543.0
Республика Северная Осетия-Алания,рубль,IV квартал,2014-Q4,22333.0
Республика Северная Осетия-Алания,рубль,значение показателя за год,2014,19265.0
Республика Северная Осетия-Алания,рубль,I квартал,2015-Q1,19033.0
Республика Северная Осетия-Алания,рубль,II квартал,2015-Q2,21347.0
Республика Северная Осетия-Алания,рубль,III квартал,2015-Q3,21606.0
Республика Северная Осетия-Алания,рубль,IV квартал,2015-Q4,25189.0
Республика Северная Осетия-Алания,рубль,значение показателя за год,2015,21816.0
Республика Северная Осетия-Алания,рубль,I квартал,2016-Q1,19855.0
Республика Северная Осетия-Алания,рубль,II квартал,2016-Q2,21787.0
Республика Северная Осетия-Алания,рубль,III квартал,2016-Q3,23398.0
Республика Северная Осетия-Алания,рубль,IV квартал,2016-Q4,23853.0
Республика Северная Осетия-Алания,рубль,значение показателя за год,2016,22237.0
Республика Северная Осетия-Алания,рубль,I квартал,2017-Q1,20121.0
Республика Северная Осетия-Алания,рубль,II квартал,2017-Q2,22819.0
Республика Северная Осетия-Алания,рубль,III квартал,2017-Q3,22050.0
Республика Северная Осетия-Алания,рубль,IV квартал,2017-Q4,25813.0
Республика Северная Осетия-Алания,рубль,значение показателя за год,2017,22730.0
Республика Северная Осетия-Алания,рубль,I квартал,2018-Q1,19143.0
Республика Северная Осетия-Алания,рубль,II квартал,2018-Q2,23003.0
Республика Северная Осетия-Алания,рубль,III квартал,2018-Q3,23387.0
Республика Северная Осетия-Алания,рубль,IV квартал,2018-Q4,27767.0
Республика Северная Осетия-Алания,рубль,значение показателя за год,2018,23375.0
Республика Северная Осетия-Алания,рубль,I квартал,2019-Q1,19696.0
Республика Северная Осетия-Алания,рубль,II квартал,2019-Q2,24220.0
Республика Северная Осетия-Алания,рубль,III квартал,2019-Q3,24799.0
Республика Северная Осетия-Алания,рубль,IV квартал,2019-Q4,29416.0
Республика Северная Осетия-Алания,рубль,значение показателя за год,2019,24582.0
Республика Северная Осетия-Алания,рубль,I квартал,2020-Q1,22166.0
Республика Северная Осетия-Алания,рубль,II квартал,2020-Q2,22747.0
Республика Северная Осетия-Алания,рубль,III квартал,2020-Q3,23141.0
Республика Северная Осетия-Алания,рубль,IV квартал,2020-Q4,27801.0
Республика Северная Осетия-Алания,рубль,значение показателя за год,2020,24035.0
Чеченская Республика,рубль,значение показателя за год,2010,11982.4
Чеченская Республика,рубль,значение показателя за год,2011,14025.0
Чеченская Республика,рубль,I квартал,2012-Q1,12425.0
Чеченская Республика,рубль,II квартал,2012-Q2,15596.0
Чеченская Республика,рубль,III квартал,2012-Q3,14901.0
Чеченская Республика,рубль,IV квартал,2012-Q4,18693.0
Чеченская Республика,рубль,значение показателя за год,2012,15270.0
Чеченская Республика,рубль,I квартал,2013-Q1,15737.0
Чеченская Республика,рубль,II квартал,2013-Q2,17393.0
Чеченская Республика,рубль,III квартал,2013-Q3,16779.0
Чеченская Республика,рубль,IV квартал,2013-Q4,23373.0
Чеченская Республика,рубль,значение показателя за год,2013,18171.0
Чеченская Республика,рубль,I квартал,2014-Q1,16912.0
Чеченская Республика,рубль,II квартал,2014-Q2,18503.0
Чеченская Республика,рубль,III квартал,2014-Q3,19205.0
Чеченская Республика,рубль,IV квартал,2014-Q4,25050.0
Чеченская Республика,рубль,значение показателя за год,2014,19746.0
Чеченская Республика,рубль,I квартал,2015-Q1,19677.0
Чеченская Республика,рубль,II квартал,2015-Q2,21757.0
Чеченская Республика,рубль,III квартал,2015-Q3,23050.0
Чеченская Республика,рубль,IV квартал,2015-Q4,27132.0
Чеченская Республика,рубль,значение показателя за год,2015,22703.0
Чеченская Республика,рубль,I квартал,2016-Q1,20982.0
Чеченская Республика,рубль,II квартал,2016-Q2,23048.0
Чеченская Республика,рубль,III квартал,2016-Q3,21638.0
Чеченская Республика,рубль,IV квартал,2016-Q4,26414.0
Чеченская Республика,рубль,значение показателя за год,2016,22854.0
Чеченская Республика,рубль,I квартал,2017-Q1,20114.0
Чеченская Республика,рубль,II квартал,2017-Q2,22913.0
Чеченская Республика,рубль,III квартал,2017-Q3,21956.0
Чеченская Республика,рубль,IV квартал,2017-Q4,25645.0
Чеченская Республика,рубль,значение показателя за год,2017,22484.0
Чеченская Республика,рубль,I квартал,2018-Q1,20117.0
Чеченская Республика,рубль,II квартал,2018-Q2,22175.0
Чеченская Республика,рубль,III квартал,2018-Q3,23670.0
Чеченская Республика,рубль,IV квартал,2018-Q4,27499.0
Чеченская Республика,рубль,значение показателя за год,2018,23207.0
Чеченская Республика,рубль,I квартал,2019-Q1,20964.0
Чеченская Республика,рубль,II квартал,2019-Q2,22829.0
Чеченская Республика,рубль,III квартал,2019-Q3,24324.0
Чеченская Республика,рубль,IV квартал,2019-Q4,29257.0
Чеченская Республика,рубль,значение показателя за год,2019,24166.0
Чеченская Республика,рубль,I квартал,2020-Q1,22257.0
Чеченская Республика,рубль,II квартал,2020-Q2,20072.0
Чеченская Республика,рубль,III квартал,2020-Q3,25646.0
Чеченская Республика,рубль,IV квартал,2020-Q4,31233.0
Чеченская Республика,рубль,значение показателя за год,2020,24645.0
Ставропольский край,рубль,значение показателя за год,2008,9745.6
Ставропольский край,рубль,значение показателя за год,2009,11244.5
Ставропольский край,рубль,значение показателя за год,2010,13016.1
Ставропольский край,рубль,значение показателя за год,2011,14412.0
Ставропольский край,рубль,I квартал,2012-Q1,13107.0
Ставропольский край,рубль,II квартал,2012-Q2,15280.0
Ставропольский край,рубль,III квартал,2012-Q3,18018.0
Ставропольский край,рубль,IV квартал,2012-Q4,21727.0
Ставропольский край,рубль,значение показателя за год,2012,16987.0
Ставропольский край,рубль,I квартал,2013-Q1,14107.0
Ставропольский край,рубль,II квартал,2013-Q2,17610.0
Ставропольский край,рубль,III квартал,2013-Q3,18393.0
Ставропольский край,рубль,IV квартал,2013-Q4,24547.0
Ставропольский край,рубль,значение показателя за год,2013,18616.0
Ставропольский край,рубль,I квартал,2014-Q1,15733.0
Ставропольский край,рубль,II квартал,2014-Q2,18931.0
Ставропольский край,рубль,III квартал,2014-Q3,20339.0
Ставропольский край,рубль,IV квартал,2014-Q4,26256.0
Ставропольский край,рубль,значение показателя за год,2014,20258.0
Ставропольский край,рубль,I квартал,2015-Q1,17035.0
Ставропольский край,рубль,II квартал,2015-Q2,20269.0
Ставропольский край,рубль,III квартал,2015-Q3,21275.0
Ставропольский край,рубль,IV квартал,2015-Q4,25116.0
Ставропольский край,рубль,значение показателя за год,2015,20871.0
Ставропольский край,рубль,I квартал,2016-Q1,18049.0
Ставропольский край,рубль,II квартал,2016-Q2,19469.0
Ставропольский край,рубль,III квартал,2016-Q3,20624.0
Ставропольский край,рубль,IV квартал,2016-Q4,24192.0
Ставропольский край,рубль,значение показателя за год,2016,20532.0
Ставропольский край,рубль,I квартал,2017-Q1,19559.0
Ставропольский край,рубль,II квартал,2017-Q2,20969.0
Ставропольский край,рубль,III квартал,2017-Q3,22317.0
Ставропольский край,рубль,IV квартал,2017-Q4,24916.0
Ставропольский край,рубль,значение показателя за год,2017,21912.0
Ставропольский край,рубль,I квартал,2018-Q1,20678.0
Ставропольский край,рубль,II квартал,2018-Q2,21295.0
Ставропольский край,рубль,III квартал,2018-Q3,22176.0
Ставропольский край,рубль,IV квартал,2018-Q4,26831.0
Ставропольский край,рубль,значение показателя за год,2018,22724.0
Ставропольский край,рубль,I квартал,2019-Q1,20271.0
Ставропольский край,рубль,II квартал,2019-Q2,22508.0
Ставропольский край,рубль,III квартал,2019-Q3,23574.0
Ставропольский край,рубль,IV квартал,2019-Q4,28325.0
Ставропольский край,рубль,значение показателя за год,2019,23591.0
Ставропольский край,рубль,I квартал,2020-Q1,21534.0
Ставропольский край,рубль,II квартал,2020-Q2,19380.0
Ставропольский край,рубль,III квартал,2020-Q3,23925.0
Ставропольский край,рубль,IV квартал,2020-Q4,28382.0
Ставропольский край,рубль,значение показателя за год,2020,23305.0
Приволжский федеральный округ,рубль,значение показателя за год,2008,12391.8
Приволжский федеральный округ,рубль,значение показателя за год,2009,13961.9
Приволжский федеральный округ,рубль,значение показателя за год,2010,15840.1
Приволжский федеральный округ,рубль,значение показателя за год,2011,17282.0
Приволжский федеральный округ,рубль,I квартал,2012-Q1,16201.0
Приволжский федеральный округ,рубль,II квартал,2012-Q2,19122.0
Приволжский федеральный округ,рубль,III квартал,2012-Q3,19881.0
Приволжский федеральный округ,рубль,IV квартал,2012-Q4,23465.0
Приволжский федеральный округ,рубль,значение показателя за год,2012,19663.0
Приволжский федеральный округ,рубль,I квартал,2013-Q1,18875.0
Приволжский федеральный округ,рубль,II квартал,2013-Q2,21308.0
Приволжский федеральный округ,рубль,III квартал,2013-Q3,21687.0
Приволжский федеральный округ,рубль,IV квартал,2013-Q4,24635.0
Приволжский федеральный округ,рубль,значение показателя за год,2013,21638.0
Приволжский федеральный округ,рубль,I квартал,2014-Q1,19841.0
Приволжский федеральный округ,рубль,II квартал,2014-Q2,23472.0
Приволжский федеральный округ,рубль,III квартал,2014-Q3,24414.0
Приволжский федеральный округ,рубль,IV квартал,2014-Q4,26628.0
Приволжский федеральный округ,рубль,значение показателя за год,2014,23598.0
Приволжский федеральный округ,рубль,I квартал,2015-Q1,22857.0
Приволжский федеральный округ,рубль,II квартал,2015-Q2,25426.0
Приволжский федеральный округ,рубль,III квартал,2015-Q3,26239.0
Приволжский федеральный округ,рубль,IV квартал,2015-Q4,29799.0
Приволжский федеральный округ,рубль,значение показателя за год,2015,26097.0
Приволжский федеральный округ,рубль,I квартал,2016-Q1,22977.0
Приволжский федеральный округ,рубль,II квартал,2016-Q2,25471.0
Приволжский федеральный округ,рубль,III квартал,2016-Q3,26012.0
Приволжский федеральный округ,рубль,IV квартал,2016-Q4,27915.0
Приволжский федеральный округ,рубль,значение показателя за год,2016,25608.0
Приволжский федеральный округ,рубль,I квартал,2017-Q1,23418.0
Приволжский федеральный округ,рубль,II квартал,2017-Q2,25485.0
Приволжский федеральный округ,рубль,III квартал,2017-Q3,25511.0
Приволжский федеральный округ,рубль,IV квартал,2017-Q4,29333.0
Приволжский федеральный округ,рубль,значение показателя за год,2017,25976.0
Приволжский федеральный округ,рубль,I квартал,2018-Q1,24087.0
Приволжский федеральный округ,рубль,II квартал,2018-Q2,25765.0
Приволжский федеральный округ,рубль,III квартал,2018-Q3,25884.0
Приволжский федеральный округ,рубль,IV квартал,2018-Q4,30737.0
Приволжский федеральный округ,рубль,значение показателя за год,2018,26683.0
Приволжский федеральный округ,рубль,I квартал,2019-Q1,24894.0
Приволжский федеральный округ,рубль,II квартал,2019-Q2,27409.0
Приволжский федеральный округ,рубль,III квартал,2019-Q3,28044.0
Приволжский федеральный округ,рубль,IV квартал,2019-Q4,32547.0
Приволжский федеральный округ,рубль,значение показателя за год,2019,28275.0
Приволжский федеральный округ,рубль,I квартал,2020-Q1,26126.0
Приволжский федеральный округ,рубль,II квартал,2020-Q2,26601.0
Приволжский федеральный округ,рубль,III квартал,2020-Q3,27749.0
Приволжский федеральный округ,рубль,IV квартал,2020-Q4,33521.0
Приволжский федеральный округ,рубль,значение показателя за год,2020,28604.0
Республика Башкортостан,рубль,значение показателя за год,2008,14245.4
Республика Башкортостан,рубль,значение показателя за год,2009,16124.8
Республика Башкортостан,рубль,значение показателя за год,2010,17498.9
Республика Башкортостан,рубль,значение показателя за год,2011,19010.0
Республика Башкортостан,рубль,I квартал,2012-Q1,15991.0
Республика Башкортостан,рубль,II квартал,2012-Q2,20060.0
Республика Башкортостан,рубль,III квартал,2012-Q3,22739.0
Республика Башкортостан,рубль,IV квартал,2012-Q4,26071.0
Республика Башкортостан,рубль,значение показателя за год,2012,21201.0
Республика Башкортостан,рубль,I квартал,2013-Q1,20172.0
Республика Башкортостан,рубль,II квартал,2013-Q2,23760.0
Республика Башкортостан,рубль,III квартал,2013-Q3,26558.0
Республика Башкортостан,рубль,IV квартал,2013-Q4,24677.0
Республика Башкортостан,рубль,значение показателя за год,2013,23741.0
Республика Башкортостан,рубль,I квартал,2014-Q1,21402.0
Республика Башкортостан,рубль,II квартал,2014-Q2,25211.0
Республика Башкортостан,рубль,III квартал,2014-Q3,28106.0
Республика Башкортостан,рубль,IV квартал,2014-Q4,27645.0
Республика Башкортостан,рубль,значение показателя за год,2014,25559.0
Республика Башкортостан,рубль,I квартал,2015-Q1,22252.0
Республика Башкортостан,рубль,II квартал,2015-Q2,25203.0
Республика Башкортостан,рубль,III квартал,2015-Q3,29465.0
Республика Башкортостан,рубль,IV квартал,2015-Q4,31450.0
Республика Башкортостан,рубль,значение показателя за год,2015,27065.0
Республика Башкортостан,рубль,I квартал,2016-Q1,24147.0
Республика Башкортостан,рубль,II квартал,2016-Q2,25797.0
Республика Башкортостан,рубль,III квартал,2016-Q3,30992.0
Республика Башкортостан,рубль,IV квартал,2016-Q4,29242.0
Республика Башкортостан,рубль,значение показателя за год,2016,27528.0
Республика Башкортостан,рубль,I квартал,2017-Q1,25391.0
Республика Башкортостан,рубль,II квартал,2017-Q2,25820.0
Республика Башкортостан,рубль,III квартал,2017-Q3,29628.0
Республика Башкортостан,рубль,IV квартал,2017-Q4,31548.0
Республика Башкортостан,рубль,значение показателя за год,2017,28083.0
Республика Башкортостан,рубль,I квартал,2018-Q1,24786.0
Республика Башкортостан,рубль,II квартал,2018-Q2,26467.0
Республика Башкортостан,рубль,III квартал,2018-Q3,29351.0
Республика Башкортостан,рубль,IV квартал,2018-Q4,33438.0
Республика Башкортостан,рубль,значение показателя за год,2018,28527.0
Республика Башкортостан,рубль,I квартал,2019-Q1,26185.0
Республика Башкортостан,рубль,II квартал,2019-Q2,27060.0
Республика Башкортостан,рубль,III квартал,2019-Q3,30606.0
Республика Башкортостан,рубль,IV квартал,2019-Q4,36375.0
Республика Башкортостан,рубль,значение показателя за год,2019,30076.0
Республика Башкортостан,рубль,I квартал,2020-Q1,26427.0
Республика Башкортостан,рубль,II квартал,2020-Q2,26311.0
Республика Башкортостан,рубль,III квартал,2020-Q3,28673.0
Республика Башкортостан,рубль,IV квартал,2020-Q4,37656.0
Республика Башкортостан,рубль,значение показателя за год,2020,29827.0
Республика Марий Эл,рубль,значение показателя за год,2008,7825.4
Республика Марий Эл,рубль,значение показателя за год,2009,9205.4
Республика Марий Эл,рубль,значение показателя за год,2010,10335.7
Республика Марий Эл,рубль,значение показателя за год,2011,11324.0
Республика Марий Эл,рубль,I квартал,2012-Q1,9720.0
Республика Марий Эл,рубль,II квартал,2012-Q2,12545.0
Республика Марий Эл,рубль,III квартал,2012-Q3,12583.0
Республика Марий Эл,рубль,IV квартал,2012-Q4,15170.0
Республика Марий Эл,рубль,значение показателя за год,2012,12519.0
Республика Марий Эл,рубль,I квартал,2013-Q1,11450.0
Республика Марий Эл,рубль,II квартал,2013-Q2,15159.0
Республика Марий Эл,рубль,III квартал,2013-Q3,14952.0
Республика Марий Эл,рубль,IV квартал,2013-Q4,16472.0
Республика Марий Эл,рубль,значение показателя за год,2013,14521.0
Республика Марий Эл,рубль,I квартал,2014-Q1,13418.0
Республика Марий Эл,рубль,II квартал,2014-Q2,16399.0
Республика Марий Эл,рубль,III квартал,2014-Q3,16491.0
Республика Марий Эл,рубль,IV квартал,2014-Q4,19387.0
Республика Марий Эл,рубль,значение показателя за год,2014,16433.0
Республика Марий Эл,рубль,I квартал,2015-Q1,17411.0
Республика Марий Эл,рубль,II квартал,2015-Q2,18222.0
Республика Марий Эл,рубль,III квартал,2015-Q3,17090.0
Республика Марий Эл,рубль,IV квартал,2015-Q4,21200.0
Республика Марий Эл,рубль,значение показателя за год,2015,18496.0
Республика Марий Эл,рубль,I квартал,2016-Q1,15700.0
Республика Марий Эл,рубль,II квартал,2016-Q2,18776.0
Республика Марий Эл,рубль,III квартал,2016-Q3,18583.0
Республика Марий Эл,рубль,IV квартал,2016-Q4,22064.0
Республика Марий Эл,рубль,значение показателя за год,2016,18791.0
Республика Марий Эл,рубль,I квартал,2017-Q1,18067.0
Республика Марий Эл,рубль,II квартал,2017-Q2,18924.0
Республика Марий Эл,рубль,III квартал,2017-Q3,19274.0
Республика Марий Эл,рубль,IV квартал,2017-Q4,20625.0
Республика Марий Эл,рубль,значение показателя за год,2017,19249.0
Республика Марий Эл,рубль,I квартал,2018-Q1,17814.0
Республика Марий Эл,рубль,II квартал,2018-Q2,19587.0
Республика Марий Эл,рубль,III квартал,2018-Q3,18772.0
Республика Марий Эл,рубль,IV квартал,2018-Q4,22598.0
Республика Марий Эл,рубль,значение показателя за год,2018,19715.0
Республика Марий Эл,рубль,I квартал,2019-Q1,18298.0
Республика Марий Эл,рубль,II квартал,2019-Q2,20712.0
Республика Марий Эл,рубль,III квартал,2019-Q3,20068.0
Республика Марий Эл,рубль,IV квартал,2019-Q4,23939.0
Республика Марий Эл,рубль,значение показателя за год,2019,20762.0
Республика Марий Эл,рубль,I квартал,2020-Q1,19750.0
Республика Марий Эл,рубль,II квартал,2020-Q2,19510.0
Республика Марий Эл,рубль,III квартал,2020-Q3,20413.0
Республика Марий Эл,рубль,IV квартал,2020-Q4,24656.0
Республика Марий Эл,рубль,значение показателя за год,2020,21138.0
Республика Мордовия,рубль,значение показателя за год,2008,8269.6
Республика Мордовия,рубль,значение показателя за год,2009,9522.2
Республика Мордовия,рубль,значение показателя за год,2010,11294.2
Республика Мордовия,рубль,значение показателя за год,2011,11942.0
Республика Мордовия,рубль,I квартал,2012-Q1,11393.0
Республика Мордовия,рубль,II квартал,2012-Q2,12744.0
Республика Мордовия,рубль,III квартал,2012-Q3,12915.0
Республика Мордовия,рубль,IV квартал,2012-Q4,15004.0
Республика Мордовия,рубль,значение показателя за год,2012,13060.0
Республика Мордовия,рубль,I квартал,2013-Q1,12657.0
Республика Мордовия,рубль,II квартал,2013-Q2,13668.0
Республика Мордовия,рубль,III квартал,2013-Q3,13451.0
Республика Мордовия,рубль,IV квартал,2013-Q4,15995.0
Республика Мордовия,рубль,значение показателя за год,2013,13989.0
Республика Мордовия,рубль,I квартал,2014-Q1,13263.0
Республика Мордовия,рубль,II квартал,2014-Q2,15077.0
Республика Мордовия,рубль,III квартал,2014-Q3,15135.0
Республика Мордовия,рубль,IV квартал,2014-Q4,19312.0
Республика Мордовия,рубль,значение показателя за год,2014,15719.0
Республика Мордовия,рубль,I квартал,2015-Q1,15199.0
Республика Мордовия,рубль,II квартал,2015-Q2,17260.0
Республика Мордовия,рубль,III квартал,2015-Q3,17354.0
Республика Мордовия,рубль,IV квартал,2015-Q4,20149.0
Республика Мордовия,рубль,значение показателя за год,2015,17494.0
Республика Мордовия,рубль,I квартал,2016-Q1,15541.0
Республика Мордовия,рубль,II квартал,2016-Q2,17582.0
Республика Мордовия,рубль,III квартал,2016-Q3,17908.0
Республика Мордовия,рубль,IV квартал,2016-Q4,19913.0
Республика Мордовия,рубль,значение показателя за год,2016,17714.0
Республика Мордовия,рубль,I квартал,2017-Q1,16505.0
Республика Мордовия,рубль,II квартал,2017-Q2,18174.0
Республика Мордовия,рубль,III квартал,2017-Q3,17704.0
Республика Мордовия,рубль,IV квартал,2017-Q4,19959.0
Республика Мордовия,рубль,значение показателя за год,2017,18114.0
Республика Мордовия,рубль,I квартал,2018-Q1,16783.0
Республика Мордовия,рубль,II квартал,2018-Q2,18029.0
Республика Мордовия,рубль,III квартал,2018-Q3,17759.0
Республика Мордовия,рубль,IV квартал,2018-Q4,20974.0
Республика Мордовия,рубль,значение показателя за год,2018,18483.0
Республика Мордовия,рубль,I квартал,2019-Q1,17688.0
Республика Мордовия,рубль,II квартал,2019-Q2,19151.0
Республика Мордовия,рубль,III квартал,2019-Q3,19433.0
Республика Мордовия,рубль,IV квартал,2019-Q4,21688.0
Республика Мордовия,рубль,значение показателя за год,2019,19543.0
Республика Мордовия,рубль,I квартал,2020-Q1,19118.0
Республика Мордовия,рубль,II квартал,2020-Q2,19462.0
Республика Мордовия,рубль,III квартал,2020-Q3,19937.0
Республика Мордовия,рубль,IV квартал,2020-Q4,22534.0
Республика Мордовия,рубль,значение показателя за год,2020,20394.0
Республика Татарстан (Татарстан),рубль,значение показателя за год,2008,14163.7
Республика Татарстан (Татарстан),рубль,значение показателя за год,2009,15892.5
Республика Татарстан (Татарстан),рубль,значение показателя за год,2010,18424.0
Республика Татарстан (Татарстан),рубль,значение показателя за год,2011,20198.0
Республика Татарстан (Татарстан),рубль,I квартал,2012-Q1,20647.0
Республика Татарстан (Татарстан),рубль,II квартал,2012-Q2,22597.0
Республика Татарстан (Татарстан),рубль,III квартал,2012-Q3,24774.0
Республика Татарстан (Татарстан),рубль,IV квартал,2012-Q4,28003.0
Республика Татарстан (Татарстан),рубль,значение показателя за год,2012,23915.0
Республика Татарстан (Татарстан),рубль,I квартал,2013-Q1,23169.0
Республика Татарстан (Татарстан),рубль,II квартал,2013-Q2,25113.0
Республика Татарстан (Татарстан),рубль,III квартал,2013-Q3,26622.0
Республика Татарстан (Татарстан),рубль,IV квартал,2013-Q4,32803.0
Республика Татарстан (Татарстан),рубль,значение показателя за год,2013,26835.0
Республика Татарстан (Татарстан),рубль,I квартал,2014-Q1,25860.0
Республика Татарстан (Татарстан),рубль,II квартал,2014-Q2,29157.0
Республика Татарстан (Татарстан),рубль,III квартал,2014-Q3,30211.0
Республика Татарстан (Татарстан),рубль,IV квартал,2014-Q4,32281.0
Республика Татарстан (Татарстан),рубль,значение показателя за год,2014,29276.0
Республика Татарстан (Татарстан),рубль,I квартал,2015-Q1,29688.0
Республика Татарстан (Татарстан),рубль,II квартал,2015-Q2,30227.0
Республика Татарстан (Татарстан),рубль,III квартал,2015-Q3,32452.0
Республика Татарстан (Татарстан),рубль,IV квартал,2015-Q4,36163.0
Республика Татарстан (Татарстан),рубль,значение показателя за год,2015,32031.0
Республика Татарстан (Татарстан),рубль,I квартал,2016-Q1,29688.0
Республика Татарстан (Татарстан),рубль,II квартал,2016-Q2,33019.0
Республика Татарстан (Татарстан),рубль,III квартал,2016-Q3,33493.0
Республика Татарстан (Татарстан),рубль,IV квартал,2016-Q4,33444.0
Республика Татарстан (Татарстан),рубль,значение показателя за год,2016,32297.0
Республика Татарстан (Татарстан),рубль,I квартал,2017-Q1,26042.0
Республика Татарстан (Татарстан),рубль,II квартал,2017-Q2,31690.0
Республика Татарстан (Татарстан),рубль,III квартал,2017-Q3,31390.0
Республика Татарстан (Татарстан),рубль,IV квартал,2017-Q4,38748.0
Республика Татарстан (Татарстан),рубль,значение показателя за год,2017,31887.0
Республика Татарстан (Татарстан),рубль,I квартал,2018-Q1,29882.0
Республика Татарстан (Татарстан),рубль,II квартал,2018-Q2,31086.0
Республика Татарстан (Татарстан),рубль,III квартал,2018-Q3,32219.0
Республика Татарстан (Татарстан),рубль,IV квартал,2018-Q4,39344.0
Республика Татарстан (Татарстан),рубль,значение показателя за год,2018,33070.0
Республика Татарстан (Татарстан),рубль,I квартал,2019-Q1,30620.0
Республика Татарстан (Татарстан),рубль,II квартал,2019-Q2,34028.0
Республика Татарстан (Татарстан),рубль,III квартал,2019-Q3,35627.0
Республика Татарстан (Татарстан),рубль,IV квартал,2019-Q4,39742.0
Республика Татарстан (Татарстан),рубль,значение показателя за год,2019,34941.0
Республика Татарстан (Татарстан),рубль,I квартал,2020-Q1,31810.0
Республика Татарстан (Татарстан),рубль,II квартал,2020-Q2,31407.0
Республика Татарстан (Татарстан),рубль,III квартал,2020-Q3,34775.0
Республика Татарстан (Татарстан),рубль,IV квартал,2020-Q4,41289.0
Республика Татарстан (Татарстан),рубль,значение показателя за год,2020,34815.0
Удмуртская Республика,рубль,значение показателя за год,2008,9586.6
Удмуртская Республика,рубль,значение показателя за год,2009,11060.0
Удмуртская Республика,рубль,значение показателя за год,2010,12983.6
Удмуртская Республика,рубль,значение показателя за год,2011,14468.0
Удмуртская Республика,рубль,I квартал,2012-Q1,13864.0
Удмуртская Республика,рубль,II квартал,2012-Q2,16421.0
Удмуртская Республика,рубль,III квартал,2012-Q3,16450.0
Удмуртская Республика,рубль,IV квартал,2012-Q4,20176.0
Удмуртская Республика,рубль,значение показателя за год,2012,16749.0
Удмуртская Республика,рубль,I квартал,2013-Q1,14542.0
Удмуртская Республика,рубль,II квартал,2013-Q2,17640.0
Удмуртская Республика,рубль,III квартал,2013-Q3,17906.0
Удмуртская Республика,рубль,IV квартал,2013-Q4,21317.0
Удмуртская Республика,рубль,значение показателя за год,2013,17874.0
Удмуртская Республика,рубль,I квартал,2014-Q1,17266.0
Удмуртская Республика,рубль,II квартал,2014-Q2,20531.0
Удмуртская Республика,рубль,III квартал,2014-Q3,20894.0
Удмуртская Республика,рубль,IV квартал,2014-Q4,22500.0
Удмуртская Республика,рубль,значение показателя за год,2014,20317.0
Удмуртская Республика,рубль,I квартал,2015-Q1,21812.0
Удмуртская Республика,рубль,II квартал,2015-Q2,23833.0
Удмуртская Республика,рубль,III квартал,2015-Q3,24163.0
Удмуртская Республика,рубль,IV квартал,2015-Q4,28045.0
Удмуртская Республика,рубль,значение показателя за год,2015,24493.0
Удмуртская Республика,рубль,I квартал,2016-Q1,21426.0
Удмуртская Республика,рубль,II квартал,2016-Q2,23891.0
Удмуртская Республика,рубль,III квартал,2016-Q3,23209.0
Удмуртская Республика,рубль,IV квартал,2016-Q4,26983.0
Удмуртская Республика,рубль,значение показателя за год,2016,23905.0
Удмуртская Республика,рубль,I квартал,2017-Q1,22157.0
Удмуртская Республика,рубль,II квартал,2017-Q2,23935.0
Удмуртская Республика,рубль,III квартал,2017-Q3,23537.0
Удмуртская Республика,рубль,IV квартал,2017-Q4,27485.0
Удмуртская Республика,рубль,значение показателя за год,2017,24336.0
Удмуртская Республика,рубль,I квартал,2018-Q1,21643.0
Удмуртская Республика,рубль,II квартал,2018-Q2,23582.0
Удмуртская Республика,рубль,III квартал,2018-Q3,23434.0
Удмуртская Республика,рубль,IV квартал,2018-Q4,27936.0
Удмуртская Республика,рубль,значение показателя за год,2018,24221.0
Удмуртская Республика,рубль,I квартал,2019-Q1,22075.0
Удмуртская Республика,рубль,II квартал,2019-Q2,25054.0
Удмуртская Республика,рубль,III квартал,2019-Q3,24463.0
Удмуртская Республика,рубль,IV квартал,2019-Q4,30225.0
Удмуртская Республика,рубль,значение показателя за год,2019,25537.0
Удмуртская Республика,рубль,I квартал,2020-Q1,22600.0
Удмуртская Республика,рубль,II квартал,2020-Q2,24791.0
Удмуртская Республика,рубль,III квартал,2020-Q3,25093.0
Удмуртская Республика,рубль,IV квартал,2020-Q4,31125.0
Удмуртская Республика,рубль,значение показателя за год,2020,25997.0
Чувашская Республика - Чувашия,рубль,значение показателя за год,2008,8732.2
Чувашская Республика - Чувашия,рубль,значение показателя за год,2009,9586.3
Чувашская Республика - Чувашия,рубль,значение показателя за год,2010,11065.8
Чувашская Республика - Чувашия,рубль,значение показателя за год,2011,12090.0
Чувашская Республика - Чувашия,рубль,I квартал,2012-Q1,11468.0
Чувашская Республика - Чувашия,рубль,II квартал,2012-Q2,13593.0
Чувашская Республика - Чувашия,рубль,III квартал,2012-Q3,14374.0
Чувашская Республика - Чувашия,рубль,IV квартал,2012-Q4,15589.0
Чувашская Республика - Чувашия,рубль,значение показателя за год,2012,13784.0
Чувашская Республика - Чувашия,рубль,I квартал,2013-Q1,12468.0
Чувашская Республика - Чувашия,рубль,II квартал,2013-Q2,15022.0
Чувашская Республика - Чувашия,рубль,III квартал,2013-Q3,15369.0
Чувашская Республика - Чувашия,рубль,IV квартал,2013-Q4,16350.0
Чувашская Республика - Чувашия,рубль,значение показателя за год,2013,14834.0
Чувашская Республика - Чувашия,рубль,I квартал,2014-Q1,13470.0
Чувашская Республика - Чувашия,рубль,II квартал,2014-Q2,15807.0
Чувашская Республика - Чувашия,рубль,III квартал,2014-Q3,16602.0
Чувашская Республика - Чувашия,рубль,IV квартал,2014-Q4,19847.0
Чувашская Республика - Чувашия,рубль,значение показателя за год,2014,16455.0
Чувашская Республика - Чувашия,рубль,I квартал,2015-Q1,16723.0
Чувашская Республика - Чувашия,рубль,II квартал,2015-Q2,18006.0
Чувашская Республика - Чувашия,рубль,III квартал,2015-Q3,17089.0
Чувашская Республика - Чувашия,рубль,IV квартал,2015-Q4,21074.0
Чувашская Республика - Чувашия,рубль,значение показателя за год,2015,18244.0
Чувашская Республика - Чувашия,рубль,I квартал,2016-Q1,15983.0
Чувашская Республика - Чувашия,рубль,II квартал,2016-Q2,17117.0
Чувашская Республика - Чувашия,рубль,III квартал,2016-Q3,17607.0
Чувашская Республика - Чувашия,рубль,IV квартал,2016-Q4,20299.0
Чувашская Республика - Чувашия,рубль,значение показателя за год,2016,17767.0
Чувашская Республика - Чувашия,рубль,I квартал,2017-Q1,16692.0
Чувашская Республика - Чувашия,рубль,II квартал,2017-Q2,17840.0
Чувашская Республика - Чувашия,рубль,III квартал,2017-Q3,17460.0
Чувашская Республика - Чувашия,рубль,IV квартал,2017-Q4,20206.0
Чувашская Республика - Чувашия,рубль,значение показателя за год,2017,18088.0
Чувашская Республика - Чувашия,рубль,I квартал,2018-Q1,16386.0
Чувашская Республика - Чувашия,рубль,II квартал,2018-Q2,18422.0
Чувашская Республика - Чувашия,рубль,III квартал,2018-Q3,17880.0
Чувашская Республика - Чувашия,рубль,IV квартал,2018-Q4,21502.0
Чувашская Республика - Чувашия,рубль,значение показателя за год,2018,18617.0
Чувашская Республика - Чувашия,рубль,I квартал,2019-Q1,17237.0
Чувашская Республика - Чувашия,рубль,II квартал,2019-Q2,20009.0
Чувашская Республика - Чувашия,рубль,III квартал,2019-Q3,20031.0
Чувашская Республика - Чувашия,рубль,IV квартал,2019-Q4,23907.0
Чувашская Республика - Чувашия,рубль,значение показателя за год,2019,20351.0
Чувашская Республика - Чувашия,рубль,I квартал,2020-Q1,18951.0
Чувашская Республика - Чувашия,рубль,II квартал,2020-Q2,20472.0
Чувашская Республика - Чувашия,рубль,III квартал,2020-Q3,20750.0
Чувашская Республика - Чувашия,рубль,IV квартал,2020-Q4,24965.0
Чувашская Республика - Чувашия,рубль,значение показателя за год,2020,21384.0
Пермский край,рубль,значение показателя за год,2008,16398.0
Пермский край,рубль,значение показателя за год,2009,17975.0
Пермский край,рубль,значение показателя за год,2010,19834.3
Пермский край,рубль,значение показателя за год,2011,21317.0
Пермский край,рубль,I квартал,2012-Q1,20046.0
Пермский край,рубль,II квартал,2012-Q2,23644.0
Пермский край,рубль,III квартал,2012-Q3,22653.0
Пермский край,рубль,IV квартал,2012-Q4,27118.0
Пермский край,рубль,значение показателя за год,2012,23361.0
Пермский край,рубль,I квартал,2013-Q1,22617.0
Пермский край,рубль,II квартал,2013-Q2,24713.0
Пермский край,рубль,III квартал,2013-Q3,24677.0
Пермский край,рубль,IV квартал,2013-Q4,28025.0
Пермский край,рубль,значение показателя за год,2013,25014.0
Пермский край,рубль,I квартал,2014-Q1,23949.0
Пермский край,рубль,II квартал,2014-Q2,27334.0
Пермский край,рубль,III квартал,2014-Q3,27867.0
Пермский край,рубль,IV квартал,2014-Q4,30175.0
Пермский край,рубль,значение показателя за год,2014,27343.0
Пермский край,рубль,I квартал,2015-Q1,28312.0
Пермский край,рубль,II квартал,2015-Q2,32152.0
Пермский край,рубль,III квартал,2015-Q3,32580.0
Пермский край,рубль,IV квартал,2015-Q4,33848.0
Пермский край,рубль,значение показателя за год,2015,31754.0
Пермский край,рубль,I квартал,2016-Q1,25511.0
Пермский край,рубль,II квартал,2016-Q2,27598.0
Пермский край,рубль,III квартал,2016-Q3,28444.0
Пермский край,рубль,IV квартал,2016-Q4,29969.0
Пермский край,рубль,значение показателя за год,2016,27907.0
Пермский край,рубль,I квартал,2017-Q1,26588.0
Пермский край,рубль,II квартал,2017-Q2,28150.0
Пермский край,рубль,III квартал,2017-Q3,27756.0
Пермский край,рубль,IV квартал,2017-Q4,31375.0
Пермский край,рубль,значение показателя за год,2017,28530.0
Пермский край,рубль,I квартал,2018-Q1,26429.0
Пермский край,рубль,II квартал,2018-Q2,28322.0
Пермский край,рубль,III квартал,2018-Q3,27445.0
Пермский край,рубль,IV квартал,2018-Q4,33305.0
Пермский край,рубль,значение показателя за год,2018,28960.0
Пермский край,рубль,I квартал,2019-Q1,26812.0
Пермский край,рубль,II квартал,2019-Q2,30109.0
Пермский край,рубль,III квартал,2019-Q3,30632.0
Пермский край,рубль,IV квартал,2019-Q4,35668.0
Пермский край,рубль,значение показателя за год,2019,30891.0
Пермский край,рубль,I квартал,2020-Q1,28211.0
Пермский край,рубль,II квартал,2020-Q2,27969.0
Пермский край,рубль,III квартал,2020-Q3,28805.0
Пермский край,рубль,IV квартал,2020-Q4,36643.0
Пермский край,рубль,значение показателя за год,2020,30550.0
Кировская область,рубль,значение показателя за год,2008,10370.4
Кировская область,рубль,значение показателя за год,2009,11245.4
Кировская область,рубль,значение показателя за год,2010,13330.9
Кировская область,рубль,значение показателя за год,2011,14720.0
Кировская область,рубль,I квартал,2012-Q1,14082.0
Кировская область,рубль,II квартал,2012-Q2,16997.0
Кировская область,рубль,III квартал,2012-Q3,16803.0
Кировская область,рубль,IV квартал,2012-Q4,19241.0
Кировская область,рубль,значение показателя за год,2012,16891.0
Кировская область,рубль,I квартал,2013-Q1,15494.0
Кировская область,рубль,II квартал,2013-Q2,17635.0
Кировская область,рубль,III квартал,2013-Q3,17544.0
Кировская область,рубль,IV квартал,2013-Q4,19450.0
Кировская область,рубль,значение показателя за год,2013,17642.0
Кировская область,рубль,I квартал,2014-Q1,16896.0
Кировская область,рубль,II квартал,2014-Q2,20585.0
Кировская область,рубль,III квартал,2014-Q3,20661.0
Кировская область,рубль,IV квартал,2014-Q4,21769.0
Кировская область,рубль,значение показателя за год,2014,20095.0
Кировская область,рубль,I квартал,2015-Q1,19386.0
Кировская область,рубль,II квартал,2015-Q2,21864.0
Кировская область,рубль,III квартал,2015-Q3,21758.0
Кировская область,рубль,IV квартал,2015-Q4,25281.0
Кировская область,рубль,значение показателя за год,2015,22194.0
Кировская область,рубль,I квартал,2016-Q1,19349.0
Кировская область,рубль,II квартал,2016-Q2,21298.0
Кировская область,рубль,III квартал,2016-Q3,21877.0
Кировская область,рубль,IV квартал,2016-Q4,25292.0
Кировская область,рубль,значение показателя за год,2016,22072.0
Кировская область,рубль,I квартал,2017-Q1,20458.0
Кировская область,рубль,II квартал,2017-Q2,22112.0
Кировская область,рубль,III квартал,2017-Q3,21584.0
Кировская область,рубль,IV квартал,2017-Q4,26103.0
Кировская область,рубль,значение показателя за год,2017,22707.0
Кировская область,рубль,I квартал,2018-Q1,20700.0
Кировская область,рубль,II квартал,2018-Q2,23105.0
Кировская область,рубль,III квартал,2018-Q3,22464.0
Кировская область,рубль,IV квартал,2018-Q4,26586.0
Кировская область,рубль,значение показателя за год,2018,23388.0
Кировская область,рубль,I квартал,2019-Q1,21439.0
Кировская область,рубль,II квартал,2019-Q2,25057.0
Кировская область,рубль,III квартал,2019-Q3,24808.0
Кировская область,рубль,IV квартал,2019-Q4,27949.0
Кировская область,рубль,значение показателя за год,2019,24989.0
Кировская область,рубль,I квартал,2020-Q1,22949.0
Кировская область,рубль,II квартал,2020-Q2,25659.0
Кировская область,рубль,III квартал,2020-Q3,25273.0
Кировская область,рубль,IV квартал,2020-Q4,28481.0
Кировская область,рубль,значение показателя за год,2020,25804.0
Нижегородская область,рубль,значение показателя за год,2008,13078.2
Нижегородская область,рубль,значение показателя за год,2009,14490.7
Нижегородская область,рубль,значение показателя за год,2010,16477.3
Нижегородская область,рубль,значение показателя за год,2011,18346.0
Нижегородская область,рубль,I квартал,2012-Q1,18681.0
Нижегородская область,рубль,II квартал,2012-Q2,21592.0
Нижегородская область,рубль,III квартал,2012-Q3,21416.0
Нижегородская область,рубль,IV квартал,2012-Q4,25233.0
Нижегородская область,рубль,значение показателя за год,2012,21765.0
Нижегородская область,рубль,I квартал,2013-Q1,20563.0
Нижегородская область,рубль,II квартал,2013-Q2,23727.0
Нижегородская область,рубль,III квартал,2013-Q3,23898.0
Нижегородская область,рубль,IV квартал,2013-Q4,29339.0
Нижегородская область,рубль,значение показателя за год,2013,24425.0
Нижегородская область,рубль,I квартал,2014-Q1,23062.0
Нижегородская область,рубль,II квартал,2014-Q2,27157.0
Нижегородская область,рубль,III квартал,2014-Q3,27193.0
Нижегородская область,рубль,IV квартал,2014-Q4,30924.0
Нижегородская область,рубль,значение показателя за год,2014,27144.0
Нижегородская область,рубль,I квартал,2015-Q1,26149.0
Нижегородская область,рубль,II квартал,2015-Q2,29533.0
Нижегородская область,рубль,III квартал,2015-Q3,29593.0
Нижегородская область,рубль,IV квартал,2015-Q4,35043.0
Нижегородская область,рубль,значение показателя за год,2015,30139.0
Нижегородская область,рубль,I квартал,2016-Q1,28355.0
Нижегородская область,рубль,II квартал,2016-Q2,30608.0
Нижегородская область,рубль,III квартал,2016-Q3,29222.0
Нижегородская область,рубль,IV квартал,2016-Q4,32409.0
Нижегородская область,рубль,значение показателя за год,2016,30221.0
Нижегородская область,рубль,I квартал,2017-Q1,27984.0
Нижегородская область,рубль,II квартал,2017-Q2,31342.0
Нижегородская область,рубль,III квартал,2017-Q3,29385.0
Нижегородская область,рубль,IV квартал,2017-Q4,33070.0
Нижегородская область,рубль,значение показателя за год,2017,30521.0
Нижегородская область,рубль,I квартал,2018-Q1,29363.0
Нижегородская область,рубль,II квартал,2018-Q2,31880.0
Нижегородская область,рубль,III квартал,2018-Q3,29844.0
Нижегородская область,рубль,IV квартал,2018-Q4,35056.0
Нижегородская область,рубль,значение показателя за год,2018,31651.0
Нижегородская область,рубль,I квартал,2019-Q1,30907.0
Нижегородская область,рубль,II квартал,2019-Q2,34157.0
Нижегородская область,рубль,III квартал,2019-Q3,33301.0
Нижегородская область,рубль,IV квартал,2019-Q4,37968.0
Нижегородская область,рубль,значение показателя за год,2019,34163.0
Нижегородская область,рубль,I квартал,2020-Q1,32402.0
Нижегородская область,рубль,II квартал,2020-Q2,31758.0
Нижегородская область,рубль,III квартал,2020-Q3,32894.0
Нижегородская область,рубль,IV квартал,2020-Q4,38867.0
Нижегородская область,рубль,значение показателя за год,2020,34140.0
Оренбургская область,рубль,значение показателя за год,2008,10508.3
Оренбургская область,рубль,значение показателя за год,2009,12008.1
Оренбургская область,рубль,значение показателя за год,2010,13557.1
Оренбургская область,рубль,значение показателя за год,2011,14916.0
Оренбургская область,рубль,I квартал,2012-Q1,13227.0
Оренбургская область,рубль,II квартал,2012-Q2,15923.0
Оренбургская область,рубль,III квартал,2012-Q3,16521.0
Оренбургская область,рубль,IV квартал,2012-Q4,20591.0
Оренбургская область,рубль,значение показателя за год,2012,16624.0
Оренбургская область,рубль,I квартал,2013-Q1,15838.0
Оренбургская область,рубль,II квартал,2013-Q2,18446.0
Оренбургская область,рубль,III квартал,2013-Q3,18298.0
Оренбургская область,рубль,IV квартал,2013-Q4,21332.0
Оренбургская область,рубль,значение показателя за год,2013,18546.0
Оренбургская область,рубль,I квартал,2014-Q1,17213.0
Оренбургская область,рубль,II квартал,2014-Q2,20570.0
Оренбургская область,рубль,III квартал,2014-Q3,22325.0
Оренбургская область,рубль,IV квартал,2014-Q4,23386.0
Оренбургская область,рубль,значение показателя за год,2014,20949.0
Оренбургская область,рубль,I квартал,2015-Q1,21579.0
Оренбургская область,рубль,II квартал,2015-Q2,22161.0
Оренбургская область,рубль,III квартал,2015-Q3,23256.0
Оренбургская область,рубль,IV квартал,2015-Q4,25895.0
Оренбургская область,рубль,значение показателя за год,2015,23301.0
Оренбургская область,рубль,I квартал,2016-Q1,20449.0
Оренбургская область,рубль,II квартал,2016-Q2,22279.0
Оренбургская область,рубль,III квартал,2016-Q3,21718.0
Оренбургская область,рубль,IV квартал,2016-Q4,25559.0
Оренбургская область,рубль,значение показателя за год,2016,22569.0
Оренбургская область,рубль,I квартал,2017-Q1,21790.0
Оренбургская область,рубль,II квартал,2017-Q2,22548.0
Оренбургская область,рубль,III квартал,2017-Q3,21858.0
Оренбургская область,рубль,IV квартал,2017-Q4,27082.0
Оренбургская область,рубль,значение показателя за год,2017,23430.0
Оренбургская область,рубль,I квартал,2018-Q1,21957.0
Оренбургская область,рубль,II квартал,2018-Q2,23574.0
Оренбургская область,рубль,III квартал,2018-Q3,22826.0
Оренбургская область,рубль,IV квартал,2018-Q4,27123.0
Оренбургская область,рубль,значение показателя за год,2018,23998.0
Оренбургская область,рубль,I квартал,2019-Q1,22575.0
Оренбургская область,рубль,II квартал,2019-Q2,24375.0
Оренбургская область,рубль,III квартал,2019-Q3,25292.0
Оренбургская область,рубль,IV квартал,2019-Q4,28315.0
Оренбургская область,рубль,значение показателя за год,2019,25215.0
Оренбургская область,рубль,I квартал,2020-Q1,23878.0
Оренбургская область,рубль,II квартал,2020-Q2,24117.0
Оренбургская область,рубль,III квартал,2020-Q3,24788.0
Оренбургская область,рубль,IV квартал,2020-Q4,28822.0
Оренбургская область,рубль,значение показателя за год,2020,25530.0
Пензенская область,рубль,значение показателя за год,2008,10043.5
Пензенская область,рубль,значение показателя за год,2009,11415.5
Пензенская область,рубль,значение показателя за год,2010,12920.4
Пензенская область,рубль,значение показателя за год,2011,14178.0
Пензенская область,рубль,I квартал,2012-Q1,13805.0
Пензенская область,рубль,II квартал,2012-Q2,15594.0
Пензенская область,рубль,III квартал,2012-Q3,14981.0
Пензенская область,рубль,IV квартал,2012-Q4,19193.0
Пензенская область,рубль,значение показателя за год,2012,15948.0
Пензенская область,рубль,I квартал,2013-Q1,14271.0
Пензенская область,рубль,II квартал,2013-Q2,16109.0
Пензенская область,рубль,III квартал,2013-Q3,15955.0
Пензенская область,рубль,IV квартал,2013-Q4,20819.0
Пензенская область,рубль,значение показателя за год,2013,16845.0
Пензенская область,рубль,I квартал,2014-Q1,15918.0
Пензенская область,рубль,II квартал,2014-Q2,18488.0
Пензенская область,рубль,III квартал,2014-Q3,19052.0
Пензенская область,рубль,IV квартал,2014-Q4,21507.0
Пензенская область,рубль,значение показателя за год,2014,18782.0
Пензенская область,рубль,I квартал,2015-Q1,19662.0
Пензенская область,рубль,II квартал,2015-Q2,22013.0
Пензенская область,рубль,III квартал,2015-Q3,20378.0
Пензенская область,рубль,IV квартал,2015-Q4,23846.0
Пензенская область,рубль,значение показателя за год,2015,21540.0
Пензенская область,рубль,I квартал,2016-Q1,19336.0
Пензенская область,рубль,II квартал,2016-Q2,20876.0
Пензенская область,рубль,III квартал,2016-Q3,19817.0
Пензенская область,рубль,IV квартал,2016-Q4,22634.0
Пензенская область,рубль,значение показателя за год,2016,20730.0
Пензенская область,рубль,I квартал,2017-Q1,20080.0
Пензенская область,рубль,II квартал,2017-Q2,20394.0
Пензенская область,рубль,III квартал,2017-Q3,20516.0
Пензенская область,рубль,IV квартал,2017-Q4,24615.0
Пензенская область,рубль,значение показателя за год,2017,21491.0
Пензенская область,рубль,I квартал,2018-Q1,20236.0
Пензенская область,рубль,II квартал,2018-Q2,21644.0
Пензенская область,рубль,III квартал,2018-Q3,20527.0
Пензенская область,рубль,IV квартал,2018-Q4,24992.0
Пензенская область,рубль,значение показателя за год,2018,21975.0
Пензенская область,рубль,I квартал,2019-Q1,20473.0
Пензенская область,рубль,II квартал,2019-Q2,23163.0
Пензенская область,рубль,III квартал,2019-Q3,22680.0
Пензенская область,рубль,IV квартал,2019-Q4,25906.0
Пензенская область,рубль,значение показателя за год,2019,23176.0
Пензенская область,рубль,I квартал,2020-Q1,22140.0
Пензенская область,рубль,II квартал,2020-Q2,23386.0
Пензенская область,рубль,III квартал,2020-Q3,24552.0
Пензенская область,рубль,IV квартал,2020-Q4,26740.0
Пензенская область,рубль,значение показателя за год,2020,24352.0
Самарская область,рубль,значение показателя за год,2008,15564.2
Самарская область,рубль,значение показателя за год,2009,18021.0
Самарская область,рубль,значение показателя за год,2010,20223.1
Самарская область,рубль,значение показателя за год,2011,21746.0
Самарская область,рубль,I квартал,2012-Q1,18834.0
Самарская область,рубль,II квартал,2012-Q2,23733.0
Самарская область,рубль,III квартал,2012-Q3,25240.0
Самарская область,рубль,IV квартал,2012-Q4,30876.0
Самарская область,рубль,значение показателя за год,2012,24662.0
Самарская область,рубль,I квартал,2013-Q1,26203.0
Самарская область,рубль,II квартал,2013-Q2,27214.0
Самарская область,рубль,III квартал,2013-Q3,24682.0
Самарская область,рубль,IV квартал,2013-Q4,27037.0
Самарская область,рубль,значение показателя за год,2013,26280.0
Самарская область,рубль,I квартал,2014-Q1,20885.0
Самарская область,рубль,II квартал,2014-Q2,26517.0
Самарская область,рубль,III квартал,2014-Q3,27632.0
Самарская область,рубль,IV квартал,2014-Q4,30122.0
Самарская область,рубль,значение показателя за год,2014,26271.0
Самарская область,рубль,I квартал,2015-Q1,23048.0
Самарская область,рубль,II квартал,2015-Q2,28131.0
Самарская область,рубль,III квартал,2015-Q3,27516.0
Самарская область,рубль,IV квартал,2015-Q4,32435.0
Самарская область,рубль,значение показателя за год,2015,27799.0
Самарская область,рубль,I квартал,2016-Q1,23557.0
Самарская область,рубль,II квартал,2016-Q2,27394.0
Самарская область,рубль,III квартал,2016-Q3,26506.0
Самарская область,рубль,IV квартал,2016-Q4,29831.0
Самарская область,рубль,значение показателя за год,2016,26819.0
Самарская область,рубль,I квартал,2017-Q1,25189.0
Самарская область,рубль,II квартал,2017-Q2,27153.0
Самарская область,рубль,III квартал,2017-Q3,26097.0
Самарская область,рубль,IV квартал,2017-Q4,29167.0
Самарская область,рубль,значение показателя за год,2017,26932.0
Самарская область,рубль,I квартал,2018-Q1,25185.0
Самарская область,рубль,II квартал,2018-Q2,27004.0
Самарская область,рубль,III квартал,2018-Q3,27831.0
Самарская область,рубль,IV квартал,2018-Q4,31794.0
Самарская область,рубль,значение показателя за год,2018,27986.0
Самарская область,рубль,I квартал,2019-Q1,26432.0
Самарская область,рубль,II квартал,2019-Q2,28157.0
Самарская область,рубль,III квартал,2019-Q3,28483.0
Самарская область,рубль,IV квартал,2019-Q4,33679.0
Самарская область,рубль,значение показателя за год,2019,29190.0
Самарская область,рубль,I квартал,2020-Q1,27854.0
Самарская область,рубль,II квартал,2020-Q2,28542.0
Самарская область,рубль,III квартал,2020-Q3,28109.0
Самарская область,рубль,IV квартал,2020-Q4,33913.0
Самарская область,рубль,значение показателя за год,2020,29708.0
Саратовская область,рубль,значение показателя за год,2008,9155.7
Саратовская область,рубль,значение показателя за год,2009,10485.5
Саратовская область,рубль,значение показателя за год,2010,12146.6
Саратовская область,рубль,значение показателя за год,2011,13081.0
Саратовская область,рубль,I квартал,2012-Q1,12454.0
Саратовская область,рубль,II квартал,2012-Q2,13974.0
Саратовская область,рубль,III квартал,2012-Q3,13504.0
Саратовская область,рубль,IV квартал,2012-Q4,16986.0
Саратовская область,рубль,значение показателя за год,2012,14227.0
Саратовская область,рубль,I квартал,2013-Q1,13101.0
Саратовская область,рубль,II квартал,2013-Q2,15580.0
Саратовская область,рубль,III квартал,2013-Q3,16449.0
Саратовская область,рубль,IV квартал,2013-Q4,19628.0
Саратовская область,рубль,значение показателя за год,2013,16191.0
Саратовская область,рубль,I квартал,2014-Q1,14079.0
Саратовская область,рубль,II квартал,2014-Q2,17485.0
Саратовская область,рубль,III квартал,2014-Q3,17735.0
Саратовская область,рубль,IV квартал,2014-Q4,21266.0
Саратовская область,рубль,значение показателя за год,2014,17632.0
Саратовская область,рубль,I квартал,2015-Q1,16467.0
Саратовская область,рубль,II квартал,2015-Q2,19453.0
Саратовская область,рубль,III квартал,2015-Q3,19758.0
Саратовская область,рубль,IV квартал,2015-Q4,23882.0
Саратовская область,рубль,значение показателя за год,2015,19887.0
Саратовская область,рубль,I квартал,2016-Q1,16481.0
Саратовская область,рубль,II квартал,2016-Q2,19733.0
Саратовская область,рубль,III квартал,2016-Q3,19683.0
Саратовская область,рубль,IV квартал,2016-Q4,22211.0
Саратовская область,рубль,значение показателя за год,2016,19535.0
Саратовская область,рубль,I квартал,2017-Q1,17768.0
Саратовская область,рубль,II квартал,2017-Q2,19617.0
Саратовская область,рубль,III квартал,2017-Q3,19898.0
Саратовская область,рубль,IV квартал,2017-Q4,22230.0
Саратовская область,рубль,значение показателя за год,2017,19918.0
Саратовская область,рубль,I квартал,2018-Q1,19466.0
Саратовская область,рубль,II квартал,2018-Q2,20080.0
Саратовская область,рубль,III квартал,2018-Q3,19422.0
Саратовская область,рубль,IV квартал,2018-Q4,24857.0
Саратовская область,рубль,значение показателя за год,2018,21022.0
Саратовская область,рубль,I квартал,2019-Q1,19152.0
Саратовская область,рубль,II квартал,2019-Q2,21914.0
Саратовская область,рубль,III квартал,2019-Q3,21442.0
Саратовская область,рубль,IV квартал,2019-Q4,26362.0
Саратовская область,рубль,значение показателя за год,2019,22274.0
Саратовская область,рубль,I квартал,2020-Q1,20764.0
Саратовская область,рубль,II квартал,2020-Q2,22215.0
Саратовская область,рубль,III квартал,2020-Q3,23049.0
Саратовская область,рубль,IV квартал,2020-Q4,27644.0
Саратовская область,рубль,значение показателя за год,2020,23515.0
Ульяновская область,рубль,значение показателя за год,2008,9727.8
Ульяновская область,рубль,значение показателя за год,2009,10762.7
Ульяновская область,рубль,значение показателя за год,2010,13132.4
Ульяновская область,рубль,значение показателя за год,2011,14319.0
Ульяновская область,рубль,I квартал,2012-Q1,13516.0
Ульяновская область,рубль,II квартал,2012-Q2,15942.0
Ульяновская область,рубль,III квартал,2012-Q3,17227.0
Ульяновская область,рубль,IV квартал,2012-Q4,18687.0
Ульяновская область,рубль,значение показателя за год,2012,16399.0
Ульяновская область,рубль,I квартал,2013-Q1,15154.0
Ульяновская область,рубль,II квартал,2013-Q2,17659.0
Ульяновская область,рубль,III квартал,2013-Q3,17414.0
Ульяновская область,рубль,IV квартал,2013-Q4,21141.0
Ульяновская область,рубль,значение показателя за год,2013,17898.0
Ульяновская область,рубль,I квартал,2014-Q1,16687.0
Ульяновская область,рубль,II квартал,2014-Q2,20143.0
Ульяновская область,рубль,III квартал,2014-Q3,20441.0
Ульяновская область,рубль,IV квартал,2014-Q4,25055.0
Ульяновская область,рубль,значение показателя за год,2014,20632.0
Ульяновская область,рубль,I квартал,2015-Q1,20197.0
Ульяновская область,рубль,II квартал,2015-Q2,22413.0
Ульяновская область,рубль,III квартал,2015-Q3,21950.0
Ульяновская область,рубль,IV квартал,2015-Q4,26441.0
Ульяновская область,рубль,значение показателя за год,2015,22805.0
Ульяновская область,рубль,I квартал,2016-Q1,19503.0
Ульяновская область,рубль,II квартал,2016-Q2,22621.0
Ульяновская область,рубль,III квартал,2016-Q3,22761.0
Ульяновская область,рубль,IV квартал,2016-Q4,25826.0
Ульяновская область,рубль,значение показателя за год,2016,22731.0
Ульяновская область,рубль,I квартал,2017-Q1,21617.0
Ульяновская область,рубль,II квартал,2017-Q2,22697.0
Ульяновская область,рубль,III квартал,2017-Q3,22174.0
Ульяновская область,рубль,IV квартал,2017-Q4,26926.0
Ульяновская область,рубль,значение показателя за год,2017,23423.0
Ульяновская область,рубль,I квартал,2018-Q1,20681.0
Ульяновская область,рубль,II квартал,2018-Q2,22264.0
Ульяновская область,рубль,III квартал,2018-Q3,22521.0
Ульяновская область,рубль,IV квартал,2018-Q4,26007.0
Ульяновская область,рубль,значение показателя за год,2018,22954.0
Ульяновская область,рубль,I квартал,2019-Q1,21026.0
Ульяновская область,рубль,II квартал,2019-Q2,23946.0
Ульяновская область,рубль,III квартал,2019-Q3,23503.0
Ульяновская область,рубль,IV квартал,2019-Q4,26730.0
Ульяновская область,рубль,значение показателя за год,2019,23895.0
Ульяновская область,рубль,I квартал,2020-Q1,22450.0
Ульяновская область,рубль,II квартал,2020-Q2,24425.0
Ульяновская область,рубль,III квартал,2020-Q3,24370.0
Ульяновская область,рубль,IV квартал,2020-Q4,27495.0
Ульяновская область,рубль,значение показателя за год,2020,24813.0
Уральский федеральный округ,рубль,значение показателя за год,2008,18951.9
Уральский федеральный округ,рубль,значение показателя за год,2009,20072.8
Уральский федеральный округ,рубль,значение показателя за год,2010,21832.0
Уральский федеральный округ,рубль,значение показателя за год,2011,23909.0
Уральский федеральный округ,рубль,I квартал,2012-Q1,22502.0
Уральский федеральный округ,рубль,II квартал,2012-Q2,26152.0
Уральский федеральный округ,рубль,III квартал,2012-Q3,25741.0
Уральский федеральный округ,рубль,IV квартал,2012-Q4,31067.0
Уральский федеральный округ,рубль,значение показателя за год,2012,26308.0
Уральский федеральный округ,рубль,I квартал,2013-Q1,25954.0
Уральский федеральный округ,рубль,II квартал,2013-Q2,28686.0
Уральский федеральный округ,рубль,III квартал,2013-Q3,28647.0
Уральский федеральный округ,рубль,IV квартал,2013-Q4,31785.0
Уральский федеральный округ,рубль,значение показателя за год,2013,28726.0
Уральский федеральный округ,рубль,I квартал,2014-Q1,26584.0
Уральский федеральный округ,рубль,II квартал,2014-Q2,30423.0
Уральский федеральный округ,рубль,III квартал,2014-Q3,29956.0
Уральский федеральный округ,рубль,IV квартал,2014-Q4,33268.0
Уральский федеральный округ,рубль,значение показателя за год,2014,30008.0
Уральский федеральный округ,рубль,I квартал,2015-Q1,30209.0
Уральский федеральный округ,рубль,II квартал,2015-Q2,33152.0
Уральский федеральный округ,рубль,III квартал,2015-Q3,31869.0
Уральский федеральный округ,рубль,IV квартал,2015-Q4,35899.0
Уральский федеральный округ,рубль,значение показателя за год,2015,32741.0
Уральский федеральный округ,рубль,I квартал,2016-Q1,30112.0
Уральский федеральный округ,рубль,II квартал,2016-Q2,33754.0
Уральский федеральный округ,рубль,III квартал,2016-Q3,32550.0
Уральский федеральный округ,рубль,IV квартал,2016-Q4,35478.0
Уральский федеральный округ,рубль,значение показателя за год,2016,32924.0
Уральский федеральный округ,рубль,I квартал,2017-Q1,31447.0
Уральский федеральный округ,рубль,II квартал,2017-Q2,33938.0
Уральский федеральный округ,рубль,III квартал,2017-Q3,32590.0
Уральский федеральный округ,рубль,IV квартал,2017-Q4,36731.0
Уральский федеральный округ,рубль,значение показателя за год,2017,33663.0
Уральский федеральный округ,рубль,I квартал,2018-Q1,32116.0
Уральский федеральный округ,рубль,II квартал,2018-Q2,35220.0
Уральский федеральный округ,рубль,III квартал,2018-Q3,34273.0
Уральский федеральный округ,рубль,IV квартал,2018-Q4,38824.0
Уральский федеральный округ,рубль,значение показателя за год,2018,35118.0
Уральский федеральный округ,рубль,I квартал,2019-Q1,33264.0
Уральский федеральный округ,рубль,II квартал,2019-Q2,37581.0
Уральский федеральный округ,рубль,III квартал,2019-Q3,36706.0
Уральский федеральный округ,рубль,IV квартал,2019-Q4,40762.0
Уральский федеральный округ,рубль,значение показателя за год,2019,37063.0
Уральский федеральный округ,рубль,I квартал,2020-Q1,35120.0
Уральский федеральный округ,рубль,II квартал,2020-Q2,37001.0
Уральский федеральный округ,рубль,III квартал,2020-Q3,36112.0
Уральский федеральный округ,рубль,IV квартал,2020-Q4,41085.0
Уральский федеральный округ,рубль,значение показателя за год,2020,37379.0
Курганская область,рубль,значение показателя за год,2008,11445.4
Курганская область,рубль,значение показателя за год,2009,12153.2
Курганская область,рубль,значение показателя за год,2010,13498.9
Курганская область,рубль,значение показателя за год,2011,14378.0
Курганская область,рубль,I квартал,2012-Q1,14351.0
Курганская область,рубль,II квартал,2012-Q2,15813.0
Курганская область,рубль,III квартал,2012-Q3,15861.0
Курганская область,рубль,IV квартал,2012-Q4,18336.0
Курганская область,рубль,значение показателя за год,2012,16213.0
Курганская область,рубль,I квартал,2013-Q1,15068.0
Курганская область,рубль,II квартал,2013-Q2,16748.0
Курганская область,рубль,III квартал,2013-Q3,16893.0
Курганская область,рубль,IV квартал,2013-Q4,19734.0
Курганская область,рубль,значение показателя за год,2013,17225.0
Курганская область,рубль,I квартал,2014-Q1,15569.0
Курганская область,рубль,II квартал,2014-Q2,18808.0
Курганская область,рубль,III квартал,2014-Q3,18201.0
Курганская область,рубль,IV квартал,2014-Q4,21141.0
Курганская область,рубль,значение показателя за год,2014,18540.0
Курганская область,рубль,I квартал,2015-Q1,18245.0
Курганская область,рубль,II квартал,2015-Q2,19581.0
Курганская область,рубль,III квартал,2015-Q3,23116.0
Курганская область,рубль,IV квартал,2015-Q4,21072.0
Курганская область,рубль,значение показателя за год,2015,20635.0
Курганская область,рубль,I квартал,2016-Q1,17966.0
Курганская область,рубль,II квартал,2016-Q2,20762.0
Курганская область,рубль,III квартал,2016-Q3,20025.0
Курганская область,рубль,IV квартал,2016-Q4,23018.0
Курганская область,рубль,значение показателя за год,2016,20574.0
Курганская область,рубль,I квартал,2017-Q1,19983.0
Курганская область,рубль,II квартал,2017-Q2,21475.0
Курганская область,рубль,III квартал,2017-Q3,20219.0
Курганская область,рубль,IV квартал,2017-Q4,22332.0
Курганская область,рубль,значение показателя за год,2017,21149.0
Курганская область,рубль,I квартал,2018-Q1,19198.0
Курганская область,рубль,II квартал,2018-Q2,20411.0
Курганская область,рубль,III квартал,2018-Q3,20261.0
Курганская область,рубль,IV квартал,2018-Q4,23024.0
Курганская область,рубль,значение показателя за год,2018,20899.0
Курганская область,рубль,I квартал,2019-Q1,19036.0
Курганская область,рубль,II квартал,2019-Q2,22037.0
Курганская область,рубль,III квартал,2019-Q3,21359.0
Курганская область,рубль,IV квартал,2019-Q4,24929.0
Курганская область,рубль,значение показателя за год,2019,21983.0
Курганская область,рубль,I квартал,2020-Q1,20946.0
Курганская область,рубль,II квартал,2020-Q2,21416.0
Курганская область,рубль,III квартал,2020-Q3,22768.0
Курганская область,рубль,IV квартал,2020-Q4,24830.0
Курганская область,рубль,значение показателя за год,2020,22654.0
Свердловская область,рубль,значение показателя за год,2008,17481.2
Свердловская область,рубль,значение показателя за год,2009,19722.5
Свердловская область,рубль,значение показателя за год,2010,22193.8
Свердловская область,рубль,значение показателя за год,2011,24893.0
Свердловская область,рубль,I квартал,2012-Q1,23736.0
Свердловская область,рубль,II квартал,2012-Q2,27430.0
Свердловская область,рубль,III квартал,2012-Q3,27597.0
Свердловская область,рубль,IV квартал,2012-Q4,32752.0
Свердловская область,рубль,значение показателя за год,2012,27853.0
Свердловская область,рубль,I квартал,2013-Q1,26831.0
Свердловская область,рубль,II квартал,2013-Q2,29476.0
Свердловская область,рубль,III квартал,2013-Q3,30713.0
Свердловская область,рубль,IV квартал,2013-Q4,34891.0
Свердловская область,рубль,значение показателя за год,2013,30461.0
Свердловская область,рубль,I квартал,2014-Q1,27227.0
Свердловская область,рубль,II квартал,2014-Q2,32077.0
Свердловская область,рубль,III квартал,2014-Q3,31601.0
Свердловская область,рубль,IV квартал,2014-Q4,35352.0
Свердловская область,рубль,значение показателя за год,2014,31540.0
Свердловская область,рубль,I квартал,2015-Q1,30817.0
Свердловская область,рубль,II квартал,2015-Q2,34560.0
Свердловская область,рубль,III квартал,2015-Q3,32714.0
Свердловская область,рубль,IV квартал,2015-Q4,38410.0
Свердловская область,рубль,значение показателя за год,2015,34116.0
Свердловская область,рубль,I квартал,2016-Q1,30914.0
Свердловская область,рубль,II квартал,2016-Q2,35417.0
Свердловская область,рубль,III квартал,2016-Q3,34828.0
Свердловская область,рубль,IV квартал,2016-Q4,37713.0
Свердловская область,рубль,значение показателя за год,2016,34721.0
Свердловская область,рубль,I квартал,2017-Q1,32231.0
Свердловская область,рубль,II квартал,2017-Q2,34337.0
Свердловская область,рубль,III квартал,2017-Q3,34298.0
Свердловская область,рубль,IV квартал,2017-Q4,39922.0
Свердловская область,рубль,значение показателя за год,2017,35214.0
Свердловская область,рубль,I квартал,2018-Q1,32657.0
Свердловская область,рубль,II квартал,2018-Q2,35311.0
Свердловская область,рубль,III квартал,2018-Q3,36493.0
Свердловская область,рубль,IV квартал,2018-Q4,42340.0
Свердловская область,рубль,значение показателя за год,2018,36741.0
Свердловская область,рубль,I квартал,2019-Q1,33777.0
Свердловская область,рубль,II квартал,2019-Q2,38312.0
Свердловская область,рубль,III квартал,2019-Q3,39683.0
Свердловская область,рубль,IV квартал,2019-Q4,44536.0
Свердловская область,рубль,значение показателя за год,2019,39100.0
Свердловская область,рубль,I квартал,2020-Q1,35560.0
Свердловская область,рубль,II квартал,2020-Q2,35814.0
Свердловская область,рубль,III квартал,2020-Q3,35792.0
Свердловская область,рубль,IV квартал,2020-Q4,42280.0
Свердловская область,рубль,значение показателя за год,2020,37452.0
Тюменская область,рубль,значение показателя за год,2008,27984.1
Тюменская область,рубль,значение показателя за год,2009,27719.0
Тюменская область,рубль,значение показателя за год,2010,28756.7
Тюменская область,рубль,значение показателя за год,2011,30698.0
Тюменская область,рубль,I квартал,2012-Q1,28286.0
Тюменская область,рубль,II квартал,2012-Q2,33652.0
Тюменская область,рубль,III квартал,2012-Q3,32271.0
Тюменская область,рубль,IV квартал,2012-Q4,40608.0
Тюменская область,рубль,значение показателя за год,2012,33449.0
Тюменская область,рубль,I квартал,2013-Q1,34346.0
Тюменская область,рубль,II квартал,2013-Q2,37333.0
Тюменская область,рубль,III квартал,2013-Q3,36144.0
Тюменская область,рубль,IV квартал,2013-Q4,37443.0
Тюменская область,рубль,значение показателя за год,2013,36125.0
Тюменская область,рубль,I квартал,2014-Q1,35573.0
Тюменская область,рубль,II квартал,2014-Q2,38675.0
Тюменская область,рубль,III квартал,2014-Q3,37606.0
Тюменская область,рубль,IV квартал,2014-Q4,39814.0
Тюменская область,рубль,значение показателя за год,2014,37724.0
Тюменская область,рубль,I квартал,2015-Q1,39227.0
Тюменская область,рубль,II квартал,2015-Q2,43279.0
Тюменская область,рубль,III квартал,2015-Q3,41550.0
Тюменская область,рубль,IV квартал,2015-Q4,44021.0
Тюменская область,рубль,значение показателя за год,2015,41810.0
Тюменская область,рубль,I квартал,2016-Q1,40633.0
Тюменская область,рубль,II квартал,2016-Q2,44077.0
Тюменская область,рубль,III квартал,2016-Q3,41936.0
Тюменская область,рубль,IV квартал,2016-Q4,44651.0
Тюменская область,рубль,значение показателя за год,2016,42552.0
Тюменская область,рубль,I квартал,2017-Q1,42171.0
Тюменская область,рубль,II квартал,2017-Q2,45932.0
Тюменская область,рубль,III квартал,2017-Q3,42419.0
Тюменская область,рубль,IV квартал,2017-Q4,46744.0
Тюменская область,рубль,значение показателя за год,2017,44108.0
Тюменская область,рубль,I квартал,2018-Q1,43423.0
Тюменская область,рубль,II квартал,2018-Q2,48887.0
Тюменская область,рубль,III квартал,2018-Q3,45049.0
Тюменская область,рубль,IV квартал,2018-Q4,49159.0
Тюменская область,рубль,значение показателя за год,2018,46417.0
Тюменская область,рубль,I квартал,2019-Q1,45384.0
Тюменская область,рубль,II квартал,2019-Q2,51162.0
Тюменская область,рубль,III квартал,2019-Q3,47490.0
Тюменская область,рубль,IV квартал,2019-Q4,51785.0
Тюменская область,рубль,значение показателя за год,2019,48729.0
Тюменская область,рубль,I квартал,2020-Q1,47740.0
Тюменская область,рубль,II квартал,2020-Q2,51974.0
Тюменская область,рубль,III квартал,2020-Q3,48835.0
Тюменская область,рубль,IV квартал,2020-Q4,52893.0
Тюменская область,рубль,значение показателя за год,2020,50206.0
Ханты-Мансийский автономный округ - Югра (Тюменская область),рубль,значение показателя за год,2008,33197.3
Ханты-Мансийский автономный округ - Югра (Тюменская область),рубль,значение показателя за год,2009,32196.7
Ханты-Мансийский автономный округ - Югра (Тюменская область),рубль,значение показателя за год,2010,32385.0
Ханты-Мансийский автономный округ - Югра (Тюменская область),рубль,значение показателя за год,2011,33916.0
Ханты-Мансийский автономный округ - Югра (Тюменская область),рубль,I квартал,2012-Q1,31496.0
Ханты-Мансийский автономный округ - Югра (Тюменская область),рубль,II квартал,2012-Q2,37023.0
Ханты-Мансийский автономный округ - Югра (Тюменская область),рубль,III квартал,2012-Q3,35227.0
Ханты-Мансийский автономный округ - Югра (Тюменская область),рубль,IV квартал,2012-Q4,42612.0
Ханты-Мансийский автономный округ - Югра (Тюменская область),рубль,значение показателя за год,2012,36313.0
Ханты-Мансийский автономный округ - Югра (Тюменская область),рубль,I квартал,2013-Q1,37296.0
Ханты-Мансийский автономный округ - Югра (Тюменская область),рубль,II квартал,2013-Q2,41344.0
Ханты-Мансийский автономный округ - Югра (Тюменская область),рубль,III квартал,2013-Q3,41123.0
Ханты-Мансийский автономный округ - Югра (Тюменская область),рубль,IV квартал,2013-Q4,40237.0
Ханты-Мансийский автономный округ - Югра (Тюменская область),рубль,значение показателя за год,2013,39821.0
Ханты-Мансийский автономный округ - Югра (Тюменская область),рубль,I квартал,2014-Q1,38394.0
Ханты-Мансийский автономный округ - Югра (Тюменская область),рубль,II квартал,2014-Q2,41757.0
Ханты-Мансийский автономный округ - Югра (Тюменская область),рубль,III квартал,2014-Q3,41388.0
Ханты-Мансийский автономный округ - Югра (Тюменская область),рубль,IV квартал,2014-Q4,42152.0
Ханты-Мансийский автономный округ - Югра (Тюменская область),рубль,значение показателя за год,2014,40720.0
Ханты-Мансийский автономный округ - Югра (Тюменская область),рубль,I квартал,2015-Q1,42889.0
Ханты-Мансийский автономный округ - Югра (Тюменская область),рубль,II квартал,2015-Q2,47747.0
Ханты-Мансийский автономный округ - Югра (Тюменская область),рубль,III квартал,2015-Q3,46222.0
Ханты-Мансийский автономный округ - Югра (Тюменская область),рубль,IV квартал,2015-Q4,48393.0
Ханты-Мансийский автономный округ - Югра (Тюменская область),рубль,значение показателя за год,2015,46088.0
Ханты-Мансийский автономный округ - Югра (Тюменская область),рубль,I квартал,2016-Q1,44087.0
Ханты-Мансийский автономный округ - Югра (Тюменская область),рубль,II квартал,2016-Q2,48938.0
Ханты-Мансийский автономный округ - Югра (Тюменская область),рубль,III квартал,2016-Q3,45413.0
Ханты-Мансийский автономный округ - Югра (Тюменская область),рубль,IV квартал,2016-Q4,49807.0
Ханты-Мансийский автономный округ - Югра (Тюменская область),рубль,значение показателя за год,2016,46768.0
Ханты-Мансийский автономный округ - Югра (Тюменская область),рубль,I квартал,2017-Q1,46425.0
Ханты-Мансийский автономный округ - Югра (Тюменская область),рубль,II квартал,2017-Q2,50932.0
Ханты-Мансийский автономный округ - Югра (Тюменская область),рубль,III квартал,2017-Q3,45949.0
Ханты-Мансийский автономный округ - Югра (Тюменская область),рубль,IV квартал,2017-Q4,51808.0
Ханты-Мансийский автономный округ - Югра (Тюменская область),рубль,значение показателя за год,2017,48631.0
Ханты-Мансийский автономный округ - Югра (Тюменская область),рубль,I квартал,2018-Q1,47530.0
Ханты-Мансийский автономный округ - Югра (Тюменская область),рубль,II квартал,2018-Q2,53148.0
Ханты-Мансийский автономный округ - Югра (Тюменская область),рубль,III квартал,2018-Q3,48916.0
Ханты-Мансийский автономный округ - Югра (Тюменская область),рубль,IV квартал,2018-Q4,53362.0
Ханты-Мансийский автономный округ - Югра (Тюменская область),рубль,значение показателя за год,2018,50590.0
Ханты-Мансийский автономный округ - Югра (Тюменская область),рубль,I квартал,2019-Q1,48683.0
Ханты-Мансийский автономный округ - Югра (Тюменская область),рубль,II квартал,2019-Q2,55508.0
Ханты-Мансийский автономный округ - Югра (Тюменская область),рубль,III квартал,2019-Q3,52104.0
Ханты-Мансийский автономный округ - Югра (Тюменская область),рубль,IV квартал,2019-Q4,57290.0
Ханты-Мансийский автономный округ - Югра (Тюменская область),рубль,значение показателя за год,2019,53205.0
Ханты-Мансийский автономный округ - Югра (Тюменская область),рубль,I квартал,2020-Q1,50954.0
Ханты-Мансийский автономный округ - Югра (Тюменская область),рубль,II квартал,2020-Q2,55756.0
Ханты-Мансийский автономный округ - Югра (Тюменская область),рубль,III квартал,2020-Q3,53312.0
Ханты-Мансийский автономный округ - Югра (Тюменская область),рубль,IV квартал,2020-Q4,57933.0
Ханты-Мансийский автономный округ - Югра (Тюменская область),рубль,значение показателя за год,2020,54264.0
Ямало-Ненецкий автономный округ (Тюменская область),рубль,значение показателя за год,2008,39568.6
Ямало-Ненецкий автономный округ (Тюменская область),рубль,значение показателя за год,2009,40196.3
Ямало-Ненецкий автономный округ (Тюменская область),рубль,значение показателя за год,2010,43367.1
Ямало-Ненецкий автономный округ (Тюменская область),рубль,значение показателя за год,2011,46947.0
Ямало-Ненецкий автономный округ (Тюменская область),рубль,I квартал,2012-Q1,44423.0
Ямало-Ненецкий автономный округ (Тюменская область),рубль,II квартал,2012-Q2,54044.0
Ямало-Ненецкий автономный округ (Тюменская область),рубль,III квартал,2012-Q3,48352.0
Ямало-Ненецкий автономный округ (Тюменская область),рубль,IV квартал,2012-Q4,65971.0
Ямало-Ненецкий автономный округ (Тюменская область),рубль,значение показателя за год,2012,53136.0
Ямало-Ненецкий автономный округ (Тюменская область),рубль,I квартал,2013-Q1,58488.0
Ямало-Ненецкий автономный округ (Тюменская область),рубль,II квартал,2013-Q2,62284.0
Ямало-Ненецкий автономный округ (Тюменская область),рубль,III квартал,2013-Q3,57665.0
Ямало-Ненецкий автономный округ (Тюменская область),рубль,IV квартал,2013-Q4,59757.0
Ямало-Ненецкий автономный округ (Тюменская область),рубль,значение показателя за год,2013,59885.0
Ямало-Ненецкий автономный округ (Тюменская область),рубль,I квартал,2014-Q1,60799.0
Ямало-Ненецкий автономный округ (Тюменская область),рубль,II квартал,2014-Q2,66198.0
Ямало-Ненецкий автономный округ (Тюменская область),рубль,III квартал,2014-Q3,62535.0
Ямало-Ненецкий автономный округ (Тюменская область),рубль,IV квартал,2014-Q4,64056.0
Ямало-Ненецкий автономный округ (Тюменская область),рубль,значение показателя за год,2014,63633.0
Ямало-Ненецкий автономный округ (Тюменская область),рубль,I квартал,2015-Q1,65608.0
Ямало-Ненецкий автономный округ (Тюменская область),рубль,II квартал,2015-Q2,72840.0
Ямало-Ненецкий автономный округ (Тюменская область),рубль,III квартал,2015-Q3,67814.0
Ямало-Ненецкий автономный округ (Тюменская область),рубль,IV квартал,2015-Q4,70873.0
Ямало-Ненецкий автономный округ (Тюменская область),рубль,значение показателя за год,2015,69942.0
Ямало-Ненецкий автономный округ (Тюменская область),рубль,I квартал,2016-Q1,72779.0
Ямало-Ненецкий автономный округ (Тюменская область),рубль,II квартал,2016-Q2,78016.0
Ямало-Ненецкий автономный округ (Тюменская область),рубль,III квартал,2016-Q3,74560.0
Ямало-Ненецкий автономный округ (Тюменская область),рубль,IV квартал,2016-Q4,75765.0
Ямало-Ненецкий автономный округ (Тюменская область),рубль,значение показателя за год,2016,75414.0
Ямало-Ненецкий автономный округ (Тюменская область),рубль,I квартал,2017-Q1,76797.0
Ямало-Ненецкий автономный округ (Тюменская область),рубль,II квартал,2017-Q2,82721.0
Ямало-Ненецкий автономный округ (Тюменская область),рубль,III квартал,2017-Q3,77679.0
Ямало-Ненецкий автономный округ (Тюменская область),рубль,IV квартал,2017-Q4,81638.0
Ямало-Ненецкий автономный округ (Тюменская область),рубль,значение показателя за год,2017,79805.0
Ямало-Ненецкий автономный округ (Тюменская область),рубль,I квартал,2018-Q1,78900.0
Ямало-Ненецкий автономный округ (Тюменская область),рубль,II квартал,2018-Q2,92276.0
Ямало-Ненецкий автономный округ (Тюменская область),рубль,III квартал,2018-Q3,78955.0
Ямало-Ненецкий автономный округ (Тюменская область),рубль,IV квартал,2018-Q4,85947.0
Ямало-Ненецкий автономный округ (Тюменская область),рубль,значение показателя за год,2018,84067.0
Ямало-Ненецкий автономный округ (Тюменская область),рубль,I квартал,2019-Q1,86205.0
Ямало-Ненецкий автономный округ (Тюменская область),рубль,II квартал,2019-Q2,98847.0
Ямало-Ненецкий автономный округ (Тюменская область),рубль,III квартал,2019-Q3,83638.0
Ямало-Ненецкий автономный округ (Тюменская область),рубль,IV квартал,2019-Q4,89719.0
Ямало-Ненецкий автономный округ (Тюменская область),рубль,значение показателя за год,2019,89655.0
Ямало-Ненецкий автономный округ (Тюменская область),рубль,I квартал,2020-Q1,92550.0
Ямало-Ненецкий автономный округ (Тюменская область),рубль,II квартал,2020-Q2,104937.0
Ямало-Ненецкий автономный округ (Тюменская область),рубль,III квартал,2020-Q3,91178.0
Ямало-Ненецкий автономный округ (Тюменская область),рубль,IV квартал,2020-Q4,97060.0
Ямало-Ненецкий автономный округ (Тюменская область),рубль,значение показателя за год,2020,96553.0
Тюменская область (кроме Ханты-Мансийского автономного округа-Югры и Ямало-Ненецкого автономного округа),рубль,значение показателя за год,2011,20673.0
Тюменская область (кроме Ханты-Мансийского автономного округа-Югры и Ямало-Ненецкого автономного округа),рубль,I квартал,2012-Q1,18321.0
Тюменская область (кроме Ханты-Мансийского автономного округа-Югры и Ямало-Ненецкого автономного округа),рубль,II квартал,2012-Q2,21843.0
Тюменская область (кроме Ханты-Мансийского автономного округа-Югры и Ямало-Ненецкого автономного округа),рубль,III квартал,2012-Q3,22619.0
Тюменская область (кроме Ханты-Мансийского автономного округа-Югры и Ямало-Ненецкого автономного округа),рубль,IV квартал,2012-Q4,28424.0
Тюменская область (кроме Ханты-Мансийского автономного округа-Югры и Ямало-Ненецкого автономного округа),рубль,значение показателя за год,2012,22572.0
Тюменская область (кроме Ханты-Мансийского автономного округа-Югры и Ямало-Ненецкого автономного округа),рубль,I квартал,2013-Q1,21738.0
Тюменская область (кроме Ханты-Мансийского автономного округа-Югры и Ямало-Ненецкого автономного округа),рубль,II квартал,2013-Q2,23209.0
Тюменская область (кроме Ханты-Мансийского автономного округа-Югры и Ямало-Ненецкого автономного округа),рубль,III квартал,2013-Q3,22232.0
Тюменская область (кроме Ханты-Мансийского автономного округа-Югры и Ямало-Ненецкого автономного округа),рубль,IV квартал,2013-Q4,25713.0
Тюменская область (кроме Ханты-Мансийского автономного округа-Югры и Ямало-Ненецкого автономного округа),рубль,значение показателя за год,2013,22984.0
Тюменская область (кроме Ханты-Мансийского автономного округа-Югры и Ямало-Ненецкого автономного округа),рубль,I квартал,2014-Q1,23037.0
Тюменская область (кроме Ханты-Мансийского автономного округа-Югры и Ямало-Ненецкого автономного округа),рубль,II квартал,2014-Q2,24993.0
Тюменская область (кроме Ханты-Мансийского автономного округа-Югры и Ямало-Ненецкого автономного округа),рубль,III квартал,2014-Q3,24099.0
Тюменская область (кроме Ханты-Мансийского автономного округа-Югры и Ямало-Ненецкого автономного округа),рубль,IV квартал,2014-Q4,28188.0
Тюменская область (кроме Ханты-Мансийского автономного округа-Югры и Ямало-Ненецкого автономного округа),рубль,значение показателя за год,2014,24867.0
Тюменская область (кроме Ханты-Мансийского автономного округа-Югры и Ямало-Ненецкого автономного округа),рубль,I квартал,2015-Q1,25581.0
Тюменская область (кроме Ханты-Мансийского автономного округа-Югры и Ямало-Ненецкого автономного округа),рубль,II квартал,2015-Q2,27583.0
Тюменская область (кроме Ханты-Мансийского автономного округа-Югры и Ямало-Ненецкого автономного округа),рубль,III квартал,2015-Q3,26819.0
Тюменская область (кроме Ханты-Мансийского автономного округа-Югры и Ямало-Ненецкого автономного округа),рубль,IV квартал,2015-Q4,29412.0
Тюменская область (кроме Ханты-Мансийского автономного округа-Югры и Ямало-Ненецкого автономного округа),рубль,значение показателя за год,2015,27068.0
Тюменская область (кроме Ханты-Мансийского автономного округа-Югры и Ямало-Ненецкого автономного округа),рубль,I квартал,2016-Q1,25626.0
Тюменская область (кроме Ханты-Мансийского автономного округа-Югры и Ямало-Ненецкого автономного округа),рубль,II квартал,2016-Q2,26891.0
Тюменская область (кроме Ханты-Мансийского автономного округа-Югры и Ямало-Ненецкого автономного округа),рубль,III квартал,2016-Q3,26737.0
Тюменская область (кроме Ханты-Мансийского автономного округа-Югры и Ямало-Ненецкого автономного округа),рубль,IV квартал,2016-Q4,28123.0
Тюменская область (кроме Ханты-Мансийского автономного округа-Югры и Ямало-Ненецкого автономного округа),рубль,значение показателя за год,2016,26594.0
Тюменская область (кроме Ханты-Мансийского автономного округа-Югры и Ямало-Ненецкого автономного округа),рубль,I квартал,2017-Q1,25710.0
Тюменская область (кроме Ханты-Мансийского автономного округа-Югры и Ямало-Ненецкого автономного округа),рубль,II квартал,2017-Q2,27915.0
Тюменская область (кроме Ханты-Мансийского автономного округа-Югры и Ямало-Ненецкого автономного округа),рубль,III квартал,2017-Q3,26536.0
Тюменская область (кроме Ханты-Мансийского автономного округа-Югры и Ямало-Ненецкого автономного округа),рубль,IV квартал,2017-Q4,29301.0
Тюменская область (кроме Ханты-Мансийского автономного округа-Югры и Ямало-Ненецкого автономного округа),рубль,значение показателя за год,2017,27132.0
Тюменская область (кроме Ханты-Мансийского автономного округа-Югры и Ямало-Ненецкого автономного округа),рубль,I квартал,2018-Q1,27115.0
Тюменская область (кроме Ханты-Мансийского автономного округа-Югры и Ямало-Ненецкого автономного округа),рубль,II квартал,2018-Q2,29769.0
Тюменская область (кроме Ханты-Мансийского автономного округа-Югры и Ямало-Ненецкого автономного округа),рубль,III квартал,2018-Q3,29526.0
Тюменская область (кроме Ханты-Мансийского автономного округа-Югры и Ямало-Ненецкого автономного округа),рубль,IV квартал,2018-Q4,32311.0
Тюменская область (кроме Ханты-Мансийского автономного округа-Югры и Ямало-Ненецкого автономного округа),рубль,значение показателя за год,2018,29443.0
Тюменская область (кроме Ханты-Мансийского автономного округа-Югры и Ямало-Ненецкого автономного округа),рубль,I квартал,2019-Q1,28437.0
Тюменская область (кроме Ханты-Мансийского автономного округа-Югры и Ямало-Ненецкого автономного округа),рубль,II квартал,2019-Q2,30836.0
Тюменская область (кроме Ханты-Мансийского автономного округа-Югры и Ямало-Ненецкого автономного округа),рубль,III квартал,2019-Q3,30662.0
Тюменская область (кроме Ханты-Мансийского автономного округа-Югры и Ямало-Ненецкого автономного округа),рубль,IV квартал,2019-Q4,33415.0
Тюменская область (кроме Ханты-Мансийского автономного округа-Югры и Ямало-Ненецкого автономного округа),рубль,значение показателя за год,2019,30608.0
Тюменская область (кроме Ханты-Мансийского автономного округа-Югры и Ямало-Ненецкого автономного округа),рубль,I квартал,2020-Q1,29835.0
Тюменская область (кроме Ханты-Мансийского автономного округа-Югры и Ямало-Ненецкого автономного округа),рубль,II квартал,2020-Q2,30830.0
Тюменская область (кроме Ханты-Мансийского автономного округа-Югры и Ямало-Ненецкого автономного округа),рубль,III квартал,2020-Q3,30381.0
Тюменская область (кроме Ханты-Мансийского автономного округа-Югры и Ямало-Ненецкого автономного округа),рубль,IV квартал,2020-Q4,33249.0
Тюменская область (кроме Ханты-Мансийского автономного округа-Югры и Ямало-Ненецкого автономного округа),рубль,значение показателя за год,2020,30971.0
Челябинская область,рубль,значение показателя за год,2008,14120.0
Челябинская область,рубль,значение показателя за год,2009,15215.1
Челябинская область,рубль,значение показателя за год,2010,16821.1
Челябинская область,рубль,значение показателя за год,2011,18459.0
Челябинская область,рубль,I квартал,2012-Q1,17314.0
Челябинская область,рубль,II квартал,2012-Q2,19763.0
Челябинская область,рубль,III квартал,2012-Q3,19483.0
Челябинская область,рубль,IV квартал,2012-Q4,22760.0
Челябинская область,рубль,значение показателя за год,2012,19815.0
Челябинская область,рубль,I квартал,2013-Q1,19156.0
Челябинская область,рубль,II квартал,2013-Q2,22002.0
Челябинская область,рубль,III квартал,2013-Q3,21497.0
Челябинская область,рубль,IV квартал,2013-Q4,25279.0
Челябинская область,рубль,значение показателя за год,2013,21967.0
Челябинская область,рубль,I квартал,2014-Q1,19381.0
Челябинская область,рубль,II квартал,2014-Q2,22868.0
Челябинская область,рубль,III квартал,2014-Q3,23061.0
Челябинская область,рубль,IV квартал,2014-Q4,27045.0
Челябинская область,рубль,значение показателя за год,2014,23064.0
Челябинская область,рубль,I квартал,2015-Q1,23142.0
Челябинская область,рубль,II квартал,2015-Q2,24353.0
Челябинская область,рубль,III квартал,2015-Q3,23043.0
Челябинская область,рубль,IV квартал,2015-Q4,28097.0
Челябинская область,рубль,значение показателя за год,2015,24646.0
Челябинская область,рубль,I квартал,2016-Q1,21170.0
Челябинская область,рубль,II квартал,2016-Q2,24159.0
Челябинская область,рубль,III квартал,2016-Q3,23050.0
Челябинская область,рубль,IV квартал,2016-Q4,26235.0
Челябинская область,рубль,значение показателя за год,2016,23647.0
Челябинская область,рубль,I квартал,2017-Q1,21981.0
Челябинская область,рубль,II квартал,2017-Q2,23856.0
Челябинская область,рубль,III квартал,2017-Q3,23136.0
Челябинская область,рубль,IV квартал,2017-Q4,25735.0
Челябинская область,рубль,значение показателя за год,2017,23708.0
Челябинская область,рубль,I квартал,2018-Q1,22508.0
Челябинская область,рубль,II квартал,2018-Q2,24114.0
Челябинская область,рубль,III квартал,2018-Q3,23409.0
Челябинская область,рубль,IV квартал,2018-Q4,27245.0
Челябинская область,рубль,значение показателя за год,2018,24378.0
Челябинская область,рубль,I квартал,2019-Q1,22916.0
Челябинская область,рубль,II квартал,2019-Q2,25697.0
Челябинская область,рубль,III квартал,2019-Q3,24997.0
Челябинская область,рубль,IV квартал,2019-Q4,27921.0
Челябинская область,рубль,значение показателя за год,2019,25416.0
Челябинская область,рубль,I квартал,2020-Q1,24116.0
Челябинская область,рубль,II квартал,2020-Q2,25784.0
Челябинская область,рубль,III квартал,2020-Q3,25748.0
Челябинская область,рубль,IV квартал,2020-Q4,30506.0
Челябинская область,рубль,значение показателя за год,2020,26628.0
Сибирский федеральный округ (до 03.11.2018),рубль,значение показателя за год,2008,13044.7
Сибирский федеральный округ (до 03.11.2018),рубль,значение показателя за год,2009,13713.7
Сибирский федеральный округ (до 03.11.2018),рубль,значение показателя за год,2010,15006.6
Сибирский федеральный округ (до 03.11.2018),рубль,значение показателя за год,2011,16661.0
Сибирский федеральный округ (до 03.11.2018),рубль,I квартал,2012-Q1,15772.0
Сибирский федеральный округ (до 03.11.2018),рубль,II квартал,2012-Q2,18335.0
Сибирский федеральный округ (до 03.11.2018),рубль,III квартал,2012-Q3,18149.0
Сибирский федеральный округ (до 03.11.2018),рубль,IV квартал,2012-Q4,22155.0
Сибирский федеральный округ (до 03.11.2018),рубль,значение показателя за год,2012,18598.0
Сибирский федеральный округ (до 03.11.2018),рубль,I квартал,2013-Q1,17483.0
Сибирский федеральный округ (до 03.11.2018),рубль,II квартал,2013-Q2,19738.0
Сибирский федеральный округ (до 03.11.2018),рубль,III квартал,2013-Q3,19711.0
Сибирский федеральный округ (до 03.11.2018),рубль,IV квартал,2013-Q4,24190.0
Сибирский федеральный округ (до 03.11.2018),рубль,значение показателя за год,2013,20277.0
Сибирский федеральный округ (до 03.11.2018),рубль,I квартал,2014-Q1,18280.0
Сибирский федеральный округ (до 03.11.2018),рубль,II квартал,2014-Q2,20913.0
Сибирский федеральный округ (до 03.11.2018),рубль,III квартал,2014-Q3,21095.0
Сибирский федеральный округ (до 03.11.2018),рубль,IV квартал,2014-Q4,25479.0
Сибирский федеральный округ (до 03.11.2018),рубль,значение показателя за год,2014,21439.0
Сибирский федеральный округ (до 03.11.2018),рубль,I квартал,2015-Q1,20869.0
Сибирский федеральный округ (до 03.11.2018),рубль,II квартал,2015-Q2,23872.0
Сибирский федеральный округ (до 03.11.2018),рубль,III квартал,2015-Q3,23251.0
Сибирский федеральный округ (до 03.11.2018),рубль,IV квартал,2015-Q4,26758.0
Сибирский федеральный округ (до 03.11.2018),рубль,значение показателя за год,2015,23687.0
Сибирский федеральный округ (до 03.11.2018),рубль,I квартал,2016-Q1,21297.0
Сибирский федеральный округ (до 03.11.2018),рубль,II квартал,2016-Q2,23735.0
Сибирский федеральный округ (до 03.11.2018),рубль,III квартал,2016-Q3,23516.0
Сибирский федеральный округ (до 03.11.2018),рубль,IV квартал,2016-Q4,27517.0
Сибирский федеральный округ (до 03.11.2018),рубль,значение показателя за год,2016,24022.0
Сибирский федеральный округ (до 03.11.2018),рубль,I квартал,2017-Q1,22692.0
Сибирский федеральный округ (до 03.11.2018),рубль,II квартал,2017-Q2,24529.0
Сибирский федеральный округ (до 03.11.2018),рубль,III квартал,2017-Q3,23623.0
Сибирский федеральный округ (до 03.11.2018),рубль,IV квартал,2017-Q4,28212.0
Сибирский федеральный округ (до 03.11.2018),рубль,значение показателя за год,2017,24796.0
Сибирский федеральный округ,рубль,I квартал,2018-Q1,23213.0
Сибирский федеральный округ,рубль,II квартал,2018-Q2,25676.0
Сибирский федеральный округ,рубль,III квартал,2018-Q3,24537.0
Сибирский федеральный округ,рубль,IV квартал,2018-Q4,29568.0
Сибирский федеральный округ,рубль,значение показателя за год,2018,25800.0
Сибирский федеральный округ,рубль,I квартал,2019-Q1,24044.0
Сибирский федеральный округ,рубль,II квартал,2019-Q2,27165.0
Сибирский федеральный округ,рубль,III квартал,2019-Q3,26710.0
Сибирский федеральный округ,рубль,IV квартал,2019-Q4,31385.0
Сибирский федеральный округ,рубль,значение показателя за год,2019,27380.0
Сибирский федеральный округ,рубль,I квартал,2020-Q1,25163.0
Сибирский федеральный округ,рубль,II квартал,2020-Q2,27555.0
Сибирский федеральный округ,рубль,III квартал,2020-Q3,27286.0
Сибирский федеральный округ,рубль,IV квартал,2020-Q4,32325.0
Сибирский федеральный округ,рубль,значение показателя за год,2020,28187.0
Республика Алтай,рубль,значение показателя за год,2008,10384.8
Республика Алтай,рубль,значение показателя за год,2009,11081.3
Республика Алтай,рубль,значение показателя за год,2010,13535.7
Республика Алтай,рубль,значение показателя за год,2011,13870.0
Республика Алтай,рубль,I квартал,2012-Q1,13215.0
Республика Алтай,рубль,II квартал,2012-Q2,12770.0
Республика Алтай,рубль,III квартал,2012-Q3,13556.0
Республика Алтай,рубль,IV квартал,2012-Q4,18128.0
Республика Алтай,рубль,значение показателя за год,2012,14386.0
Республика Алтай,рубль,I квартал,2013-Q1,13154.0
Республика Алтай,рубль,II квартал,2013-Q2,14729.0
Республика Алтай,рубль,III квартал,2013-Q3,14693.0
Республика Алтай,рубль,IV квартал,2013-Q4,16847.0
Республика Алтай,рубль,значение показателя за год,2013,14845.0
Республика Алтай,рубль,I квартал,2014-Q1,13441.0
Республика Алтай,рубль,II квартал,2014-Q2,17472.0
Республика Алтай,рубль,III квартал,2014-Q3,19051.0
Республика Алтай,рубль,IV квартал,2014-Q4,19185.0
Республика Алтай,рубль,значение показателя за год,2014,17244.0
Республика Алтай,рубль,I квартал,2015-Q1,14029.0
Республика Алтай,рубль,II квартал,2015-Q2,18593.0
Республика Алтай,рубль,III квартал,2015-Q3,17470.0
Республика Алтай,рубль,IV квартал,2015-Q4,23018.0
Республика Алтай,рубль,значение показателя за год,2015,18257.0
Республика Алтай,рубль,I квартал,2016-Q1,16257.0
Республика Алтай,рубль,II квартал,2016-Q2,17824.0
Республика Алтай,рубль,III квартал,2016-Q3,16853.0
Республика Алтай,рубль,IV квартал,2016-Q4,22826.0
Республика Алтай,рубль,значение показателя за год,2016,18402.0
Республика Алтай,рубль,I квартал,2017-Q1,16805.0
Республика Алтай,рубль,II квартал,2017-Q2,18083.0
Республика Алтай,рубль,III квартал,2017-Q3,19284.0
Республика Алтай,рубль,IV квартал,2017-Q4,22465.0
Республика Алтай,рубль,значение показателя за год,2017,19155.0
Республика Алтай,рубль,I квартал,2018-Q1,16762.0
Республика Алтай,рубль,II квартал,2018-Q2,19461.0
Республика Алтай,рубль,III квартал,2018-Q3,18708.0
Республика Алтай,рубль,IV квартал,2018-Q4,25803.0
Республика Алтай,рубль,значение показателя за год,2018,20191.0
Республика Алтай,рубль,I квартал,2019-Q1,17391.0
Республика Алтай,рубль,II квартал,2019-Q2,20616.0
Республика Алтай,рубль,III квартал,2019-Q3,19718.0
Республика Алтай,рубль,IV квартал,2019-Q4,26596.0
Республика Алтай,рубль,значение показателя за год,2019,21062.0
Республика Алтай,рубль,I квартал,2020-Q1,18930.0
Республика Алтай,рубль,II квартал,2020-Q2,20926.0
Республика Алтай,рубль,III квартал,2020-Q3,22668.0
Республика Алтай,рубль,IV квартал,2020-Q4,28007.0
Республика Алтай,рубль,значение показателя за год,2020,22642.0
Республика Тыва,рубль,значение показателя за год,2008,8084.1
Республика Тыва,рубль,значение показателя за год,2009,10041.8
Республика Тыва,рубль,значение показателя за год,2010,10159.6
Республика Тыва,рубль,значение показателя за год,2011,10958.0
Республика Тыва,рубль,I квартал,2012-Q1,10344.0
Республика Тыва,рубль,II квартал,2012-Q2,11752.0
Республика Тыва,рубль,III квартал,2012-Q3,11656.0
Республика Тыва,рубль,IV квартал,2012-Q4,14346.0
Республика Тыва,рубль,значение показателя за год,2012,11995.0
Республика Тыва,рубль,I квартал,2013-Q1,10893.0
Республика Тыва,рубль,II квартал,2013-Q2,13475.0
Республика Тыва,рубль,III квартал,2013-Q3,12468.0
Республика Тыва,рубль,IV квартал,2013-Q4,17392.0
Республика Тыва,рубль,значение показателя за год,2013,13522.0
Республика Тыва,рубль,I квартал,2014-Q1,9951.0
Республика Тыва,рубль,II квартал,2014-Q2,15317.0
Республика Тыва,рубль,III квартал,2014-Q3,13011.0
Республика Тыва,рубль,IV квартал,2014-Q4,17275.0
Республика Тыва,рубль,значение показателя за год,2014,13836.0
Республика Тыва,рубль,I квартал,2015-Q1,12256.0
Республика Тыва,рубль,II квартал,2015-Q2,16060.0
Республика Тыва,рубль,III квартал,2015-Q3,14808.0
Республика Тыва,рубль,IV квартал,2015-Q4,19085.0
Республика Тыва,рубль,значение показателя за год,2015,15500.0
Республика Тыва,рубль,I квартал,2016-Q1,11976.0
Республика Тыва,рубль,II квартал,2016-Q2,15163.0
Республика Тыва,рубль,III квартал,2016-Q3,14425.0
Республика Тыва,рубль,IV квартал,2016-Q4,18261.0
Республика Тыва,рубль,значение показателя за год,2016,14881.0
Республика Тыва,рубль,I квартал,2017-Q1,12298.0
Республика Тыва,рубль,II квартал,2017-Q2,14515.0
Республика Тыва,рубль,III квартал,2017-Q3,13487.0
Республика Тыва,рубль,IV квартал,2017-Q4,19687.0
Республика Тыва,рубль,значение показателя за год,2017,14916.0
Республика Тыва,рубль,I квартал,2018-Q1,12328.0
Республика Тыва,рубль,II квартал,2018-Q2,15262.0
Республика Тыва,рубль,III квартал,2018-Q3,13767.0
Республика Тыва,рубль,IV квартал,2018-Q4,20925.0
Республика Тыва,рубль,значение показателя за год,2018,15498.0
Республика Тыва,рубль,I квартал,2019-Q1,13083.0
Республика Тыва,рубль,II квартал,2019-Q2,16005.0
Республика Тыва,рубль,III квартал,2019-Q3,15570.0
Республика Тыва,рубль,IV квартал,2019-Q4,21611.0
Республика Тыва,рубль,значение показателя за год,2019,16488.0
Республика Тыва,рубль,I квартал,2020-Q1,14310.0
Республика Тыва,рубль,II квартал,2020-Q2,18255.0
Республика Тыва,рубль,III квартал,2020-Q3,17990.0
Республика Тыва,рубль,IV квартал,2020-Q4,25075.0
Республика Тыва,рубль,значение показателя за год,2020,18803.0
Республика Хакасия,рубль,значение показателя за год,2008,10303.6
Республика Хакасия,рубль,значение показателя за год,2009,10705.7
Республика Хакасия,рубль,значение показателя за год,2010,12806.4
Республика Хакасия,рубль,значение показателя за год,2011,14219.0
Республика Хакасия,рубль,I квартал,2012-Q1,12775.0
Республика Хакасия,рубль,II квартал,2012-Q2,15797.0
Республика Хакасия,рубль,III квартал,2012-Q3,16662.0
Республика Хакасия,рубль,IV квартал,2012-Q4,18828.0
Республика Хакасия,рубль,значение показателя за год,2012,15997.0
Республика Хакасия,рубль,I квартал,2013-Q1,14467.0
Республика Хакасия,рубль,II квартал,2013-Q2,16767.0
Республика Хакасия,рубль,III квартал,2013-Q3,16736.0
Республика Хакасия,рубль,IV квартал,2013-Q4,18606.0
Республика Хакасия,рубль,значение показателя за год,2013,16621.0
Республика Хакасия,рубль,I квартал,2014-Q1,15980.0
Республика Хакасия,рубль,II квартал,2014-Q2,17962.0
Республика Хакасия,рубль,III квартал,2014-Q3,17372.0
Республика Хакасия,рубль,IV квартал,2014-Q4,19272.0
Республика Хакасия,рубль,значение показателя за год,2014,17612.0
Республика Хакасия,рубль,I квартал,2015-Q1,18024.0
Республика Хакасия,рубль,II квартал,2015-Q2,19557.0
Республика Хакасия,рубль,III квартал,2015-Q3,18657.0
Республика Хакасия,рубль,IV квартал,2015-Q4,20088.0
Республика Хакасия,рубль,значение показателя за год,2015,19053.0
Республика Хакасия,рубль,I квартал,2016-Q1,18373.0
Республика Хакасия,рубль,II квартал,2016-Q2,20102.0
Республика Хакасия,рубль,III квартал,2016-Q3,18864.0
Республика Хакасия,рубль,IV квартал,2016-Q4,20923.0
Республика Хакасия,рубль,значение показателя за год,2016,19542.0
Республика Хакасия,рубль,I квартал,2017-Q1,19021.0
Республика Хакасия,рубль,II квартал,2017-Q2,20082.0
Республика Хакасия,рубль,III квартал,2017-Q3,19622.0
Республика Хакасия,рубль,IV квартал,2017-Q4,21895.0
Республика Хакасия,рубль,значение показателя за год,2017,20148.0
Республика Хакасия,рубль,I квартал,2018-Q1,19960.0
Республика Хакасия,рубль,II квартал,2018-Q2,21566.0
Республика Хакасия,рубль,III квартал,2018-Q3,21406.0
Республика Хакасия,рубль,IV квартал,2018-Q4,22764.0
Республика Хакасия,рубль,значение показателя за год,2018,21440.0
Республика Хакасия,рубль,I квартал,2019-Q1,20981.0
Республика Хакасия,рубль,II квартал,2019-Q2,22622.0
Республика Хакасия,рубль,III квартал,2019-Q3,22491.0
Республика Хакасия,рубль,IV квартал,2019-Q4,23914.0
Республика Хакасия,рубль,значение показателя за год,2019,22533.0
Республика Хакасия,рубль,I квартал,2020-Q1,21865.0
Республика Хакасия,рубль,II квартал,2020-Q2,23799.0
Республика Хакасия,рубль,III квартал,2020-Q3,23619.0
Республика Хакасия,рубль,IV квартал,2020-Q4,25186.0
Республика Хакасия,рубль,значение показателя за год,2020,23659.0
Алтайский край,рубль,значение показателя за год,2008,9973.6
Алтайский край,рубль,значение показателя за год,2009,9868.3
Алтайский край,рубль,значение показателя за год,2010,11029.3
Алтайский край,рубль,значение показателя за год,2011,12527.0
Алтайский край,рубль,I квартал,2012-Q1,10566.0
Алтайский край,рубль,II квартал,2012-Q2,12850.0
Алтайский край,рубль,III квартал,2012-Q3,13930.0
Алтайский край,рубль,IV квартал,2012-Q4,17264.0
Алтайский край,рубль,значение показателя за год,2012,13706.0
Алтайский край,рубль,I квартал,2013-Q1,13107.0
Алтайский край,рубль,II квартал,2013-Q2,14696.0
Алтайский край,рубль,III квартал,2013-Q3,15261.0
Алтайский край,рубль,IV квартал,2013-Q4,20966.0
Алтайский край,рубль,значение показателя за год,2013,16070.0
Алтайский край,рубль,I квартал,2014-Q1,14064.0
Алтайский край,рубль,II квартал,2014-Q2,17028.0
Алтайский край,рубль,III квартал,2014-Q3,18817.0
Алтайский край,рубль,IV квартал,2014-Q4,24129.0
Алтайский край,рубль,значение показателя за год,2014,18573.0
Алтайский край,рубль,I квартал,2015-Q1,17250.0
Алтайский край,рубль,II квартал,2015-Q2,20730.0
Алтайский край,рубль,III квартал,2015-Q3,20583.0
Алтайский край,рубль,IV квартал,2015-Q4,26209.0
Алтайский край,рубль,значение показателя за год,2015,21277.0
Алтайский край,рубль,I квартал,2016-Q1,17534.0
Алтайский край,рубль,II квартал,2016-Q2,20238.0
Алтайский край,рубль,III квартал,2016-Q3,21499.0
Алтайский край,рубль,IV квартал,2016-Q4,27442.0
Алтайский край,рубль,значение показателя за год,2016,21779.0
Алтайский край,рубль,I квартал,2017-Q1,18445.0
Алтайский край,рубль,II квартал,2017-Q2,21399.0
Алтайский край,рубль,III квартал,2017-Q3,22441.0
Алтайский край,рубль,IV квартал,2017-Q4,28356.0
Алтайский край,рубль,значение показателя за год,2017,22788.0
Алтайский край,рубль,I квартал,2018-Q1,20149.0
Алтайский край,рубль,II квартал,2018-Q2,22077.0
Алтайский край,рубль,III квартал,2018-Q3,22133.0
Алтайский край,рубль,IV квартал,2018-Q4,29731.0
Алтайский край,рубль,значение показателя за год,2018,23666.0
Алтайский край,рубль,I квартал,2019-Q1,20502.0
Алтайский край,рубль,II квартал,2019-Q2,23416.0
Алтайский край,рубль,III квартал,2019-Q3,24405.0
Алтайский край,рубль,IV квартал,2019-Q4,30842.0
Алтайский край,рубль,значение показателя за год,2019,24935.0
Алтайский край,рубль,I квартал,2020-Q1,21587.0
Алтайский край,рубль,II квартал,2020-Q2,23881.0
Алтайский край,рубль,III квартал,2020-Q3,23455.0
Алтайский край,рубль,IV квартал,2020-Q4,30301.0
Алтайский край,рубль,значение показателя за год,2020,24981.0
Красноярский край,рубль,значение показателя за год,2008,15908.7
Красноярский край,рубль,значение показателя за год,2009,17008.8
Красноярский край,рубль,значение показателя за год,2010,18261.6
Красноярский край,рубль,значение показателя за год,2011,20143.0
Красноярский край,рубль,I квартал,2012-Q1,19057.0
Красноярский край,рубль,II квартал,2012-Q2,22736.0
Красноярский край,рубль,III квартал,2012-Q3,21735.0
Красноярский край,рубль,IV квартал,2012-Q4,26678.0
Красноярский край,рубль,значение показателя за год,2012,22517.0
Красноярский край,рубль,I квартал,2013-Q1,20606.0
Красноярский край,рубль,II квартал,2013-Q2,23510.0
Красноярский край,рубль,III квартал,2013-Q3,23642.0
Красноярский край,рубль,IV квартал,2013-Q4,29341.0
Красноярский край,рубль,значение показателя за год,2013,24245.0
Красноярский край,рубль,I квартал,2014-Q1,22210.0
Красноярский край,рубль,II квартал,2014-Q2,23515.0
Красноярский край,рубль,III квартал,2014-Q3,22458.0
Красноярский край,рубль,IV квартал,2014-Q4,29422.0
Красноярский край,рубль,значение показателя за год,2014,24373.0
Красноярский край,рубль,I квартал,2015-Q1,23679.0
Красноярский край,рубль,II квартал,2015-Q2,28405.0
Красноярский край,рубль,III квартал,2015-Q3,26206.0
Красноярский край,рубль,IV квартал,2015-Q4,29972.0
Красноярский край,рубль,значение показателя за год,2015,27026.0
Красноярский край,рубль,I квартал,2016-Q1,25247.0
Красноярский край,рубль,II квартал,2016-Q2,27525.0
Красноярский край,рубль,III квартал,2016-Q3,26506.0
Красноярский край,рубль,IV квартал,2016-Q4,32308.0
Красноярский край,рубль,значение показателя за год,2016,27851.0
Красноярский край,рубль,I квартал,2017-Q1,26657.0
Красноярский край,рубль,II квартал,2017-Q2,28939.0
Красноярский край,рубль,III квартал,2017-Q3,26720.0
Красноярский край,рубль,IV квартал,2017-Q4,32829.0
Красноярский край,рубль,значение показателя за год,2017,28777.0
Красноярский край,рубль,I квартал,2018-Q1,26279.0
Красноярский край,рубль,II квартал,2018-Q2,30675.0
Красноярский край,рубль,III квартал,2018-Q3,27786.0
Красноярский край,рубль,IV квартал,2018-Q4,35111.0
Красноярский край,рубль,значение показателя за год,2018,29972.0
Красноярский край,рубль,I квартал,2019-Q1,27232.0
Красноярский край,рубль,II квартал,2019-Q2,31827.0
Красноярский край,рубль,III квартал,2019-Q3,30085.0
Красноярский край,рубль,IV квартал,2019-Q4,37476.0
Красноярский край,рубль,значение показателя за год,2019,31694.0
Красноярский край,рубль,I квартал,2020-Q1,28095.0
Красноярский край,рубль,II квартал,2020-Q2,32916.0
Красноярский край,рубль,III квартал,2020-Q3,31829.0
Красноярский край,рубль,IV квартал,2020-Q4,38143.0
Красноярский край,рубль,значение показателя за год,2020,32801.0
Иркутская область,рубль,значение показателя за год,2008,13169.4
Иркутская область,рубль,значение показателя за год,2009,13909.9
Иркутская область,рубль,значение показателя за год,2010,15109.7
Иркутская область,рубль,значение показателя за год,2011,16015.0
Иркутская область,рубль,I квартал,2012-Q1,15738.0
Иркутская область,рубль,II квартал,2012-Q2,18181.0
Иркутская область,рубль,III квартал,2012-Q3,16688.0
Иркутская область,рубль,IV квартал,2012-Q4,20620.0
Иркутская область,рубль,значение показателя за год,2012,17813.0
Иркутская область,рубль,I квартал,2013-Q1,16911.0
Иркутская область,рубль,II квартал,2013-Q2,18765.0
Иркутская область,рубль,III квартал,2013-Q3,18375.0
Иркутская область,рубль,IV квартал,2013-Q4,21226.0
Иркутская область,рубль,значение показателя за год,2013,18831.0
Иркутская область,рубль,I квартал,2014-Q1,17583.0
Иркутская область,рубль,II квартал,2014-Q2,19531.0
Иркутская область,рубль,III квартал,2014-Q3,19146.0
Иркутская область,рубль,IV квартал,2014-Q4,22098.0
Иркутская область,рубль,значение показателя за год,2014,19601.0
Иркутская область,рубль,I квартал,2015-Q1,20353.0
Иркутская область,рубль,II квартал,2015-Q2,22164.0
Иркутская область,рубль,III квартал,2015-Q3,20716.0
Иркутская область,рубль,IV квартал,2015-Q4,23657.0
Иркутская область,рубль,значение показателя за год,2015,21730.0
Иркутская область,рубль,I квартал,2016-Q1,20862.0
Иркутская область,рубль,II квартал,2016-Q2,22552.0
Иркутская область,рубль,III квартал,2016-Q3,21712.0
Иркутская область,рубль,IV квартал,2016-Q4,24733.0
Иркутская область,рубль,значение показателя за год,2016,22480.0
Иркутская область,рубль,I квартал,2017-Q1,22309.0
Иркутская область,рубль,II квартал,2017-Q2,23229.0
Иркутская область,рубль,III квартал,2017-Q3,22363.0
Иркутская область,рубль,IV квартал,2017-Q4,25898.0
Иркутская область,рубль,значение показателя за год,2017,23470.0
Иркутская область,рубль,I квартал,2018-Q1,22581.0
Иркутская область,рубль,II квартал,2018-Q2,24435.0
Иркутская область,рубль,III квартал,2018-Q3,23308.0
Иркутская область,рубль,IV квартал,2018-Q4,27382.0
Иркутская область,рубль,значение показателя за год,2018,24456.0
Иркутская область,рубль,I квартал,2019-Q1,23739.0
Иркутская область,рубль,II квартал,2019-Q2,26393.0
Иркутская область,рубль,III квартал,2019-Q3,25101.0
Иркутская область,рубль,IV квартал,2019-Q4,29841.0
Иркутская область,рубль,значение показателя за год,2019,26301.0
Иркутская область,рубль,I квартал,2020-Q1,25050.0
Иркутская область,рубль,II квартал,2020-Q2,26878.0
Иркутская область,рубль,III квартал,2020-Q3,26493.0
Иркутская область,рубль,IV квартал,2020-Q4,31278.0
Иркутская область,рубль,значение показателя за год,2020,27514.0
Кемеровская область - Кузбасс,рубль,значение показателя за год,2008,14670.1
Кемеровская область - Кузбасс,рубль,значение показателя за год,2009,13736.1
Кемеровская область - Кузбасс,рубль,значение показателя за год,2010,15341.2
Кемеровская область - Кузбасс,рубль,значение показателя за год,2011,16670.0
Кемеровская область - Кузбасс,рубль,I квартал,2012-Q1,16771.0
Кемеровская область - Кузбасс,рубль,II квартал,2012-Q2,18243.0
Кемеровская область - Кузбасс,рубль,III квартал,2012-Q3,18386.0
Кемеровская область - Кузбасс,рубль,IV квартал,2012-Q4,20564.0
Кемеровская область - Кузбасс,рубль,значение показателя за год,2012,18523.0
Кемеровская область - Кузбасс,рубль,I квартал,2013-Q1,17229.0
Кемеровская область - Кузбасс,рубль,II квартал,2013-Q2,19531.0
Кемеровская область - Кузбасс,рубль,III квартал,2013-Q3,18997.0
Кемеровская область - Кузбасс,рубль,IV квартал,2013-Q4,21500.0
Кемеровская область - Кузбасс,рубль,значение показателя за год,2013,19348.0
Кемеровская область - Кузбасс,рубль,I квартал,2014-Q1,17430.0
Кемеровская область - Кузбасс,рубль,II квартал,2014-Q2,19199.0
Кемеровская область - Кузбасс,рубль,III квартал,2014-Q3,20076.0
Кемеровская область - Кузбасс,рубль,IV квартал,2014-Q4,22663.0
Кемеровская область - Кузбасс,рубль,значение показателя за год,2014,19880.0
Кемеровская область - Кузбасс,рубль,I квартал,2015-Q1,20107.0
Кемеровская область - Кузбасс,рубль,II квартал,2015-Q2,21810.0
Кемеровская область - Кузбасс,рубль,III квартал,2015-Q3,21084.0
Кемеровская область - Кузбасс,рубль,IV квартал,2015-Q4,24547.0
Кемеровская область - Кузбасс,рубль,значение показателя за год,2015,21921.0
Кемеровская область - Кузбасс,рубль,I квартал,2016-Q1,19181.0
Кемеровская область - Кузбасс,рубль,II квартал,2016-Q2,21367.0
Кемеровская область - Кузбасс,рубль,III квартал,2016-Q3,20939.0
Кемеровская область - Кузбасс,рубль,IV квартал,2016-Q4,23934.0
Кемеровская область - Кузбасс,рубль,значение показателя за год,2016,21395.0
Кемеровская область - Кузбасс,рубль,I квартал,2017-Q1,20757.0
Кемеровская область - Кузбасс,рубль,II квартал,2017-Q2,22202.0
Кемеровская область - Кузбасс,рубль,III квартал,2017-Q3,21251.0
Кемеровская область - Кузбасс,рубль,IV квартал,2017-Q4,24349.0
Кемеровская область - Кузбасс,рубль,значение показателя за год,2017,22201.0
Кемеровская область - Кузбасс,рубль,I квартал,2018-Q1,20730.0
Кемеровская область - Кузбасс,рубль,II квартал,2018-Q2,22826.0
Кемеровская область - Кузбасс,рубль,III квартал,2018-Q3,22747.0
Кемеровская область - Кузбасс,рубль,IV квартал,2018-Q4,26314.0
Кемеровская область - Кузбасс,рубль,значение показателя за год,2018,23248.0
Кемеровская область - Кузбасс,рубль,I квартал,2019-Q1,22085.0
Кемеровская область - Кузбасс,рубль,II квартал,2019-Q2,24651.0
Кемеровская область - Кузбасс,рубль,III квартал,2019-Q3,24253.0
Кемеровская область - Кузбасс,рубль,IV квартал,2019-Q4,28598.0
Кемеровская область - Кузбасс,рубль,значение показателя за год,2019,24979.0
Кемеровская область - Кузбасс,рубль,I квартал,2020-Q1,22699.0
Кемеровская область - Кузбасс,рубль,II квартал,2020-Q2,25175.0
Кемеровская область - Кузбасс,рубль,III квартал,2020-Q3,24358.0
Кемеровская область - Кузбасс,рубль,IV квартал,2020-Q4,29454.0
Кемеровская область - Кузбасс,рубль,значение показателя за год,2020,25544.0
Новосибирская область,рубль,значение показателя за год,2008,13040.3
Новосибирская область,рубль,значение показателя за год,2009,15117.7
Новосибирская область,рубль,значение показателя за год,2010,16276.0
Новосибирская область,рубль,значение показателя за год,2011,18239.0
Новосибирская область,рубль,I квартал,2012-Q1,17400.0
Новосибирская область,рубль,II квартал,2012-Q2,20196.0
Новосибирская область,рубль,III квартал,2012-Q3,19900.0
Новосибирская область,рубль,IV квартал,2012-Q4,25717.0
Новосибирская область,рубль,значение показателя за год,2012,20710.0
Новосибирская область,рубль,I квартал,2013-Q1,19734.0
Новосибирская область,рубль,II квартал,2013-Q2,21613.0
Новосибирская область,рубль,III квартал,2013-Q3,21599.0
Новосибирская область,рубль,IV квартал,2013-Q4,27777.0
Новосибирская область,рубль,значение показателя за год,2013,22584.0
Новосибирская область,рубль,I квартал,2014-Q1,19597.0
Новосибирская область,рубль,II квартал,2014-Q2,22959.0
Новосибирская область,рубль,III квартал,2014-Q3,23139.0
Новосибирская область,рубль,IV квартал,2014-Q4,27930.0
Новосибирская область,рубль,значение показателя за год,2014,23333.0
Новосибирская область,рубль,I квартал,2015-Q1,21121.0
Новосибирская область,рубль,II квартал,2015-Q2,24644.0
Новосибирская область,рубль,III квартал,2015-Q3,26910.0
Новосибирская область,рубль,IV квартал,2015-Q4,29545.0
Новосибирская область,рубль,значение показателя за год,2015,25477.0
Новосибирская область,рубль,I квартал,2016-Q1,23052.0
Новосибирская область,рубль,II квартал,2016-Q2,25592.0
Новосибирская область,рубль,III квартал,2016-Q3,27022.0
Новосибирская область,рубль,IV квартал,2016-Q4,31500.0
Новосибирская область,рубль,значение показателя за год,2016,26701.0
Новосибирская область,рубль,I квартал,2017-Q1,25577.0
Новосибирская область,рубль,II квартал,2017-Q2,27163.0
Новосибирская область,рубль,III квартал,2017-Q3,26050.0
Новосибирская область,рубль,IV квартал,2017-Q4,31818.0
Новосибирская область,рубль,значение показателя за год,2017,27598.0
Новосибирская область,рубль,I квартал,2018-Q1,26521.0
Новосибирская область,рубль,II квартал,2018-Q2,28311.0
Новосибирская область,рубль,III квартал,2018-Q3,27876.0
Новосибирская область,рубль,IV квартал,2018-Q4,32421.0
Новосибирская область,рубль,значение показателя за год,2018,28751.0
Новосибирская область,рубль,I квартал,2019-Q1,27226.0
Новосибирская область,рубль,II квартал,2019-Q2,29830.0
Новосибирская область,рубль,III квартал,2019-Q3,30708.0
Новосибирская область,рубль,IV квартал,2019-Q4,34063.0
Новосибирская область,рубль,значение показателя за год,2019,30422.0
Новосибирская область,рубль,I квартал,2020-Q1,29120.0
Новосибирская область,рубль,II квартал,2020-Q2,30205.0
Новосибирская область,рубль,III квартал,2020-Q3,31338.0
Новосибирская область,рубль,IV квартал,2020-Q4,34857.0
Новосибирская область,рубль,значение показателя за год,2020,31440.0
Омская область,рубль,значение показателя за год,2008,13801.5
Омская область,рубль,значение показателя за год,2009,14061.1
Омская область,рубль,значение показателя за год,2010,15199.0
Омская область,рубль,значение показателя за год,2011,17259.0
Омская область,рубль,I квартал,2012-Q1,16036.0
Омская область,рубль,II квартал,2012-Q2,19112.0
Омская область,рубль,III квартал,2012-Q3,19424.0
Омская область,рубль,IV квартал,2012-Q4,23491.0
Омская область,рубль,значение показателя за год,2012,19533.0
Омская область,рубль,I квартал,2013-Q1,16984.0
Омская область,рубль,II квартал,2013-Q2,20071.0
Омская область,рубль,III квартал,2013-Q3,20408.0
Омская область,рубль,IV квартал,2013-Q4,25237.0
Омская область,рубль,значение показателя за год,2013,20689.0
Омская область,рубль,I квартал,2014-Q1,18390.0
Омская область,рубль,II квартал,2014-Q2,22516.0
Омская область,рубль,III квартал,2014-Q3,23805.0
Омская область,рубль,IV квартал,2014-Q4,29256.0
Омская область,рубль,значение показателя за год,2014,23482.0
Омская область,рубль,I квартал,2015-Q1,23396.0
Омская область,рубль,II квартал,2015-Q2,25019.0
Омская область,рубль,III квартал,2015-Q3,24930.0
Омская область,рубль,IV квартал,2015-Q4,28327.0
Омская область,рубль,значение показателя за год,2015,25433.0
Омская область,рубль,I квартал,2016-Q1,22857.0
Омская область,рубль,II квартал,2016-Q2,24967.0
Омская область,рубль,III квартал,2016-Q3,24981.0
Омская область,рубль,IV квартал,2016-Q4,26555.0
Омская область,рубль,значение показателя за год,2016,24893.0
Омская область,рубль,I квартал,2017-Q1,23324.0
Омская область,рубль,II квартал,2017-Q2,24590.0
Омская область,рубль,III квартал,2017-Q3,23896.0
Омская область,рубль,IV квартал,2017-Q4,27485.0
Омская область,рубль,значение показателя за год,2017,24920.0
Омская область,рубль,I квартал,2018-Q1,23708.0
Омская область,рубль,II квартал,2018-Q2,25613.0
Омская область,рубль,III квартал,2018-Q3,24342.0
Омская область,рубль,IV квартал,2018-Q4,28604.0
Омская область,рубль,значение показателя за год,2018,25688.0
Омская область,рубль,I квартал,2019-Q1,23906.0
Омская область,рубль,II квартал,2019-Q2,27300.0
Омская область,рубль,III квартал,2019-Q3,27495.0
Омская область,рубль,IV квартал,2019-Q4,29841.0
Омская область,рубль,значение показателя за год,2019,27278.0
Омская область,рубль,I квартал,2020-Q1,24886.0
Омская область,рубль,II квартал,2020-Q2,25860.0
Омская область,рубль,III квартал,2020-Q3,26967.0
Омская область,рубль,IV квартал,2020-Q4,32460.0
Омская область,рубль,значение показателя за год,2020,27729.0
Томская область,рубль,значение показателя за год,2008,13584.3
Томская область,рубль,значение показателя за год,2009,13917.6
Томская область,рубль,значение показателя за год,2010,15070.5
Томская область,рубль,значение показателя за год,2011,16520.0
Томская область,рубль,I квартал,2012-Q1,15208.0
Томская область,рубль,II квартал,2012-Q2,17666.0
Томская область,рубль,III квартал,2012-Q3,17537.0
Томская область,рубль,IV квартал,2012-Q4,21956.0
Томская область,рубль,значение показателя за год,2012,18041.0
Томская область,рубль,I квартал,2013-Q1,20331.0
Томская область,рубль,II квартал,2013-Q2,22573.0
Томская область,рубль,III квартал,2013-Q3,22506.0
Томская область,рубль,IV квартал,2013-Q4,26428.0
Томская область,рубль,значение показателя за год,2013,22902.0
Томская область,рубль,I квартал,2014-Q1,21807.0
Томская область,рубль,II квартал,2014-Q2,25648.0
Томская область,рубль,III квартал,2014-Q3,23916.0
Томская область,рубль,IV квартал,2014-Q4,26301.0
Томская область,рубль,значение показателя за год,2014,24375.0
Томская область,рубль,I квартал,2015-Q1,24387.0
Томская область,рубль,II квартал,2015-Q2,29129.0
Томская область,рубль,III квартал,2015-Q3,25838.0
Томская область,рубль,IV квартал,2015-Q4,28280.0
Томская область,рубль,значение показателя за год,2015,26885.0
Томская область,рубль,I квартал,2016-Q1,23041.0
Томская область,рубль,II квартал,2016-Q2,28281.0
Томская область,рубль,III квартал,2016-Q3,25051.0
Томская область,рубль,IV квартал,2016-Q4,28634.0
Томская область,рубль,значение показателя за год,2016,26232.0
Томская область,рубль,I квартал,2017-Q1,24355.0
Томская область,рубль,II квартал,2017-Q2,27723.0
Томская область,рубль,III квартал,2017-Q3,25732.0
Томская область,рубль,IV квартал,2017-Q4,29246.0
Томская область,рубль,значение показателя за год,2017,26778.0
Томская область,рубль,I квартал,2018-Q1,25780.0
Томская область,рубль,II квартал,2018-Q2,29478.0
Томская область,рубль,III квартал,2018-Q3,25770.0
Томская область,рубль,IV квартал,2018-Q4,28473.0
Томская область,рубль,значение показателя за год,2018,27392.0
Томская область,рубль,I квартал,2019-Q1,26586.0
Томская область,рубль,II квартал,2019-Q2,30244.0
Томская область,рубль,III квартал,2019-Q3,27215.0
Томская область,рубль,IV квартал,2019-Q4,30001.0
Томская область,рубль,значение показателя за год,2019,28494.0
Томская область,рубль,I квартал,2020-Q1,27390.0
Томская область,рубль,II квартал,2020-Q2,30316.0
Томская область,рубль,III квартал,2020-Q3,27628.0
Томская область,рубль,IV квартал,2020-Q4,30157.0
Томская область,рубль,значение показателя за год,2020,29001.0
Дальневосточный федеральный округ (до 03.11.2018),рубль,значение показателя за год,2008,15916.2
Дальневосточный федеральный округ (до 03.11.2018),рубль,значение показателя за год,2009,18761.6
Дальневосточный федеральный округ (до 03.11.2018),рубль,значение показателя за год,2010,20807.2
Дальневосточный федеральный округ (до 03.11.2018),рубль,значение показателя за год,2011,21141.0
Дальневосточный федеральный округ (до 03.11.2018),рубль,I квартал,2012-Q1,19449.0
Дальневосточный федеральный округ (до 03.11.2018),рубль,II квартал,2012-Q2,22873.0
Дальневосточный федеральный округ (до 03.11.2018),рубль,III квартал,2012-Q3,23067.0
Дальневосточный федеральный округ (до 03.11.2018),рубль,IV квартал,2012-Q4,28837.0
Дальневосточный федеральный округ (до 03.11.2018),рубль,значение показателя за год,2012,23594.0
Дальневосточный федеральный округ (до 03.11.2018),рубль,I квартал,2013-Q1,22589.0
Дальневосточный федеральный округ (до 03.11.2018),рубль,II квартал,2013-Q2,25863.0
Дальневосточный федеральный округ (до 03.11.2018),рубль,III квартал,2013-Q3,24963.0
Дальневосточный федеральный округ (до 03.11.2018),рубль,IV квартал,2013-Q4,30382.0
Дальневосточный федеральный округ (до 03.11.2018),рубль,значение показателя за год,2013,26011.0
Дальневосточный федеральный округ (до 03.11.2018),рубль,I квартал,2014-Q1,24259.0
Дальневосточный федеральный округ (до 03.11.2018),рубль,II квартал,2014-Q2,28408.0
Дальневосточный федеральный округ (до 03.11.2018),рубль,III квартал,2014-Q3,28541.0
Дальневосточный федеральный округ (до 03.11.2018),рубль,IV квартал,2014-Q4,32768.0
Дальневосточный федеральный округ (до 03.11.2018),рубль,значение показателя за год,2014,28540.0
Дальневосточный федеральный округ (до 03.11.2018),рубль,I квартал,2015-Q1,27658.0
Дальневосточный федеральный округ (до 03.11.2018),рубль,II квартал,2015-Q2,32602.0
Дальневосточный федеральный округ (до 03.11.2018),рубль,III квартал,2015-Q3,31219.0
Дальневосточный федеральный округ (до 03.11.2018),рубль,IV квартал,2015-Q4,37096.0
Дальневосточный федеральный округ (до 03.11.2018),рубль,значение показателя за год,2015,32199.0
Дальневосточный федеральный округ (до 03.11.2018),рубль,I квартал,2016-Q1,28520.0
Дальневосточный федеральный округ (до 03.11.2018),рубль,II квартал,2016-Q2,33143.0
Дальневосточный федеральный округ (до 03.11.2018),рубль,III квартал,2016-Q3,32909.0
Дальневосточный федеральный округ (до 03.11.2018),рубль,IV квартал,2016-Q4,36474.0
Дальневосточный федеральный округ (до 03.11.2018),рубль,значение показателя за год,2016,32812.0
Дальневосточный федеральный округ (до 03.11.2018),рубль,I квартал,2017-Q1,29738.0
Дальневосточный федеральный округ (до 03.11.2018),рубль,II квартал,2017-Q2,33999.0
Дальневосточный федеральный округ (до 03.11.2018),рубль,III квартал,2017-Q3,32907.0
Дальневосточный федеральный округ (до 03.11.2018),рубль,IV квартал,2017-Q4,38416.0
Дальневосточный федеральный округ (до 03.11.2018),рубль,значение показателя за год,2017,33836.0
Дальневосточный федеральный округ,рубль,I квартал,2018-Q1,31705.0
Дальневосточный федеральный округ,рубль,II квартал,2018-Q2,35151.0
Дальневосточный федеральный округ,рубль,III квартал,2018-Q3,34407.0
Дальневосточный федеральный округ,рубль,IV квартал,2018-Q4,41936.0
Дальневосточный федеральный округ,рубль,значение показателя за год,2018,35898.0
Дальневосточный федеральный округ,рубль,I квартал,2019-Q1,33184.0
Дальневосточный федеральный округ,рубль,II квартал,2019-Q2,37662.0
Дальневосточный федеральный округ,рубль,III квартал,2019-Q3,37390.0
Дальневосточный федеральный округ,рубль,IV квартал,2019-Q4,45159.0
Дальневосточный федеральный округ,рубль,значение показателя за год,2019,38420.0
Дальневосточный федеральный округ,рубль,I квартал,2020-Q1,35654.0
Дальневосточный федеральный округ,рубль,II квартал,2020-Q2,38200.0
Дальневосточный федеральный округ,рубль,III квартал,2020-Q3,37921.0
Дальневосточный федеральный округ,рубль,IV квартал,2020-Q4,46117.0
Дальневосточный федеральный округ,рубль,значение показателя за год,2020,39612.0
Республика Бурятия,рубль,значение показателя за год,2008,11233.4
Республика Бурятия,рубль,значение показателя за год,2009,12956.1
Республика Бурятия,рубль,значение показателя за год,2010,14270.7
Республика Бурятия,рубль,значение показателя за год,2011,15716.0
Республика Бурятия,рубль,I квартал,2012-Q1,14923.0
Республика Бурятия,рубль,II квартал,2012-Q2,17344.0
Республика Бурятия,рубль,III квартал,2012-Q3,18028.0
Республика Бурятия,рубль,IV квартал,2012-Q4,20479.0
Республика Бурятия,рубль,значение показателя за год,2012,17693.0
Республика Бурятия,рубль,I квартал,2013-Q1,17218.0
Республика Бурятия,рубль,II квартал,2013-Q2,19067.0
Республика Бурятия,рубль,III квартал,2013-Q3,19010.0
Республика Бурятия,рубль,IV квартал,2013-Q4,20431.0
Республика Бурятия,рубль,значение показателя за год,2013,18916.0
Республика Бурятия,рубль,I квартал,2014-Q1,18354.0
Республика Бурятия,рубль,II квартал,2014-Q2,20490.0
Республика Бурятия,рубль,III квартал,2014-Q3,22386.0
Республика Бурятия,рубль,IV квартал,2014-Q4,21895.0
Республика Бурятия,рубль,значение показателя за год,2014,20737.0
Республика Бурятия,рубль,I квартал,2015-Q1,19537.0
Республика Бурятия,рубль,II квартал,2015-Q2,23802.0
Республика Бурятия,рубль,III квартал,2015-Q3,22870.0
Республика Бурятия,рубль,IV квартал,2015-Q4,29558.0
Республика Бурятия,рубль,значение показателя за год,2015,23902.0
Республика Бурятия,рубль,I квартал,2016-Q1,19834.0
Республика Бурятия,рубль,II квартал,2016-Q2,21799.0
Республика Бурятия,рубль,III квартал,2016-Q3,23992.0
Республика Бурятия,рубль,IV квартал,2016-Q4,29562.0
Республика Бурятия,рубль,значение показателя за год,2016,23779.0
Республика Бурятия,рубль,I квартал,2017-Q1,19976.0
Республика Бурятия,рубль,II квартал,2017-Q2,22639.0
Республика Бурятия,рубль,III квартал,2017-Q3,24479.0
Республика Бурятия,рубль,IV квартал,2017-Q4,28615.0
Республика Бурятия,рубль,значение показателя за год,2017,23931.0
Республика Бурятия,рубль,I квартал,2018-Q1,22666.0
Республика Бурятия,рубль,II квартал,2018-Q2,23000.0
Республика Бурятия,рубль,III квартал,2018-Q3,24281.0
Республика Бурятия,рубль,IV квартал,2018-Q4,26728.0
Республика Бурятия,рубль,значение показателя за год,2018,24190.0
Республика Бурятия,рубль,I квартал,2019-Q1,22541.0
Республика Бурятия,рубль,II квартал,2019-Q2,24593.0
Республика Бурятия,рубль,III квартал,2019-Q3,26103.0
Республика Бурятия,рубль,IV квартал,2019-Q4,28496.0
Республика Бурятия,рубль,значение показателя за год,2019,25400.0
Республика Бурятия,рубль,I квартал,2020-Q1,24599.0
Республика Бурятия,рубль,II квартал,2020-Q2,26026.0
Республика Бурятия,рубль,III квартал,2020-Q3,25565.0
Республика Бурятия,рубль,IV квартал,2020-Q4,29078.0
Республика Бурятия,рубль,значение показателя за год,2020,26333.0
Забайкальский край,рубль,значение показателя за год,2008,11047.2
Забайкальский край,рубль,значение показателя за год,2009,12704.8
Забайкальский край,рубль,значение показателя за год,2010,14204.5
Забайкальский край,рубль,значение показателя за год,2011,15997.0
Забайкальский край,рубль,I квартал,2012-Q1,15274.0
Забайкальский край,рубль,II квартал,2012-Q2,17964.0
Забайкальский край,рубль,III квартал,2012-Q3,16364.0
Забайкальский край,рубль,IV квартал,2012-Q4,20696.0
Забайкальский край,рубль,значение показателя за год,2012,17639.0
Забайкальский край,рубль,I квартал,2013-Q1,16905.0
Забайкальский край,рубль,II квартал,2013-Q2,18579.0
Забайкальский край,рубль,III квартал,2013-Q3,18169.0
Забайкальский край,рубль,IV квартал,2013-Q4,23018.0
Забайкальский край,рубль,значение показателя за год,2013,19245.0
Забайкальский край,рубль,I квартал,2014-Q1,17370.0
Забайкальский край,рубль,II квартал,2014-Q2,19758.0
Забайкальский край,рубль,III квартал,2014-Q3,18795.0
Забайкальский край,рубль,IV квартал,2014-Q4,23585.0
Забайкальский край,рубль,значение показателя за год,2014,19938.0
Забайкальский край,рубль,I квартал,2015-Q1,19628.0
Забайкальский край,рубль,II квартал,2015-Q2,22168.0
Забайкальский край,рубль,III квартал,2015-Q3,21560.0
Забайкальский край,рубль,IV квартал,2015-Q4,25776.0
Забайкальский край,рубль,значение показателя за год,2015,22369.0
Забайкальский край,рубль,I квартал,2016-Q1,19697.0
Забайкальский край,рубль,II квартал,2016-Q2,22471.0
Забайкальский край,рубль,III квартал,2016-Q3,21550.0
Забайкальский край,рубль,IV квартал,2016-Q4,26020.0
Забайкальский край,рубль,значение показателя за год,2016,22518.0
Забайкальский край,рубль,I квартал,2017-Q1,21251.0
Забайкальский край,рубль,II квартал,2017-Q2,22852.0
Забайкальский край,рубль,III квартал,2017-Q3,21938.0
Забайкальский край,рубль,IV квартал,2017-Q4,26525.0
Забайкальский край,рубль,значение показателя за год,2017,23252.0
Забайкальский край,рубль,I квартал,2018-Q1,21692.0
Забайкальский край,рубль,II квартал,2018-Q2,24276.0
Забайкальский край,рубль,III квартал,2018-Q3,23435.0
Забайкальский край,рубль,IV квартал,2018-Q4,28703.0
Забайкальский край,рубль,значение показателя за год,2018,24655.0
Забайкальский край,рубль,I квартал,2019-Q1,24002.0
Забайкальский край,рубль,II квартал,2019-Q2,25944.0
Забайкальский край,рубль,III квартал,2019-Q3,25773.0
Забайкальский край,рубль,IV квартал,2019-Q4,30032.0
Забайкальский край,рубль,значение показателя за год,2019,26566.0
Забайкальский край,рубль,I квартал,2020-Q1,25351.0
Забайкальский край,рубль,II квартал,2020-Q2,27519.0
Забайкальский край,рубль,III квартал,2020-Q3,27433.0
Забайкальский край,рубль,IV квартал,2020-Q4,31214.0
Забайкальский край,рубль,значение показателя за год,2020,28021.0
Республика Саха (Якутия),рубль,значение показателя за год,2008,18586.4
Республика Саха (Якутия),рубль,значение показателя за год,2009,21161.7
Республика Саха (Якутия),рубль,значение показателя за год,2010,23088.1
Республика Саха (Якутия),рубль,значение показателя за год,2011,25611.0
Республика Саха (Якутия),рубль,I квартал,2012-Q1,23157.0
Республика Саха (Якутия),рубль,II квартал,2012-Q2,28380.0
Республика Саха (Якутия),рубль,III квартал,2012-Q3,27307.0
Республика Саха (Якутия),рубль,IV квартал,2012-Q4,35887.0
Республика Саха (Якутия),рубль,значение показателя за год,2012,28682.0
Республика Саха (Якутия),рубль,I квартал,2013-Q1,24301.0
Республика Саха (Якутия),рубль,II квартал,2013-Q2,30898.0
Республика Саха (Якутия),рубль,III квартал,2013-Q3,28948.0
Республика Саха (Якутия),рубль,IV квартал,2013-Q4,38079.0
Республика Саха (Якутия),рубль,значение показателя за год,2013,30560.0
Республика Саха (Якутия),рубль,I квартал,2014-Q1,25408.0
Республика Саха (Якутия),рубль,II квартал,2014-Q2,32426.0
Республика Саха (Якутия),рубль,III квартал,2014-Q3,30849.0
Республика Саха (Якутия),рубль,IV квартал,2014-Q4,43481.0
Республика Саха (Якутия),рубль,значение показателя за год,2014,32994.0
Республика Саха (Якутия),рубль,I квартал,2015-Q1,28566.0
Республика Саха (Якутия),рубль,II квартал,2015-Q2,36743.0
Республика Саха (Якутия),рубль,III квартал,2015-Q3,33629.0
Республика Саха (Якутия),рубль,IV квартал,2015-Q4,49010.0
Республика Саха (Якутия),рубль,значение показателя за год,2015,36918.0
Республика Саха (Якутия),рубль,I квартал,2016-Q1,30177.0
Республика Саха (Якутия),рубль,II квартал,2016-Q2,39468.0
Республика Саха (Якутия),рубль,III квартал,2016-Q3,36632.0
Республика Саха (Якутия),рубль,IV квартал,2016-Q4,48969.0
Республика Саха (Якутия),рубль,значение показателя за год,2016,38737.0
Республика Саха (Якутия),рубль,I квартал,2017-Q1,33308.0
Республика Саха (Якутия),рубль,II квартал,2017-Q2,40205.0
Республика Саха (Якутия),рубль,III квартал,2017-Q3,38254.0
Республика Саха (Якутия),рубль,IV квартал,2017-Q4,50003.0
Республика Саха (Якутия),рубль,значение показателя за год,2017,40404.0
Республика Саха (Якутия),рубль,I квартал,2018-Q1,35099.0
Республика Саха (Якутия),рубль,II квартал,2018-Q2,42199.0
Республика Саха (Якутия),рубль,III квартал,2018-Q3,40172.0
Республика Саха (Якутия),рубль,IV квартал,2018-Q4,53669.0
Республика Саха (Якутия),рубль,значение показателя за год,2018,42711.0
Республика Саха (Якутия),рубль,I квартал,2019-Q1,36770.0
Республика Саха (Якутия),рубль,II квартал,2019-Q2,44376.0
Республика Саха (Якутия),рубль,III квартал,2019-Q3,43237.0
Республика Саха (Якутия),рубль,IV квартал,2019-Q4,57373.0
Республика Саха (Якутия),рубль,значение показателя за год,2019,45315.0
Республика Саха (Якутия),рубль,I квартал,2020-Q1,39530.0
Республика Саха (Якутия),рубль,II квартал,2020-Q2,42433.0
Республика Саха (Якутия),рубль,III квартал,2020-Q3,43701.0
Республика Саха (Якутия),рубль,IV квартал,2020-Q4,59763.0
Республика Саха (Якутия),рубль,значение показателя за год,2020,46108.0
Камчатский край,рубль,значение показателя за год,2008,20116.1
Камчатский край,рубль,значение показателя за год,2009,24051.1
Камчатский край,рубль,значение показателя за год,2010,27010.3
Камчатский край,рубль,значение показателя за год,2011,29051.0
Камчатский край,рубль,I квартал,2012-Q1,25553.0
Камчатский край,рубль,II квартал,2012-Q2,30715.0
Камчатский край,рубль,III квартал,2012-Q3,32555.0
Камчатский край,рубль,IV квартал,2012-Q4,39069.0
Камчатский край,рубль,значение показателя за год,2012,32048.0
Камчатский край,рубль,I квартал,2013-Q1,28425.0
Камчатский край,рубль,II квартал,2013-Q2,37298.0
Камчатский край,рубль,III квартал,2013-Q3,35019.0
Камчатский край,рубль,IV квартал,2013-Q4,42980.0
Камчатский край,рубль,значение показателя за год,2013,36073.0
Камчатский край,рубль,I квартал,2014-Q1,30083.0
Камчатский край,рубль,II квартал,2014-Q2,38175.0
Камчатский край,рубль,III квартал,2014-Q3,38570.0
Камчатский край,рубль,IV квартал,2014-Q4,51378.0
Камчатский край,рубль,значение показателя за год,2014,39836.0
Камчатский край,рубль,I квартал,2015-Q1,35988.0
Камчатский край,рубль,II квартал,2015-Q2,43084.0
Камчатский край,рубль,III квартал,2015-Q3,43052.0
Камчатский край,рубль,IV квартал,2015-Q4,52966.0
Камчатский край,рубль,значение показателя за год,2015,43985.0
Камчатский край,рубль,I квартал,2016-Q1,37722.0
Камчатский край,рубль,II квартал,2016-Q2,45920.0
Камчатский край,рубль,III квартал,2016-Q3,46475.0
Камчатский край,рубль,IV квартал,2016-Q4,50210.0
Камчатский край,рубль,значение показателя за год,2016,45322.0
Камчатский край,рубль,I квартал,2017-Q1,38260.0
Камчатский край,рубль,II квартал,2017-Q2,46373.0
Камчатский край,рубль,III квартал,2017-Q3,47079.0
Камчатский край,рубль,IV квартал,2017-Q4,56501.0
Камчатский край,рубль,значение показателя за год,2017,47131.0
Камчатский край,рубль,I квартал,2018-Q1,39658.0
Камчатский край,рубль,II квартал,2018-Q2,49524.0
Камчатский край,рубль,III квартал,2018-Q3,50863.0
Камчатский край,рубль,IV квартал,2018-Q4,63146.0
Камчатский край,рубль,значение показателя за год,2018,51020.0
Камчатский край,рубль,I квартал,2019-Q1,43639.0
Камчатский край,рубль,II квартал,2019-Q2,54245.0
Камчатский край,рубль,III квартал,2019-Q3,54799.0
Камчатский край,рубль,IV квартал,2019-Q4,67832.0
Камчатский край,рубль,значение показателя за год,2019,55455.0
Камчатский край,рубль,I квартал,2020-Q1,50139.0
Камчатский край,рубль,II квартал,2020-Q2,56886.0
Камчатский край,рубль,III квартал,2020-Q3,55616.0
Камчатский край,рубль,IV квартал,2020-Q4,70823.0
Камчатский край,рубль,значение показателя за год,2020,58674.0
Приморский край,рубль,значение показателя за год,2008,12927.3
Приморский край,рубль,значение показателя за год,2009,15485.6
Приморский край,рубль,значение показателя за год,2010,17297.9
Приморский край,рубль,значение показателя за год,2011,19170.0
Приморский край,рубль,I квартал,2012-Q1,18665.0
Приморский край,рубль,II квартал,2012-Q2,21011.0
Приморский край,рубль,III квартал,2012-Q3,20940.0
Приморский край,рубль,IV квартал,2012-Q4,26122.0
Приморский край,рубль,значение показателя за год,2012,21713.0
Приморский край,рубль,I квартал,2013-Q1,20910.0
Приморский край,рубль,II квартал,2013-Q2,24562.0
Приморский край,рубль,III квартал,2013-Q3,22537.0
Приморский край,рубль,IV квартал,2013-Q4,27008.0
Приморский край,рубль,значение показателя за год,2013,23820.0
Приморский край,рубль,I квартал,2014-Q1,25983.0
Приморский край,рубль,II квартал,2014-Q2,27915.0
Приморский край,рубль,III квартал,2014-Q3,26731.0
Приморский край,рубль,IV квартал,2014-Q4,29477.0
Приморский край,рубль,значение показателя за год,2014,27581.0
Приморский край,рубль,I квартал,2015-Q1,27789.0
Приморский край,рубль,II квартал,2015-Q2,32286.0
Приморский край,рубль,III квартал,2015-Q3,31382.0
Приморский край,рубль,IV квартал,2015-Q4,33230.0
Приморский край,рубль,значение показателя за год,2015,31224.0
Приморский край,рубль,I квартал,2016-Q1,27811.0
Приморский край,рубль,II квартал,2016-Q2,31870.0
Приморский край,рубль,III квартал,2016-Q3,33707.0
Приморский край,рубль,IV квартал,2016-Q4,32164.0
Приморский край,рубль,значение показателя за год,2016,31454.0
Приморский край,рубль,I квартал,2017-Q1,28014.0
Приморский край,рубль,II квартал,2017-Q2,34589.0
Приморский край,рубль,III квартал,2017-Q3,31853.0
Приморский край,рубль,IV квартал,2017-Q4,35137.0
Приморский край,рубль,значение показателя за год,2017,32500.0
Приморский край,рубль,I квартал,2018-Q1,31159.0
Приморский край,рубль,II квартал,2018-Q2,34389.0
Приморский край,рубль,III квартал,2018-Q3,33069.0
Приморский край,рубль,IV квартал,2018-Q4,40720.0
Приморский край,рубль,значение показателя за год,2018,34947.0
Приморский край,рубль,I квартал,2019-Q1,31894.0
Приморский край,рубль,II квартал,2019-Q2,36678.0
Приморский край,рубль,III квартал,2019-Q3,36756.0
Приморский край,рубль,IV квартал,2019-Q4,43228.0
Приморский край,рубль,значение показателя за год,2019,37224.0
Приморский край,рубль,I квартал,2020-Q1,34758.0
Приморский край,рубль,II квартал,2020-Q2,36527.0
Приморский край,рубль,III квартал,2020-Q3,36527.0
Приморский край,рубль,IV квартал,2020-Q4,42315.0
Приморский край,рубль,значение показателя за год,2020,37728.0
Хабаровский край,рубль,значение показателя за год,2008,16283.5
Хабаровский край,рубль,значение показателя за год,2009,19928.4
Хабаровский край,рубль,значение показателя за год,2010,22478.9
Хабаровский край,рубль,значение показателя за год,2011,23774.0
Хабаровский край,рубль,I квартал,2012-Q1,19917.0
Хабаровский край,рубль,II квартал,2012-Q2,24076.0
Хабаровский край,рубль,III квартал,2012-Q3,25222.0
Хабаровский край,рубль,IV квартал,2012-Q4,33595.0
Хабаровский край,рубль,значение показателя за год,2012,25713.0
Хабаровский край,рубль,I квартал,2013-Q1,25195.0
Хабаровский край,рубль,II квартал,2013-Q2,28336.0
Хабаровский край,рубль,III квартал,2013-Q3,27833.0
Хабаровский край,рубль,IV квартал,2013-Q4,35534.0
Хабаровский край,рубль,значение показателя за год,2013,29257.0
Хабаровский край,рубль,I квартал,2014-Q1,25815.0
Хабаровский край,рубль,II квартал,2014-Q2,30809.0
Хабаровский край,рубль,III квартал,2014-Q3,31458.0
Хабаровский край,рубль,IV квартал,2014-Q4,36859.0
Хабаровский край,рубль,значение показателя за год,2014,31262.0
Хабаровский край,рубль,I квартал,2015-Q1,30689.0
Хабаровский край,рубль,II квартал,2015-Q2,36811.0
Хабаровский край,рубль,III квартал,2015-Q3,34275.0
Хабаровский край,рубль,IV квартал,2015-Q4,40199.0
Хабаровский край,рубль,значение показателя за год,2015,35550.0
Хабаровский край,рубль,I квартал,2016-Q1,31822.0
Хабаровский край,рубль,II квартал,2016-Q2,37552.0
Хабаровский край,рубль,III квартал,2016-Q3,37069.0
Хабаровский край,рубль,IV квартал,2016-Q4,40145.0
Хабаровский край,рубль,значение показателя за год,2016,36673.0
Хабаровский край,рубль,I квартал,2017-Q1,33328.0
Хабаровский край,рубль,II квартал,2017-Q2,37249.0
Хабаровский край,рубль,III квартал,2017-Q3,36106.0
Хабаровский край,рубль,IV квартал,2017-Q4,41899.0
Хабаровский край,рубль,значение показателя за год,2017,37222.0
Хабаровский край,рубль,I квартал,2018-Q1,35160.0
Хабаровский край,рубль,II квартал,2018-Q2,39170.0
Хабаровский край,рубль,III квартал,2018-Q3,37296.0
Хабаровский край,рубль,IV квартал,2018-Q4,44862.0
Хабаровский край,рубль,значение показателя за год,2018,39225.0
Хабаровский край,рубль,I квартал,2019-Q1,36519.0
Хабаровский край,рубль,II квартал,2019-Q2,40662.0
Хабаровский край,рубль,III квартал,2019-Q3,39672.0
Хабаровский край,рубль,IV квартал,2019-Q4,49227.0
Хабаровский край,рубль,значение показателя за год,2019,41618.0
Хабаровский край,рубль,I квартал,2020-Q1,37903.0
Хабаровский край,рубль,II квартал,2020-Q2,40560.0
Хабаровский край,рубль,III квартал,2020-Q3,39889.0
Хабаровский край,рубль,IV квартал,2020-Q4,48389.0
Хабаровский край,рубль,значение показателя за год,2020,41931.0
Амурская область,рубль,значение показателя за год,2008,12297.4
Амурская область,рубль,значение показателя за год,2009,13196.4
Амурская область,рубль,значение показателя за год,2010,14323.4
Амурская область,рубль,значение показателя за год,2011,17800.0
Амурская область,рубль,I квартал,2012-Q1,16875.0
Амурская область,рубль,II квартал,2012-Q2,19617.0
Амурская область,рубль,III квартал,2012-Q3,22687.0
Амурская область,рубль,IV квартал,2012-Q4,27875.0
Амурская область,рубль,значение показателя за год,2012,21836.0
Амурская область,рубль,I квартал,2013-Q1,20751.0
Амурская область,рубль,II квартал,2013-Q2,21522.0
Амурская область,рубль,III квартал,2013-Q3,22235.0
Амурская область,рубль,IV квартал,2013-Q4,27514.0
Амурская область,рубль,значение показателя за год,2013,23097.0
Амурская область,рубль,I квартал,2014-Q1,19360.0
Амурская область,рубль,II квартал,2014-Q2,25604.0
Амурская область,рубль,III квартал,2014-Q3,27869.0
Амурская область,рубль,IV квартал,2014-Q4,28939.0
Амурская область,рубль,значение показателя за год,2014,25478.0
Амурская область,рубль,I квартал,2015-Q1,25698.0
Амурская область,рубль,II квартал,2015-Q2,28415.0
Амурская область,рубль,III квартал,2015-Q3,27286.0
Амурская область,рубль,IV квартал,2015-Q4,31737.0
Амурская область,рубль,значение показателя за год,2015,28371.0
Амурская область,рубль,I квартал,2016-Q1,27103.0
Амурская область,рубль,II квартал,2016-Q2,28584.0
Амурская область,рубль,III квартал,2016-Q3,27921.0
Амурская область,рубль,IV квартал,2016-Q4,28602.0
Амурская область,рубль,значение показателя за год,2016,28136.0
Амурская область,рубль,I квартал,2017-Q1,27459.0
Амурская область,рубль,II квартал,2017-Q2,29215.0
Амурская область,рубль,III квартал,2017-Q3,28633.0
Амурская область,рубль,IV квартал,2017-Q4,32026.0
Амурская область,рубль,значение показателя за год,2017,29409.0
Амурская область,рубль,I квартал,2018-Q1,28553.0
Амурская область,рубль,II квартал,2018-Q2,30645.0
Амурская область,рубль,III квартал,2018-Q3,30324.0
Амурская область,рубль,IV квартал,2018-Q4,34717.0
Амурская область,рубль,значение показателя за год,2018,31178.0
Амурская область,рубль,I квартал,2019-Q1,29135.0
Амурская область,рубль,II квартал,2019-Q2,32926.0
Амурская область,рубль,III квартал,2019-Q3,33560.0
Амурская область,рубль,IV квартал,2019-Q4,38438.0
Амурская область,рубль,значение показателя за год,2019,33599.0
Амурская область,рубль,I квартал,2020-Q1,32049.0
Амурская область,рубль,II квартал,2020-Q2,34953.0
Амурская область,рубль,III квартал,2020-Q3,34159.0
Амурская область,рубль,IV квартал,2020-Q4,41461.0
Амурская область,рубль,значение показателя за год,2020,35862.0
Магаданская область,рубль,значение показателя за год,2008,19937.2
Магаданская область,рубль,значение показателя за год,2009,24753.9
Магаданская область,рубль,значение показателя за год,2010,27800.7
Магаданская область,рубль,значение показателя за год,2011,30469.0
Магаданская область,рубль,I квартал,2012-Q1,27323.0
Магаданская область,рубль,II квартал,2012-Q2,40018.0
Магаданская область,рубль,III квартал,2012-Q3,34982.0
Магаданская область,рубль,IV квартал,2012-Q4,43308.0
Магаданская область,рубль,значение показателя за год,2012,36680.0
Магаданская область,рубль,I квартал,2013-Q1,38930.0
Магаданская область,рубль,II квартал,2013-Q2,42348.0
Магаданская область,рубль,III квартал,2013-Q3,41411.0
Магаданская область,рубль,IV квартал,2013-Q4,45456.0
Магаданская область,рубль,значение показателя за год,2013,42345.0
Магаданская область,рубль,I квартал,2014-Q1,41331.0
Магаданская область,рубль,II квартал,2014-Q2,44041.0
Магаданская область,рубль,III квартал,2014-Q3,44038.0
Магаданская область,рубль,IV квартал,2014-Q4,49830.0
Магаданская область,рубль,значение показателя за год,2014,45173.0
Магаданская область,рубль,I квартал,2015-Q1,44685.0
Магаданская область,рубль,II квартал,2015-Q2,51574.0
Магаданская область,рубль,III квартал,2015-Q3,50881.0
Магаданская область,рубль,IV квартал,2015-Q4,55591.0
Магаданская область,рубль,значение показателя за год,2015,51011.0
Магаданская область,рубль,I квартал,2016-Q1,47934.0
Магаданская область,рубль,II квартал,2016-Q2,52761.0
Магаданская область,рубль,III квартал,2016-Q3,49789.0
Магаданская область,рубль,IV квартал,2016-Q4,55625.0
Магаданская область,рубль,значение показателя за год,2016,51694.0
Магаданская область,рубль,I квартал,2017-Q1,51432.0
Магаданская область,рубль,II квартал,2017-Q2,53981.0
Магаданская область,рубль,III квартал,2017-Q3,53895.0
Магаданская область,рубль,IV квартал,2017-Q4,60494.0
Магаданская область,рубль,значение показателя за год,2017,55265.0
Магаданская область,рубль,I квартал,2018-Q1,55959.0
Магаданская область,рубль,II квартал,2018-Q2,59995.0
Магаданская область,рубль,III квартал,2018-Q3,59815.0
Магаданская область,рубль,IV квартал,2018-Q4,62938.0
Магаданская область,рубль,значение показателя за год,2018,60314.0
Магаданская область,рубль,I квартал,2019-Q1,59330.0
Магаданская область,рубль,II квартал,2019-Q2,69056.0
Магаданская область,рубль,III квартал,2019-Q3,64187.0
Магаданская область,рубль,IV квартал,2019-Q4,70385.0
Магаданская область,рубль,значение показателя за год,2019,66036.0
Магаданская область,рубль,I квартал,2020-Q1,64681.0
Магаданская область,рубль,II квартал,2020-Q2,72004.0
Магаданская область,рубль,III квартал,2020-Q3,69677.0
Магаданская область,рубль,IV квартал,2020-Q4,79518.0
Магаданская область,рубль,значение показателя за год,2020,71805.0
Сахалинская область,рубль,значение показателя за год,2008,25007.3
Сахалинская область,рубль,значение показателя за год,2009,28348.7
Сахалинская область,рубль,значение показателя за год,2010,30727.0
Сахалинская область,рубль,значение показателя за год,2011,32323.0
Сахалинская область,рубль,I квартал,2012-Q1,29078.0
Сахалинская область,рубль,II квартал,2012-Q2,31980.0
Сахалинская область,рубль,III квартал,2012-Q3,32404.0
Сахалинская область,рубль,IV квартал,2012-Q4,37592.0
Сахалинская область,рубль,значение показателя за год,2012,32899.0
Сахалинская область,рубль,I квартал,2013-Q1,35160.0
Сахалинская область,рубль,II квартал,2013-Q2,37545.0
Сахалинская область,рубль,III квартал,2013-Q3,37609.0
Сахалинская область,рубль,IV квартал,2013-Q4,41626.0
Сахалинская область,рубль,значение показателя за год,2013,38150.0
Сахалинская область,рубль,I квартал,2014-Q1,35697.0
Сахалинская область,рубль,II квартал,2014-Q2,43521.0
Сахалинская область,рубль,III квартал,2014-Q3,46119.0
Сахалинская область,рубль,IV квартал,2014-Q4,43935.0
Сахалинская область,рубль,значение показателя за год,2014,42530.0
Сахалинская область,рубль,I квартал,2015-Q1,42760.0
Сахалинская область,рубль,II квартал,2015-Q2,49098.0
Сахалинская область,рубль,III квартал,2015-Q3,48373.0
Сахалинская область,рубль,IV квартал,2015-Q4,54151.0
Сахалинская область,рубль,значение показателя за год,2015,48753.0
Сахалинская область,рубль,I квартал,2016-Q1,45646.0
Сахалинская область,рубль,II квартал,2016-Q2,53026.0
Сахалинская область,рубль,III квартал,2016-Q3,48515.0
Сахалинская область,рубль,IV квартал,2016-Q4,54761.0
Сахалинская область,рубль,значение показателя за год,2016,50536.0
Сахалинская область,рубль,I квартал,2017-Q1,48693.0
Сахалинская область,рубль,II квартал,2017-Q2,51313.0
Сахалинская область,рубль,III квартал,2017-Q3,50128.0
Сахалинская область,рубль,IV квартал,2017-Q4,57045.0
Сахалинская область,рубль,значение показателя за год,2017,51698.0
Сахалинская область,рубль,I квартал,2018-Q1,48866.0
Сахалинская область,рубль,II квартал,2018-Q2,50942.0
Сахалинская область,рубль,III квартал,2018-Q3,53000.0
Сахалинская область,рубль,IV квартал,2018-Q4,67530.0
Сахалинская область,рубль,значение показателя за год,2018,55207.0
Сахалинская область,рубль,I квартал,2019-Q1,54128.0
Сахалинская область,рубль,II квартал,2019-Q2,58927.0
Сахалинская область,рубль,III квартал,2019-Q3,56446.0
Сахалинская область,рубль,IV квартал,2019-Q4,72872.0
Сахалинская область,рубль,значение показателя за год,2019,60757.0
Сахалинская область,рубль,I квартал,2020-Q1,56742.0
Сахалинская область,рубль,II квартал,2020-Q2,60002.0
Сахалинская область,рубль,III квартал,2020-Q3,58248.0
Сахалинская область,рубль,IV квартал,2020-Q4,75015.0
Сахалинская область,рубль,значение показателя за год,2020,62792.0
Еврейская автономная область,рубль,значение показателя за год,2008,11306.3
Еврейская автономная область,рубль,значение показателя за год,2009,13646.2
Еврейская автономная область,рубль,значение показателя за год,2010,15347.8
Еврейская автономная область,рубль,значение показателя за год,2011,16549.0
Еврейская автономная область,рубль,I квартал,2012-Q1,15855.0
Еврейская автономная область,рубль,II квартал,2012-Q2,17881.0
Еврейская автономная область,рубль,III квартал,2012-Q3,17654.0
Еврейская автономная область,рубль,IV квартал,2012-Q4,22251.0
Еврейская автономная область,рубль,значение показателя за год,2012,18528.0
Еврейская автономная область,рубль,I квартал,2013-Q1,17411.0
Еврейская автономная область,рубль,II квартал,2013-Q2,20852.0
Еврейская автономная область,рубль,III квартал,2013-Q3,19520.0
Еврейская автономная область,рубль,IV квартал,2013-Q4,23781.0
Еврейская автономная область,рубль,значение показателя за год,2013,20556.0
Еврейская автономная область,рубль,I квартал,2014-Q1,19471.0
Еврейская автономная область,рубль,II квартал,2014-Q2,21511.0
Еврейская автономная область,рубль,III квартал,2014-Q3,21433.0
Еврейская автономная область,рубль,IV квартал,2014-Q4,25156.0
Еврейская автономная область,рубль,значение показателя за год,2014,22057.0
Еврейская автономная область,рубль,I квартал,2015-Q1,21953.0
Еврейская автономная область,рубль,II квартал,2015-Q2,24340.0
Еврейская автономная область,рубль,III квартал,2015-Q3,23123.0
Еврейская автономная область,рубль,IV квартал,2015-Q4,26082.0
Еврейская автономная область,рубль,значение показателя за год,2015,24061.0
Еврейская автономная область,рубль,I квартал,2016-Q1,21950.0
Еврейская автономная область,рубль,II квартал,2016-Q2,24697.0
Еврейская автономная область,рубль,III квартал,2016-Q3,22848.0
Еврейская автономная область,рубль,IV квартал,2016-Q4,23519.0
Еврейская автономная область,рубль,значение показателя за год,2016,23413.0
Еврейская автономная область,рубль,I квартал,2017-Q1,22256.0
Еврейская автономная область,рубль,II квартал,2017-Q2,23851.0
Еврейская автономная область,рубль,III квартал,2017-Q3,22752.0
Еврейская автономная область,рубль,IV квартал,2017-Q4,26732.0
Еврейская автономная область,рубль,значение показателя за год,2017,24086.0
Еврейская автономная область,рубль,I квартал,2018-Q1,24276.0
Еврейская автономная область,рубль,II квартал,2018-Q2,25423.0
Еврейская автономная область,рубль,III квартал,2018-Q3,22912.0
Еврейская автономная область,рубль,IV квартал,2018-Q4,27331.0
Еврейская автономная область,рубль,значение показателя за год,2018,25178.0
Еврейская автономная область,рубль,I квартал,2019-Q1,24973.0
Еврейская автономная область,рубль,II квартал,2019-Q2,26205.0
Еврейская автономная область,рубль,III квартал,2019-Q3,25739.0
Еврейская автономная область,рубль,IV квартал,2019-Q4,31158.0
Еврейская автономная область,рубль,значение показателя за год,2019,27187.0
Еврейская автономная область,рубль,I квартал,2020-Q1,26489.0
Еврейская автономная область,рубль,II квартал,2020-Q2,26223.0
Еврейская автономная область,рубль,III квартал,2020-Q3,27615.0
Еврейская автономная область,рубль,IV квартал,2020-Q4,34134.0
Еврейская автономная область,рубль,значение показателя за год,2020,28815.0
Чукотский автономный округ,рубль,значение показателя за год,2008,30554.3
Чукотский автономный округ,рубль,значение показателя за год,2009,33607.2
Чукотский автономный округ,рубль,значение показателя за год,2010,38146.8
Чукотский автономный округ,рубль,значение показателя за год,2011,43156.0
Чукотский автономный округ,рубль,I квартал,2012-Q1,42130.0
Чукотский автономный округ,рубль,II квартал,2012-Q2,50420.0
Чукотский автономный округ,рубль,III квартал,2012-Q3,47107.0
Чукотский автономный округ,рубль,IV квартал,2012-Q4,55036.0
Чукотский автономный округ,рубль,значение показателя за год,2012,48860.0
Чукотский автономный округ,рубль,I квартал,2013-Q1,50980.0
Чукотский автономный округ,рубль,II квартал,2013-Q2,55123.0
Чукотский автономный округ,рубль,III квартал,2013-Q3,54821.0
Чукотский автономный округ,рубль,IV квартал,2013-Q4,62986.0
Чукотский автономный округ,рубль,значение показателя за год,2013,56200.0
Чукотский автономный округ,рубль,I квартал,2014-Q1,54203.0
Чукотский автономный округ,рубль,II квартал,2014-Q2,60897.0
Чукотский автономный округ,рубль,III квартал,2014-Q3,61198.0
Чукотский автономный округ,рубль,IV квартал,2014-Q4,66432.0
Чукотский автономный округ,рубль,значение показателя за год,2014,60815.0
Чукотский автономный округ,рубль,I квартал,2015-Q1,58927.0
Чукотский автономный округ,рубль,II квартал,2015-Q2,64522.0
Чукотский автономный округ,рубль,III квартал,2015-Q3,61843.0
Чукотский автономный округ,рубль,IV квартал,2015-Q4,71095.0
Чукотский автономный округ,рубль,значение показателя за год,2015,64459.0
Чукотский автономный округ,рубль,I квартал,2016-Q1,62223.0
Чукотский автономный округ,рубль,II квартал,2016-Q2,68238.0
Чукотский автономный округ,рубль,III квартал,2016-Q3,68593.0
Чукотский автономный округ,рубль,IV квартал,2016-Q4,76282.0
Чукотский автономный округ,рубль,значение показателя за год,2016,69211.0
Чукотский автономный округ,рубль,I квартал,2017-Q1,68592.0
Чукотский автономный округ,рубль,II квартал,2017-Q2,75798.0
Чукотский автономный округ,рубль,III квартал,2017-Q3,73060.0
Чукотский автономный округ,рубль,IV квартал,2017-Q4,80332.0
Чукотский автономный округ,рубль,значение показателя за год,2017,74940.0
Чукотский автономный округ,рубль,I квартал,2018-Q1,75928.0
Чукотский автономный округ,рубль,II квартал,2018-Q2,82544.0
Чукотский автономный округ,рубль,III квартал,2018-Q3,78395.0
Чукотский автономный округ,рубль,IV квартал,2018-Q4,88315.0
Чукотский автономный округ,рубль,значение показателя за год,2018,81206.0
Чукотский автономный округ,рубль,I квартал,2019-Q1,78860.0
Чукотский автономный округ,рубль,II квартал,2019-Q2,86412.0
Чукотский автономный округ,рубль,III квартал,2019-Q3,87069.0
Чукотский автономный округ,рубль,IV квартал,2019-Q4,94216.0
Чукотский автономный округ,рубль,значение показателя за год,2019,86234.0
Чукотский автономный округ,рубль,I квартал,2020-Q1,83043.0
Чукотский автономный округ,рубль,II квартал,2020-Q2,93046.0
Чукотский автономный округ,рубль,III квартал,2020-Q3,90367.0
Чукотский автономный округ,рубль,IV квартал,2020-Q4,101764.0
Чукотский автономный округ,рубль,значение показателя за год,2020,92980.0
Российская Федерация,рубль,I квартал,2021-Q1,32694.0
Российская Федерация,рубль,II квартал,2021-Q2,38308.0
Российская Федерация,рубль,III квартал,2021-Q3,40721.0
Российская Федерация,рубль,IV квартал,2021-Q4,47754.0
Российская Федерация,рубль,значение показателя за год,2021,39934.0
Российская Федерация,рубль,I квартал,2022-Q1,39950.0
Российская Федерация,рубль,II квартал,2022-Q2,46141.0
Российская Федерация,рубль,III квартал,2022-Q3,46165.0
Российская Федерация,рубль,IV квартал,2022-Q4,56942.0
Российская Федерация,рубль,значение показателя за год,2022,47386.0
Российская Федерация без учета новых субъектов (с 01.01.2023),рубль,I квартал,2023-Q1,45695.0
Российская Федерация без учета новых субъектов (с 01.01.2023),рубль,II квартал,2023-Q2,50128.0
Российская Федерация без учета новых субъектов (с 01.01.2023),рубль,III квартал,2023-Q3,52074.0
Российская Федерация без учета новых субъектов (с 01.01.2023),рубль,IV квартал,2023-Q4,66203.0
Российская Федерация без учета новых субъектов (с 01.01.2023),рубль,значение показателя за год,2023,53579.0
Российская Федерация без учета новых субъектов (с 01.01.2023),рубль,I квартал,2024-Q1,53221.0
Российская Федерация без учета новых субъектов (с 01.01.2023),рубль,II квартал,2024-Q2,59514.0
Российская Федерация без учета новых субъектов (с 01.01.2023),рубль,III квартал,2024-Q3,62429.0
Российская Федерация без учета новых субъектов (с 01.01.2023),рубль,IV квартал,2024-Q4,80646.0
Российская Федерация без учета новых субъектов (с 01.01.2023),рубль,значение показателя за год,2024,63959.0
Российская Федерация без учета новых субъектов (с 01.01.2023),рубль,I квартал,2025-Q1,63470.0
Российская Федерация без учета новых субъектов (с 01.01.2023),рубль,II квартал,2025-Q2,71690.0
Российская Федерация без учета новых субъектов (с 01.01.2023),рубль,III квартал,2025-Q3,73038.0
Российская Федерация без учета новых субъектов (с 01.01.2023),рубль,IV квартал,2025-Q4,91180.0
Российская Федерация без учета новых субъектов (с 01.01.2023),рубль,значение показателя за год,2025,74932.0
Российская Федерация без учета новых субъектов (с 01.01.2023),рубль,I квартал,2026-Q1,69113.0
Центральный федеральный округ,рубль,I квартал,2021-Q1,43056.0
Центральный федеральный округ,рубль,II квартал,2021-Q2,50593.0
Центральный федеральный округ,рубль,III квартал,2021-Q3,54383.0
Центральный федеральный округ,рубль,IV квартал,2021-Q4,64830.0
Центральный федеральный округ,рубль,значение показателя за год,2021,53244.0
Центральный федеральный округ,рубль,I квартал,2022-Q1,54272.0
Центральный федеральный округ,рубль,II квартал,2022-Q2,60536.0
Центральный федеральный округ,рубль,III квартал,2022-Q3,61249.0
Центральный федеральный округ,рубль,IV квартал,2022-Q4,74501.0
Центральный федеральный округ,рубль,значение показателя за год,2022,62684.0
Центральный федеральный округ,рубль,I квартал,2023-Q1,60441.0
Центральный федеральный округ,рубль,II квартал,2023-Q2,66347.0
Центральный федеральный округ,рубль,III квартал,2023-Q3,69644.0
Центральный федеральный округ,рубль,IV квартал,2023-Q4,91074.0
Центральный федеральный округ,рубль,значение показателя за год,2023,71914.0
Центральный федеральный округ,рубль,I квартал,2024-Q1,72090.0
Центральный федеральный округ,рубль,II квартал,2024-Q2,81308.0
Центральный федеральный округ,рубль,III квартал,2024-Q3,87268.0
Центральный федеральный округ,рубль,IV квартал,2024-Q4,108201.0
Центральный федеральный округ,рубль,значение показателя за год,2024,87109.0
Центральный федеральный округ,рубль,I квартал,2025-Q1,85945.0
Центральный федеральный округ,рубль,II квартал,2025-Q2,94910.0
Центральный федеральный округ,рубль,III квартал,2025-Q3,104144.0
Центральный федеральный округ,рубль,IV квартал,2025-Q4,122391.0
Центральный федеральный округ,рубль,значение показателя за год,2025,101796.0
Центральный федеральный округ,рубль,I квартал,2026-Q1,99357.0
Белгородская область,рубль,I квартал,2021-Q1,28572.0
Белгородская область,рубль,II квартал,2021-Q2,33840.0
Белгородская область,рубль,III квартал,2021-Q3,37226.0
Белгородская область,рубль,IV квартал,2021-Q4,41994.0
Белгородская область,рубль,значение показателя за год,2021,35511.0
Белгородская область,рубль,I квартал,2022-Q1,33250.0
Белгородская область,рубль,II квартал,2022-Q2,41805.0
Белгородская область,рубль,III квартал,2022-Q3,31512.0
Белгородская область,рубль,IV квартал,2022-Q4,59657.0
Белгородская область,рубль,значение показателя за год,2022,41855.0
Белгородская область,рубль,I квартал,2023-Q1,36835.0
Белгородская область,рубль,II квартал,2023-Q2,45834.0
Белгородская область,рубль,III квартал,2023-Q3,38462.0
Белгородская область,рубль,IV квартал,2023-Q4,67030.0
Белгородская область,рубль,значение показателя за год,2023,47257.0
Белгородская область,рубль,I квартал,2024-Q1,45753.0
Белгородская область,рубль,II квартал,2024-Q2,53428.0
Белгородская область,рубль,III квартал,2024-Q3,52681.0
Белгородская область,рубль,IV квартал,2024-Q4,73919.0
Белгородская область,рубль,значение показателя за год,2024,56798.0
Белгородская область,рубль,I квартал,2025-Q1,53432.0
Белгородская область,рубль,II квартал,2025-Q2,62299.0
Белгородская область,рубль,III квартал,2025-Q3,61730.0
Белгородская область,рубль,IV квартал,2025-Q4,85444.0
Белгородская область,рубль,значение показателя за год,2025,66174.0
Белгородская область,рубль,I квартал,2026-Q1,58289.0
Брянская область,рубль,I квартал,2021-Q1,26457.0
Брянская область,рубль,II квартал,2021-Q2,28394.0
Брянская область,рубль,III квартал,2021-Q3,33402.0
Брянская область,рубль,IV квартал,2021-Q4,37823.0
Брянская область,рубль,значение показателя за год,2021,31713.0
Брянская область,рубль,I квартал,2022-Q1,30745.0
Брянская область,рубль,II квартал,2022-Q2,35592.0
Брянская область,рубль,III квартал,2022-Q3,37535.0
Брянская область,рубль,IV квартал,2022-Q4,45061.0
Брянская область,рубль,значение показателя за год,2022,37428.0
Брянская область,рубль,I квартал,2023-Q1,33841.0
Брянская область,рубль,II квартал,2023-Q2,38499.0
Брянская область,рубль,III квартал,2023-Q3,41254.0
Брянская область,рубль,IV квартал,2023-Q4,49399.0
Брянская область,рубль,значение показателя за год,2023,40927.0
Брянская область,рубль,I квартал,2024-Q1,40153.0
Брянская область,рубль,II квартал,2024-Q2,43467.0
Брянская область,рубль,III квартал,2024-Q3,49229.0
Брянская область,рубль,IV квартал,2024-Q4,60343.0
Брянская область,рубль,значение показателя за год,2024,48502.0
Брянская область,рубль,I квартал,2025-Q1,47411.0
Брянская область,рубль,II квартал,2025-Q2,50314.0
Брянская область,рубль,III квартал,2025-Q3,56461.0
Брянская область,рубль,IV квартал,2025-Q4,69566.0
Брянская область,рубль,значение показателя за год,2025,56285.0
Брянская область,рубль,I квартал,2026-Q1,51800.0
Владимирская область,рубль,I квартал,2021-Q1,24195.0
Владимирская область,рубль,II квартал,2021-Q2,27269.0
Владимирская область,рубль,III квартал,2021-Q3,28910.0
Владимирская область,рубль,IV квартал,2021-Q4,31524.0
Владимирская область,рубль,значение показателя за год,2021,28148.0
Владимирская область,рубль,I квартал,2022-Q1,30037.0
Владимирская область,рубль,II квартал,2022-Q2,33372.0
Владимирская область,рубль,III квартал,2022-Q3,31521.0
Владимирская область,рубль,IV квартал,2022-Q4,42876.0
Владимирская область,рубль,значение показателя за год,2022,34667.0
Владимирская область,рубль,I квартал,2023-Q1,33769.0
Владимирская область,рубль,II квартал,2023-Q2,36828.0
Владимирская область,рубль,III квартал,2023-Q3,36557.0
Владимирская область,рубль,IV квартал,2023-Q4,46533.0
Владимирская область,рубль,значение показателя за год,2023,38649.0
Владимирская область,рубль,I квартал,2024-Q1,40984.0
Владимирская область,рубль,II квартал,2024-Q2,44511.0
Владимирская область,рубль,III квартал,2024-Q3,45791.0
Владимирская область,рубль,IV квартал,2024-Q4,53073.0
Владимирская область,рубль,значение показателя за год,2024,46302.0
Владимирская область,рубль,I квартал,2025-Q1,49031.0
Владимирская область,рубль,II квартал,2025-Q2,52789.0
Владимирская область,рубль,III квартал,2025-Q3,53624.0
Владимирская область,рубль,IV квартал,2025-Q4,60526.0
Владимирская область,рубль,значение показателя за год,2025,54156.0
Владимирская область,рубль,I квартал,2026-Q1,53789.0
Воронежская область,рубль,I квартал,2021-Q1,30009.0
Воронежская область,рубль,II квартал,2021-Q2,32603.0
Воронежская область,рубль,III квартал,2021-Q3,36054.0
Воронежская область,рубль,IV квартал,2021-Q4,40761.0
Воронежская область,рубль,значение показателя за год,2021,34982.0
Воронежская область,рубль,I квартал,2022-Q1,33291.0
Воронежская область,рубль,II квартал,2022-Q2,39099.0
Воронежская область,рубль,III квартал,2022-Q3,41280.0
Воронежская область,рубль,IV квартал,2022-Q4,50333.0
Воронежская область,рубль,значение показателя за год,2022,41156.0
Воронежская область,рубль,I квартал,2023-Q1,37242.0
Воронежская область,рубль,II квартал,2023-Q2,43175.0
Воронежская область,рубль,III квартал,2023-Q3,44513.0
Воронежская область,рубль,IV квартал,2023-Q4,54948.0
Воронежская область,рубль,значение показателя за год,2023,45087.0
Воронежская область,рубль,I квартал,2024-Q1,45487.0
Воронежская область,рубль,II квартал,2024-Q2,50376.0
Воронежская область,рубль,III квартал,2024-Q3,52390.0
Воронежская область,рубль,IV квартал,2024-Q4,64915.0
Воронежская область,рубль,значение показателя за год,2024,53449.0
Воронежская область,рубль,I квартал,2025-Q1,54084.0
Воронежская область,рубль,II квартал,2025-Q2,59527.0
Воронежская область,рубль,III квартал,2025-Q3,62146.0
Воронежская область,рубль,IV квартал,2025-Q4,75145.0
Воронежская область,рубль,значение показателя за год,2025,62937.0
Воронежская область,рубль,I квартал,2026-Q1,59669.0
Ивановская область,рубль,I квартал,2021-Q1,25477.0
Ивановская область,рубль,II квартал,2021-Q2,29479.0
Ивановская область,рубль,III квартал,2021-Q3,29259.0
Ивановская область,рубль,IV квартал,2021-Q4,35776.0
Ивановская область,рубль,значение показателя за год,2021,30235.0
Ивановская область,рубль,I квартал,2022-Q1,28811.0
Ивановская область,рубль,II квартал,2022-Q2,34741.0
Ивановская область,рубль,III квартал,2022-Q3,32681.0
Ивановская область,рубль,IV квартал,2022-Q4,49060.0
Ивановская область,рубль,значение показателя за год,2022,36509.0
Ивановская область,рубль,I квартал,2023-Q1,31938.0
Ивановская область,рубль,II квартал,2023-Q2,38592.0
Ивановская область,рубль,III квартал,2023-Q3,37314.0
Ивановская область,рубль,IV квартал,2023-Q4,55795.0
Ивановская область,рубль,значение показателя за год,2023,41108.0
Ивановская область,рубль,I квартал,2024-Q1,39523.0
Ивановская область,рубль,II квартал,2024-Q2,43951.0
Ивановская область,рубль,III квартал,2024-Q3,44693.0
Ивановская область,рубль,IV квартал,2024-Q4,62576.0
Ивановская область,рубль,значение показателя за год,2024,47881.0
Ивановская область,рубль,I квартал,2025-Q1,46067.0
Ивановская область,рубль,II квартал,2025-Q2,51660.0
Ивановская область,рубль,III квартал,2025-Q3,52987.0
Ивановская область,рубль,IV квартал,2025-Q4,71325.0
Ивановская область,рубль,значение показателя за год,2025,55814.0
Ивановская область,рубль,I квартал,2026-Q1,50923.0
Калужская область,рубль,I квартал,2021-Q1,29633.0
Калужская область,рубль,II квартал,2021-Q2,33512.0
Калужская область,рубль,III квартал,2021-Q3,34719.0
Калужская область,рубль,IV квартал,2021-Q4,35916.0
Калужская область,рубль,значение показателя за год,2021,33174.0
Калужская область,рубль,I квартал,2022-Q1,33110.0
Калужская область,рубль,II квартал,2022-Q2,36506.0
Калужская область,рубль,III квартал,2022-Q3,39217.0
Калужская область,рубль,IV квартал,2022-Q4,48682.0
Калужская область,рубль,значение показателя за год,2022,39423.0
Калужская область,рубль,I квартал,2023-Q1,37158.0
Калужская область,рубль,II квартал,2023-Q2,40716.0
Калужская область,рубль,III квартал,2023-Q3,43574.0
Калужская область,рубль,IV квартал,2023-Q4,56606.0
Калужская область,рубль,значение показателя за год,2023,44564.0
Калужская область,рубль,I квартал,2024-Q1,44699.0
Калужская область,рубль,II квартал,2024-Q2,48549.0
Калужская область,рубль,III квартал,2024-Q3,50489.0
Калужская область,рубль,IV квартал,2024-Q4,66785.0
Калужская область,рубль,значение показателя за год,2024,52675.0
Калужская область,рубль,I квартал,2025-Q1,50285.0
Калужская область,рубль,II квартал,2025-Q2,55400.0
Калужская область,рубль,III квартал,2025-Q3,59507.0
Калужская область,рубль,IV квартал,2025-Q4,75999.0
Калужская область,рубль,значение показателя за год,2025,60609.0
Калужская область,рубль,I квартал,2026-Q1,55856.0
Костромская область,рубль,I квартал,2021-Q1,25867.0
Костромская область,рубль,II квартал,2021-Q2,29854.0
Костромская область,рубль,III квартал,2021-Q3,31272.0
Костромская область,рубль,IV квартал,2021-Q4,34113.0
Костромская область,рубль,значение показателя за год,2021,30567.0
Костромская область,рубль,I квартал,2022-Q1,31691.0
Костромская область,рубль,II квартал,2022-Q2,34984.0
Костромская область,рубль,III квартал,2022-Q3,33470.0
Костромская область,рубль,IV квартал,2022-Q4,48211.0
Костромская область,рубль,значение показателя за год,2022,37285.0
Костромская область,рубль,I квартал,2023-Q1,36351.0
Костромская область,рубль,II квартал,2023-Q2,38850.0
Костромская область,рубль,III квартал,2023-Q3,39677.0
Костромская область,рубль,IV квартал,2023-Q4,58935.0
Костромская область,рубль,значение показателя за год,2023,43668.0
Костромская область,рубль,I квартал,2024-Q1,41189.0
Костромская область,рубль,II квартал,2024-Q2,46819.0
Костромская область,рубль,III квартал,2024-Q3,47713.0
Костромская область,рубль,IV квартал,2024-Q4,67773.0
Костромская область,рубль,значение показателя за год,2024,51119.0
Костромская область,рубль,I квартал,2025-Q1,47267.0
Костромская область,рубль,II квартал,2025-Q2,53966.0
Костромская область,рубль,III квартал,2025-Q3,55651.0
Костромская область,рубль,IV квартал,2025-Q4,76337.0
Костромская область,рубль,значение показателя за год,2025,58792.0
Костромская область,рубль,I квартал,2026-Q1,52522.0
Курская область,рубль,I квартал,2021-Q1,26647.0
Курская область,рубль,II квартал,2021-Q2,31696.0
Курская область,рубль,III квартал,2021-Q3,33573.0
Курская область,рубль,IV квартал,2021-Q4,38758.0
Курская область,рубль,значение показателя за год,2021,32871.0
Курская область,рубль,I квартал,2022-Q1,30925.0
Курская область,рубль,II квартал,2022-Q2,38882.0
Курская область,рубль,III квартал,2022-Q3,39452.0
Курская область,рубль,IV квартал,2022-Q4,47531.0
Курская область,рубль,значение показателя за год,2022,39401.0
Курская область,рубль,I квартал,2023-Q1,35363.0
Курская область,рубль,II квартал,2023-Q2,43044.0
Курская область,рубль,III квартал,2023-Q3,43955.0
Курская область,рубль,IV квартал,2023-Q4,52011.0
Курская область,рубль,значение показателя за год,2023,43719.0
Курская область,рубль,I квартал,2024-Q1,42142.0
Курская область,рубль,II квартал,2024-Q2,49482.0
Курская область,рубль,III квартал,2024-Q3,50288.0
Курская область,рубль,IV квартал,2024-Q4,59548.0
Курская область,рубль,значение показателя за год,2024,50630.0
Курская область,рубль,I квартал,2025-Q1,48996.0
Курская область,рубль,II квартал,2025-Q2,57101.0
Курская область,рубль,III квартал,2025-Q3,58851.0
Курская область,рубль,IV квартал,2025-Q4,68111.0
Курская область,рубль,значение показателя за год,2025,58739.0
Курская область,рубль,I квартал,2026-Q1,53432.0
Липецкая область,рубль,I квартал,2021-Q1,29722.0
Липецкая область,рубль,II квартал,2021-Q2,32677.0
Липецкая область,рубль,III квартал,2021-Q3,34935.0
Липецкая область,рубль,IV квартал,2021-Q4,39955.0
Липецкая область,рубль,значение показателя за год,2021,34509.0
Липецкая область,рубль,I квартал,2022-Q1,34448.0
Липецкая область,рубль,II квартал,2022-Q2,38002.0
Липецкая область,рубль,III квартал,2022-Q3,41200.0
Липецкая область,рубль,IV квартал,2022-Q4,50198.0
Липецкая область,рубль,значение показателя за год,2022,41177.0
Липецкая область,рубль,I квартал,2023-Q1,37615.0
Липецкая область,рубль,II квартал,2023-Q2,41524.0
Липецкая область,рубль,III квартал,2023-Q3,45272.0
Липецкая область,рубль,IV квартал,2023-Q4,56612.0
Липецкая область,рубль,значение показателя за год,2023,45458.0
Липецкая область,рубль,I квартал,2024-Q1,46702.0
Липецкая область,рубль,II квартал,2024-Q2,49300.0
Липецкая область,рубль,III квартал,2024-Q3,53738.0
Липецкая область,рубль,IV квартал,2024-Q4,64861.0
Липецкая область,рубль,значение показателя за год,2024,53842.0
Липецкая область,рубль,I квартал,2025-Q1,54542.0
Липецкая область,рубль,II квартал,2025-Q2,58017.0
Липецкая область,рубль,III квартал,2025-Q3,62301.0
Липецкая область,рубль,IV квартал,2025-Q4,73051.0
Липецкая область,рубль,значение показателя за год,2025,62288.0
Липецкая область,рубль,I квартал,2026-Q1,60176.0
Московская область,рубль,I квартал,2021-Q1,40879.0
Московская область,рубль,II квартал,2021-Q2,48064.0
Московская область,рубль,III квартал,2021-Q3,50119.0
Московская область,рубль,IV квартал,2021-Q4,59022.0
Московская область,рубль,значение показателя за год,2021,49213.0
Московская область,рубль,I квартал,2022-Q1,47009.0
Московская область,рубль,II квартал,2022-Q2,58204.0
Московская область,рубль,III квартал,2022-Q3,56986.0
Московская область,рубль,IV квартал,2022-Q4,61433.0
Московская область,рубль,значение показателя за год,2022,55746.0
Московская область,рубль,I квартал,2023-Q1,54330.0
Московская область,рубль,II квартал,2023-Q2,62130.0
Московская область,рубль,III квартал,2023-Q3,65650.0
Московская область,рубль,IV квартал,2023-Q4,78270.0
Московская область,рубль,значение показателя за год,2023,64870.0
Московская область,рубль,I квартал,2024-Q1,67674.0
Московская область,рубль,II квартал,2024-Q2,75267.0
Московская область,рубль,III квартал,2024-Q3,79014.0
Московская область,рубль,IV квартал,2024-Q4,89909.0
Московская область,рубль,значение показателя за год,2024,77409.0
Московская область,рубль,I квартал,2025-Q1,77686.0
Московская область,рубль,II квартал,2025-Q2,91152.0
Московская область,рубль,III квартал,2025-Q3,94829.0
Московская область,рубль,IV квартал,2025-Q4,102292.0
Московская область,рубль,значение показателя за год,2025,91248.0
Московская область,рубль,I квартал,2026-Q1,86315.0
Орловская область,рубль,I квартал,2021-Q1,24534.0
Орловская область,рубль,II квартал,2021-Q2,28181.0
Орловская область,рубль,III квартал,2021-Q3,31252.0
Орловская область,рубль,IV квартал,2021-Q4,35153.0
Орловская область,рубль,значение показателя за год,2021,30008.0
Орловская область,рубль,I квартал,2022-Q1,31076.0
Орловская область,рубль,II квартал,2022-Q2,33920.0
Орловская область,рубль,III квартал,2022-Q3,35648.0
Орловская область,рубль,IV квартал,2022-Q4,42063.0
Орловская область,рубль,значение показателя за год,2022,35923.0
Орловская область,рубль,I квартал,2023-Q1,37391.0
Орловская область,рубль,II квартал,2023-Q2,41064.0
Орловская область,рубль,III квартал,2023-Q3,43222.0
Орловская область,рубль,IV квартал,2023-Q4,52272.0
Орловская область,рубль,значение показателя за год,2023,43730.0
Орловская область,рубль,I квартал,2024-Q1,46425.0
Орловская область,рубль,II квартал,2024-Q2,52187.0
Орловская область,рубль,III квартал,2024-Q3,54170.0
Орловская область,рубль,IV квартал,2024-Q4,65438.0
Орловская область,рубль,значение показателя за год,2024,54805.0
Орловская область,рубль,I квартал,2025-Q1,51872.0
Орловская область,рубль,II квартал,2025-Q2,63243.0
Орловская область,рубль,III квартал,2025-Q3,64569.0
Орловская область,рубль,IV квартал,2025-Q4,73365.0
Орловская область,рубль,значение показателя за год,2025,63628.0
Орловская область,рубль,I квартал,2026-Q1,57433.0
Рязанская область,рубль,I квартал,2021-Q1,24487.0
Рязанская область,рубль,II квартал,2021-Q2,28921.0
Рязанская область,рубль,III квартал,2021-Q3,30476.0
Рязанская область,рубль,IV квартал,2021-Q4,36040.0
Рязанская область,рубль,значение показателя за год,2021,30142.0
Рязанская область,рубль,I квартал,2022-Q1,27522.0
Рязанская область,рубль,II квартал,2022-Q2,33660.0
Рязанская область,рубль,III квартал,2022-Q3,37063.0
Рязанская область,рубль,IV квартал,2022-Q4,46837.0
Рязанская область,рубль,значение показателя за год,2022,36431.0
Рязанская область,рубль,I квартал,2023-Q1,29821.0
Рязанская область,рубль,II квартал,2023-Q2,36553.0
Рязанская область,рубль,III квартал,2023-Q3,40428.0
Рязанская область,рубль,IV квартал,2023-Q4,52330.0
Рязанская область,рубль,значение показателя за год,2023,39905.0
Рязанская область,рубль,I квартал,2024-Q1,36704.0
Рязанская область,рубль,II квартал,2024-Q2,43357.0
Рязанская область,рубль,III квартал,2024-Q3,49425.0
Рязанская область,рубль,IV квартал,2024-Q4,59734.0
Рязанская область,рубль,значение показателя за год,2024,47477.0
Рязанская область,рубль,I квартал,2025-Q1,43526.0
Рязанская область,рубль,II квартал,2025-Q2,52369.0
Рязанская область,рубль,III квартал,2025-Q3,57296.0
Рязанская область,рубль,IV квартал,2025-Q4,68364.0
Рязанская область,рубль,значение показателя за год,2025,55570.0
Рязанская область,рубль,I квартал,2026-Q1,49495.0
Смоленская область,рубль,I квартал,2021-Q1,26060.0
Смоленская область,рубль,II квартал,2021-Q2,30630.0
Смоленская область,рубль,III квартал,2021-Q3,31208.0
Смоленская область,рубль,IV квартал,2021-Q4,37099.0
Смоленская область,рубль,значение показателя за год,2021,31484.0
Смоленская область,рубль,I квартал,2022-Q1,29842.0
Смоленская область,рубль,II квартал,2022-Q2,35135.0
Смоленская область,рубль,III квартал,2022-Q3,34729.0
Смоленская область,рубль,IV квартал,2022-Q4,41793.0
Смоленская область,рубль,значение показателя за год,2022,35653.0
Смоленская область,рубль,I квартал,2023-Q1,34689.0
Смоленская область,рубль,II квартал,2023-Q2,40731.0
Смоленская область,рубль,III квартал,2023-Q3,41098.0
Смоленская область,рубль,IV квартал,2023-Q4,53531.0
Смоленская область,рубль,значение показателя за год,2023,42734.0
Смоленская область,рубль,I квартал,2024-Q1,43988.0
Смоленская область,рубль,II квартал,2024-Q2,49242.0
Смоленская область,рубль,III квартал,2024-Q3,50184.0
Смоленская область,рубль,IV квартал,2024-Q4,65489.0
Смоленская область,рубль,значение показателя за год,2024,52435.0
Смоленская область,рубль,I квартал,2025-Q1,51980.0
Смоленская область,рубль,II квартал,2025-Q2,59590.0
Смоленская область,рубль,III квартал,2025-Q3,58387.0
Смоленская область,рубль,IV квартал,2025-Q4,73891.0
Смоленская область,рубль,значение показателя за год,2025,61414.0
Смоленская область,рубль,I квартал,2026-Q1,57677.0
Тамбовская область,рубль,I квартал,2021-Q1,25767.0
Тамбовская область,рубль,II квартал,2021-Q2,27034.0
Тамбовская область,рубль,III квартал,2021-Q3,30072.0
Тамбовская область,рубль,IV квартал,2021-Q4,37443.0
Тамбовская область,рубль,значение показателя за год,2021,30290.0
Тамбовская область,рубль,I квартал,2022-Q1,28634.0
Тамбовская область,рубль,II квартал,2022-Q2,32824.0
Тамбовская область,рубль,III квартал,2022-Q3,37406.0
Тамбовская область,рубль,IV квартал,2022-Q4,39351.0
Тамбовская область,рубль,значение показателя за год,2022,34783.0
Тамбовская область,рубль,I квартал,2023-Q1,32443.0
Тамбовская область,рубль,II квартал,2023-Q2,37202.0
Тамбовская область,рубль,III квартал,2023-Q3,41378.0
Тамбовская область,рубль,IV квартал,2023-Q4,45085.0
Тамбовская область,рубль,значение показателя за год,2023,39229.0
Тамбовская область,рубль,I квартал,2024-Q1,38605.0
Тамбовская область,рубль,II квартал,2024-Q2,41865.0
Тамбовская область,рубль,III квартал,2024-Q3,46688.0
Тамбовская область,рубль,IV квартал,2024-Q4,57570.0
Тамбовская область,рубль,значение показателя за год,2024,46416.0
Тамбовская область,рубль,I квартал,2025-Q1,45426.0
Тамбовская область,рубль,II квартал,2025-Q2,50282.0
Тамбовская область,рубль,III квартал,2025-Q3,54612.0
Тамбовская область,рубль,IV квартал,2025-Q4,67008.0
Тамбовская область,рубль,значение показателя за год,2025,54683.0
Тамбовская область,рубль,I квартал,2026-Q1,50798.0
Тверская область,рубль,I квартал,2021-Q1,25105.0
Тверская область,рубль,II квартал,2021-Q2,29851.0
Тверская область,рубль,III квартал,2021-Q3,31468.0
Тверская область,рубль,IV квартал,2021-Q4,35885.0
Тверская область,рубль,значение показателя за год,2021,30773.0
Тверская область,рубль,I квартал,2022-Q1,29884.0
Тверская область,рубль,II квартал,2022-Q2,35918.0
Тверская область,рубль,III квартал,2022-Q3,35966.0
Тверская область,рубль,IV квартал,2022-Q4,42414.0
Тверская область,рубль,значение показателя за год,2022,36265.0
Тверская область,рубль,I квартал,2023-Q1,33845.0
Тверская область,рубль,II квартал,2023-Q2,39960.0
Тверская область,рубль,III квартал,2023-Q3,41029.0
Тверская область,рубль,IV квартал,2023-Q4,49482.0
Тверская область,рубль,значение показателя за год,2023,41274.0
Тверская область,рубль,I квартал,2024-Q1,39542.0
Тверская область,рубль,II квартал,2024-Q2,46338.0
Тверская область,рубль,III квартал,2024-Q3,50011.0
Тверская область,рубль,IV квартал,2024-Q4,59841.0
Тверская область,рубль,значение показателя за год,2024,49121.0
Тверская область,рубль,I квартал,2025-Q1,46393.0
Тверская область,рубль,II квартал,2025-Q2,53395.0
Тверская область,рубль,III квартал,2025-Q3,57213.0
Тверская область,рубль,IV квартал,2025-Q4,68849.0
Тверская область,рубль,значение показателя за год,2025,56791.0
Тверская область,рубль,I квартал,2026-Q1,51830.0
Тульская область,рубль,I квартал,2021-Q1,26746.0
Тульская область,рубль,II квартал,2021-Q2,30285.0
Тульская область,рубль,III квартал,2021-Q3,31422.0
Тульская область,рубль,IV квартал,2021-Q4,34840.0
Тульская область,рубль,значение показателя за год,2021,30935.0
Тульская область,рубль,I квартал,2022-Q1,32245.0
Тульская область,рубль,II квартал,2022-Q2,34997.0
Тульская область,рубль,III квартал,2022-Q3,38359.0
Тульская область,рубль,IV квартал,2022-Q4,42227.0
Тульская область,рубль,значение показателя за год,2022,37146.0
Тульская область,рубль,I квартал,2023-Q1,36239.0
Тульская область,рубль,II квартал,2023-Q2,39442.0
Тульская область,рубль,III квартал,2023-Q3,43324.0
Тульская область,рубль,IV квартал,2023-Q4,49902.0
Тульская область,рубль,значение показателя за год,2023,42375.0
Тульская область,рубль,I квартал,2024-Q1,44849.0
Тульская область,рубль,II квартал,2024-Q2,49432.0
Тульская область,рубль,III квартал,2024-Q3,51809.0
Тульская область,рубль,IV квартал,2024-Q4,60620.0
Тульская область,рубль,значение показателя за год,2024,51931.0
Тульская область,рубль,I квартал,2025-Q1,54688.0
Тульская область,рубль,II квартал,2025-Q2,59624.0
Тульская область,рубль,III квартал,2025-Q3,61348.0
Тульская область,рубль,IV квартал,2025-Q4,67621.0
Тульская область,рубль,значение показателя за год,2025,61103.0
Тульская область,рубль,I квартал,2026-Q1,60376.0
Ярославская область,рубль,I квартал,2021-Q1,26815.0
Ярославская область,рубль,II квартал,2021-Q2,32074.0
Ярославская область,рубль,III квартал,2021-Q3,34399.0
Ярославская область,рубль,IV квартал,2021-Q4,40616.0
Ярославская область,рубль,значение показателя за год,2021,33697.0
Ярославская область,рубль,I квартал,2022-Q1,32995.0
Ярославская область,рубль,II квартал,2022-Q2,38465.0
Ярославская область,рубль,III квартал,2022-Q3,43145.0
Ярославская область,рубль,IV квартал,2022-Q4,47318.0
Ярославская область,рубль,значение показателя за год,2022,40667.0
Ярославская область,рубль,I квартал,2023-Q1,37899.0
Ярославская область,рубль,II квартал,2023-Q2,44347.0
Ярославская область,рубль,III квартал,2023-Q3,49199.0
Ярославская область,рубль,IV квартал,2023-Q4,54740.0
Ярославская область,рубль,значение показателя за год,2023,46684.0
Ярославская область,рубль,I квартал,2024-Q1,45621.0
Ярославская область,рубль,II квартал,2024-Q2,50158.0
Ярославская область,рубль,III квартал,2024-Q3,55241.0
Ярославская область,рубль,IV квартал,2024-Q4,64415.0
Ярославская область,рубль,значение показателя за год,2024,54027.0
Ярославская область,рубль,I квартал,2025-Q1,50705.0
Ярославская область,рубль,II квартал,2025-Q2,59049.0
Ярославская область,рубль,III квартал,2025-Q3,64325.0
Ярославская область,рубль,IV квартал,2025-Q4,71304.0
Ярославская область,рубль,значение показателя за год,2025,61613.0
Ярославская область,рубль,I квартал,2026-Q1,56010.0
Город Москва столица Российской Федерации город федерального значения,рубль,I квартал,2021-Q1,67976.0
Город Москва столица Российской Федерации город федерального значения,рубль,II квартал,2021-Q2,81314.0
Город Москва столица Российской Федерации город федерального значения,рубль,III квартал,2021-Q3,88523.0
Город Москва столица Российской Федерации город федерального значения,рубль,IV квартал,2021-Q4,108476.0
Город Москва столица Российской Федерации город федерального значения,рубль,значение показателя за год,2021,86453.0
Город Москва столица Российской Федерации город федерального значения,рубль,I квартал,2022-Q1,91980.0
Город Москва столица Российской Федерации город федерального значения,рубль,II квартал,2022-Q2,96653.0
Город Москва столица Российской Федерации город федерального значения,рубль,III квартал,2022-Q3,98646.0
Город Москва столица Российской Федерации город федерального значения,рубль,IV квартал,2022-Q4,122694.0
Город Москва столица Российской Федерации город федерального значения,рубль,значение показателя за год,2022,102143.0
Город Москва столица Российской Федерации город федерального значения,рубль,I квартал,2023-Q1,100013.0
Город Москва столица Российской Федерации город федерального значения,рубль,II квартал,2023-Q2,105391.0
Город Москва столица Российской Федерации город федерального значения,рубль,III квартал,2023-Q3,111284.0
Город Москва столица Российской Федерации город федерального значения,рубль,IV квартал,2023-Q4,152539.0
Город Москва столица Российской Федерации город федерального значения,рубль,значение показателя за год,2023,117103.0
Город Москва столица Российской Федерации город федерального значения,рубль,I квартал,2024-Q1,115798.0
Город Москва столица Российской Федерации город федерального значения,рубль,II квартал,2024-Q2,131972.0
Город Москва столица Российской Федерации город федерального значения,рубль,III квартал,2024-Q3,144071.0
Город Москва столица Российской Федерации город федерального значения,рубль,IV квартал,2024-Q4,183553.0
Город Москва столица Российской Федерации город федерального значения,рубль,значение показателя за год,2024,143171.0
Город Москва столица Российской Федерации город федерального значения,рубль,I квартал,2025-Q1,140489.0
Город Москва столица Российской Федерации город федерального значения,рубль,II квартал,2025-Q2,150214.0
Город Москва столица Российской Федерации город федерального значения,рубль,III квартал,2025-Q3,172140.0
Город Москва столица Российской Федерации город федерального значения,рубль,IV квартал,2025-Q4,205291.0
Город Москва столица Российской Федерации город федерального значения,рубль,значение показателя за год,2025,165866.0
Город Москва столица Российской Федерации город федерального значения,рубль,I квартал,2026-Q1,166702.0
Северо-Западный федеральный округ,рубль,I квартал,2021-Q1,36213.0
Северо-Западный федеральный округ,рубль,II квартал,2021-Q2,43867.0
Северо-Западный федеральный округ,рубль,III квартал,2021-Q3,45351.0
Северо-Западный федеральный округ,рубль,IV квартал,2021-Q4,52875.0
Северо-Западный федеральный округ,рубль,значение показателя за год,2021,44623.0
Северо-Западный федеральный округ,рубль,I квартал,2022-Q1,46227.0
Северо-Западный федеральный округ,рубль,II квартал,2022-Q2,50162.0
Северо-Западный федеральный округ,рубль,III квартал,2022-Q3,52314.0
Северо-Западный федеральный округ,рубль,IV квартал,2022-Q4,60797.0
Северо-Западный федеральный округ,рубль,значение показателя за год,2022,52455.0
Северо-Западный федеральный округ,рубль,I квартал,2023-Q1,50867.0
Северо-Западный федеральный округ,рубль,II квартал,2023-Q2,56131.0
Северо-Западный федеральный округ,рубль,III квартал,2023-Q3,58172.0
Северо-Западный федеральный округ,рубль,IV квартал,2023-Q4,69278.0
Северо-Западный федеральный округ,рубль,значение показателя за год,2023,58669.0
Северо-Западный федеральный округ,рубль,I квартал,2024-Q1,61164.0
Северо-Западный федеральный округ,рубль,II квартал,2024-Q2,67418.0
Северо-Западный федеральный округ,рубль,III квартал,2024-Q3,71010.0
Северо-Западный федеральный округ,рубль,IV квартал,2024-Q4,82214.0
Северо-Западный федеральный округ,рубль,значение показателя за год,2024,70360.0
Северо-Западный федеральный округ,рубль,I квартал,2025-Q1,72880.0
Северо-Западный федеральный округ,рубль,II квартал,2025-Q2,80210.0
Северо-Западный федеральный округ,рубль,III квартал,2025-Q3,85009.0
Северо-Западный федеральный округ,рубль,IV квартал,2025-Q4,92771.0
Северо-Западный федеральный округ,рубль,значение показателя за год,2025,82651.0
Северо-Западный федеральный округ,рубль,I квартал,2026-Q1,79930.0
Республика Карелия,рубль,I квартал,2021-Q1,33248.0
Республика Карелия,рубль,II квартал,2021-Q2,37507.0
Республика Карелия,рубль,III квартал,2021-Q3,41392.0
Республика Карелия,рубль,IV квартал,2021-Q4,46229.0
Республика Карелия,рубль,значение показателя за год,2021,39929.0
Республика Карелия,рубль,I квартал,2022-Q1,41133.0
Республика Карелия,рубль,II квартал,2022-Q2,46535.0
Республика Карелия,рубль,III квартал,2022-Q3,47118.0
Республика Карелия,рубль,IV квартал,2022-Q4,48510.0
Республика Карелия,рубль,значение показателя за год,2022,46019.0
Республика Карелия,рубль,I квартал,2023-Q1,45504.0
Республика Карелия,рубль,II квартал,2023-Q2,52272.0
Республика Карелия,рубль,III квартал,2023-Q3,55282.0
Республика Карелия,рубль,IV квартал,2023-Q4,58406.0
Республика Карелия,рубль,значение показателя за год,2023,53068.0
Республика Карелия,рубль,I квартал,2024-Q1,50611.0
Республика Карелия,рубль,II квартал,2024-Q2,58084.0
Республика Карелия,рубль,III квартал,2024-Q3,64907.0
Республика Карелия,рубль,IV квартал,2024-Q4,75490.0
Республика Карелия,рубль,значение показателя за год,2024,62566.0
Республика Карелия,рубль,I квартал,2025-Q1,61560.0
Республика Карелия,рубль,II квартал,2025-Q2,73642.0
Республика Карелия,рубль,III квартал,2025-Q3,79284.0
Республика Карелия,рубль,IV квартал,2025-Q4,82851.0
Республика Карелия,рубль,значение показателя за год,2025,75024.0
Республика Карелия,рубль,I квартал,2026-Q1,68276.0
Республика Коми,рубль,I квартал,2021-Q1,35306.0
Республика Коми,рубль,II квартал,2021-Q2,40079.0
Республика Коми,рубль,III квартал,2021-Q3,41184.0
Республика Коми,рубль,IV квартал,2021-Q4,52017.0
Республика Коми,рубль,значение показателя за год,2021,42603.0
Республика Коми,рубль,I квартал,2022-Q1,41189.0
Республика Коми,рубль,II квартал,2022-Q2,46135.0
Республика Коми,рубль,III квартал,2022-Q3,49963.0
Республика Коми,рубль,IV квартал,2022-Q4,64977.0
Республика Коми,рубль,значение показателя за год,2022,50840.0
Республика Коми,рубль,I квартал,2023-Q1,45061.0
Республика Коми,рубль,II квартал,2023-Q2,50422.0
Республика Коми,рубль,III квартал,2023-Q3,55540.0
Республика Коми,рубль,IV квартал,2023-Q4,72686.0
Республика Коми,рубль,значение показателя за год,2023,56152.0
Республика Коми,рубль,I квартал,2024-Q1,51057.0
Республика Коми,рубль,II квартал,2024-Q2,59123.0
Республика Коми,рубль,III квартал,2024-Q3,63329.0
Республика Коми,рубль,IV квартал,2024-Q4,79211.0
Республика Коми,рубль,значение показателя за год,2024,63437.0
Республика Коми,рубль,I квартал,2025-Q1,58005.0
Республика Коми,рубль,II квартал,2025-Q2,67254.0
Республика Коми,рубль,III квартал,2025-Q3,72231.0
Республика Коми,рубль,IV квартал,2025-Q4,90250.0
Республика Коми,рубль,значение показателя за год,2025,72478.0
Республика Коми,рубль,I квартал,2026-Q1,62995.0
Архангельская область,рубль,I квартал,2021-Q1,38367.0
Архангельская область,рубль,II квартал,2021-Q2,42664.0
Архангельская область,рубль,III квартал,2021-Q3,41587.0
Архангельская область,рубль,IV квартал,2021-Q4,49129.0
Архангельская область,рубль,значение показателя за год,2021,43381.0
Архангельская область,рубль,I квартал,2022-Q1,46588.0
Архангельская область,рубль,II квартал,2022-Q2,49033.0
Архангельская область,рубль,III квартал,2022-Q3,50914.0
Архангельская область,рубль,IV квартал,2022-Q4,60605.0
Архангельская область,рубль,значение показателя за год,2022,52050.0
Архангельская область,рубль,I квартал,2023-Q1,49971.0
Архангельская область,рубль,II квартал,2023-Q2,53935.0
Архангельская область,рубль,III квартал,2023-Q3,58195.0
Архангельская область,рубль,IV квартал,2023-Q4,72875.0
Архангельская область,рубль,значение показателя за год,2023,58967.0
Архангельская область,рубль,I квартал,2024-Q1,58156.0
Архангельская область,рубль,II квартал,2024-Q2,62859.0
Архангельская область,рубль,III квартал,2024-Q3,69814.0
Архангельская область,рубль,IV квартал,2024-Q4,77539.0
Архангельская область,рубль,значение показателя за год,2024,67383.0
Архангельская область,рубль,I квартал,2025-Q1,68130.0
Архангельская область,рубль,II квартал,2025-Q2,68104.0
Архангельская область,рубль,III квартал,2025-Q3,80940.0
Архангельская область,рубль,IV квартал,2025-Q4,85588.0
Архангельская область,рубль,значение показателя за год,2025,76227.0
Архангельская область,рубль,I квартал,2026-Q1,74671.0
Ненецкий автономный округ (Архангельская область),рубль,I квартал,2021-Q1,82277.0
Ненецкий автономный округ (Архангельская область),рубль,II квартал,2021-Q2,97307.0
Ненецкий автономный округ (Архангельская область),рубль,III квартал,2021-Q3,91259.0
Ненецкий автономный округ (Архангельская область),рубль,IV квартал,2021-Q4,99039.0
Ненецкий автономный округ (Архангельская область),рубль,значение показателя за год,2021,92620.0
Ненецкий автономный округ (Архангельская область),рубль,I квартал,2022-Q1,94186.0
Ненецкий автономный округ (Архангельская область),рубль,II квартал,2022-Q2,114675.0
Ненецкий автономный округ (Архангельская область),рубль,III квартал,2022-Q3,122558.0
Ненецкий автономный округ (Архангельская область),рубль,IV квартал,2022-Q4,129689.0
Ненецкий автономный округ (Архангельская область),рубль,значение показателя за год,2022,115336.0
Ненецкий автономный округ (Архангельская область),рубль,I квартал,2023-Q1,107510.0
Ненецкий автономный округ (Архангельская область),рубль,II квартал,2023-Q2,130796.0
Ненецкий автономный округ (Архангельская область),рубль,III квартал,2023-Q3,133810.0
Ненецкий автономный округ (Архангельская область),рубль,IV квартал,2023-Q4,145916.0
Ненецкий автономный округ (Архангельская область),рубль,значение показателя за год,2023,128204.0
Ненецкий автономный округ (Архангельская область),рубль,I квартал,2024-Q1,124598.0
Ненецкий автономный округ (Архангельская область),рубль,II квартал,2024-Q2,130403.0
Ненецкий автономный округ (Архангельская область),рубль,III квартал,2024-Q3,143302.0
Ненецкий автономный округ (Архангельская область),рубль,IV квартал,2024-Q4,173582.0
Ненецкий автономный округ (Архангельская область),рубль,значение показателя за год,2024,143512.0
Ненецкий автономный округ (Архангельская область),рубль,I квартал,2025-Q1,146964.0
Ненецкий автономный округ (Архангельская область),рубль,II квартал,2025-Q2,152014.0
Ненецкий автономный округ (Архангельская область),рубль,III квартал,2025-Q3,172070.0
Ненецкий автономный округ (Архангельская область),рубль,IV квартал,2025-Q4,188798.0
Ненецкий автономный округ (Архангельская область),рубль,значение показателя за год,2025,166716.0
Ненецкий автономный округ (Архангельская область),рубль,I квартал,2026-Q1,159929.0
Архангельская область (кроме Ненецкого автономного округа),рубль,I квартал,2021-Q1,36534.0
Архангельская область (кроме Ненецкого автономного округа),рубль,II квартал,2021-Q2,40383.0
Архангельская область (кроме Ненецкого автономного округа),рубль,III квартал,2021-Q3,39513.0
Архангельская область (кроме Ненецкого автономного округа),рубль,IV квартал,2021-Q4,47046.0
Архангельская область (кроме Ненецкого автономного округа),рубль,значение показателя за год,2021,41307.0
Архангельская область (кроме Ненецкого автономного округа),рубль,I квартал,2022-Q1,44564.0
Архангельская область (кроме Ненецкого автономного округа),рубль,II квартал,2022-Q2,46243.0
Архангельская область (кроме Ненецкого автономного округа),рубль,III квартал,2022-Q3,47869.0
Архангельская область (кроме Ненецкого автономного округа),рубль,IV квартал,2022-Q4,57668.0
Архангельская область (кроме Ненецкого автономного округа),рубль,значение показателя за год,2022,49347.0
Архангельская область (кроме Ненецкого автономного округа),рубль,I квартал,2023-Q1,47501.0
Архангельская область (кроме Ненецкого автономного округа),рубль,II квартал,2023-Q2,50636.0
Архангельская область (кроме Ненецкого автономного округа),рубль,III квартал,2023-Q3,54949.0
Архангельская область (кроме Ненецкого автономного округа),рубль,IV квартал,2023-Q4,69741.0
Архангельская область (кроме Ненецкого автономного округа),рубль,значение показателя за год,2023,55952.0
Архангельская область (кроме Ненецкого автономного округа),рубль,I квартал,2024-Q1,55221.0
Архангельская область (кроме Ненецкого автономного округа),рубль,II квартал,2024-Q2,59875.0
Архангельская область (кроме Ненецкого автономного округа),рубль,III квартал,2024-Q3,66567.0
Архангельская область (кроме Ненецкого автономного округа),рубль,IV квартал,2024-Q4,73296.0
Архангельская область (кроме Ненецкого автономного округа),рубль,значение показателя за год,2024,64019.0
Архангельская область (кроме Ненецкого автономного округа),рубль,I квартал,2025-Q1,64643.0
Архангельская область (кроме Ненецкого автономного округа),рубль,II квартал,2025-Q2,64393.0
Архангельская область (кроме Ненецкого автономного округа),рубль,III квартал,2025-Q3,76909.0
Архангельская область (кроме Ненецкого автономного округа),рубль,IV квартал,2025-Q4,81023.0
Архангельская область (кроме Ненецкого автономного округа),рубль,значение показателя за год,2025,72240.0
Архангельская область (кроме Ненецкого автономного округа),рубль,I квартал,2026-Q1,70928.0
Вологодская область,рубль,I квартал,2021-Q1,26991.0
Вологодская область,рубль,II квартал,2021-Q2,31332.0
Вологодская область,рубль,III квартал,2021-Q3,32381.0
Вологодская область,рубль,IV квартал,2021-Q4,36197.0
Вологодская область,рубль,значение показателя за год,2021,31887.0
Вологодская область,рубль,I квартал,2022-Q1,32989.0
Вологодская область,рубль,II квартал,2022-Q2,34919.0
Вологодская область,рубль,III квартал,2022-Q3,35678.0
Вологодская область,рубль,IV квартал,2022-Q4,44497.0
Вологодская область,рубль,значение показателя за год,2022,37178.0
Вологодская область,рубль,I квартал,2023-Q1,36965.0
Вологодская область,рубль,II квартал,2023-Q2,38881.0
Вологодская область,рубль,III квартал,2023-Q3,40181.0
Вологодская область,рубль,IV квартал,2023-Q4,54245.0
Вологодская область,рубль,значение показателя за год,2023,42708.0
Вологодская область,рубль,I квартал,2024-Q1,42907.0
Вологодская область,рубль,II квартал,2024-Q2,48508.0
Вологодская область,рубль,III квартал,2024-Q3,51607.0
Вологодская область,рубль,IV квартал,2024-Q4,63670.0
Вологодская область,рубль,значение показателя за год,2024,51811.0
Вологодская область,рубль,I квартал,2025-Q1,51340.0
Вологодская область,рубль,II квартал,2025-Q2,54464.0
Вологодская область,рубль,III квартал,2025-Q3,61684.0
Вологодская область,рубль,IV квартал,2025-Q4,72322.0
Вологодская область,рубль,значение показателя за год,2025,60104.0
Вологодская область,рубль,I квартал,2026-Q1,57158.0
Калининградская область,рубль,I квартал,2021-Q1,26621.0
Калининградская область,рубль,II квартал,2021-Q2,31630.0
Калининградская область,рубль,III квартал,2021-Q3,33188.0
Калининградская область,рубль,IV квартал,2021-Q4,36880.0
Калининградская область,рубль,значение показателя за год,2021,31934.0
Калининградская область,рубль,I квартал,2022-Q1,33140.0
Калининградская область,рубль,II квартал,2022-Q2,35376.0
Калининградская область,рубль,III квартал,2022-Q3,35433.0
Калининградская область,рубль,IV квартал,2022-Q4,49460.0
Калининградская область,рубль,значение показателя за год,2022,38327.0
Калининградская область,рубль,I квартал,2023-Q1,36864.0
Калининградская область,рубль,II квартал,2023-Q2,40532.0
Калининградская область,рубль,III квартал,2023-Q3,43487.0
Калининградская область,рубль,IV квартал,2023-Q4,53423.0
Калининградская область,рубль,значение показателя за год,2023,43543.0
Калининградская область,рубль,I квартал,2024-Q1,43315.0
Калининградская область,рубль,II квартал,2024-Q2,48806.0
Калининградская область,рубль,III квартал,2024-Q3,53767.0
Калининградская область,рубль,IV квартал,2024-Q4,68328.0
Калининградская область,рубль,значение показателя за год,2024,53580.0
Калининградская область,рубль,I квартал,2025-Q1,53230.0
Калининградская область,рубль,II квартал,2025-Q2,57087.0
Калининградская область,рубль,III квартал,2025-Q3,64792.0
Калининградская область,рубль,IV квартал,2025-Q4,76658.0
Калининградская область,рубль,значение показателя за год,2025,62918.0
Калининградская область,рубль,I квартал,2026-Q1,58308.0
Ленинградская область,рубль,I квартал,2021-Q1,29914.0
Ленинградская область,рубль,II квартал,2021-Q2,33143.0
Ленинградская область,рубль,III квартал,2021-Q3,37556.0
Ленинградская область,рубль,IV квартал,2021-Q4,41205.0
Ленинградская область,рубль,значение показателя за год,2021,35199.0
Ленинградская область,рубль,I квартал,2022-Q1,34908.0
Ленинградская область,рубль,II квартал,2022-Q2,39605.0
Ленинградская область,рубль,III квартал,2022-Q3,39042.0
Ленинградская область,рубль,IV квартал,2022-Q4,50327.0
Ленинградская область,рубль,значение показателя за год,2022,40790.0
Ленинградская область,рубль,I квартал,2023-Q1,38616.0
Ленинградская область,рубль,II квартал,2023-Q2,43345.0
Ленинградская область,рубль,III квартал,2023-Q3,44170.0
Ленинградская область,рубль,IV квартал,2023-Q4,58370.0
Ленинградская область,рубль,значение показателя за год,2023,45989.0
Ленинградская область,рубль,I квартал,2024-Q1,48895.0
Ленинградская область,рубль,II квартал,2024-Q2,52047.0
Ленинградская область,рубль,III квартал,2024-Q3,53865.0
Ленинградская область,рубль,IV квартал,2024-Q4,65701.0
Ленинградская область,рубль,значение показателя за год,2024,54808.0
Ленинградская область,рубль,I квартал,2025-Q1,59403.0
Ленинградская область,рубль,II квартал,2025-Q2,60777.0
Ленинградская область,рубль,III квартал,2025-Q3,66168.0
Ленинградская область,рубль,IV квартал,2025-Q4,75751.0
Ленинградская область,рубль,значение показателя за год,2025,65151.0
Ленинградская область,рубль,I квартал,2026-Q1,64880.0
Мурманская область,рубль,I квартал,2021-Q1,48804.0
Мурманская область,рубль,II квартал,2021-Q2,52956.0
Мурманская область,рубль,III квартал,2021-Q3,55450.0
Мурманская область,рубль,IV квартал,2021-Q4,62630.0
Мурманская область,рубль,значение показателя за год,2021,55506.0
Мурманская область,рубль,I квартал,2022-Q1,60658.0
Мурманская область,рубль,II квартал,2022-Q2,63243.0
Мурманская область,рубль,III квартал,2022-Q3,67769.0
Мурманская область,рубль,IV квартал,2022-Q4,69866.0
Мурманская область,рубль,значение показателя за год,2022,65707.0
Мурманская область,рубль,I квартал,2023-Q1,68478.0
Мурманская область,рубль,II квартал,2023-Q2,72303.0
Мурманская область,рубль,III квартал,2023-Q3,76824.0
Мурманская область,рубль,IV квартал,2023-Q4,85019.0
Мурманская область,рубль,значение показателя за год,2023,75786.0
Мурманская область,рубль,I квартал,2024-Q1,76995.0
Мурманская область,рубль,II квартал,2024-Q2,84419.0
Мурманская область,рубль,III квартал,2024-Q3,85724.0
Мурманская область,рубль,IV квартал,2024-Q4,98271.0
Мурманская область,рубль,значение показателя за год,2024,86687.0
Мурманская область,рубль,I квартал,2025-Q1,87074.0
Мурманская область,рубль,II квартал,2025-Q2,94818.0
Мурманская область,рубль,III квартал,2025-Q3,95228.0
Мурманская область,рубль,IV квартал,2025-Q4,109053.0
Мурманская область,рубль,значение показателя за год,2025,97104.0
Мурманская область,рубль,I квартал,2026-Q1,95459.0
Новгородская область,рубль,I квартал,2021-Q1,23879.0
Новгородская область,рубль,II квартал,2021-Q2,28118.0
Новгородская область,рубль,III квартал,2021-Q3,29578.0
Новгородская область,рубль,IV квартал,2021-Q4,35820.0
Новгородская область,рубль,значение показателя за год,2021,29517.0
Новгородская область,рубль,I квартал,2022-Q1,27518.0
Новгородская область,рубль,II квартал,2022-Q2,33003.0
Новгородская область,рубль,III квартал,2022-Q3,34564.0
Новгородская область,рубль,IV квартал,2022-Q4,41055.0
Новгородская область,рубль,значение показателя за год,2022,34201.0
Новгородская область,рубль,I квартал,2023-Q1,31046.0
Новгородская область,рубль,II квартал,2023-Q2,36853.0
Новгородская область,рубль,III квартал,2023-Q3,39362.0
Новгородская область,рубль,IV квартал,2023-Q4,47745.0
Новгородская область,рубль,значение показателя за год,2023,38903.0
Новгородская область,рубль,I квартал,2024-Q1,37893.0
Новгородская область,рубль,II квартал,2024-Q2,42804.0
Новгородская область,рубль,III квартал,2024-Q3,45215.0
Новгородская область,рубль,IV квартал,2024-Q4,57956.0
Новгородская область,рубль,значение показателя за год,2024,46148.0
Новгородская область,рубль,I квартал,2025-Q1,44947.0
Новгородская область,рубль,II квартал,2025-Q2,51477.0
Новгородская область,рубль,III квартал,2025-Q3,54480.0
Новгородская область,рубль,IV квартал,2025-Q4,67187.0
Новгородская область,рубль,значение показателя за год,2025,54913.0
Новгородская область,рубль,I квартал,2026-Q1,50744.0
Псковская область,рубль,I квартал,2021-Q1,24191.0
Псковская область,рубль,II квартал,2021-Q2,29650.0
Псковская область,рубль,III квартал,2021-Q3,31414.0
Псковская область,рубль,IV квартал,2021-Q4,34437.0
Псковская область,рубль,значение показателя за год,2021,30127.0
Псковская область,рубль,I квартал,2022-Q1,28474.0
Псковская область,рубль,II квартал,2022-Q2,33597.0
Псковская область,рубль,III квартал,2022-Q3,36090.0
Псковская область,рубль,IV квартал,2022-Q4,40894.0
Псковская область,рубль,значение показателя за год,2022,35031.0
Псковская область,рубль,I квартал,2023-Q1,31977.0
Псковская область,рубль,II квартал,2023-Q2,37529.0
Псковская область,рубль,III квартал,2023-Q3,41211.0
Псковская область,рубль,IV квартал,2023-Q4,47973.0
Псковская область,рубль,значение показателя за год,2023,39898.0
Псковская область,рубль,I квартал,2024-Q1,39519.0
Псковская область,рубль,II квартал,2024-Q2,42645.0
Псковская область,рубль,III квартал,2024-Q3,46894.0
Псковская область,рубль,IV квартал,2024-Q4,57300.0
Псковская область,рубль,значение показателя за год,2024,46858.0
Псковская область,рубль,I квартал,2025-Q1,48335.0
Псковская область,рубль,II квартал,2025-Q2,52259.0
Псковская область,рубль,III квартал,2025-Q3,55751.0
Псковская область,рубль,IV квартал,2025-Q4,66402.0
Псковская область,рубль,значение показателя за год,2025,56229.0
Псковская область,рубль,I квартал,2026-Q1,53847.0
Город Санкт-Петербург город федерального значения,рубль,I квартал,2021-Q1,43174.0
Город Санкт-Петербург город федерального значения,рубль,II квартал,2021-Q2,55921.0
Город Санкт-Петербург город федерального значения,рубль,III квартал,2021-Q3,56587.0
Город Санкт-Петербург город федерального значения,рубль,IV квартал,2021-Q4,67422.0
Город Санкт-Петербург город федерального значения,рубль,значение показателя за год,2021,55679.0
Город Санкт-Петербург город федерального значения,рубль,I квартал,2022-Q1,58565.0
Город Санкт-Петербург город федерального значения,рубль,II квартал,2022-Q2,62819.0
Город Санкт-Петербург город федерального значения,рубль,III квартал,2022-Q3,66332.0
Город Санкт-Петербург город федерального значения,рубль,IV квартал,2022-Q4,73680.0
Город Санкт-Петербург город федерального значения,рубль,значение показателя за год,2022,65395.0
Город Санкт-Петербург город федерального значения,рубль,I квартал,2023-Q1,64048.0
Город Санкт-Петербург город федерального значения,рубль,II квартал,2023-Q2,70636.0
Город Санкт-Петербург город федерального значения,рубль,III квартал,2023-Q3,71695.0
Город Санкт-Петербург город федерального значения,рубль,IV квартал,2023-Q4,81710.0
Город Санкт-Петербург город федерального значения,рубль,значение показателя за год,2023,72037.0
Город Санкт-Петербург город федерального значения,рубль,I квартал,2024-Q1,78171.0
Город Санкт-Петербург город федерального значения,рубль,II квартал,2024-Q2,86080.0
Город Санкт-Петербург город федерального значения,рубль,III квартал,2024-Q3,89503.0
Город Санкт-Петербург город федерального значения,рубль,IV квартал,2024-Q4,99529.0
Город Санкт-Петербург город федерального значения,рубль,значение показателя за год,2024,87888.0
Город Санкт-Петербург город федерального значения,рубль,I квартал,2025-Q1,93043.0
Город Санкт-Петербург город федерального значения,рубль,II квартал,2025-Q2,104994.0
Город Санкт-Петербург город федерального значения,рубль,III квартал,2025-Q3,107882.0
Город Санкт-Петербург город федерального значения,рубль,IV квартал,2025-Q4,111807.0
Город Санкт-Петербург город федерального значения,рубль,значение показателя за год,2025,103838.0
Город Санкт-Петербург город федерального значения,рубль,I квартал,2026-Q1,101438.0
Южный федеральный округ,рубль,I квартал,2021-Q1,27894.0
Южный федеральный округ,рубль,II квартал,2021-Q2,31437.0
Южный федеральный округ,рубль,III квартал,2021-Q3,38169.0
Южный федеральный округ,рубль,IV квартал,2021-Q4,40142.0
Южный федеральный округ,рубль,значение показателя за год,2021,34431.0
Южный федеральный округ,рубль,I квартал,2022-Q1,31820.0
Южный федеральный округ,рубль,II квартал,2022-Q2,37297.0
Южный федеральный округ,рубль,III квартал,2022-Q3,40882.0
Южный федеральный округ,рубль,IV квартал,2022-Q4,50509.0
Южный федеральный округ,рубль,значение показателя за год,2022,40219.0
Южный федеральный округ,рубль,I квартал,2023-Q1,35372.0
Южный федеральный округ,рубль,II квартал,2023-Q2,41082.0
Южный федеральный округ,рубль,III квартал,2023-Q3,45744.0
Южный федеральный округ,рубль,IV квартал,2023-Q4,57957.0
Южный федеральный округ,рубль,значение показателя за год,2023,45063.0
Южный федеральный округ,рубль,I квартал,2024-Q1,42069.0
Южный федеральный округ,рубль,II квартал,2024-Q2,48731.0
Южный федеральный округ,рубль,III квартал,2024-Q3,55424.0
Южный федеральный округ,рубль,IV квартал,2024-Q4,67229.0
Южный федеральный округ,рубль,значение показателя за год,2024,53419.0
Южный федеральный округ,рубль,I квартал,2025-Q1,49754.0
Южный федеральный округ,рубль,II квартал,2025-Q2,58296.0
Южный федеральный округ,рубль,III квартал,2025-Q3,66077.0
Южный федеральный округ,рубль,IV квартал,2025-Q4,76267.0
Южный федеральный округ,рубль,значение показателя за год,2025,62738.0
Южный федеральный округ,рубль,I квартал,2026-Q1,54945.0
Республика Адыгея (Адыгея),рубль,I квартал,2021-Q1,25968.0
Республика Адыгея (Адыгея),рубль,II квартал,2021-Q2,30361.0
Республика Адыгея (Адыгея),рубль,III квартал,2021-Q3,36247.0
Республика Адыгея (Адыгея),рубль,IV квартал,2021-Q4,40007.0
Республика Адыгея (Адыгея),рубль,значение показателя за год,2021,32882.0
Республика Адыгея (Адыгея),рубль,I квартал,2022-Q1,29261.0
Республика Адыгея (Адыгея),рубль,II квартал,2022-Q2,34278.0
Республика Адыгея (Адыгея),рубль,III квартал,2022-Q3,40697.0
Республика Адыгея (Адыгея),рубль,IV квартал,2022-Q4,42228.0
Республика Адыгея (Адыгея),рубль,значение показателя за год,2022,36627.0
Республика Адыгея (Адыгея),рубль,I квартал,2023-Q1,33974.0
Республика Адыгея (Адыгея),рубль,II квартал,2023-Q2,39992.0
Республика Адыгея (Адыгея),рубль,III квартал,2023-Q3,47714.0
Республика Адыгея (Адыгея),рубль,IV квартал,2023-Q4,49503.0
Республика Адыгея (Адыгея),рубль,значение показателя за год,2023,42684.0
Республика Адыгея (Адыгея),рубль,I квартал,2024-Q1,40190.0
Республика Адыгея (Адыгея),рубль,II квартал,2024-Q2,45824.0
Республика Адыгея (Адыгея),рубль,III квартал,2024-Q3,58000.0
Республика Адыгея (Адыгея),рубль,IV квартал,2024-Q4,64909.0
Республика Адыгея (Адыгея),рубль,значение показателя за год,2024,52224.0
Республика Адыгея (Адыгея),рубль,I квартал,2025-Q1,47530.0
Республика Адыгея (Адыгея),рубль,II квартал,2025-Q2,56317.0
Республика Адыгея (Адыгея),рубль,III квартал,2025-Q3,66735.0
Республика Адыгея (Адыгея),рубль,IV квартал,2025-Q4,72379.0
Республика Адыгея (Адыгея),рубль,значение показателя за год,2025,60614.0
Республика Адыгея (Адыгея),рубль,I квартал,2026-Q1,51589.0
Республика Калмыкия,рубль,I квартал,2021-Q1,18005.0
Республика Калмыкия,рубль,II квартал,2021-Q2,20012.0
Республика Калмыкия,рубль,III квартал,2021-Q3,22338.0
Республика Калмыкия,рубль,IV квартал,2021-Q4,24913.0
Республика Калмыкия,рубль,значение показателя за год,2021,21415.0
Республика Калмыкия,рубль,I квартал,2022-Q1,19080.0
Республика Калмыкия,рубль,II квартал,2022-Q2,23575.0
Республика Калмыкия,рубль,III квартал,2022-Q3,24442.0
Республика Калмыкия,рубль,IV квартал,2022-Q4,27637.0
Республика Калмыкия,рубль,значение показателя за год,2022,23771.0
Республика Калмыкия,рубль,I квартал,2023-Q1,22966.0
Республика Калмыкия,рубль,II квартал,2023-Q2,28233.0
Республика Калмыкия,рубль,III квартал,2023-Q3,29734.0
Республика Калмыкия,рубль,IV квартал,2023-Q4,34103.0
Республика Калмыкия,рубль,значение показателя за год,2023,28635.0
Республика Калмыкия,рубль,I квартал,2024-Q1,30070.0
Республика Калмыкия,рубль,II квартал,2024-Q2,35326.0
Республика Калмыкия,рубль,III квартал,2024-Q3,37315.0
Республика Калмыкия,рубль,IV квартал,2024-Q4,39257.0
Республика Калмыкия,рубль,значение показателя за год,2024,35438.0
Республика Калмыкия,рубль,I квартал,2025-Q1,37884.0
Республика Калмыкия,рубль,II квартал,2025-Q2,42434.0
Республика Калмыкия,рубль,III квартал,2025-Q3,44117.0
Республика Калмыкия,рубль,IV квартал,2025-Q4,43287.0
Республика Калмыкия,рубль,значение показателя за год,2025,42121.0
Республика Калмыкия,рубль,I квартал,2026-Q1,44975.0
Республика Крым,рубль,I квартал,2021-Q1,19682.0
Республика Крым,рубль,II квартал,2021-Q2,24446.0
Республика Крым,рубль,III квартал,2021-Q3,30627.0
Республика Крым,рубль,IV квартал,2021-Q4,28971.0
Республика Крым,рубль,значение показателя за год,2021,25937.0
Республика Крым,рубль,I квартал,2022-Q1,22206.0
Республика Крым,рубль,II квартал,2022-Q2,27770.0
Республика Крым,рубль,III квартал,2022-Q3,31936.0
Республика Крым,рубль,IV квартал,2022-Q4,36912.0
Республика Крым,рубль,значение показателя за год,2022,29817.0
Республика Крым,рубль,I квартал,2023-Q1,24879.0
Республика Крым,рубль,II квартал,2023-Q2,30599.0
Республика Крым,рубль,III квартал,2023-Q3,35040.0
Республика Крым,рубль,IV квартал,2023-Q4,40732.0
Республика Крым,рубль,значение показателя за год,2023,32875.0
Республика Крым,рубль,I квартал,2024-Q1,30324.0
Республика Крым,рубль,II квартал,2024-Q2,37755.0
Республика Крым,рубль,III квартал,2024-Q3,42154.0
Республика Крым,рубль,IV квартал,2024-Q4,44533.0
Республика Крым,рубль,значение показателя за год,2024,38765.0
Республика Крым,рубль,I квартал,2025-Q1,35383.0
Республика Крым,рубль,II квартал,2025-Q2,45276.0
Республика Крым,рубль,III квартал,2025-Q3,49694.0
Республика Крым,рубль,IV квартал,2025-Q4,51403.0
Республика Крым,рубль,значение показателя за год,2025,45617.0
Республика Крым,рубль,I квартал,2026-Q1,40050.0
Краснодарский край (с учетом ФТ «Сириус»),рубль,I квартал,2026-Q1,69541.0
Краснодарский край,рубль,I квартал,2021-Q1,34929.0
Краснодарский край,рубль,II квартал,2021-Q2,38452.0
Краснодарский край,рубль,III квартал,2021-Q3,48415.0
Краснодарский край,рубль,IV квартал,2021-Q4,47355.0
Краснодарский край,рубль,значение показателя за год,2021,42228.0
Краснодарский край,рубль,I квартал,2022-Q1,39780.0
Краснодарский край,рубль,II квартал,2022-Q2,46234.0
Краснодарский край,рубль,III квартал,2022-Q3,42029.0
Краснодарский край,рубль,IV квартал,2022-Q4,66483.0
Краснодарский край,рубль,значение показателя за год,2022,48684.0
Краснодарский край,рубль,I квартал,2023-Q1,44507.0
Краснодарский край,рубль,II квартал,2023-Q2,50785.0
Краснодарский край,рубль,III квартал,2023-Q3,48506.0
Краснодарский край,рубль,IV квартал,2023-Q4,74966.0
Краснодарский край,рубль,значение показателя за год,2023,54627.0
Краснодарский край,рубль,I квартал,2024-Q1,52876.0
Краснодарский край,рубль,II квартал,2024-Q2,59393.0
Краснодарский край,рубль,III квартал,2024-Q3,62687.0
Краснодарский край,рубль,IV квартал,2024-Q4,85190.0
Краснодарский край,рубль,значение показателя за год,2024,64985.0
Краснодарский край,рубль,I квартал,2025-Q1,63654.0
Краснодарский край,рубль,II квартал,2025-Q2,71728.0
Краснодарский край,рубль,III квартал,2025-Q3,77993.0
Краснодарский край,рубль,IV квартал,2025-Q4,95851.0
Краснодарский край,рубль,значение показателя за год,2025,77290.0
Астраханская область,рубль,I квартал,2021-Q1,23487.0
Астраханская область,рубль,II квартал,2021-Q2,26594.0
Астраханская область,рубль,III квартал,2021-Q3,27130.0
Астраханская область,рубль,IV квартал,2021-Q4,32845.0
Астраханская область,рубль,значение показателя за год,2021,27675.0
Астраханская область,рубль,I квартал,2022-Q1,26550.0
Астраханская область,рубль,II квартал,2022-Q2,30603.0
Астраханская область,рубль,III квартал,2022-Q3,34519.0
Астраханская область,рубль,IV квартал,2022-Q4,40377.0
Астраханская область,рубль,значение показателя за год,2022,33137.0
Астраханская область,рубль,I квартал,2023-Q1,29033.0
Астраханская область,рубль,II квартал,2023-Q2,33725.0
Астраханская область,рубль,III квартал,2023-Q3,38181.0
Астраханская область,рубль,IV квартал,2023-Q4,45116.0
Астраханская область,рубль,значение показателя за год,2023,36593.0
Астраханская область,рубль,I квартал,2024-Q1,36876.0
Астраханская область,рубль,II квартал,2024-Q2,38609.0
Астраханская область,рубль,III квартал,2024-Q3,41671.0
Астраханская область,рубль,IV квартал,2024-Q4,49338.0
Астраханская область,рубль,значение показателя за год,2024,41620.0
Астраханская область,рубль,I квартал,2025-Q1,40829.0
Астраханская область,рубль,II квартал,2025-Q2,45475.0
Астраханская область,рубль,III квартал,2025-Q3,46820.0
Астраханская область,рубль,IV квартал,2025-Q4,56500.0
Астраханская область,рубль,значение показателя за год,2025,47649.0
Астраханская область,рубль,I квартал,2026-Q1,44533.0
Волгоградская область,рубль,I квартал,2021-Q1,22041.0
Волгоградская область,рубль,II квартал,2021-Q2,22977.0
Волгоградская область,рубль,III квартал,2021-Q3,28807.0
Волгоградская область,рубль,IV квартал,2021-Q4,34630.0
Волгоградская область,рубль,значение показателя за год,2021,27226.0
Волгоградская область,рубль,I квартал,2022-Q1,25476.0
Волгоградская область,рубль,II квартал,2022-Q2,28628.0
Волгоградская область,рубль,III квартал,2022-Q3,39188.0
Волгоградская область,рубль,IV квартал,2022-Q4,36804.0
Волгоградская область,рубль,значение показателя за год,2022,32673.0
Волгоградская область,рубль,I квартал,2023-Q1,26985.0
Волгоградская область,рубль,II квартал,2023-Q2,30586.0
Волгоградская область,рубль,III квартал,2023-Q3,41688.0
Волгоградская область,рубль,IV квартал,2023-Q4,42576.0
Волгоградская область,рубль,значение показателя за год,2023,35575.0
Волгоградская область,рубль,I квартал,2024-Q1,31588.0
Волгоградская область,рубль,II квартал,2024-Q2,36818.0
Волгоградская область,рубль,III квартал,2024-Q3,43909.0
Волгоградская область,рубль,IV квартал,2024-Q4,54221.0
Волгоградская область,рубль,значение показателя за год,2024,41803.0
Волгоградская область,рубль,I квартал,2025-Q1,38046.0
Волгоградская область,рубль,II квартал,2025-Q2,44589.0
Волгоградская область,рубль,III квартал,2025-Q3,51462.0
Волгоградская область,рубль,IV квартал,2025-Q4,61287.0
Волгоградская область,рубль,значение показателя за год,2025,49124.0
Волгоградская область,рубль,I квартал,2026-Q1,42107.0
Ростовская область,рубль,I квартал,2021-Q1,27498.0
Ростовская область,рубль,II квартал,2021-Q2,32391.0
Ростовская область,рубль,III квартал,2021-Q3,37259.0
Ростовская область,рубль,IV квартал,2021-Q4,41423.0
Ростовская область,рубль,значение показателя за год,2021,34743.0
Ростовская область,рубль,I квартал,2022-Q1,31729.0
Ростовская область,рубль,II квартал,2022-Q2,38178.0
Ростовская область,рубль,III квартал,2022-Q3,47786.0
Ростовская область,рубль,IV квартал,2022-Q4,47267.0
Ростовская область,рубль,значение показателя за год,2022,41377.0
Ростовская область,рубль,I квартал,2023-Q1,35331.0
Ростовская область,рубль,II квартал,2023-Q2,42299.0
Ростовская область,рубль,III квартал,2023-Q3,52719.0
Ростовская область,рубль,IV квартал,2023-Q4,56740.0
Ростовская область,рубль,значение показателя за год,2023,46840.0
Ростовская область,рубль,I квартал,2024-Q1,41544.0
Ростовская область,рубль,II квартал,2024-Q2,50413.0
Ростовская область,рубль,III квартал,2024-Q3,63030.0
Ростовская область,рубль,IV квартал,2024-Q4,68019.0
Ростовская область,рубль,значение показателя за год,2024,55854.0
Ростовская область,рубль,I квартал,2025-Q1,48023.0
Ростовская область,рубль,II квартал,2025-Q2,59179.0
Ростовская область,рубль,III квартал,2025-Q3,72583.0
Ростовская область,рубль,IV квартал,2025-Q4,77858.0
Ростовская область,рубль,значение показателя за год,2025,64572.0
Ростовская область,рубль,I квартал,2026-Q1,53177.0
Город федерального значения Севастополь,рубль,I квартал,2021-Q1,26402.0
Город федерального значения Севастополь,рубль,II квартал,2021-Q2,28136.0
Город федерального значения Севастополь,рубль,III квартал,2021-Q3,34880.0
Город федерального значения Севастополь,рубль,IV квартал,2021-Q4,38852.0
Город федерального значения Севастополь,рубль,значение показателя за год,2021,31603.0
Город федерального значения Севастополь,рубль,I квартал,2022-Q1,28276.0
Город федерального значения Севастополь,рубль,II квартал,2022-Q2,29563.0
Город федерального значения Севастополь,рубль,III квартал,2022-Q3,34371.0
Город федерального значения Севастополь,рубль,IV квартал,2022-Q4,51915.0
Город федерального значения Севастополь,рубль,значение показателя за год,2022,35679.0
Город федерального значения Севастополь,рубль,I квартал,2023-Q1,31500.0
Город федерального значения Севастополь,рубль,II квартал,2023-Q2,32873.0
Город федерального значения Севастополь,рубль,III квартал,2023-Q3,38312.0
Город федерального значения Севастополь,рубль,IV квартал,2023-Q4,57632.0
Город федерального значения Севастополь,рубль,значение показателя за год,2023,39968.0
Город федерального значения Севастополь,рубль,I квартал,2024-Q1,35544.0
Город федерального значения Севастополь,рубль,II квартал,2024-Q2,40943.0
Город федерального значения Севастополь,рубль,III квартал,2024-Q3,48660.0
Город федерального значения Севастополь,рубль,IV квартал,2024-Q4,54353.0
Город федерального значения Севастополь,рубль,значение показателя за год,2024,44998.0
Город федерального значения Севастополь,рубль,I квартал,2025-Q1,39958.0
Город федерального значения Севастополь,рубль,II квартал,2025-Q2,46428.0
Город федерального значения Севастополь,рубль,III квартал,2025-Q3,55283.0
Город федерального значения Севастополь,рубль,IV квартал,2025-Q4,62373.0
Город федерального значения Севастополь,рубль,значение показателя за год,2025,51167.0
Город федерального значения Севастополь,рубль,I квартал,2026-Q1,46060.0
Северо-Кавказский федеральный округ,рубль,I квартал,2021-Q1,21829.0
Северо-Кавказский федеральный округ,рубль,II квартал,2021-Q2,23154.0
Северо-Кавказский федеральный округ,рубль,III квартал,2021-Q3,27474.0
Северо-Кавказский федеральный округ,рубль,IV квартал,2021-Q4,33057.0
Северо-Кавказский федеральный округ,рубль,значение показателя за год,2021,26323.0
Северо-Кавказский федеральный округ,рубль,I квартал,2022-Q1,24424.0
Северо-Кавказский федеральный округ,рубль,II квартал,2022-Q2,26952.0
Северо-Кавказский федеральный округ,рубль,III квартал,2022-Q3,30160.0
Северо-Кавказский федеральный округ,рубль,IV квартал,2022-Q4,47985.0
Северо-Кавказский федеральный округ,рубль,значение показателя за год,2022,32330.0
Северо-Кавказский федеральный округ,рубль,I квартал,2023-Q1,26900.0
Северо-Кавказский федеральный округ,рубль,II квартал,2023-Q2,29962.0
Северо-Кавказский федеральный округ,рубль,III квартал,2023-Q3,33121.0
Северо-Кавказский федеральный округ,рубль,IV квартал,2023-Q4,52038.0
Северо-Кавказский федеральный округ,рубль,значение показателя за год,2023,35426.0
Северо-Кавказский федеральный округ,рубль,I квартал,2024-Q1,31448.0
Северо-Кавказский федеральный округ,рубль,II квартал,2024-Q2,35296.0
Северо-Кавказский федеральный округ,рубль,III квартал,2024-Q3,39179.0
Северо-Кавказский федеральный округ,рубль,IV квартал,2024-Q4,57375.0
Северо-Кавказский федеральный округ,рубль,значение показателя за год,2024,40706.0
Северо-Кавказский федеральный округ,рубль,I квартал,2025-Q1,37041.0
Северо-Кавказский федеральный округ,рубль,II квартал,2025-Q2,42196.0
Северо-Кавказский федеральный округ,рубль,III квартал,2025-Q3,45521.0
Северо-Кавказский федеральный округ,рубль,IV квартал,2025-Q4,63291.0
Северо-Кавказский федеральный округ,рубль,значение показателя за год,2025,46887.0
Северо-Кавказский федеральный округ,рубль,I квартал,2026-Q1,39980.0
Республика Дагестан,рубль,I квартал,2021-Q1,23027.0
Республика Дагестан,рубль,II квартал,2021-Q2,25266.0
Республика Дагестан,рубль,III квартал,2021-Q3,31755.0
Республика Дагестан,рубль,IV квартал,2021-Q4,40177.0
Республика Дагестан,рубль,значение показателя за год,2021,29952.0
Республика Дагестан,рубль,I квартал,2022-Q1,26181.0
Республика Дагестан,рубль,II квартал,2022-Q2,29281.0
Республика Дагестан,рубль,III квартал,2022-Q3,26888.0
Республика Дагестан,рубль,IV квартал,2022-Q4,68613.0
Республика Дагестан,рубль,значение показателя за год,2022,37606.0
Республика Дагестан,рубль,I квартал,2023-Q1,27420.0
Республика Дагестан,рубль,II квартал,2023-Q2,30823.0
Республика Дагестан,рубль,III квартал,2023-Q3,29377.0
Республика Дагестан,рубль,IV квартал,2023-Q4,71677.0
Республика Дагестан,рубль,значение показателя за год,2023,39686.0
Республика Дагестан,рубль,I квартал,2024-Q1,31691.0
Республика Дагестан,рубль,II квартал,2024-Q2,36306.0
Республика Дагестан,рубль,III квартал,2024-Q3,38711.0
Республика Дагестан,рубль,IV квартал,2024-Q4,74765.0
Республика Дагестан,рубль,значение показателя за год,2024,45175.0
Республика Дагестан,рубль,I квартал,2025-Q1,37152.0
Республика Дагестан,рубль,II квартал,2025-Q2,44145.0
Республика Дагестан,рубль,III квартал,2025-Q3,45254.0
Республика Дагестан,рубль,IV квартал,2025-Q4,81578.0
Республика Дагестан,рубль,значение показателя за год,2025,51868.0
Республика Дагестан,рубль,I квартал,2026-Q1,40439.0
Республика Ингушетия,рубль,I квартал,2021-Q1,14985.0
Республика Ингушетия,рубль,II квартал,2021-Q2,17339.0
Республика Ингушетия,рубль,III квартал,2021-Q3,18966.0
Республика Ингушетия,рубль,IV квартал,2021-Q4,23540.0
Республика Ингушетия,рубль,значение показателя за год,2021,18573.0
Республика Ингушетия,рубль,I квартал,2022-Q1,16196.0
Республика Ингушетия,рубль,II квартал,2022-Q2,19569.0
Республика Ингушетия,рубль,III квартал,2022-Q3,20231.0
Республика Ингушетия,рубль,IV квартал,2022-Q4,36892.0
Республика Ингушетия,рубль,значение показателя за год,2022,23047.0
Республика Ингушетия,рубль,I квартал,2023-Q1,17226.0
Республика Ингушетия,рубль,II квартал,2023-Q2,21081.0
Республика Ингушетия,рубль,III квартал,2023-Q3,21530.0
Республика Ингушетия,рубль,IV квартал,2023-Q4,38587.0
Республика Ингушетия,рубль,значение показателя за год,2023,24414.0
Республика Ингушетия,рубль,I квартал,2024-Q1,20508.0
Республика Ингушетия,рубль,II квартал,2024-Q2,24200.0
Республика Ингушетия,рубль,III квартал,2024-Q3,27267.0
Республика Ингушетия,рубль,IV квартал,2024-Q4,38022.0
Республика Ингушетия,рубль,значение показателя за год,2024,27311.0
Республика Ингушетия,рубль,I квартал,2025-Q1,23003.0
Республика Ингушетия,рубль,II квартал,2025-Q2,26801.0
Республика Ингушетия,рубль,III квартал,2025-Q3,29537.0
Республика Ингушетия,рубль,IV квартал,2025-Q4,42454.0
Республика Ингушетия,рубль,значение показателя за год,2025,30260.0
Республика Ингушетия,рубль,I квартал,2026-Q1,24186.0
Кабардино-Балкарская Республика,рубль,I квартал,2021-Q1,21586.0
Кабардино-Балкарская Республика,рубль,II квартал,2021-Q2,21572.0
Кабардино-Балкарская Республика,рубль,III квартал,2021-Q3,25863.0
Кабардино-Балкарская Республика,рубль,IV квартал,2021-Q4,31152.0
Кабардино-Балкарская Республика,рубль,значение показателя за год,2021,24991.0
Кабардино-Балкарская Республика,рубль,I квартал,2022-Q1,23238.0
Кабардино-Балкарская Республика,рубль,II квартал,2022-Q2,27248.0
Кабардино-Балкарская Республика,рубль,III квартал,2022-Q3,32064.0
Кабардино-Балкарская Республика,рубль,IV квартал,2022-Q4,56406.0
Кабардино-Балкарская Республика,рубль,значение показателя за год,2022,34759.0
Кабардино-Балкарская Республика,рубль,I квартал,2023-Q1,30279.0
Кабардино-Балкарская Республика,рубль,II квартал,2023-Q2,33223.0
Кабардино-Балкарская Республика,рубль,III квартал,2023-Q3,38654.0
Кабардино-Балкарская Республика,рубль,IV квартал,2023-Q4,53825.0
Кабардино-Балкарская Республика,рубль,значение показателя за год,2023,38948.0
Кабардино-Балкарская Республика,рубль,I квартал,2024-Q1,33528.0
Кабардино-Балкарская Республика,рубль,II квартал,2024-Q2,37435.0
Кабардино-Балкарская Республика,рубль,III квартал,2024-Q3,46371.0
Кабардино-Балкарская Республика,рубль,IV квартал,2024-Q4,65293.0
Кабардино-Балкарская Республика,рубль,значение показателя за год,2024,45587.0
Кабардино-Балкарская Республика,рубль,I квартал,2025-Q1,41582.0
Кабардино-Балкарская Республика,рубль,II квартал,2025-Q2,46760.0
Кабардино-Балкарская Республика,рубль,III квартал,2025-Q3,54833.0
Кабардино-Балкарская Республика,рубль,IV квартал,2025-Q4,72891.0
Кабардино-Балкарская Республика,рубль,значение показателя за год,2025,53963.0
Кабардино-Балкарская Республика,рубль,I квартал,2026-Q1,45030.0
Карачаево-Черкесская Республика,рубль,I квартал,2021-Q1,16927.0
Карачаево-Черкесская Республика,рубль,II квартал,2021-Q2,17760.0
Карачаево-Черкесская Республика,рубль,III квартал,2021-Q3,20686.0
Карачаево-Черкесская Республика,рубль,IV квартал,2021-Q4,25552.0
Карачаево-Черкесская Республика,рубль,значение показателя за год,2021,20256.0
Карачаево-Черкесская Республика,рубль,I квартал,2022-Q1,19010.0
Карачаево-Черкесская Республика,рубль,II квартал,2022-Q2,20991.0
Карачаево-Черкесская Республика,рубль,III квартал,2022-Q3,25348.0
Карачаево-Черкесская Республика,рубль,IV квартал,2022-Q4,26729.0
Карачаево-Черкесская Республика,рубль,значение показателя за год,2022,23035.0
Карачаево-Черкесская Республика,рубль,I квартал,2023-Q1,20746.0
Карачаево-Черкесская Республика,рубль,II квартал,2023-Q2,23208.0
Карачаево-Черкесская Республика,рубль,III квартал,2023-Q3,28272.0
Карачаево-Черкесская Республика,рубль,IV квартал,2023-Q4,30236.0
Карачаево-Черкесская Республика,рубль,значение показателя за год,2023,25619.0
Карачаево-Черкесская Республика,рубль,I квартал,2024-Q1,25520.0
Карачаево-Черкесская Республика,рубль,II квартал,2024-Q2,26944.0
Карачаево-Черкесская Республика,рубль,III квартал,2024-Q3,31776.0
Карачаево-Черкесская Республика,рубль,IV квартал,2024-Q4,35634.0
Карачаево-Черкесская Республика,рубль,значение показателя за год,2024,29960.0
Карачаево-Черкесская Республика,рубль,I квартал,2025-Q1,31059.0
Карачаево-Черкесская Республика,рубль,II квартал,2025-Q2,32312.0
Карачаево-Черкесская Республика,рубль,III квартал,2025-Q3,36915.0
Карачаево-Черкесская Республика,рубль,IV квартал,2025-Q4,39893.0
Карачаево-Черкесская Республика,рубль,значение показателя за год,2025,35081.0
Карачаево-Черкесская Республика,рубль,I квартал,2026-Q1,33941.0
Республика Северная Осетия-Алания,рубль,I квартал,2021-Q1,21962.0
Республика Северная Осетия-Алания,рубль,II квартал,2021-Q2,23776.0
Республика Северная Осетия-Алания,рубль,III квартал,2021-Q3,26555.0
Республика Северная Осетия-Алания,рубль,IV квартал,2021-Q4,31218.0
Республика Северная Осетия-Алания,рубль,значение показателя за год,2021,25980.0
Республика Северная Осетия-Алания,рубль,I квартал,2022-Q1,26039.0
Республика Северная Осетия-Алания,рубль,II квартал,2022-Q2,29931.0
Республика Северная Осетия-Алания,рубль,III квартал,2022-Q3,32589.0
Республика Северная Осетия-Алания,рубль,IV квартал,2022-Q4,34120.0
Республика Северная Осетия-Алания,рубль,значение показателя за год,2022,30774.0
Республика Северная Осетия-Алания,рубль,I квартал,2023-Q1,29002.0
Республика Северная Осетия-Алания,рубль,II квартал,2023-Q2,33494.0
Республика Северная Осетия-Алания,рубль,III квартал,2023-Q3,37100.0
Республика Северная Осетия-Алания,рубль,IV квартал,2023-Q4,41315.0
Республика Северная Осетия-Алания,рубль,значение показателя за год,2023,35276.0
Республика Северная Осетия-Алания,рубль,I квартал,2024-Q1,35633.0
Республика Северная Осетия-Алания,рубль,II квартал,2024-Q2,38298.0
Республика Северная Осетия-Алания,рубль,III квартал,2024-Q3,40574.0
Республика Северная Осетия-Алания,рубль,IV квартал,2024-Q4,47614.0
Республика Северная Осетия-Алания,рубль,значение показателя за год,2024,40531.0
Республика Северная Осетия-Алания,рубль,I квартал,2025-Q1,40322.0
Республика Северная Осетия-Алания,рубль,II квартал,2025-Q2,48044.0
Республика Северная Осетия-Алания,рубль,III квартал,2025-Q3,46768.0
Республика Северная Осетия-Алания,рубль,IV квартал,2025-Q4,54883.0
Республика Северная Осетия-Алания,рубль,значение показателя за год,2025,47533.0
Республика Северная Осетия-Алания,рубль,I квартал,2026-Q1,43643.0
Чеченская Республика,рубль,I квартал,2021-Q1,22241.0
Чеченская Республика,рубль,II квартал,2021-Q2,23562.0
Чеченская Республика,рубль,III квартал,2021-Q3,27814.0
Чеченская Республика,рубль,IV квартал,2021-Q4,32719.0
Чеченская Республика,рубль,значение показателя за год,2021,26425.0
Чеченская Республика,рубль,I квартал,2022-Q1,25228.0
Чеченская Республика,рубль,II квартал,2022-Q2,25882.0
Чеченская Республика,рубль,III квартал,2022-Q3,34871.0
Чеченская Республика,рубль,IV квартал,2022-Q4,37778.0
Чеченская Республика,рубль,значение показателя за год,2022,30751.0
Чеченская Республика,рубль,I квартал,2023-Q1,29555.0
Чеченская Республика,рубль,II квартал,2023-Q2,32287.0
Чеченская Республика,рубль,III квартал,2023-Q3,37113.0
Чеченская Республика,рубль,IV квартал,2023-Q4,45648.0
Чеченская Республика,рубль,значение показателя за год,2023,35920.0
Чеченская Республика,рубль,I квартал,2024-Q1,32898.0
Чеченская Республика,рубль,II квартал,2024-Q2,36855.0
Чеченская Республика,рубль,III квартал,2024-Q3,41637.0
Чеченская Республика,рубль,IV квартал,2024-Q4,53043.0
Чеченская Республика,рубль,значение показателя за год,2024,40797.0
Чеченская Республика,рубль,I квартал,2025-Q1,38299.0
Чеченская Республика,рубль,II квартал,2025-Q2,43632.0
Чеченская Республика,рубль,III квартал,2025-Q3,47623.0
Чеченская Республика,рубль,IV квартал,2025-Q4,58370.0
Чеченская Республика,рубль,значение показателя за год,2025,46457.0
Чеченская Республика,рубль,I квартал,2026-Q1,40602.0
Ставропольский край,рубль,I квартал,2021-Q1,22337.0
Ставропольский край,рубль,II квартал,2021-Q2,22868.0
Ставропольский край,рубль,III квартал,2021-Q3,25927.0
Ставропольский край,рубль,IV квартал,2021-Q4,29368.0
Ставропольский край,рубль,значение показателя за год,2021,25133.0
Ставропольский край,рубль,I квартал,2022-Q1,24389.0
Ставропольский край,рубль,II квартал,2022-Q2,26422.0
Ставропольский край,рубль,III квартал,2022-Q3,32655.0
Ставропольский край,рубль,IV квартал,2022-Q4,36702.0
Ставропольский край,рубль,значение показателя за год,2022,30100.0
Ставропольский край,рубль,I квартал,2023-Q1,26096.0
Ставропольский край,рубль,II квартал,2023-Q2,28610.0
Ставропольский край,рубль,III квартал,2023-Q3,35361.0
Ставропольский край,рубль,IV квартал,2023-Q4,41537.0
Ставропольский край,рубль,значение показателя за год,2023,32930.0
Ставропольский край,рубль,I квартал,2024-Q1,31720.0
Ставропольский край,рубль,II квартал,2024-Q2,35330.0
Ставропольский край,рубль,III квартал,2024-Q3,39173.0
Ставропольский край,рубль,IV квартал,2024-Q4,47108.0
Ставропольский край,рубль,значение показателя за год,2024,38344.0
Ставропольский край,рубль,I квартал,2025-Q1,37597.0
Ставропольский край,рубль,II квартал,2025-Q2,40854.0
Ставропольский край,рубль,III квартал,2025-Q3,45810.0
Ставропольский край,рубль,IV квартал,2025-Q4,51932.0
Ставропольский край,рубль,значение показателя за год,2025,44109.0
Ставропольский край,рубль,I квартал,2026-Q1,40598.0
Приволжский федеральный округ,рубль,I квартал,2021-Q1,26436.0
Приволжский федеральный округ,рубль,II квартал,2021-Q2,29764.0
Приволжский федеральный округ,рубль,III квартал,2021-Q3,31464.0
Приволжский федеральный округ,рубль,IV квартал,2021-Q4,36995.0
Приволжский федеральный округ,рубль,значение показателя за год,2021,31285.0
Приволжский федеральный округ,рубль,I квартал,2022-Q1,31228.0
Приволжский федеральный округ,рубль,II квартал,2022-Q2,35768.0
Приволжский федеральный округ,рубль,III квартал,2022-Q3,36553.0
Приволжский федеральный округ,рубль,IV квартал,2022-Q4,44664.0
Приволжский федеральный округ,рубль,значение показателя за год,2022,37173.0
Приволжский федеральный округ,рубль,I квартал,2023-Q1,34972.0
Приволжский федеральный округ,рубль,II квартал,2023-Q2,39600.0
Приволжский федеральный округ,рубль,III квартал,2023-Q3,40704.0
Приволжский федеральный округ,рубль,IV квартал,2023-Q4,51369.0
Приволжский федеральный округ,рубль,значение показателя за год,2023,41765.0
Приволжский федеральный округ,рубль,I квартал,2024-Q1,42690.0
Приволжский федеральный округ,рубль,II квартал,2024-Q2,46879.0
Приволжский федеральный округ,рубль,III квартал,2024-Q3,49074.0
Приволжский федеральный округ,рубль,IV квартал,2024-Q4,59315.0
Приволжский федеральный округ,рубль,значение показателя за год,2024,49604.0
Приволжский федеральный округ,рубль,I квартал,2025-Q1,50115.0
Приволжский федеральный округ,рубль,II квартал,2025-Q2,55873.0
Приволжский федеральный округ,рубль,III квартал,2025-Q3,58024.0
Приволжский федеральный округ,рубль,IV квартал,2025-Q4,68119.0
Приволжский федеральный округ,рубль,значение показателя за год,2025,58238.0
Приволжский федеральный округ,рубль,I квартал,2026-Q1,55297.0
Республика Башкортостан,рубль,I квартал,2021-Q1,27398.0
Республика Башкортостан,рубль,II квартал,2021-Q2,28834.0
Республика Башкортостан,рубль,III квартал,2021-Q3,31102.0
Республика Башкортостан,рубль,IV квартал,2021-Q4,40336.0
Республика Башкортостан,рубль,значение показателя за год,2021,31935.0
Республика Башкортостан,рубль,I квартал,2022-Q1,30650.0
Республика Башкортостан,рубль,II квартал,2022-Q2,34642.0
Республика Башкортостан,рубль,III квартал,2022-Q3,37098.0
Республика Башкортостан,рубль,IV квартал,2022-Q4,43212.0
Республика Башкортостан,рубль,значение показателя за год,2022,36463.0
Республика Башкортостан,рубль,I квартал,2023-Q1,33669.0
Республика Башкортостан,рубль,II квартал,2023-Q2,37103.0
Республика Башкортостан,рубль,III квартал,2023-Q3,39910.0
Республика Башкортостан,рубль,IV квартал,2023-Q4,49148.0
Республика Башкортостан,рубль,значение показателя за год,2023,40022.0
Республика Башкортостан,рубль,I квартал,2024-Q1,41692.0
Республика Башкортостан,рубль,II квартал,2024-Q2,42687.0
Республика Башкортостан,рубль,III квартал,2024-Q3,44273.0
Республика Башкортостан,рубль,IV квартал,2024-Q4,59717.0
Республика Башкортостан,рубль,значение показателя за год,2024,47220.0
Республика Башкортостан,рубль,I квартал,2025-Q1,48076.0
Республика Башкортостан,рубль,II квартал,2025-Q2,50118.0
Республика Башкортостан,рубль,III квартал,2025-Q3,51128.0
Республика Башкортостан,рубль,IV квартал,2025-Q4,66618.0
Республика Башкортостан,рубль,значение показателя за год,2025,54198.0
Республика Башкортостан,рубль,I квартал,2026-Q1,52058.0
Республика Марий Эл,рубль,I квартал,2021-Q1,19867.0
Республика Марий Эл,рубль,II квартал,2021-Q2,22655.0
Республика Марий Эл,рубль,III квартал,2021-Q3,23171.0
Республика Марий Эл,рубль,IV квартал,2021-Q4,26170.0
Республика Марий Эл,рубль,значение показателя за год,2021,23024.0
Республика Марий Эл,рубль,I квартал,2022-Q1,24693.0
Республика Марий Эл,рубль,II квартал,2022-Q2,26209.0
Республика Марий Эл,рубль,III квартал,2022-Q3,27561.0
Республика Марий Эл,рубль,IV квартал,2022-Q4,30314.0
Республика Марий Эл,рубль,значение показателя за год,2022,27276.0
Республика Марий Эл,рубль,I квартал,2023-Q1,26787.0
Республика Марий Эл,рубль,II квартал,2023-Q2,29189.0
Республика Марий Эл,рубль,III квартал,2023-Q3,31223.0
Республика Марий Эл,рубль,IV квартал,2023-Q4,36627.0
Республика Марий Эл,рубль,значение показателя за год,2023,31013.0
Республика Марий Эл,рубль,I квартал,2024-Q1,32469.0
Республика Марий Эл,рубль,II квартал,2024-Q2,34434.0
Республика Марий Эл,рубль,III квартал,2024-Q3,35982.0
Республика Марий Эл,рубль,IV квартал,2024-Q4,43767.0
Республика Марий Эл,рубль,значение показателя за год,2024,36763.0
Республика Марий Эл,рубль,I квартал,2025-Q1,39167.0
Республика Марий Эл,рубль,II квартал,2025-Q2,42178.0
Республика Марий Эл,рубль,III квартал,2025-Q3,42420.0
Республика Марий Эл,рубль,IV квартал,2025-Q4,49605.0
Республика Марий Эл,рубль,значение показателя за год,2025,43497.0
Республика Марий Эл,рубль,I квартал,2026-Q1,43129.0
Республика Мордовия,рубль,I квартал,2021-Q1,19805.0
Республика Мордовия,рубль,II квартал,2021-Q2,21964.0
Республика Мордовия,рубль,III квартал,2021-Q3,23167.0
Республика Мордовия,рубль,IV квартал,2021-Q4,25074.0
Республика Мордовия,рубль,значение показателя за год,2021,22607.0
Республика Мордовия,рубль,I квартал,2022-Q1,25776.0
Республика Мордовия,рубль,II квартал,2022-Q2,26200.0
Республика Мордовия,рубль,III квартал,2022-Q3,27180.0
Республика Мордовия,рубль,IV квартал,2022-Q4,29894.0
Республика Мордовия,рубль,значение показателя за год,2022,27439.0
Республика Мордовия,рубль,I квартал,2023-Q1,27698.0
Республика Мордовия,рубль,II квартал,2023-Q2,28519.0
Республика Мордовия,рубль,III квартал,2023-Q3,30462.0
Республика Мордовия,рубль,IV квартал,2023-Q4,35474.0
Республика Мордовия,рубль,значение показателя за год,2023,30647.0
Республика Мордовия,рубль,I квартал,2024-Q1,32497.0
Республика Мордовия,рубль,II квартал,2024-Q2,34796.0
Республика Мордовия,рубль,III квартал,2024-Q3,37313.0
Республика Мордовия,рубль,IV квартал,2024-Q4,42169.0
Республика Мордовия,рубль,значение показателя за год,2024,36862.0
Республика Мордовия,рубль,I квартал,2025-Q1,39613.0
Республика Мордовия,рубль,II квартал,2025-Q2,42248.0
Республика Мордовия,рубль,III квартал,2025-Q3,45270.0
Республика Мордовия,рубль,IV квартал,2025-Q4,48703.0
Республика Мордовия,рубль,значение показателя за год,2025,44143.0
Республика Мордовия,рубль,I квартал,2026-Q1,43367.0
Республика Татарстан (Татарстан),рубль,I квартал,2021-Q1,31875.0
Республика Татарстан (Татарстан),рубль,II квартал,2021-Q2,35891.0
Республика Татарстан (Татарстан),рубль,III квартал,2021-Q3,40067.0
Республика Татарстан (Татарстан),рубль,IV квартал,2021-Q4,46616.0
Республика Татарстан (Татарстан),рубль,значение показателя за год,2021,38601.0
Республика Татарстан (Татарстан),рубль,I квартал,2022-Q1,37148.0
Республика Татарстан (Татарстан),рубль,II квартал,2022-Q2,45645.0
Республика Татарстан (Татарстан),рубль,III квартал,2022-Q3,41690.0
Республика Татарстан (Татарстан),рубль,IV квартал,2022-Q4,59282.0
Республика Татарстан (Татарстан),рубль,значение показателя за год,2022,45932.0
Республика Татарстан (Татарстан),рубль,I квартал,2023-Q1,42721.0
Республика Татарстан (Татарстан),рубль,II квартал,2023-Q2,50769.0
Республика Татарстан (Татарстан),рубль,III квартал,2023-Q3,46970.0
Республика Татарстан (Татарстан),рубль,IV квартал,2023-Q4,69671.0
Республика Татарстан (Татарстан),рубль,значение показателя за год,2023,52524.0
Республика Татарстан (Татарстан),рубль,I квартал,2024-Q1,53130.0
Республика Татарстан (Татарстан),рубль,II квартал,2024-Q2,60513.0
Республика Татарстан (Татарстан),рубль,III квартал,2024-Q3,63121.0
Республика Татарстан (Татарстан),рубль,IV квартал,2024-Q4,72863.0
Республика Татарстан (Татарстан),рубль,значение показателя за год,2024,62278.0
Республика Татарстан (Татарстан),рубль,I квартал,2025-Q1,62577.0
Республика Татарстан (Татарстан),рубль,II квартал,2025-Q2,72306.0
Республика Татарстан (Татарстан),рубль,III квартал,2025-Q3,74798.0
Республика Татарстан (Татарстан),рубль,IV квартал,2025-Q4,88342.0
Республика Татарстан (Татарстан),рубль,значение показателя за год,2025,74504.0
Республика Татарстан (Татарстан),рубль,I квартал,2026-Q1,69999.0
Удмуртская Республика,рубль,I квартал,2021-Q1,23835.0
Удмуртская Республика,рубль,II квартал,2021-Q2,26945.0
Удмуртская Республика,рубль,III квартал,2021-Q3,28088.0
Удмуртская Республика,рубль,IV квартал,2021-Q4,34052.0
Удмуртская Республика,рубль,значение показателя за год,2021,28346.0
Удмуртская Республика,рубль,I квартал,2022-Q1,30268.0
Удмуртская Республика,рубль,II квартал,2022-Q2,33701.0
Удмуртская Республика,рубль,III квартал,2022-Q3,33497.0
Удмуртская Республика,рубль,IV квартал,2022-Q4,37501.0
Удмуртская Республика,рубль,значение показателя за год,2022,33820.0
Удмуртская Республика,рубль,I квартал,2023-Q1,34274.0
Удмуртская Республика,рубль,II квартал,2023-Q2,38090.0
Удмуртская Республика,рубль,III квартал,2023-Q3,38540.0
Удмуртская Республика,рубль,IV квартал,2023-Q4,44438.0
Удмуртская Республика,рубль,значение показателя за год,2023,38939.0
Удмуртская Республика,рубль,I квартал,2024-Q1,42319.0
Удмуртская Республика,рубль,II квартал,2024-Q2,45889.0
Удмуртская Республика,рубль,III квартал,2024-Q3,47275.0
Удмуртская Республика,рубль,IV квартал,2024-Q4,55283.0
Удмуртская Республика,рубль,значение показателя за год,2024,47813.0
Удмуртская Республика,рубль,I квартал,2025-Q1,49521.0
Удмуртская Республика,рубль,II квартал,2025-Q2,55301.0
Удмуртская Республика,рубль,III квартал,2025-Q3,57902.0
Удмуртская Республика,рубль,IV квартал,2025-Q4,64250.0
Удмуртская Республика,рубль,значение показателя за год,2025,56979.0
Удмуртская Республика,рубль,I квартал,2026-Q1,55958.0
Чувашская Республика - Чувашия,рубль,I квартал,2021-Q1,19293.0
Чувашская Республика - Чувашия,рубль,II квартал,2021-Q2,23611.0
Чувашская Республика - Чувашия,рубль,III квартал,2021-Q3,24215.0
Чувашская Республика - Чувашия,рубль,IV квартал,2021-Q4,28147.0
Чувашская Республика - Чувашия,рубль,значение показателя за год,2021,23926.0
Чувашская Республика - Чувашия,рубль,I квартал,2022-Q1,24556.0
Чувашская Республика - Чувашия,рубль,II квартал,2022-Q2,27441.0
Чувашская Республика - Чувашия,рубль,III квартал,2022-Q3,28842.0
Чувашская Республика - Чувашия,рубль,IV квартал,2022-Q4,33449.0
Чувашская Республика - Чувашия,рубль,значение показателя за год,2022,28702.0
Чувашская Республика - Чувашия,рубль,I квартал,2023-Q1,28757.0
Чувашская Республика - Чувашия,рубль,II квартал,2023-Q2,32432.0
Чувашская Республика - Чувашия,рубль,III квартал,2023-Q3,34569.0
Чувашская Республика - Чувашия,рубль,IV квартал,2023-Q4,40403.0
Чувашская Республика - Чувашия,рубль,значение показателя за год,2023,34129.0
Чувашская Республика - Чувашия,рубль,I квартал,2024-Q1,34042.0
Чувашская Республика - Чувашия,рубль,II квартал,2024-Q2,38822.0
Чувашская Республика - Чувашия,рубль,III квартал,2024-Q3,40592.0
Чувашская Республика - Чувашия,рубль,IV квартал,2024-Q4,46528.0
Чувашская Республика - Чувашия,рубль,значение показателя за год,2024,40121.0
Чувашская Республика - Чувашия,рубль,I квартал,2025-Q1,40411.0
Чувашская Республика - Чувашия,рубль,II квартал,2025-Q2,46363.0
Чувашская Республика - Чувашия,рубль,III квартал,2025-Q3,48384.0
Чувашская Республика - Чувашия,рубль,IV квартал,2025-Q4,52929.0
Чувашская Республика - Чувашия,рубль,значение показателя за год,2025,47224.0
Чувашская Республика - Чувашия,рубль,I квартал,2026-Q1,43875.0
Пермский край,рубль,I квартал,2021-Q1,27725.0
Пермский край,рубль,II квартал,2021-Q2,31208.0
Пермский край,рубль,III квартал,2021-Q3,32613.0
Пермский край,рубль,IV квартал,2021-Q4,40345.0
Пермский край,рубль,значение показателя за год,2021,33139.0
Пермский край,рубль,I квартал,2022-Q1,33164.0
Пермский край,рубль,II квартал,2022-Q2,36962.0
Пермский край,рубль,III квартал,2022-Q3,38734.0
Пермский край,рубль,IV квартал,2022-Q4,49680.0
Пермский край,рубль,значение показателя за год,2022,39767.0
Пермский край,рубль,I квартал,2023-Q1,37118.0
Пермский край,рубль,II квартал,2023-Q2,42051.0
Пермский край,рубль,III квартал,2023-Q3,44070.0
Пермский край,рубль,IV квартал,2023-Q4,58841.0
Пермский край,рубль,значение показателя за год,2023,45639.0
Пермский край,рубль,I квартал,2024-Q1,45492.0
Пермский край,рубль,II квартал,2024-Q2,49951.0
Пермский край,рубль,III квартал,2024-Q3,52276.0
Пермский край,рубль,IV квартал,2024-Q4,67255.0
Пермский край,рубль,значение показателя за год,2024,53869.0
Пермский край,рубль,I квартал,2025-Q1,52084.0
Пермский край,рубль,II квартал,2025-Q2,57202.0
Пермский край,рубль,III квартал,2025-Q3,60982.0
Пермский край,рубль,IV квартал,2025-Q4,75358.0
Пермский край,рубль,значение показателя за год,2025,61588.0
Пермский край,рубль,I квартал,2026-Q1,57119.0
Кировская область,рубль,I квартал,2021-Q1,23941.0
Кировская область,рубль,II квартал,2021-Q2,27808.0
Кировская область,рубль,III квартал,2021-Q3,28889.0
Кировская область,рубль,IV квартал,2021-Q4,32290.0
Кировская область,рубль,значение показателя за год,2021,28519.0
Кировская область,рубль,I квартал,2022-Q1,28942.0
Кировская область,рубль,II квартал,2022-Q2,33161.0
Кировская область,рубль,III квартал,2022-Q3,35321.0
Кировская область,рубль,IV квартал,2022-Q4,42610.0
Кировская область,рубль,значение показателя за год,2022,35178.0
Кировская область,рубль,I квартал,2023-Q1,32437.0
Кировская область,рубль,II квартал,2023-Q2,36836.0
Кировская область,рубль,III квартал,2023-Q3,37691.0
Кировская область,рубль,IV квартал,2023-Q4,45594.0
Кировская область,рубль,значение показателя за год,2023,38277.0
Кировская область,рубль,I квартал,2024-Q1,37508.0
Кировская область,рубль,II квартал,2024-Q2,42473.0
Кировская область,рубль,III квартал,2024-Q3,45040.0
Кировская область,рубль,IV квартал,2024-Q4,53486.0
Кировская область,рубль,значение показателя за год,2024,44816.0
Кировская область,рубль,I квартал,2025-Q1,43753.0
Кировская область,рубль,II квартал,2025-Q2,50702.0
Кировская область,рубль,III квартал,2025-Q3,53742.0
Кировская область,рубль,IV квартал,2025-Q4,60210.0
Кировская область,рубль,значение показателя за год,2025,52441.0
Кировская область,рубль,I квартал,2026-Q1,48888.0
Нижегородская область,рубль,I квартал,2021-Q1,32023.0
Нижегородская область,рубль,II квартал,2021-Q2,36679.0
Нижегородская область,рубль,III квартал,2021-Q3,38827.0
Нижегородская область,рубль,IV квартал,2021-Q4,43329.0
Нижегородская область,рубль,значение показателя за год,2021,37929.0
Нижегородская область,рубль,I квартал,2022-Q1,38468.0
Нижегородская область,рубль,II квартал,2022-Q2,44285.0
Нижегородская область,рубль,III квартал,2022-Q3,45324.0
Нижегородская область,рубль,IV квартал,2022-Q4,53420.0
Нижегородская область,рубль,значение показателя за год,2022,45573.0
Нижегородская область,рубль,I квартал,2023-Q1,42345.0
Нижегородская область,рубль,II квартал,2023-Q2,49113.0
Нижегородская область,рубль,III квартал,2023-Q3,50537.0
Нижегородская область,рубль,IV квартал,2023-Q4,59702.0
Нижегородская область,рубль,значение показателя за год,2023,50601.0
Нижегородская область,рубль,I квартал,2024-Q1,51299.0
Нижегородская область,рубль,II квартал,2024-Q2,58156.0
Нижегородская область,рубль,III квартал,2024-Q3,61772.0
Нижегородская область,рубль,IV квартал,2024-Q4,73048.0
Нижегородская область,рубль,значение показателя за год,2024,61278.0
Нижегородская область,рубль,I квартал,2025-Q1,61945.0
Нижегородская область,рубль,II квартал,2025-Q2,70248.0
Нижегородская область,рубль,III квартал,2025-Q3,73040.0
Нижегородская область,рубль,IV квартал,2025-Q4,82953.0
Нижегородская область,рубль,значение показателя за год,2025,72320.0
Нижегородская область,рубль,I квартал,2026-Q1,67480.0
Оренбургская область,рубль,I квартал,2021-Q1,24119.0
Оренбургская область,рубль,II квартал,2021-Q2,25774.0
Оренбургская область,рубль,III квартал,2021-Q3,27893.0
Оренбургская область,рубль,IV квартал,2021-Q4,31341.0
Оренбургская область,рубль,значение показателя за год,2021,27454.0
Оренбургская область,рубль,I квартал,2022-Q1,28927.0
Оренбургская область,рубль,II квартал,2022-Q2,29883.0
Оренбургская область,рубль,III квартал,2022-Q3,33116.0
Оренбургская область,рубль,IV квартал,2022-Q4,39451.0
Оренбургская область,рубль,значение показателя за год,2022,32972.0
Оренбургская область,рубль,I квартал,2023-Q1,32543.0
Оренбургская область,рубль,II квартал,2023-Q2,32676.0
Оренбургская область,рубль,III квартал,2023-Q3,36271.0
Оренбургская область,рубль,IV квартал,2023-Q4,45026.0
Оренбургская область,рубль,значение показателя за год,2023,36756.0
Оренбургская область,рубль,I квартал,2024-Q1,39042.0
Оренбургская область,рубль,II квартал,2024-Q2,40949.0
Оренбургская область,рубль,III квартал,2024-Q3,42722.0
Оренбургская область,рубль,IV квартал,2024-Q4,47982.0
Оренбургская область,рубль,значение показателя за год,2024,42812.0
Оренбургская область,рубль,I квартал,2025-Q1,45607.0
Оренбургская область,рубль,II квартал,2025-Q2,48644.0
Оренбургская область,рубль,III квартал,2025-Q3,51047.0
Оренбургская область,рубль,IV квартал,2025-Q4,56877.0
Оренбургская область,рубль,значение показателя за год,2025,50802.0
Оренбургская область,рубль,I квартал,2026-Q1,50926.0
Пензенская область,рубль,I квартал,2021-Q1,24768.0
Пензенская область,рубль,II квартал,2021-Q2,26190.0
Пензенская область,рубль,III квартал,2021-Q3,27019.0
Пензенская область,рубль,IV квартал,2021-Q4,27990.0
Пензенская область,рубль,значение показателя за год,2021,26676.0
Пензенская область,рубль,I квартал,2022-Q1,28702.0
Пензенская область,рубль,II квартал,2022-Q2,30455.0
Пензенская область,рубль,III квартал,2022-Q3,32322.0
Пензенская область,рубль,IV квартал,2022-Q4,36069.0
Пензенская область,рубль,значение показателя за год,2022,32072.0
Пензенская область,рубль,I квартал,2023-Q1,31914.0
Пензенская область,рубль,II квартал,2023-Q2,34163.0
Пензенская область,рубль,III квартал,2023-Q3,37158.0
Пензенская область,рубль,IV квартал,2023-Q4,41868.0
Пензенская область,рубль,значение показателя за год,2023,36429.0
Пензенская область,рубль,I квартал,2024-Q1,38272.0
Пензенская область,рубль,II квартал,2024-Q2,41904.0
Пензенская область,рубль,III квартал,2024-Q3,44883.0
Пензенская область,рубль,IV квартал,2024-Q4,47845.0
Пензенская область,рубль,значение показателя за год,2024,43388.0
Пензенская область,рубль,I квартал,2025-Q1,46064.0
Пензенская область,рубль,II квартал,2025-Q2,49739.0
Пензенская область,рубль,III квартал,2025-Q3,52997.0
Пензенская область,рубль,IV квартал,2025-Q4,55674.0
Пензенская область,рубль,значение показателя за год,2025,51380.0
Пензенская область,рубль,I квартал,2026-Q1,51628.0
Самарская область,рубль,I квартал,2021-Q1,27098.0
Самарская область,рубль,II квартал,2021-Q2,31669.0
Самарская область,рубль,III квартал,2021-Q3,31634.0
Самарская область,рубль,IV квартал,2021-Q4,38575.0
Самарская область,рубль,значение показателя за год,2021,32343.0
Самарская область,рубль,I квартал,2022-Q1,31778.0
Самарская область,рубль,II квартал,2022-Q2,37095.0
Самарская область,рубль,III квартал,2022-Q3,37320.0
Самарская область,рубль,IV квартал,2022-Q4,47056.0
Самарская область,рубль,значение показателя за год,2022,38444.0
Самарская область,рубль,I квартал,2023-Q1,35349.0
Самарская область,рубль,II квартал,2023-Q2,41046.0
Самарская область,рубль,III квартал,2023-Q3,41909.0
Самарская область,рубль,IV квартал,2023-Q4,52096.0
Самарская область,рубль,значение показателя за год,2023,42701.0
Самарская область,рубль,I квартал,2024-Q1,45064.0
Самарская область,рубль,II квартал,2024-Q2,47971.0
Самарская область,рубль,III квартал,2024-Q3,50736.0
Самарская область,рубль,IV квартал,2024-Q4,60738.0
Самарская область,рубль,значение показателя за год,2024,51253.0
Самарская область,рубль,I квартал,2025-Q1,51886.0
Самарская область,рубль,II квартал,2025-Q2,57631.0
Самарская область,рубль,III квартал,2025-Q3,59379.0
Самарская область,рубль,IV квартал,2025-Q4,68118.0
Самарская область,рубль,значение показателя за год,2025,59390.0
Самарская область,рубль,I квартал,2026-Q1,56356.0
Саратовская область,рубль,I квартал,2021-Q1,21190.0
Саратовская область,рубль,II квартал,2021-Q2,24978.0
Саратовская область,рубль,III квартал,2021-Q3,25765.0
Саратовская область,рубль,IV квартал,2021-Q4,29581.0
Саратовская область,рубль,значение показателя за год,2021,25517.0
Саратовская область,рубль,I квартал,2022-Q1,24464.0
Саратовская область,рубль,II квартал,2022-Q2,28504.0
Саратовская область,рубль,III квартал,2022-Q3,30951.0
Саратовская область,рубль,IV квартал,2022-Q4,36593.0
Саратовская область,рубль,значение показателя за год,2022,30290.0
Саратовская область,рубль,I квартал,2023-Q1,26974.0
Саратовская область,рубль,II квартал,2023-Q2,31226.0
Саратовская область,рубль,III квартал,2023-Q3,33620.0
Саратовская область,рубль,IV квартал,2023-Q4,41021.0
Саратовская область,рубль,значение показателя за год,2023,33348.0
Саратовская область,рубль,I квартал,2024-Q1,31170.0
Саратовская область,рубль,II квартал,2024-Q2,36161.0
Саратовская область,рубль,III квартал,2024-Q3,37475.0
Саратовская область,рубль,IV квартал,2024-Q4,47694.0
Саратовская область,рубль,значение показателя за год,2024,38251.0
Саратовская область,рубль,I квартал,2025-Q1,36907.0
Саратовская область,рубль,II квартал,2025-Q2,43010.0
Саратовская область,рубль,III квартал,2025-Q3,45116.0
Саратовская область,рубль,IV квартал,2025-Q4,54448.0
Саратовская область,рубль,значение показателя за год,2025,45112.0
Саратовская область,рубль,I квартал,2026-Q1,41798.0
Ульяновская область,рубль,I квартал,2021-Q1,22852.0
Ульяновская область,рубль,II квартал,2021-Q2,26779.0
Ульяновская область,рубль,III квартал,2021-Q3,27858.0
Ульяновская область,рубль,IV квартал,2021-Q4,30268.0
Ульяновская область,рубль,значение показателя за год,2021,27112.0
Ульяновская область,рубль,I квартал,2022-Q1,26238.0
Ульяновская область,рубль,II квартал,2022-Q2,32812.0
Ульяновская область,рубль,III квартал,2022-Q3,32979.0
Ульяновская область,рубль,IV квартал,2022-Q4,34086.0
Ульяновская область,рубль,значение показателя за год,2022,31670.0
Ульяновская область,рубль,I квартал,2023-Q1,30592.0
Ульяновская область,рубль,II квартал,2023-Q2,34882.0
Ульяновская область,рубль,III квартал,2023-Q3,35000.0
Ульяновская область,рубль,IV квартал,2023-Q4,42162.0
Ульяновская область,рубль,значение показателя за год,2023,35783.0
Ульяновская область,рубль,I квартал,2024-Q1,36064.0
Ульяновская область,рубль,II квартал,2024-Q2,40752.0
Ульяновская область,рубль,III квартал,2024-Q3,40991.0
Ульяновская область,рубль,IV квартал,2024-Q4,51903.0
Ульяновская область,рубль,значение показателя за год,2024,42563.0
Ульяновская область,рубль,I квартал,2025-Q1,42176.0
Ульяновская область,рубль,II квартал,2025-Q2,49850.0
Ульяновская область,рубль,III квартал,2025-Q3,48503.0
Ульяновская область,рубль,IV квартал,2025-Q4,58580.0
Ульяновская область,рубль,значение показателя за год,2025,50044.0
Ульяновская область,рубль,I квартал,2026-Q1,46310.0
Уральский федеральный округ,рубль,I квартал,2021-Q1,34893.0
Уральский федеральный округ,рубль,II квартал,2021-Q2,40129.0
Уральский федеральный округ,рубль,III квартал,2021-Q3,40578.0
Уральский федеральный округ,рубль,IV квартал,2021-Q4,45178.0
Уральский федеральный округ,рубль,значение показателя за год,2021,40251.0
Уральский федеральный округ,рубль,I квартал,2022-Q1,40674.0
Уральский федеральный округ,рубль,II квартал,2022-Q2,46820.0
Уральский федеральный округ,рубль,III квартал,2022-Q3,49939.0
Уральский федеральный округ,рубль,IV квартал,2022-Q4,52230.0
Уральский федеральный округ,рубль,значение показателя за год,2022,47466.0
Уральский федеральный округ,рубль,I квартал,2023-Q1,45690.0
Уральский федеральный округ,рубль,II квартал,2023-Q2,52700.0
Уральский федеральный округ,рубль,III квартал,2023-Q3,55497.0
Уральский федеральный округ,рубль,IV квартал,2023-Q4,60099.0
Уральский федеральный округ,рубль,значение показателя за год,2023,53489.0
Уральский федеральный округ,рубль,I квартал,2024-Q1,56086.0
Уральский федеральный округ,рубль,II квартал,2024-Q2,61894.0
Уральский федеральный округ,рубль,III квартал,2024-Q3,63280.0
Уральский федеральный округ,рубль,IV квартал,2024-Q4,72411.0
Уральский федеральный округ,рубль,значение показателя за год,2024,63365.0
Уральский федеральный округ,рубль,I квартал,2025-Q1,63736.0
Уральский федеральный округ,рубль,II квартал,2025-Q2,71952.0
Уральский федеральный округ,рубль,III квартал,2025-Q3,72618.0
Уральский федеральный округ,рубль,IV квартал,2025-Q4,83837.0
Уральский федеральный округ,рубль,значение показателя за год,2025,73100.0
Уральский федеральный округ,рубль,I квартал,2026-Q1,68827.0
Курганская область,рубль,I квартал,2021-Q1,21886.0
Курганская область,рубль,II квартал,2021-Q2,22761.0
Курганская область,рубль,III квартал,2021-Q3,24822.0
Курганская область,рубль,IV квартал,2021-Q4,28362.0
Курганская область,рубль,значение показателя за год,2021,24710.0
Курганская область,рубль,I квартал,2022-Q1,25509.0
Курганская область,рубль,II квартал,2022-Q2,28138.0
Курганская область,рубль,III квартал,2022-Q3,30006.0
Курганская область,рубль,IV квартал,2022-Q4,34867.0
Курганская область,рубль,значение показателя за год,2022,29838.0
Курганская область,рубль,I квартал,2023-Q1,29570.0
Курганская область,рубль,II квартал,2023-Q2,32533.0
Курганская область,рубль,III квартал,2023-Q3,35415.0
Курганская область,рубль,IV квартал,2023-Q4,40944.0
Курганская область,рубль,значение показателя за год,2023,34812.0
Курганская область,рубль,I квартал,2024-Q1,36435.0
Курганская область,рубль,II квартал,2024-Q2,39276.0
Курганская область,рубль,III квартал,2024-Q3,41398.0
Курганская область,рубль,IV квартал,2024-Q4,47928.0
Курганская область,рубль,значение показателя за год,2024,41494.0
Курганская область,рубль,I квартал,2025-Q1,42328.0
Курганская область,рубль,II квартал,2025-Q2,46868.0
Курганская область,рубль,III квартал,2025-Q3,49710.0
Курганская область,рубль,IV квартал,2025-Q4,55761.0
Курганская область,рубль,значение показателя за год,2025,49110.0
Курганская область,рубль,I квартал,2026-Q1,45924.0
Свердловская область,рубль,I квартал,2021-Q1,33103.0
Свердловская область,рубль,II квартал,2021-Q2,38965.0
Свердловская область,рубль,III квартал,2021-Q3,41576.0
Свердловская область,рубль,IV квартал,2021-Q4,46996.0
Свердловская область,рубль,значение показателя за год,2021,40281.0
Свердловская область,рубль,I квартал,2022-Q1,39120.0
Свердловская область,рубль,II квартал,2022-Q2,46521.0
Свердловская область,рубль,III квартал,2022-Q3,51038.0
Свердловская область,рубль,IV квартал,2022-Q4,51216.0
Свердловская область,рубль,значение показателя за год,2022,47109.0
Свердловская область,рубль,I квартал,2023-Q1,43839.0
Свердловская область,рубль,II квартал,2023-Q2,52440.0
Свердловская область,рубль,III квартал,2023-Q3,57691.0
Свердловская область,рубль,IV квартал,2023-Q4,59267.0
Свердловская область,рубль,значение показателя за год,2023,53413.0
Свердловская область,рубль,I квартал,2024-Q1,54006.0
Свердловская область,рубль,II квартал,2024-Q2,61136.0
Свердловская область,рубль,III квартал,2024-Q3,66849.0
Свердловская область,рубль,IV квартал,2024-Q4,76701.0
Свердловская область,рубль,значение показателя за год,2024,64683.0
Свердловская область,рубль,I квартал,2025-Q1,64361.0
Свердловская область,рубль,II квартал,2025-Q2,72572.0
Свердловская область,рубль,III квартал,2025-Q3,77070.0
Свердловская область,рубль,IV квартал,2025-Q4,85872.0
Свердловская область,рубль,значение показателя за год,2025,75016.0
Свердловская область,рубль,I квартал,2026-Q1,69880.0
Тюменская область,рубль,I квартал,2021-Q1,48708.0
Тюменская область,рубль,II квартал,2021-Q2,55905.0
Тюменская область,рубль,III квартал,2021-Q3,52014.0
Тюменская область,рубль,IV квартал,2021-Q4,56669.0
Тюменская область,рубль,значение показателя за год,2021,53105.0
Тюменская область,рубль,I квартал,2022-Q1,55426.0
Тюменская область,рубль,II квартал,2022-Q2,63356.0
Тюменская область,рубль,III квартал,2022-Q3,62466.0
Тюменская область,рубль,IV квартал,2022-Q4,68160.0
Тюменская область,рубль,значение показателя за год,2022,62161.0
Тюменская область,рубль,I квартал,2023-Q1,62538.0
Тюменская область,рубль,II квартал,2023-Q2,71739.0
Тюменская область,рубль,III квартал,2023-Q3,68693.0
Тюменская область,рубль,IV квартал,2023-Q4,75819.0
Тюменская область,рубль,значение показателя за год,2023,69341.0
Тюменская область,рубль,I квартал,2024-Q1,74893.0
Тюменская область,рубль,II квартал,2024-Q2,80775.0
Тюменская область,рубль,III квартал,2024-Q3,76588.0
Тюменская область,рубль,IV квартал,2024-Q4,87149.0
Тюменская область,рубль,значение показателя за год,2024,79434.0
Тюменская область,рубль,I квартал,2025-Q1,82220.0
Тюменская область,рубль,II квартал,2025-Q2,91333.0
Тюменская область,рубль,III квартал,2025-Q3,84837.0
Тюменская область,рубль,IV квартал,2025-Q4,105387.0
Тюменская область,рубль,значение показателя за год,2025,90761.0
Тюменская область,рубль,I квартал,2026-Q1,87617.0
Ханты-Мансийский автономный округ - Югра (Тюменская область),рубль,I квартал,2021-Q1,50501.0
Ханты-Мансийский автономный округ - Югра (Тюменская область),рубль,II квартал,2021-Q2,59568.0
Ханты-Мансийский автономный округ - Югра (Тюменская область),рубль,III квартал,2021-Q3,55901.0
Ханты-Мансийский автономный округ - Югра (Тюменская область),рубль,IV квартал,2021-Q4,61642.0
Ханты-Мансийский автономный округ - Югра (Тюменская область),рубль,значение показателя за год,2021,56644.0
Ханты-Мансийский автономный округ - Югра (Тюменская область),рубль,I квартал,2022-Q1,59566.0
Ханты-Мансийский автономный округ - Югра (Тюменская область),рубль,II квартал,2022-Q2,67910.0
Ханты-Мансийский автономный округ - Югра (Тюменская область),рубль,III квартал,2022-Q3,67923.0
Ханты-Мансийский автономный округ - Югра (Тюменская область),рубль,IV квартал,2022-Q4,71957.0
Ханты-Мансийский автономный округ - Югра (Тюменская область),рубль,значение показателя за год,2022,66517.0
Ханты-Мансийский автономный округ - Югра (Тюменская область),рубль,I квартал,2023-Q1,65987.0
Ханты-Мансийский автономный округ - Югра (Тюменская область),рубль,II квартал,2023-Q2,75371.0
Ханты-Мансийский автономный округ - Югра (Тюменская область),рубль,III квартал,2023-Q3,72446.0
Ханты-Мансийский автономный округ - Югра (Тюменская область),рубль,IV квартал,2023-Q4,79169.0
Ханты-Мансийский автономный округ - Югра (Тюменская область),рубль,значение показателя за год,2023,72634.0
Ханты-Мансийский автономный округ - Югра (Тюменская область),рубль,I квартал,2024-Q1,78219.0
Ханты-Мансийский автономный округ - Югра (Тюменская область),рубль,II квартал,2024-Q2,83429.0
Ханты-Мансийский автономный округ - Югра (Тюменская область),рубль,III квартал,2024-Q3,79548.0
Ханты-Мансийский автономный округ - Югра (Тюменская область),рубль,IV квартал,2024-Q4,93070.0
Ханты-Мансийский автономный округ - Югра (Тюменская область),рубль,значение показателя за год,2024,83038.0
Ханты-Мансийский автономный округ - Югра (Тюменская область),рубль,I квартал,2025-Q1,85832.0
Ханты-Мансийский автономный округ - Югра (Тюменская область),рубль,II квартал,2025-Q2,94797.0
Ханты-Мансийский автономный округ - Югра (Тюменская область),рубль,III квартал,2025-Q3,87139.0
Ханты-Мансийский автономный округ - Югра (Тюменская область),рубль,IV квартал,2025-Q4,108021.0
Ханты-Мансийский автономный округ - Югра (Тюменская область),рубль,значение показателя за год,2025,94008.0
Ханты-Мансийский автономный округ - Югра (Тюменская область),рубль,I квартал,2026-Q1,90994.0
Ямало-Ненецкий автономный округ (Тюменская область),рубль,I квартал,2021-Q1,99712.0
Ямало-Ненецкий автономный округ (Тюменская область),рубль,II квартал,2021-Q2,113361.0
Ямало-Ненецкий автономный округ (Тюменская область),рубль,III квартал,2021-Q3,99172.0
Ямало-Ненецкий автономный округ (Тюменская область),рубль,IV квартал,2021-Q4,106058.0
Ямало-Ненецкий автономный округ (Тюменская область),рубль,значение показателя за год,2021,104323.0
Ямало-Ненецкий автономный округ (Тюменская область),рубль,I квартал,2022-Q1,111246.0
Ямало-Ненецкий автономный округ (Тюменская область),рубль,II квартал,2022-Q2,129743.0
Ямало-Ненецкий автономный округ (Тюменская область),рубль,III квартал,2022-Q3,116406.0
Ямало-Ненецкий автономный округ (Тюменская область),рубль,IV квартал,2022-Q4,123182.0
Ямало-Ненецкий автономный округ (Тюменская область),рубль,значение показателя за год,2022,120010.0
Ямало-Ненецкий автономный округ (Тюменская область),рубль,I квартал,2023-Q1,129949.0
Ямало-Ненецкий автономный округ (Тюменская область),рубль,II квартал,2023-Q2,154997.0
Ямало-Ненецкий автономный округ (Тюменская область),рубль,III квартал,2023-Q3,135446.0
Ямало-Ненецкий автономный округ (Тюменская область),рубль,IV квартал,2023-Q4,140162.0
Ямало-Ненецкий автономный округ (Тюменская область),рубль,значение показателя за год,2023,139651.0
Ямало-Ненецкий автономный округ (Тюменская область),рубль,I квартал,2024-Q1,148245.0
Ямало-Ненецкий автономный округ (Тюменская область),рубль,II квартал,2024-Q2,166935.0
Ямало-Ненецкий автономный округ (Тюменская область),рубль,III квартал,2024-Q3,148438.0
Ямало-Ненецкий автономный округ (Тюменская область),рубль,IV квартал,2024-Q4,158044.0
Ямало-Ненецкий автономный округ (Тюменская область),рубль,значение показателя за год,2024,154347.0
Ямало-Ненецкий автономный округ (Тюменская область),рубль,I квартал,2025-Q1,157617.0
Ямало-Ненецкий автономный округ (Тюменская область),рубль,II квартал,2025-Q2,182080.0
Ямало-Ненецкий автономный округ (Тюменская область),рубль,III квартал,2025-Q3,159552.0
Ямало-Ненецкий автономный округ (Тюменская область),рубль,IV квартал,2025-Q4,182458.0
Ямало-Ненецкий автономный округ (Тюменская область),рубль,значение показателя за год,2025,170867.0
Ямало-Ненецкий автономный округ (Тюменская область),рубль,I квартал,2026-Q1,169279.0
Тюменская область (кроме Ханты-Мансийского автономного округа-Югры и Ямало-Ненецкого автономного округа),рубль,I квартал,2021-Q1,30466.0
Тюменская область (кроме Ханты-Мансийского автономного округа-Югры и Ямало-Ненецкого автономного округа),рубль,II квартал,2021-Q2,33600.0
Тюменская область (кроме Ханты-Мансийского автономного округа-Югры и Ямало-Ненецкого автономного округа),рубль,III квартал,2021-Q3,32765.0
Тюменская область (кроме Ханты-Мансийского автономного округа-Югры и Ямало-Ненецкого автономного округа),рубль,IV квартал,2021-Q4,35545.0
Тюменская область (кроме Ханты-Мансийского автономного округа-Югры и Ямало-Ненецкого автономного округа),рубль,значение показателя за год,2021,32956.0
Тюменская область (кроме Ханты-Мансийского автономного округа-Югры и Ямало-Ненецкого автономного округа),рубль,I квартал,2022-Q1,33193.0
Тюменская область (кроме Ханты-Мансийского автономного округа-Югры и Ямало-Ненецкого автономного округа),рубль,II квартал,2022-Q2,37308.0
Тюменская область (кроме Ханты-Мансийского автономного округа-Югры и Ямало-Ненецкого автономного округа),рубль,III квартал,2022-Q3,39424.0
Тюменская область (кроме Ханты-Мансийского автономного округа-Югры и Ямало-Ненецкого автономного округа),рубль,IV квартал,2022-Q4,46548.0
Тюменская область (кроме Ханты-Мансийского автономного округа-Югры и Ямало-Ненецкого автономного округа),рубль,значение показателя за год,2022,39047.0
Тюменская область (кроме Ханты-Мансийского автономного округа-Югры и Ямало-Ненецкого автономного округа),рубль,I квартал,2023-Q1,37354.0
Тюменская область (кроме Ханты-Мансийского автономного округа-Югры и Ямало-Ненецкого автономного округа),рубль,II квартал,2023-Q2,41311.0
Тюменская область (кроме Ханты-Мансийского автономного округа-Югры и Ямало-Ненецкого автономного округа),рубль,III квартал,2023-Q3,43391.0
Тюменская область (кроме Ханты-Мансийского автономного округа-Югры и Ямало-Ненецкого автономного округа),рубль,IV квартал,2023-Q4,51720.0
Тюменская область (кроме Ханты-Мансийского автономного округа-Югры и Ямало-Ненецкого автономного округа),рубль,значение показателя за год,2023,43350.0
Тюменская область (кроме Ханты-Мансийского автономного округа-Югры и Ямало-Ненецкого автономного округа),рубль,I квартал,2024-Q1,47844.0
Тюменская область (кроме Ханты-Мансийского автономного округа-Югры и Ямало-Ненецкого автономного округа),рубль,II квартал,2024-Q2,50366.0
Тюменская область (кроме Ханты-Мансийского автономного округа-Югры и Ямало-Ненецкого автономного округа),рубль,III квартал,2024-Q3,50415.0
Тюменская область (кроме Ханты-Мансийского автономного округа-Югры и Ямало-Ненецкого автономного округа),рубль,IV квартал,2024-Q4,58057.0
Тюменская область (кроме Ханты-Мансийского автономного округа-Югры и Ямало-Ненецкого автономного округа),рубль,значение показателя за год,2024,51490.0
Тюменская область (кроме Ханты-Мансийского автономного округа-Югры и Ямало-Ненецкого автономного округа),рубль,I квартал,2025-Q1,54019.0
Тюменская область (кроме Ханты-Мансийского автономного округа-Югры и Ямало-Ненецкого автономного округа),рубль,II квартал,2025-Q2,58360.0
Тюменская область (кроме Ханты-Мансийского автономного округа-Югры и Ямало-Ненецкого автономного округа),рубль,III квартал,2025-Q3,58291.0
Тюменская область (кроме Ханты-Мансийского автономного округа-Югры и Ямало-Ненецкого автономного округа),рубль,IV квартал,2025-Q4,77721.0
Тюменская область (кроме Ханты-Мансийского автономного округа-Югры и Ямало-Ненецкого автономного округа),рубль,значение показателя за год,2025,61702.0
Тюменская область (кроме Ханты-Мансийского автономного округа-Югры и Ямало-Ненецкого автономного округа),рубль,I квартал,2026-Q1,58176.0
Челябинская область,рубль,I квартал,2021-Q1,24874.0
Челябинская область,рубль,II квартал,2021-Q2,28170.0
Челябинская область,рубль,III квартал,2021-Q3,30341.0
Челябинская область,рубль,IV квартал,2021-Q4,34103.0
Челябинская область,рубль,значение показателя за год,2021,29474.0
Челябинская область,рубль,I квартал,2022-Q1,29529.0
Челябинская область,рубль,II квартал,2022-Q2,32912.0
Челябинская область,рубль,III квартал,2022-Q3,39055.0
Челябинская область,рубль,IV квартал,2022-Q4,39594.0
Челябинская область,рубль,значение показателя за год,2022,35347.0
Челябинская область,рубль,I квартал,2023-Q1,32551.0
Челябинская область,рубль,II квартал,2023-Q2,36011.0
Челябинская область,рубль,III квартал,2023-Q3,42339.0
Челябинская область,рубль,IV квартал,2023-Q4,47645.0
Челябинская область,рубль,значение показателя за год,2023,39703.0
Челябинская область,рубль,I квартал,2024-Q1,41481.0
Челябинская область,рубль,II квартал,2024-Q2,46217.0
Челябинская область,рубль,III квартал,2024-Q3,48445.0
Челябинская область,рубль,IV квартал,2024-Q4,55619.0
Челябинская область,рубль,значение показателя за год,2024,48016.0
Челябинская область,рубль,I квартал,2025-Q1,46196.0
Челябинская область,рубль,II квартал,2025-Q2,54185.0
Челябинская область,рубль,III квартал,2025-Q3,57911.0
Челябинская область,рубль,IV квартал,2025-Q4,62444.0
Челябинская область,рубль,значение показателя за год,2025,55337.0
Челябинская область,рубль,I квартал,2026-Q1,50446.0
Сибирский федеральный округ,рубль,I квартал,2021-Q1,25563.0
Сибирский федеральный округ,рубль,II квартал,2021-Q2,30360.0
Сибирский федеральный округ,рубль,III квартал,2021-Q3,30908.0
Сибирский федеральный округ,рубль,IV квартал,2021-Q4,36735.0
Сибирский федеральный округ,рубль,значение показателя за год,2021,31007.0
Сибирский федеральный округ,рубль,I квартал,2022-Q1,32026.0
Сибирский федеральный округ,рубль,II квартал,2022-Q2,36177.0
Сибирский федеральный округ,рубль,III квартал,2022-Q3,37217.0
Сибирский федеральный округ,рубль,IV квартал,2022-Q4,45594.0
Сибирский федеральный округ,рубль,значение показателя за год,2022,37881.0
Сибирский федеральный округ,рубль,I квартал,2023-Q1,35771.0
Сибирский федеральный округ,рубль,II квартал,2023-Q2,40631.0
Сибирский федеральный округ,рубль,III квартал,2023-Q3,41675.0
Сибирский федеральный округ,рубль,IV квартал,2023-Q4,53480.0
Сибирский федеральный округ,рубль,значение показателя за год,2023,42991.0
Сибирский федеральный округ,рубль,I квартал,2024-Q1,43288.0
Сибирский федеральный округ,рубль,II квартал,2024-Q2,48743.0
Сибирский федеральный округ,рубль,III квартал,2024-Q3,50191.0
Сибирский федеральный округ,рубль,IV квартал,2024-Q4,59714.0
Сибирский федеральный округ,рубль,значение показателя за год,2024,50597.0
Сибирский федеральный округ,рубль,I квартал,2025-Q1,51179.0
Сибирский федеральный округ,рубль,II квартал,2025-Q2,56592.0
Сибирский федеральный округ,рубль,III квартал,2025-Q3,58157.0
Сибирский федеральный округ,рубль,IV квартал,2025-Q4,67304.0
Сибирский федеральный округ,рубль,значение показателя за год,2025,58485.0
Сибирский федеральный округ,рубль,I квартал,2026-Q1,56216.0
Республика Алтай,рубль,I квартал,2021-Q1,22624.0
Республика Алтай,рубль,II квартал,2021-Q2,25209.0
Республика Алтай,рубль,III квартал,2021-Q3,24186.0
Республика Алтай,рубль,IV квартал,2021-Q4,27731.0
Республика Алтай,рубль,значение показателя за год,2021,24958.0
Республика Алтай,рубль,I квартал,2022-Q1,23552.0
Республика Алтай,рубль,II квартал,2022-Q2,28161.0
Республика Алтай,рубль,III квартал,2022-Q3,32190.0
Республика Алтай,рубль,IV квартал,2022-Q4,34343.0
Республика Алтай,рубль,значение показателя за год,2022,29564.0
Республика Алтай,рубль,I квартал,2023-Q1,26952.0
Республика Алтай,рубль,II квартал,2023-Q2,31916.0
Республика Алтай,рубль,III квартал,2023-Q3,35775.0
Республика Алтай,рубль,IV квартал,2023-Q4,44625.0
Республика Алтай,рубль,значение показателя за год,2023,34817.0
Республика Алтай,рубль,I квартал,2024-Q1,33373.0
Республика Алтай,рубль,II квартал,2024-Q2,37022.0
Республика Алтай,рубль,III квартал,2024-Q3,41832.0
Республика Алтай,рубль,IV квартал,2024-Q4,50036.0
Республика Алтай,рубль,значение показателя за год,2024,40630.0
Республика Алтай,рубль,I квартал,2025-Q1,39536.0
Республика Алтай,рубль,II квартал,2025-Q2,44276.0
Республика Алтай,рубль,III квартал,2025-Q3,49197.0
Республика Алтай,рубль,IV квартал,2025-Q4,56922.0
Республика Алтай,рубль,значение показателя за год,2025,47751.0
Республика Алтай,рубль,I квартал,2026-Q1,45018.0
Республика Тыва,рубль,I квартал,2021-Q1,14622.0
Республика Тыва,рубль,II квартал,2021-Q2,19543.0
Республика Тыва,рубль,III квартал,2021-Q3,20188.0
Республика Тыва,рубль,IV квартал,2021-Q4,27698.0
Республика Тыва,рубль,значение показателя за год,2021,20435.0
Республика Тыва,рубль,I квартал,2022-Q1,18418.0
Республика Тыва,рубль,II квартал,2022-Q2,21433.0
Республика Тыва,рубль,III квартал,2022-Q3,23175.0
Республика Тыва,рубль,IV квартал,2022-Q4,34964.0
Республика Тыва,рубль,значение показателя за год,2022,24460.0
Республика Тыва,рубль,I квартал,2023-Q1,20901.0
Республика Тыва,рубль,II квартал,2023-Q2,24441.0
Республика Тыва,рубль,III квартал,2023-Q3,27189.0
Республика Тыва,рубль,IV квартал,2023-Q4,43253.0
Республика Тыва,рубль,значение показателя за год,2023,28934.0
Республика Тыва,рубль,I квартал,2024-Q1,24612.0
Республика Тыва,рубль,II квартал,2024-Q2,30622.0
Республика Тыва,рубль,III квартал,2024-Q3,35674.0
Республика Тыва,рубль,IV квартал,2024-Q4,46457.0
Республика Тыва,рубль,значение показателя за год,2024,34294.0
Республика Тыва,рубль,I квартал,2025-Q1,28314.0
Республика Тыва,рубль,II квартал,2025-Q2,33609.0
Республика Тыва,рубль,III квартал,2025-Q3,41963.0
Республика Тыва,рубль,IV квартал,2025-Q4,52529.0
Республика Тыва,рубль,значение показателя за год,2025,39180.0
Республика Тыва,рубль,I квартал,2026-Q1,31585.0
Республика Хакасия,рубль,I квартал,2021-Q1,22978.0
Республика Хакасия,рубль,II квартал,2021-Q2,24984.0
Республика Хакасия,рубль,III квартал,2021-Q3,26576.0
Республика Хакасия,рубль,IV квартал,2021-Q4,28537.0
Республика Хакасия,рубль,значение показателя за год,2021,25849.0
Республика Хакасия,рубль,I квартал,2022-Q1,27922.0
Республика Хакасия,рубль,II квартал,2022-Q2,29909.0
Республика Хакасия,рубль,III квартал,2022-Q3,30731.0
Республика Хакасия,рубль,IV квартал,2022-Q4,35338.0
Республика Хакасия,рубль,значение показателя за год,2022,31056.0
Республика Хакасия,рубль,I квартал,2023-Q1,31538.0
Республика Хакасия,рубль,II квартал,2023-Q2,32811.0
Республика Хакасия,рубль,III квартал,2023-Q3,34870.0
Республика Хакасия,рубль,IV квартал,2023-Q4,40505.0
Республика Хакасия,рубль,значение показателя за год,2023,34999.0
Республика Хакасия,рубль,I квартал,2024-Q1,36547.0
Республика Хакасия,рубль,II квартал,2024-Q2,39222.0
Республика Хакасия,рубль,III квартал,2024-Q3,42035.0
Республика Хакасия,рубль,IV квартал,2024-Q4,44123.0
Республика Хакасия,рубль,значение показателя за год,2024,40582.0
Республика Хакасия,рубль,I квартал,2025-Q1,43293.0
Республика Хакасия,рубль,II квартал,2025-Q2,46458.0
Республика Хакасия,рубль,III квартал,2025-Q3,48847.0
Республика Хакасия,рубль,IV квартал,2025-Q4,49379.0
Республика Хакасия,рубль,значение показателя за год,2025,47225.0
Республика Хакасия,рубль,I квартал,2026-Q1,47498.0
Алтайский край,рубль,I квартал,2021-Q1,21936.0
Алтайский край,рубль,II квартал,2021-Q2,26004.0
Алтайский край,рубль,III квартал,2021-Q3,26161.0
Алтайский край,рубль,IV квартал,2021-Q4,34171.0
Алтайский край,рубль,значение показателя за год,2021,27305.0
Алтайский край,рубль,I квартал,2022-Q1,25727.0
Алтайский край,рубль,II квартал,2022-Q2,31180.0
Алтайский край,рубль,III квартал,2022-Q3,28973.0
Алтайский край,рубль,IV квартал,2022-Q4,44993.0
Алтайский край,рубль,значение показателя за год,2022,32901.0
Алтайский край,рубль,I квартал,2023-Q1,28286.0
Алтайский край,рубль,II квартал,2023-Q2,34088.0
Алтайский край,рубль,III квартал,2023-Q3,31861.0
Алтайский край,рубль,IV квартал,2023-Q4,50952.0
Алтайский край,рубль,значение показателя за год,2023,36431.0
Алтайский край,рубль,I квартал,2024-Q1,36836.0
Алтайский край,рубль,II квартал,2024-Q2,40943.0
Алтайский край,рубль,III квартал,2024-Q3,42575.0
Алтайский край,рубль,IV квартал,2024-Q4,49974.0
Алтайский край,рубль,значение показателя за год,2024,42745.0
Алтайский край,рубль,I квартал,2025-Q1,42673.0
Алтайский край,рубль,II квартал,2025-Q2,49592.0
Алтайский край,рубль,III квартал,2025-Q3,50941.0
Алтайский край,рубль,IV квартал,2025-Q4,57637.0
Алтайский край,рубль,значение показателя за год,2025,50506.0
Алтайский край,рубль,I квартал,2026-Q1,47804.0
Красноярский край,рубль,I квартал,2021-Q1,29213.0
Красноярский край,рубль,II квартал,2021-Q2,35715.0
Красноярский край,рубль,III квартал,2021-Q3,35604.0
Красноярский край,рубль,IV квартал,2021-Q4,43332.0
Красноярский край,рубль,значение показателя за год,2021,36004.0
Красноярский край,рубль,I квартал,2022-Q1,38035.0
Красноярский край,рубль,II квартал,2022-Q2,41267.0
Красноярский край,рубль,III квартал,2022-Q3,44070.0
Красноярский край,рубль,IV квартал,2022-Q4,49036.0
Красноярский край,рубль,значение показателя за год,2022,43183.0
Красноярский край,рубль,I квартал,2023-Q1,43217.0
Красноярский край,рубль,II квартал,2023-Q2,46872.0
Красноярский край,рубль,III квартал,2023-Q3,49343.0
Красноярский край,рубль,IV квартал,2023-Q4,62109.0
Красноярский край,рубль,значение показателя за год,2023,50380.0
Красноярский край,рубль,I квартал,2024-Q1,53041.0
Красноярский край,рубль,II квартал,2024-Q2,56176.0
Красноярский край,рубль,III квартал,2024-Q3,58858.0
Красноярский край,рубль,IV квартал,2024-Q4,69057.0
Красноярский край,рубль,значение показателя за год,2024,59368.0
Красноярский край,рубль,I квартал,2025-Q1,62008.0
Красноярский край,рубль,II квартал,2025-Q2,64785.0
Красноярский край,рубль,III квартал,2025-Q3,68607.0
Красноярский край,рубль,IV квартал,2025-Q4,79596.0
Красноярский край,рубль,значение показателя за год,2025,68989.0
Красноярский край,рубль,I квартал,2026-Q1,69421.0
Иркутская область,рубль,I квартал,2021-Q1,25725.0
Иркутская область,рубль,II квартал,2021-Q2,29601.0
Иркутская область,рубль,III квартал,2021-Q3,30179.0
Иркутская область,рубль,IV квартал,2021-Q4,35134.0
Иркутская область,рубль,значение показателя за год,2021,30270.0
Иркутская область,рубль,I квартал,2022-Q1,33335.0
Иркутская область,рубль,II квартал,2022-Q2,36800.0
Иркутская область,рубль,III квартал,2022-Q3,38040.0
Иркутская область,рубль,IV квартал,2022-Q4,41155.0
Иркутская область,рубль,значение показателя за год,2022,37484.0
Иркутская область,рубль,I квартал,2023-Q1,38548.0
Иркутская область,рубль,II квартал,2023-Q2,41802.0
Иркутская область,рубль,III квартал,2023-Q3,42758.0
Иркутская область,рубль,IV квартал,2023-Q4,46323.0
Иркутская область,рубль,значение показателя за год,2023,42483.0
Иркутская область,рубль,I квартал,2024-Q1,47234.0
Иркутская область,рубль,II квартал,2024-Q2,50248.0
Иркутская область,рубль,III квартал,2024-Q3,48899.0
Иркутская область,рубль,IV квартал,2024-Q4,54425.0
Иркутская область,рубль,значение показателя за год,2024,50291.0
Иркутская область,рубль,I квартал,2025-Q1,53901.0
Иркутская область,рубль,II квартал,2025-Q2,59113.0
Иркутская область,рубль,III квартал,2025-Q3,56056.0
Иркутская область,рубль,IV квартал,2025-Q4,60300.0
Иркутская область,рубль,значение показателя за год,2025,57429.0
Иркутская область,рубль,I квартал,2026-Q1,58237.0
Кемеровская область - Кузбасс,рубль,I квартал,2021-Q1,23374.0
Кемеровская область - Кузбасс,рубль,II квартал,2021-Q2,27480.0
Кемеровская область - Кузбасс,рубль,III квартал,2021-Q3,27804.0
Кемеровская область - Кузбасс,рубль,IV квартал,2021-Q4,33389.0
Кемеровская область - Кузбасс,рубль,значение показателя за год,2021,28174.0
Кемеровская область - Кузбасс,рубль,I квартал,2022-Q1,29681.0
Кемеровская область - Кузбасс,рубль,II квартал,2022-Q2,32216.0
Кемеровская область - Кузбасс,рубль,III квартал,2022-Q3,33594.0
Кемеровская область - Кузбасс,рубль,IV квартал,2022-Q4,39869.0
Кемеровская область - Кузбасс,рубль,значение показателя за год,2022,33996.0
Кемеровская область - Кузбасс,рубль,I квартал,2023-Q1,32860.0
Кемеровская область - Кузбасс,рубль,II квартал,2023-Q2,36477.0
Кемеровская область - Кузбасс,рубль,III квартал,2023-Q3,38400.0
Кемеровская область - Кузбасс,рубль,IV квартал,2023-Q4,49263.0
Кемеровская область - Кузбасс,рубль,значение показателя за год,2023,39408.0
Кемеровская область - Кузбасс,рубль,I квартал,2024-Q1,37734.0
Кемеровская область - Кузбасс,рубль,II квартал,2024-Q2,45530.0
Кемеровская область - Кузбасс,рубль,III квартал,2024-Q3,46514.0
Кемеровская область - Кузбасс,рубль,IV квартал,2024-Q4,56827.0
Кемеровская область - Кузбасс,рубль,значение показателя за год,2024,46839.0
Кемеровская область - Кузбасс,рубль,I квартал,2025-Q1,45974.0
Кемеровская область - Кузбасс,рубль,II квартал,2025-Q2,50957.0
Кемеровская область - Кузбасс,рубль,III квартал,2025-Q3,51694.0
Кемеровская область - Кузбасс,рубль,IV квартал,2025-Q4,62514.0
Кемеровская область - Кузбасс,рубль,значение показателя за год,2025,53100.0
Кемеровская область - Кузбасс,рубль,I квартал,2026-Q1,49323.0
Новосибирская область,рубль,I квартал,2021-Q1,28627.0
Новосибирская область,рубль,II квартал,2021-Q2,34752.0
Новосибирская область,рубль,III квартал,2021-Q3,36324.0
Новосибирская область,рубль,IV квартал,2021-Q4,40480.0
Новосибирская область,рубль,значение показателя за год,2021,35070.0
Новосибирская область,рубль,I квартал,2022-Q1,34614.0
Новосибирская область,рубль,II квартал,2022-Q2,42885.0
Новосибирская область,рубль,III квартал,2022-Q3,43919.0
Новосибирская область,рубль,IV квартал,2022-Q4,55913.0
Новосибирская область,рубль,значение показателя за год,2022,44359.0
Новосибирская область,рубль,I квартал,2023-Q1,38770.0
Новосибирская область,рубль,II квартал,2023-Q2,48176.0
Новосибирская область,рубль,III квартал,2023-Q3,47982.0
Новосибирская область,рубль,IV квартал,2023-Q4,64646.0
Новосибирская область,рубль,значение показателя за год,2023,49936.0
Новосибирская область,рубль,I квартал,2024-Q1,45770.0
Новосибирская область,рубль,II квартал,2024-Q2,56092.0
Новосибирская область,рубль,III квартал,2024-Q3,57713.0
Новосибирская область,рубль,IV квартал,2024-Q4,74299.0
Новосибирская область,рубль,значение показателя за год,2024,58500.0
Новосибирская область,рубль,I квартал,2025-Q1,56389.0
Новосибирская область,рубль,II квартал,2025-Q2,65209.0
Новосибирская область,рубль,III квартал,2025-Q3,67623.0
Новосибирская область,рубль,IV квартал,2025-Q4,83839.0
Новосибирская область,рубль,значение показателя за год,2025,68111.0
Новосибирская область,рубль,I квартал,2026-Q1,61425.0
Омская область,рубль,I квартал,2021-Q1,24625.0
Омская область,рубль,II квартал,2021-Q2,29193.0
Омская область,рубль,III квартал,2021-Q3,30260.0
Омская область,рубль,IV квартал,2021-Q4,36689.0
Омская область,рубль,значение показателя за год,2021,30407.0
Омская область,рубль,I квартал,2022-Q1,31943.0
Омская область,рубль,II квартал,2022-Q2,33689.0
Омская область,рубль,III квартал,2022-Q3,35505.0
Омская область,рубль,IV квартал,2022-Q4,45763.0
Омская область,рубль,значение показателя за год,2022,36919.0
Омская область,рубль,I квартал,2023-Q1,33359.0
Омская область,рубль,II квартал,2023-Q2,38261.0
Омская область,рубль,III квартал,2023-Q3,40362.0
Омская область,рубль,IV квартал,2023-Q4,50614.0
Омская область,рубль,значение показателя за год,2023,40804.0
Омская область,рубль,I квартал,2024-Q1,41478.0
Омская область,рубль,II квартал,2024-Q2,47114.0
Омская область,рубль,III квартал,2024-Q3,47765.0
Омская область,рубль,IV квартал,2024-Q4,55633.0
Омская область,рубль,значение показателя за год,2024,48160.0
Омская область,рубль,I квартал,2025-Q1,47391.0
Омская область,рубль,II квартал,2025-Q2,54204.0
Омская область,рубль,III квартал,2025-Q3,55199.0
Омская область,рубль,IV квартал,2025-Q4,62070.0
Омская область,рубль,значение показателя за год,2025,54959.0
Омская область,рубль,I квартал,2026-Q1,52503.0
Томская область,рубль,I квартал,2021-Q1,27155.0
Томская область,рубль,II квартал,2021-Q2,31353.0
Томская область,рубль,III квартал,2021-Q3,31108.0
Томская область,рубль,IV квартал,2021-Q4,35073.0
Томская область,рубль,значение показателя за год,2021,31210.0
Томская область,рубль,I квартал,2022-Q1,32839.0
Томская область,рубль,II квартал,2022-Q2,36974.0
Томская область,рубль,III квартал,2022-Q3,36555.0
Томская область,рубль,IV квартал,2022-Q4,44688.0
Томская область,рубль,значение показателя за год,2022,37954.0
Томская область,рубль,I квартал,2023-Q1,36608.0
Томская область,рубль,II квартал,2023-Q2,39497.0
Томская область,рубль,III квартал,2023-Q3,41186.0
Томская область,рубль,IV квартал,2023-Q4,48422.0
Томская область,рубль,значение показателя за год,2023,41600.0
Томская область,рубль,I квартал,2024-Q1,42490.0
Томская область,рубль,II квартал,2024-Q2,45000.0
Томская область,рубль,III квартал,2024-Q3,48478.0
Томская область,рубль,IV квартал,2024-Q4,55088.0
Томская область,рубль,значение показателя за год,2024,47848.0
Томская область,рубль,I квартал,2025-Q1,51772.0
Томская область,рубль,II квартал,2025-Q2,52568.0
Томская область,рубль,III квартал,2025-Q3,56162.0
Томская область,рубль,IV квартал,2025-Q4,61299.0
Томская область,рубль,значение показателя за год,2025,55620.0
Томская область,рубль,I квартал,2026-Q1,56219.0
Дальневосточный федеральный округ,рубль,I квартал,2021-Q1,37533.0
Дальневосточный федеральный округ,рубль,II квартал,2021-Q2,41341.0
Дальневосточный федеральный округ,рубль,III квартал,2021-Q3,42712.0
Дальневосточный федеральный округ,рубль,IV квартал,2021-Q4,50303.0
Дальневосточный федеральный округ,рубль,значение показателя за год,2021,43089.0
Дальневосточный федеральный округ,рубль,I квартал,2022-Q1,45103.0
Дальневосточный федеральный округ,рубль,II квартал,2022-Q2,49272.0
Дальневосточный федеральный округ,рубль,III квартал,2022-Q3,51817.0
Дальневосточный федеральный округ,рубль,IV квартал,2022-Q4,61942.0
Дальневосточный федеральный округ,рубль,значение показателя за год,2022,52186.0
Дальневосточный федеральный округ,рубль,I квартал,2023-Q1,49362.0
Дальневосточный федеральный округ,рубль,II квартал,2023-Q2,54017.0
Дальневосточный федеральный округ,рубль,III квартал,2023-Q3,57028.0
Дальневосточный федеральный округ,рубль,IV квартал,2023-Q4,70808.0
Дальневосточный федеральный округ,рубль,значение показателя за год,2023,57941.0
Дальневосточный федеральный округ,рубль,I квартал,2024-Q1,59407.0
Дальневосточный федеральный округ,рубль,II квартал,2024-Q2,64441.0
Дальневосточный федеральный округ,рубль,III квартал,2024-Q3,67970.0
Дальневосточный федеральный округ,рубль,IV квартал,2024-Q4,79461.0
Дальневосточный федеральный округ,рубль,значение показателя за год,2024,67846.0
Дальневосточный федеральный округ,рубль,I квартал,2025-Q1,69046.0
Дальневосточный федеральный округ,рубль,II квартал,2025-Q2,76981.0
Дальневосточный федеральный округ,рубль,III квартал,2025-Q3,79506.0
Дальневосточный федеральный округ,рубль,IV квартал,2025-Q4,90834.0
Дальневосточный федеральный округ,рубль,значение показателя за год,2025,79418.0
Дальневосточный федеральный округ,рубль,I квартал,2026-Q1,76682.0
Республика Бурятия,рубль,I квартал,2021-Q1,24851.0
Республика Бурятия,рубль,II квартал,2021-Q2,27051.0
Республика Бурятия,рубль,III квартал,2021-Q3,29140.0
Республика Бурятия,рубль,IV квартал,2021-Q4,32569.0
Республика Бурятия,рубль,значение показателя за год,2021,28446.0
Республика Бурятия,рубль,I квартал,2022-Q1,28613.0
Республика Бурятия,рубль,II квартал,2022-Q2,34976.0
Республика Бурятия,рубль,III квартал,2022-Q3,36253.0
Республика Бурятия,рубль,IV квартал,2022-Q4,40571.0
Республика Бурятия,рубль,значение показателя за год,2022,35163.0
Республика Бурятия,рубль,I квартал,2023-Q1,33120.0
Республика Бурятия,рубль,II квартал,2023-Q2,37003.0
Республика Бурятия,рубль,III квартал,2023-Q3,38215.0
Республика Бурятия,рубль,IV квартал,2023-Q4,45095.0
Республика Бурятия,рубль,значение показателя за год,2023,38412.0
Республика Бурятия,рубль,I квартал,2024-Q1,38512.0
Республика Бурятия,рубль,II квартал,2024-Q2,41664.0
Республика Бурятия,рубль,III квартал,2024-Q3,44960.0
Республика Бурятия,рубль,IV квартал,2024-Q4,53712.0
Республика Бурятия,рубль,значение показателя за год,2024,44730.0
Республика Бурятия,рубль,I квартал,2025-Q1,44895.0
Республика Бурятия,рубль,II квартал,2025-Q2,53584.0
Республика Бурятия,рубль,III квартал,2025-Q3,53607.0
Республика Бурятия,рубль,IV квартал,2025-Q4,61232.0
Республика Бурятия,рубль,значение показателя за год,2025,53579.0
Республика Бурятия,рубль,I квартал,2026-Q1,51069.0
Забайкальский край,рубль,I квартал,2021-Q1,28949.0
Забайкальский край,рубль,II квартал,2021-Q2,30289.0
Забайкальский край,рубль,III квартал,2021-Q3,30738.0
Забайкальский край,рубль,IV квартал,2021-Q4,33326.0
Забайкальский край,рубль,значение показателя за год,2021,31043.0
Забайкальский край,рубль,I квартал,2022-Q1,33917.0
Забайкальский край,рубль,II квартал,2022-Q2,36964.0
Забайкальский край,рубль,III квартал,2022-Q3,37954.0
Забайкальский край,рубль,IV квартал,2022-Q4,44945.0
Забайкальский край,рубль,значение показателя за год,2022,38601.0
Забайкальский край,рубль,I квартал,2023-Q1,35179.0
Забайкальский край,рубль,II квартал,2023-Q2,41036.0
Забайкальский край,рубль,III квартал,2023-Q3,42378.0
Забайкальский край,рубль,IV квартал,2023-Q4,51746.0
Забайкальский край,рубль,значение показателя за год,2023,42758.0
Забайкальский край,рубль,I квартал,2024-Q1,41480.0
Забайкальский край,рубль,II квартал,2024-Q2,46671.0
Забайкальский край,рубль,III квартал,2024-Q3,51264.0
Забайкальский край,рубль,IV квартал,2024-Q4,63480.0
Забайкальский край,рубль,значение показателя за год,2024,50738.0
Забайкальский край,рубль,I квартал,2025-Q1,50228.0
Забайкальский край,рубль,II квартал,2025-Q2,59398.0
Забайкальский край,рубль,III квартал,2025-Q3,61843.0
Забайкальский край,рубль,IV квартал,2025-Q4,72392.0
Забайкальский край,рубль,значение показателя за год,2025,61370.0
Забайкальский край,рубль,I квартал,2026-Q1,56637.0
Республика Саха (Якутия),рубль,I квартал,2021-Q1,41352.0
Республика Саха (Якутия),рубль,II квартал,2021-Q2,48230.0
Республика Саха (Якутия),рубль,III квартал,2021-Q3,47493.0
Республика Саха (Якутия),рубль,IV квартал,2021-Q4,64357.0
Республика Саха (Якутия),рубль,значение показателя за год,2021,50090.0
Республика Саха (Якутия),рубль,I квартал,2022-Q1,50711.0
Республика Саха (Якутия),рубль,II квартал,2022-Q2,57751.0
Республика Саха (Якутия),рубль,III квартал,2022-Q3,55670.0
Республика Саха (Якутия),рубль,IV квартал,2022-Q4,71995.0
Республика Саха (Якутия),рубль,значение показателя за год,2022,59040.0
Республика Саха (Якутия),рубль,I квартал,2023-Q1,58846.0
Республика Саха (Якутия),рубль,II квартал,2023-Q2,67701.0
Республика Саха (Якутия),рубль,III квартал,2023-Q3,65146.0
Республика Саха (Якутия),рубль,IV квартал,2023-Q4,84999.0
Республика Саха (Якутия),рубль,значение показателя за год,2023,69031.0
Республика Саха (Якутия),рубль,I квартал,2024-Q1,69998.0
Республика Саха (Якутия),рубль,II квартал,2024-Q2,77024.0
Республика Саха (Якутия),рубль,III квартал,2024-Q3,76554.0
Республика Саха (Якутия),рубль,IV квартал,2024-Q4,96275.0
Республика Саха (Якутия),рубль,значение показателя за год,2024,79768.0
Республика Саха (Якутия),рубль,I квартал,2025-Q1,81284.0
Республика Саха (Якутия),рубль,II квартал,2025-Q2,88627.0
Республика Саха (Якутия),рубль,III квартал,2025-Q3,86789.0
Республика Саха (Якутия),рубль,IV квартал,2025-Q4,109270.0
Республика Саха (Якутия),рубль,значение показателя за год,2025,91767.0
Республика Саха (Якутия),рубль,I квартал,2026-Q1,89334.0
Камчатский край,рубль,I квартал,2021-Q1,52346.0
Камчатский край,рубль,II квартал,2021-Q2,62608.0
Камчатский край,рубль,III квартал,2021-Q3,65472.0
Камчатский край,рубль,IV квартал,2021-Q4,78441.0
Камчатский край,рубль,значение показателя за год,2021,64791.0
Камчатский край,рубль,I квартал,2022-Q1,60729.0
Камчатский край,рубль,II квартал,2022-Q2,69971.0
Камчатский край,рубль,III квартал,2022-Q3,81927.0
Камчатский край,рубль,IV квартал,2022-Q4,95357.0
Камчатский край,рубль,значение показателя за год,2022,77505.0
Камчатский край,рубль,I квартал,2023-Q1,66520.0
Камчатский край,рубль,II квартал,2023-Q2,78074.0
Камчатский край,рубль,III квартал,2023-Q3,93330.0
Камчатский край,рубль,IV квартал,2023-Q4,110424.0
Камчатский край,рубль,значение показателя за год,2023,87054.0
Камчатский край,рубль,I квартал,2024-Q1,82197.0
Камчатский край,рубль,II квартал,2024-Q2,92389.0
Камчатский край,рубль,III квартал,2024-Q3,101288.0
Камчатский край,рубль,IV квартал,2024-Q4,109539.0
Камчатский край,рубль,значение показателя за год,2024,96478.0
Камчатский край,рубль,I квартал,2025-Q1,91846.0
Камчатский край,рубль,II квартал,2025-Q2,115367.0
Камчатский край,рубль,III квартал,2025-Q3,121996.0
Камчатский край,рубль,IV квартал,2025-Q4,125301.0
Камчатский край,рубль,значение показателя за год,2025,114450.0
Камчатский край,рубль,I квартал,2026-Q1,102036.0
Приморский край,рубль,I квартал,2021-Q1,37979.0
Приморский край,рубль,II квартал,2021-Q2,39910.0
Приморский край,рубль,III квартал,2021-Q3,41319.0
Приморский край,рубль,IV квартал,2021-Q4,45241.0
Приморский край,рубль,значение показателя за год,2021,41293.0
Приморский край,рубль,I квартал,2022-Q1,44739.0
Приморский край,рубль,II квартал,2022-Q2,47235.0
Приморский край,рубль,III квартал,2022-Q3,51100.0
Приморский край,рубль,IV квартал,2022-Q4,55507.0
Приморский край,рубль,значение показателя за год,2022,49942.0
Приморский край,рубль,I квартал,2023-Q1,48370.0
Приморский край,рубль,II квартал,2023-Q2,50830.0
Приморский край,рубль,III квартал,2023-Q3,55060.0
Приморский край,рубль,IV квартал,2023-Q4,62897.0
Приморский край,рубль,значение показателя за год,2023,54494.0
Приморский край,рубль,I квартал,2024-Q1,58119.0
Приморский край,рубль,II квартал,2024-Q2,63564.0
Приморский край,рубль,III квартал,2024-Q3,64501.0
Приморский край,рубль,IV квартал,2024-Q4,73272.0
Приморский край,рубль,значение показателя за год,2024,64985.0
Приморский край,рубль,I квартал,2025-Q1,70201.0
Приморский край,рубль,II квартал,2025-Q2,74296.0
Приморский край,рубль,III квартал,2025-Q3,73386.0
Приморский край,рубль,IV квартал,2025-Q4,81333.0
Приморский край,рубль,значение показателя за год,2025,74918.0
Приморский край,рубль,I квартал,2026-Q1,75371.0
Хабаровский край,рубль,I квартал,2021-Q1,38844.0
Хабаровский край,рубль,II квартал,2021-Q2,42523.0
Хабаровский край,рубль,III квартал,2021-Q3,43827.0
Хабаровский край,рубль,IV квартал,2021-Q4,51886.0
Хабаровский край,рубль,значение показателя за год,2021,44310.0
Хабаровский край,рубль,I квартал,2022-Q1,46195.0
Хабаровский край,рубль,II квартал,2022-Q2,49314.0
Хабаровский край,рубль,III квартал,2022-Q3,52103.0
Хабаровский край,рубль,IV квартал,2022-Q4,62306.0
Хабаровский край,рубль,значение показателя за год,2022,52656.0
Хабаровский край,рубль,I квартал,2023-Q1,50775.0
Хабаровский край,рубль,II квартал,2023-Q2,54447.0
Хабаровский край,рубль,III квартал,2023-Q3,57196.0
Хабаровский край,рубль,IV квартал,2023-Q4,69412.0
Хабаровский край,рубль,значение показателя за год,2023,58092.0
Хабаровский край,рубль,I квартал,2024-Q1,59597.0
Хабаровский край,рубль,II квартал,2024-Q2,63359.0
Хабаровский край,рубль,III квартал,2024-Q3,68542.0
Хабаровский край,рубль,IV квартал,2024-Q4,79689.0
Хабаровский край,рубль,значение показателя за год,2024,67920.0
Хабаровский край,рубль,I квартал,2025-Q1,69352.0
Хабаровский край,рубль,II квартал,2025-Q2,74867.0
Хабаровский край,рубль,III квартал,2025-Q3,79937.0
Хабаровский край,рубль,IV квартал,2025-Q4,92159.0
Хабаровский край,рубль,значение показателя за год,2025,79559.0
Хабаровский край,рубль,I квартал,2026-Q1,78776.0
Амурская область,рубль,I квартал,2021-Q1,31212.0
Амурская область,рубль,II квартал,2021-Q2,37628.0
Амурская область,рубль,III квартал,2021-Q3,41028.0
Амурская область,рубль,IV квартал,2021-Q4,49349.0
Амурская область,рубль,значение показателя за год,2021,40067.0
Амурская область,рубль,I квартал,2022-Q1,41899.0
Амурская область,рубль,II квартал,2022-Q2,45089.0
Амурская область,рубль,III квартал,2022-Q3,45360.0
Амурская область,рубль,IV квартал,2022-Q4,65881.0
Амурская область,рубль,значение показателя за год,2022,49798.0
Амурская область,рубль,I квартал,2023-Q1,44423.0
Амурская область,рубль,II квартал,2023-Q2,46699.0
Амурская область,рубль,III квартал,2023-Q3,48903.0
Амурская область,рубль,IV квартал,2023-Q4,75320.0
Амурская область,рубль,значение показателя за год,2023,54055.0
Амурская область,рубль,I квартал,2024-Q1,54365.0
Амурская область,рубль,II квартал,2024-Q2,57828.0
Амурская область,рубль,III квартал,2024-Q3,65905.0
Амурская область,рубль,IV квартал,2024-Q4,79782.0
Амурская область,рубль,значение показателя за год,2024,64343.0
Амурская область,рубль,I квартал,2025-Q1,60546.0
Амурская область,рубль,II квартал,2025-Q2,71738.0
Амурская область,рубль,III квартал,2025-Q3,78933.0
Амурская область,рубль,IV квартал,2025-Q4,93427.0
Амурская область,рубль,значение показателя за год,2025,76564.0
Амурская область,рубль,I квартал,2026-Q1,67148.0
Магаданская область,рубль,I квартал,2021-Q1,70912.0
Магаданская область,рубль,II квартал,2021-Q2,81502.0
Магаданская область,рубль,III квартал,2021-Q3,82502.0
Магаданская область,рубль,IV квартал,2021-Q4,91489.0
Магаданская область,рубль,значение показателя за год,2021,82031.0
Магаданская область,рубль,I квартал,2022-Q1,83777.0
Магаданская область,рубль,II квартал,2022-Q2,92992.0
Магаданская область,рубль,III квартал,2022-Q3,105911.0
Магаданская область,рубль,IV квартал,2022-Q4,122926.0
Магаданская область,рубль,значение показателя за год,2022,101999.0
Магаданская область,рубль,I квартал,2023-Q1,92055.0
Магаданская область,рубль,II квартал,2023-Q2,100552.0
Магаданская область,рубль,III квартал,2023-Q3,115171.0
Магаданская область,рубль,IV квартал,2023-Q4,135316.0
Магаданская область,рубль,значение показателя за год,2023,111157.0
Магаданская область,рубль,I квартал,2024-Q1,110784.0
Магаданская область,рубль,II квартал,2024-Q2,122066.0
Магаданская область,рубль,III квартал,2024-Q3,127800.0
Магаданская область,рубль,IV квартал,2024-Q4,153031.0
Магаданская область,рубль,значение показателя за год,2024,127865.0
Магаданская область,рубль,I квартал,2025-Q1,122994.0
Магаданская область,рубль,II квартал,2025-Q2,132912.0
Магаданская область,рубль,III квартал,2025-Q3,148945.0
Магаданская область,рубль,IV квартал,2025-Q4,174419.0
Магаданская область,рубль,значение показателя за год,2025,147148.0
Магаданская область,рубль,I квартал,2026-Q1,143617.0
Сахалинская область,рубль,I квартал,2021-Q1,58510.0
Сахалинская область,рубль,II квартал,2021-Q2,61378.0
Сахалинская область,рубль,III квартал,2021-Q3,63805.0
Сахалинская область,рубль,IV квартал,2021-Q4,80229.0
Сахалинская область,рубль,значение показателя за год,2021,66211.0
Сахалинская область,рубль,I квартал,2022-Q1,70380.0
Сахалинская область,рубль,II квартал,2022-Q2,72786.0
Сахалинская область,рубль,III квартал,2022-Q3,76435.0
Сахалинская область,рубль,IV квартал,2022-Q4,95822.0
Сахалинская область,рубль,значение показателя за год,2022,79322.0
Сахалинская область,рубль,I квартал,2023-Q1,74092.0
Сахалинская область,рубль,II квартал,2023-Q2,78687.0
Сахалинская область,рубль,III квартал,2023-Q3,86394.0
Сахалинская область,рубль,IV квартал,2023-Q4,111312.0
Сахалинская область,рубль,значение показателя за год,2023,87902.0
Сахалинская область,рубль,I квартал,2024-Q1,95591.0
Сахалинская область,рубль,II квартал,2024-Q2,98388.0
Сахалинская область,рубль,III квартал,2024-Q3,102812.0
Сахалинская область,рубль,IV квартал,2024-Q4,108092.0
Сахалинская область,рубль,значение показателя за год,2024,101220.0
Сахалинская область,рубль,I квартал,2025-Q1,104455.0
Сахалинская область,рубль,II квартал,2025-Q2,114775.0
Сахалинская область,рубль,III квартал,2025-Q3,124215.0
Сахалинская область,рубль,IV квартал,2025-Q4,126487.0
Сахалинская область,рубль,значение показателя за год,2025,117212.0
Сахалинская область,рубль,I квартал,2026-Q1,113775.0
Еврейская автономная область,рубль,I квартал,2021-Q1,26061.0
Еврейская автономная область,рубль,II квартал,2021-Q2,29444.0
Еврейская автономная область,рубль,III квартал,2021-Q3,31545.0
Еврейская автономная область,рубль,IV квартал,2021-Q4,36202.0
Еврейская автономная область,рубль,значение показателя за год,2021,31118.0
Еврейская автономная область,рубль,I квартал,2022-Q1,32408.0
Еврейская автономная область,рубль,II квартал,2022-Q2,34258.0
Еврейская автономная область,рубль,III квартал,2022-Q3,35305.0
Еврейская автономная область,рубль,IV квартал,2022-Q4,47969.0
Еврейская автономная область,рубль,значение показателя за год,2022,37753.0
Еврейская автономная область,рубль,I квартал,2023-Q1,36936.0
Еврейская автономная область,рубль,II квартал,2023-Q2,38853.0
Еврейская автономная область,рубль,III квартал,2023-Q3,40123.0
Еврейская автономная область,рубль,IV квартал,2023-Q4,57025.0
Еврейская автономная область,рубль,значение показателя за год,2023,43479.0
Еврейская автономная область,рубль,I квартал,2024-Q1,45466.0
Еврейская автономная область,рубль,II квартал,2024-Q2,51354.0
Еврейская автономная область,рубль,III квартал,2024-Q3,52461.0
Еврейская автономная область,рубль,IV квартал,2024-Q4,57797.0
Еврейская автономная область,рубль,значение показателя за год,2024,52015.0
Еврейская автономная область,рубль,I квартал,2025-Q1,55327.0
Еврейская автономная область,рубль,II квартал,2025-Q2,61149.0
Еврейская автономная область,рубль,III квартал,2025-Q3,62702.0
Еврейская автономная область,рубль,IV квартал,2025-Q4,64969.0
Еврейская автономная область,рубль,значение показателя за год,2025,61604.0
Еврейская автономная область,рубль,I квартал,2026-Q1,62463.0
Чукотский автономный округ,рубль,I квартал,2021-Q1,94787.0
Чукотский автономный округ,рубль,II квартал,2021-Q2,106310.0
Чукотский автономный округ,рубль,III квартал,2021-Q3,102790.0
Чукотский автономный округ,рубль,IV квартал,2021-Q4,114245.0
Чукотский автономный округ,рубль,значение показателя за год,2021,104178.0
Чукотский автономный округ,рубль,I квартал,2022-Q1,122668.0
Чукотский автономный округ,рубль,II квартал,2022-Q2,133091.0
Чукотский автономный округ,рубль,III квартал,2022-Q3,140916.0
Чукотский автономный округ,рубль,IV квартал,2022-Q4,155589.0
Чукотский автономный округ,рубль,значение показателя за год,2022,138161.0
Чукотский автономный округ,рубль,I квартал,2023-Q1,131357.0
Чукотский автономный округ,рубль,II квартал,2023-Q2,143408.0
Чукотский автономный округ,рубль,III квартал,2023-Q3,160835.0
Чукотский автономный округ,рубль,IV квартал,2023-Q4,193597.0
Чукотский автономный округ,рубль,значение показателя за год,2023,156988.0
Чукотский автономный округ,рубль,I квартал,2024-Q1,168769.0
Чукотский автономный округ,рубль,II квартал,2024-Q2,180321.0
Чукотский автономный округ,рубль,III квартал,2024-Q3,192943.0
Чукотский автономный округ,рубль,IV квартал,2024-Q4,206759.0
Чукотский автономный округ,рубль,значение показателя за год,2024,187687.0
Чукотский автономный округ,рубль,I квартал,2025-Q1,184799.0
Чукотский автономный округ,рубль,II квартал,2025-Q2,206247.0
Чукотский автономный округ,рубль,III квартал,2025-Q3,215079.0
Чукотский автономный округ,рубль,IV квартал,2025-Q4,259039.0
Чукотский автономный округ,рубль,значение показателя за год,2025,213494.0
Чукотский автономный округ,рубль,I квартал,2026-Q1,225653.0
