label_0,label_1,label_2,period_label,period,value
Российская Федерация,15-72 лет,процент,значение показателя за год,2000,10.6
Российская Федерация,15-72 лет,процент,значение показателя за год,2001,9.0
Российская Федерация,15-72 лет,процент,значение показателя за год,2002,7.9
Российская Федерация,15-72 лет,процент,значение показателя за год,2003,8.2
Российская Федерация,15-72 лет,процент,значение показателя за год,2004,7.8
Российская Федерация,15-72 лет,процент,значение показателя за год,2005,7.1
Российская Федерация,15-72 лет,процент,значение показателя за год,2006,7.1
Российская Федерация,15-72 лет,процент,значение показателя за год,2007,6.0
Российская Федерация,15-72 лет,процент,значение показателя за год,2008,6.2
Российская Федерация,15-72 лет,процент,значение показателя за год,2009,8.3
Российская Федерация,15-72 лет,процент,I квартал,2010-Q1,8.7
Российская Федерация,15-72 лет,процент,II квартал,2010-Q2,7.3
Российская Федерация,15-72 лет,процент,III квартал,2010-Q3,6.7
Российская Федерация,15-72 лет,процент,IV квартал,2010-Q4,6.7
Российская Федерация,15-72 лет,процент,значение показателя за год,2010,7.3
Российская Федерация,15-72 лет,процент,I квартал,2011-Q1,7.4
Российская Федерация,15-72 лет,процент,II квартал,2011-Q2,6.4
Российская Федерация,15-72 лет,процент,III квартал,2011-Q3,6.1
Российская Федерация,15-72 лет,процент,IV квартал,2011-Q4,6.1
Российская Федерация,15-72 лет,процент,значение показателя за год,2011,6.5
Российская Федерация,15-72 лет,процент,I квартал,2012-Q1,6.3
Российская Федерация,15-72 лет,процент,II квартал,2012-Q2,5.3
Российская Федерация,15-72 лет,процент,III квартал,2012-Q3,5.1
Российская Федерация,15-72 лет,процент,IV квартал,2012-Q4,5.1
Российская Федерация,15-72 лет,процент,значение показателя за год,2012,5.5
Центральный федеральный округ,15-72 лет,процент,значение показателя за год,2000,7.8
Центральный федеральный округ,15-72 лет,процент,значение показателя за год,2001,6.0
Центральный федеральный округ,15-72 лет,процент,значение показателя за год,2002,5.1
Центральный федеральный округ,15-72 лет,процент,значение показателя за год,2003,5.1
Центральный федеральный округ,15-72 лет,процент,значение показателя за год,2004,4.7
Центральный федеральный округ,15-72 лет,процент,значение показателя за год,2005,4.3
Центральный федеральный округ,15-72 лет,процент,значение показателя за год,2006,4.0
Центральный федеральный округ,15-72 лет,процент,значение показателя за год,2007,3.1
Центральный федеральный округ,15-72 лет,процент,значение показателя за год,2008,3.6
Центральный федеральный округ,15-72 лет,процент,значение показателя за год,2009,5.8
Центральный федеральный округ,15-72 лет,процент,I квартал,2010-Q1,5.6
Центральный федеральный округ,15-72 лет,процент,II квартал,2010-Q2,4.6
Центральный федеральный округ,15-72 лет,процент,III квартал,2010-Q3,4.3
Центральный федеральный округ,15-72 лет,процент,IV квартал,2010-Q4,4.1
Центральный федеральный округ,15-72 лет,процент,значение показателя за год,2010,4.6
Центральный федеральный округ,15-72 лет,процент,I квартал,2011-Q1,4.6
Центральный федеральный округ,15-72 лет,процент,II квартал,2011-Q2,4.0
Центральный федеральный округ,15-72 лет,процент,III квартал,2011-Q3,3.9
Центральный федеральный округ,15-72 лет,процент,IV квартал,2011-Q4,3.9
Центральный федеральный округ,15-72 лет,процент,значение показателя за год,2011,4.1
Центральный федеральный округ,15-72 лет,процент,I квартал,2012-Q1,3.8
Центральный федеральный округ,15-72 лет,процент,II квартал,2012-Q2,3.0
Центральный федеральный округ,15-72 лет,процент,III квартал,2012-Q3,2.9
Центральный федеральный округ,15-72 лет,процент,IV квартал,2012-Q4,2.8
Центральный федеральный округ,15-72 лет,процент,значение показателя за год,2012,3.1
Белгородская область,15-72 лет,процент,значение показателя за год,2000,6.1
Белгородская область,15-72 лет,процент,значение показателя за год,2001,6.4
Белгородская область,15-72 лет,процент,значение показателя за год,2002,8.1
Белгородская область,15-72 лет,процент,значение показателя за год,2003,8.3
Белгородская область,15-72 лет,процент,значение показателя за год,2004,6.2
Белгородская область,15-72 лет,процент,значение показателя за год,2005,5.9
Белгородская область,15-72 лет,процент,значение показателя за год,2006,5.6
Белгородская область,15-72 лет,процент,значение показателя за год,2007,4.3
Белгородская область,15-72 лет,процент,значение показателя за год,2008,3.9
Белгородская область,15-72 лет,процент,значение показателя за год,2009,4.7
Белгородская область,15-72 лет,процент,I квартал,2010-Q1,5.3
Белгородская область,15-72 лет,процент,II квартал,2010-Q2,5.1
Белгородская область,15-72 лет,процент,III квартал,2010-Q3,5.3
Белгородская область,15-72 лет,процент,IV квартал,2010-Q4,5.1
Белгородская область,15-72 лет,процент,значение показателя за год,2010,5.2
Белгородская область,15-72 лет,процент,I квартал,2011-Q1,4.4
Белгородская область,15-72 лет,процент,II квартал,2011-Q2,4.5
Белгородская область,15-72 лет,процент,III квартал,2011-Q3,4.3
Белгородская область,15-72 лет,процент,IV квартал,2011-Q4,4.1
Белгородская область,15-72 лет,процент,значение показателя за год,2011,4.3
Белгородская область,15-72 лет,процент,I квартал,2012-Q1,3.8
Белгородская область,15-72 лет,процент,II квартал,2012-Q2,3.7
Белгородская область,15-72 лет,процент,III квартал,2012-Q3,3.7
Белгородская область,15-72 лет,процент,IV квартал,2012-Q4,3.8
Белгородская область,15-72 лет,процент,значение показателя за год,2012,3.7
Брянская область,15-72 лет,процент,значение показателя за год,2000,13.4
Брянская область,15-72 лет,процент,значение показателя за год,2001,9.8
Брянская область,15-72 лет,процент,значение показателя за год,2002,8.6
Брянская область,15-72 лет,процент,значение показателя за год,2003,7.4
Брянская область,15-72 лет,процент,значение показателя за год,2004,8.9
Брянская область,15-72 лет,процент,значение показателя за год,2005,6.8
Брянская область,15-72 лет,процент,значение показателя за год,2006,6.8
Брянская область,15-72 лет,процент,значение показателя за год,2007,6.4
Брянская область,15-72 лет,процент,значение показателя за год,2008,6.5
Брянская область,15-72 лет,процент,значение показателя за год,2009,10.7
Брянская область,15-72 лет,процент,I квартал,2010-Q1,10.3
Брянская область,15-72 лет,процент,II квартал,2010-Q2,8.4
Брянская область,15-72 лет,процент,III квартал,2010-Q3,6.9
Брянская область,15-72 лет,процент,IV квартал,2010-Q4,6.4
Брянская область,15-72 лет,процент,значение показателя за год,2010,8.0
Брянская область,15-72 лет,процент,I квартал,2011-Q1,7.6
Брянская область,15-72 лет,процент,II квартал,2011-Q2,7.6
Брянская область,15-72 лет,процент,III квартал,2011-Q3,6.6
Брянская область,15-72 лет,процент,IV квартал,2011-Q4,6.5
Брянская область,15-72 лет,процент,значение показателя за год,2011,7.1
Брянская область,15-72 лет,процент,I квартал,2012-Q1,4.8
Брянская область,15-72 лет,процент,II квартал,2012-Q2,5.4
Брянская область,15-72 лет,процент,III квартал,2012-Q3,4.8
Брянская область,15-72 лет,процент,IV квартал,2012-Q4,5.3
Брянская область,15-72 лет,процент,значение показателя за год,2012,5.1
Владимирская область,15-72 лет,процент,значение показателя за год,2000,12.0
Владимирская область,15-72 лет,процент,значение показателя за год,2001,10.2
Владимирская область,15-72 лет,процент,значение показателя за год,2002,10.4
Владимирская область,15-72 лет,процент,значение показателя за год,2003,10.2
Владимирская область,15-72 лет,процент,значение показателя за год,2004,9.1
Владимирская область,15-72 лет,процент,значение показателя за год,2005,9.0
Владимирская область,15-72 лет,процент,значение показателя за год,2006,10.8
Владимирская область,15-72 лет,процент,значение показателя за год,2007,6.7
Владимирская область,15-72 лет,процент,значение показателя за год,2008,5.7
Владимирская область,15-72 лет,процент,значение показателя за год,2009,8.7
Владимирская область,15-72 лет,процент,I квартал,2010-Q1,8.2
Владимирская область,15-72 лет,процент,II квартал,2010-Q2,4.8
Владимирская область,15-72 лет,процент,III квартал,2010-Q3,5.2
Владимирская область,15-72 лет,процент,IV квартал,2010-Q4,6.5
Владимирская область,15-72 лет,процент,значение показателя за год,2010,6.1
Владимирская область,15-72 лет,процент,I квартал,2011-Q1,7.2
Владимирская область,15-72 лет,процент,II квартал,2011-Q2,5.3
Владимирская область,15-72 лет,процент,III квартал,2011-Q3,4.9
Владимирская область,15-72 лет,процент,IV квартал,2011-Q4,5.6
Владимирская область,15-72 лет,процент,значение показателя за год,2011,5.7
Владимирская область,15-72 лет,процент,I квартал,2012-Q1,5.5
Владимирская область,15-72 лет,процент,II квартал,2012-Q2,3.8
Владимирская область,15-72 лет,процент,III квартал,2012-Q3,4.1
Владимирская область,15-72 лет,процент,IV квартал,2012-Q4,4.2
Владимирская область,15-72 лет,процент,значение показателя за год,2012,4.4
Воронежская область,15-72 лет,процент,значение показателя за год,2000,10.1
Воронежская область,15-72 лет,процент,значение показателя за год,2001,9.6
Воронежская область,15-72 лет,процент,значение показателя за год,2002,8.9
Воронежская область,15-72 лет,процент,значение показателя за год,2003,8.3
Воронежская область,15-72 лет,процент,значение показателя за год,2004,8.7
Воронежская область,15-72 лет,процент,значение показателя за год,2005,7.6
Воронежская область,15-72 лет,процент,значение показателя за год,2006,5.4
Воронежская область,15-72 лет,процент,значение показателя за год,2007,5.2
Воронежская область,15-72 лет,процент,значение показателя за год,2008,5.2
Воронежская область,15-72 лет,процент,значение показателя за год,2009,8.6
Воронежская область,15-72 лет,процент,I квартал,2010-Q1,7.9
Воронежская область,15-72 лет,процент,II квартал,2010-Q2,7.9
Воронежская область,15-72 лет,процент,III квартал,2010-Q3,7.9
Воронежская область,15-72 лет,процент,IV квартал,2010-Q4,6.4
Воронежская область,15-72 лет,процент,значение показателя за год,2010,7.5
Воронежская область,15-72 лет,процент,I квартал,2011-Q1,6.9
Воронежская область,15-72 лет,процент,II квартал,2011-Q2,6.8
Воронежская область,15-72 лет,процент,III квартал,2011-Q3,6.3
Воронежская область,15-72 лет,процент,IV квартал,2011-Q4,5.7
Воронежская область,15-72 лет,процент,значение показателя за год,2011,6.4
Воронежская область,15-72 лет,процент,I квартал,2012-Q1,6.0
Воронежская область,15-72 лет,процент,II квартал,2012-Q2,5.8
Воронежская область,15-72 лет,процент,III квартал,2012-Q3,5.3
Воронежская область,15-72 лет,процент,IV квартал,2012-Q4,5.0
Воронежская область,15-72 лет,процент,значение показателя за год,2012,5.5
Ивановская область,15-72 лет,процент,значение показателя за год,2000,10.4
Ивановская область,15-72 лет,процент,значение показателя за год,2001,5.9
Ивановская область,15-72 лет,процент,значение показателя за год,2002,6.9
Ивановская область,15-72 лет,процент,значение показателя за год,2003,6.5
Ивановская область,15-72 лет,процент,значение показателя за год,2004,4.7
Ивановская область,15-72 лет,процент,значение показателя за год,2005,6.9
Ивановская область,15-72 лет,процент,значение показателя за год,2006,4.2
Ивановская область,15-72 лет,процент,значение показателя за год,2007,4.3
Ивановская область,15-72 лет,процент,значение показателя за год,2008,5.2
Ивановская область,15-72 лет,процент,значение показателя за год,2009,10.8
Ивановская область,15-72 лет,процент,I квартал,2010-Q1,9.4
Ивановская область,15-72 лет,процент,II квартал,2010-Q2,7.2
Ивановская область,15-72 лет,процент,III квартал,2010-Q3,6.7
Ивановская область,15-72 лет,процент,IV квартал,2010-Q4,7.0
Ивановская область,15-72 лет,процент,значение показателя за год,2010,7.6
Ивановская область,15-72 лет,процент,I квартал,2011-Q1,7.4
Ивановская область,15-72 лет,процент,II квартал,2011-Q2,6.6
Ивановская область,15-72 лет,процент,III квартал,2011-Q3,6.5
Ивановская область,15-72 лет,процент,IV квартал,2011-Q4,6.1
Ивановская область,15-72 лет,процент,значение показателя за год,2011,6.6
Ивановская область,15-72 лет,процент,I квартал,2012-Q1,7.8
Ивановская область,15-72 лет,процент,II квартал,2012-Q2,6.7
Ивановская область,15-72 лет,процент,III квартал,2012-Q3,6.1
Ивановская область,15-72 лет,процент,IV квартал,2012-Q4,4.6
Ивановская область,15-72 лет,процент,значение показателя за год,2012,6.3
Калужская область,15-72 лет,процент,значение показателя за год,2000,8.8
Калужская область,15-72 лет,процент,значение показателя за год,2001,6.1
Калужская область,15-72 лет,процент,значение показателя за год,2002,6.6
Калужская область,15-72 лет,процент,значение показателя за год,2003,6.1
Калужская область,15-72 лет,процент,значение показателя за год,2004,6.3
Калужская область,15-72 лет,процент,значение показателя за год,2005,5.6
Калужская область,15-72 лет,процент,значение показателя за год,2006,5.6
Калужская область,15-72 лет,процент,значение показателя за год,2007,5.0
Калужская область,15-72 лет,процент,значение показателя за год,2008,4.6
Калужская область,15-72 лет,процент,значение показателя за год,2009,6.1
Калужская область,15-72 лет,процент,I квартал,2010-Q1,7.9
Калужская область,15-72 лет,процент,II квартал,2010-Q2,5.7
Калужская область,15-72 лет,процент,III квартал,2010-Q3,7.2
Калужская область,15-72 лет,процент,IV квартал,2010-Q4,5.9
Калужская область,15-72 лет,процент,значение показателя за год,2010,6.7
Калужская область,15-72 лет,процент,I квартал,2011-Q1,7.4
Калужская область,15-72 лет,процент,II квартал,2011-Q2,3.7
Калужская область,15-72 лет,процент,III квартал,2011-Q3,5.1
Калужская область,15-72 лет,процент,IV квартал,2011-Q4,6.2
Калужская область,15-72 лет,процент,значение показателя за год,2011,5.6
Калужская область,15-72 лет,процент,I квартал,2012-Q1,6.5
Калужская область,15-72 лет,процент,II квартал,2012-Q2,2.9
Калужская область,15-72 лет,процент,III квартал,2012-Q3,3.9
Калужская область,15-72 лет,процент,IV квартал,2012-Q4,3.8
Калужская область,15-72 лет,процент,значение показателя за год,2012,4.3
Костромская область,15-72 лет,процент,значение показателя за год,2000,8.8
Костромская область,15-72 лет,процент,значение показателя за год,2001,5.9
Костромская область,15-72 лет,процент,значение показателя за год,2002,5.0
Костромская область,15-72 лет,процент,значение показателя за год,2003,6.1
Костромская область,15-72 лет,процент,значение показателя за год,2004,5.9
Костромская область,15-72 лет,процент,значение показателя за год,2005,4.9
Костромская область,15-72 лет,процент,значение показателя за год,2006,4.9
Костромская область,15-72 лет,процент,значение показателя за год,2007,3.3
Костромская область,15-72 лет,процент,значение показателя за год,2008,4.9
Костромская область,15-72 лет,процент,значение показателя за год,2009,8.2
Костромская область,15-72 лет,процент,I квартал,2010-Q1,6.7
Костромская область,15-72 лет,процент,II квартал,2010-Q2,6.5
Костромская область,15-72 лет,процент,III квартал,2010-Q3,4.8
Костромская область,15-72 лет,процент,IV квартал,2010-Q4,6.0
Костромская область,15-72 лет,процент,значение показателя за год,2010,6.0
Костромская область,15-72 лет,процент,I квартал,2011-Q1,5.7
Костромская область,15-72 лет,процент,II квартал,2011-Q2,4.4
Костромская область,15-72 лет,процент,III квартал,2011-Q3,4.3
Костромская область,15-72 лет,процент,IV квартал,2011-Q4,6.2
Костромская область,15-72 лет,процент,значение показателя за год,2011,5.1
Костромская область,15-72 лет,процент,I квартал,2012-Q1,5.2
Костромская область,15-72 лет,процент,II квартал,2012-Q2,3.8
Костромская область,15-72 лет,процент,III квартал,2012-Q3,4.2
Костромская область,15-72 лет,процент,IV квартал,2012-Q4,5.9
Костромская область,15-72 лет,процент,значение показателя за год,2012,4.8
Курская область,15-72 лет,процент,значение показателя за год,2000,10.5
Курская область,15-72 лет,процент,значение показателя за год,2001,10.5
Курская область,15-72 лет,процент,значение показателя за год,2002,7.1
Курская область,15-72 лет,процент,значение показателя за год,2003,8.5
Курская область,15-72 лет,процент,значение показателя за год,2004,7.5
Курская область,15-72 лет,процент,значение показателя за год,2005,7.2
Курская область,15-72 лет,процент,значение показателя за год,2006,7.2
Курская область,15-72 лет,процент,значение показателя за год,2007,4.9
Курская область,15-72 лет,процент,значение показателя за год,2008,6.3
Курская область,15-72 лет,процент,значение показателя за год,2009,8.8
Курская область,15-72 лет,процент,I квартал,2010-Q1,11.7
Курская область,15-72 лет,процент,II квартал,2010-Q2,7.7
Курская область,15-72 лет,процент,III квартал,2010-Q3,6.9
Курская область,15-72 лет,процент,IV квартал,2010-Q4,6.6
Курская область,15-72 лет,процент,значение показателя за год,2010,8.2
Курская область,15-72 лет,процент,I квартал,2011-Q1,7.0
Курская область,15-72 лет,процент,II квартал,2011-Q2,6.4
Курская область,15-72 лет,процент,III квартал,2011-Q3,5.9
Курская область,15-72 лет,процент,IV квартал,2011-Q4,6.1
Курская область,15-72 лет,процент,значение показателя за год,2011,6.3
Курская область,15-72 лет,процент,I квартал,2012-Q1,6.5
Курская область,15-72 лет,процент,II квартал,2012-Q2,5.3
Курская область,15-72 лет,процент,III квартал,2012-Q3,4.5
Курская область,15-72 лет,процент,IV квартал,2012-Q4,4.3
Курская область,15-72 лет,процент,значение показателя за год,2012,5.1
Липецкая область,15-72 лет,процент,значение показателя за год,2000,8.7
Липецкая область,15-72 лет,процент,значение показателя за год,2001,6.4
Липецкая область,15-72 лет,процент,значение показателя за год,2002,4.9
Липецкая область,15-72 лет,процент,значение показателя за год,2003,4.5
Липецкая область,15-72 лет,процент,значение показателя за год,2004,4.3
Липецкая область,15-72 лет,процент,значение показателя за год,2005,8.2
Липецкая область,15-72 лет,процент,значение показателя за год,2006,4.9
Липецкая область,15-72 лет,процент,значение показателя за год,2007,2.7
Липецкая область,15-72 лет,процент,значение показателя за год,2008,5.0
Липецкая область,15-72 лет,процент,значение показателя за год,2009,5.6
Липецкая область,15-72 лет,процент,I квартал,2010-Q1,5.2
Липецкая область,15-72 лет,процент,II квартал,2010-Q2,4.7
Липецкая область,15-72 лет,процент,III квартал,2010-Q3,3.7
Липецкая область,15-72 лет,процент,IV квартал,2010-Q4,4.4
Липецкая область,15-72 лет,процент,значение показателя за год,2010,4.5
Липецкая область,15-72 лет,процент,I квартал,2011-Q1,5.9
Липецкая область,15-72 лет,процент,II квартал,2011-Q2,5.1
Липецкая область,15-72 лет,процент,III квартал,2011-Q3,4.3
Липецкая область,15-72 лет,процент,IV квартал,2011-Q4,4.2
Липецкая область,15-72 лет,процент,значение показателя за год,2011,4.9
Липецкая область,15-72 лет,процент,I квартал,2012-Q1,4.4
Липецкая область,15-72 лет,процент,II квартал,2012-Q2,2.8
Липецкая область,15-72 лет,процент,III квартал,2012-Q3,3.2
Липецкая область,15-72 лет,процент,IV квартал,2012-Q4,3.8
Липецкая область,15-72 лет,процент,значение показателя за год,2012,3.6
Московская область,15-72 лет,процент,значение показателя за год,2000,7.8
Московская область,15-72 лет,процент,значение показателя за год,2001,5.6
Московская область,15-72 лет,процент,значение показателя за год,2002,4.4
Московская область,15-72 лет,процент,значение показателя за год,2003,4.4
Московская область,15-72 лет,процент,значение показателя за год,2004,3.8
Московская область,15-72 лет,процент,значение показателя за год,2005,3.2
Московская область,15-72 лет,процент,значение показателя за год,2006,3.0
Московская область,15-72 лет,процент,значение показателя за год,2007,2.0
Московская область,15-72 лет,процент,значение показателя за год,2008,2.7
Московская область,15-72 лет,процент,значение показателя за год,2009,4.8
Московская область,15-72 лет,процент,I квартал,2010-Q1,3.1
Московская область,15-72 лет,процент,II квартал,2010-Q2,3.3
Московская область,15-72 лет,процент,III квартал,2010-Q3,3.6
Московская область,15-72 лет,процент,IV квартал,2010-Q4,3.2
Московская область,15-72 лет,процент,значение показателя за год,2010,3.3
Московская область,15-72 лет,процент,I квартал,2011-Q1,3.4
Московская область,15-72 лет,процент,II квартал,2011-Q2,3.4
Московская область,15-72 лет,процент,III квартал,2011-Q3,3.9
Московская область,15-72 лет,процент,IV квартал,2011-Q4,4.1
Московская область,15-72 лет,процент,значение показателя за год,2011,3.7
Московская область,15-72 лет,процент,I квартал,2012-Q1,3.5
Московская область,15-72 лет,процент,II квартал,2012-Q2,2.7
Московская область,15-72 лет,процент,III квартал,2012-Q3,2.7
Московская область,15-72 лет,процент,IV квартал,2012-Q4,2.8
Московская область,15-72 лет,процент,значение показателя за год,2012,2.9
Орловская область,15-72 лет,процент,значение показателя за год,2000,8.6
Орловская область,15-72 лет,процент,значение показателя за год,2001,7.9
Орловская область,15-72 лет,процент,значение показателя за год,2002,6.7
Орловская область,15-72 лет,процент,значение показателя за год,2003,8.0
Орловская область,15-72 лет,процент,значение показателя за год,2004,6.2
Орловская область,15-72 лет,процент,значение показателя за год,2005,6.3
Орловская область,15-72 лет,процент,значение показателя за год,2006,5.9
Орловская область,15-72 лет,процент,значение показателя за год,2007,5.5
Орловская область,15-72 лет,процент,значение показателя за год,2008,6.0
Орловская область,15-72 лет,процент,значение показателя за год,2009,9.8
Орловская область,15-72 лет,процент,I квартал,2010-Q1,10.7
Орловская область,15-72 лет,процент,II квартал,2010-Q2,8.9
Орловская область,15-72 лет,процент,III квартал,2010-Q3,8.3
Орловская область,15-72 лет,процент,IV квартал,2010-Q4,7.8
Орловская область,15-72 лет,процент,значение показателя за год,2010,8.9
Орловская область,15-72 лет,процент,I квартал,2011-Q1,7.2
Орловская область,15-72 лет,процент,II квартал,2011-Q2,5.1
Орловская область,15-72 лет,процент,III квартал,2011-Q3,6.5
Орловская область,15-72 лет,процент,IV квартал,2011-Q4,6.2
Орловская область,15-72 лет,процент,значение показателя за год,2011,6.3
Орловская область,15-72 лет,процент,I квартал,2012-Q1,6.6
Орловская область,15-72 лет,процент,II квартал,2012-Q2,4.2
Орловская область,15-72 лет,процент,III квартал,2012-Q3,5.4
Орловская область,15-72 лет,процент,IV квартал,2012-Q4,5.2
Орловская область,15-72 лет,процент,значение показателя за год,2012,5.3
Рязанская область,15-72 лет,процент,значение показателя за год,2000,9.5
Рязанская область,15-72 лет,процент,значение показателя за год,2001,10.9
Рязанская область,15-72 лет,процент,значение показателя за год,2002,8.1
Рязанская область,15-72 лет,процент,значение показателя за год,2003,8.4
Рязанская область,15-72 лет,процент,значение показателя за год,2004,5.8
Рязанская область,15-72 лет,процент,значение показателя за год,2005,5.2
Рязанская область,15-72 лет,процент,значение показателя за год,2006,4.9
Рязанская область,15-72 лет,процент,значение показателя за год,2007,3.7
Рязанская область,15-72 лет,процент,значение показателя за год,2008,5.4
Рязанская область,15-72 лет,процент,значение показателя за год,2009,9.0
Рязанская область,15-72 лет,процент,I квартал,2010-Q1,10.3
Рязанская область,15-72 лет,процент,II квартал,2010-Q2,8.2
Рязанская область,15-72 лет,процент,III квартал,2010-Q3,7.2
Рязанская область,15-72 лет,процент,IV квартал,2010-Q4,8.0
Рязанская область,15-72 лет,процент,значение показателя за год,2010,8.4
Рязанская область,15-72 лет,процент,I квартал,2011-Q1,8.6
Рязанская область,15-72 лет,процент,II квартал,2011-Q2,7.0
Рязанская область,15-72 лет,процент,III квартал,2011-Q3,7.3
Рязанская область,15-72 лет,процент,IV квартал,2011-Q4,6.0
Рязанская область,15-72 лет,процент,значение показателя за год,2011,7.2
Рязанская область,15-72 лет,процент,I квартал,2012-Q1,5.6
Рязанская область,15-72 лет,процент,II квартал,2012-Q2,4.5
Рязанская область,15-72 лет,процент,III квартал,2012-Q3,3.9
Рязанская область,15-72 лет,процент,IV квартал,2012-Q4,4.3
Рязанская область,15-72 лет,процент,значение показателя за год,2012,4.6
Смоленская область,15-72 лет,процент,значение показателя за год,2000,12.3
Смоленская область,15-72 лет,процент,значение показателя за год,2001,9.9
Смоленская область,15-72 лет,процент,значение показателя за год,2002,11.1
Смоленская область,15-72 лет,процент,значение показателя за год,2003,10.8
Смоленская область,15-72 лет,процент,значение показателя за год,2004,9.1
Смоленская область,15-72 лет,процент,значение показателя за год,2005,7.7
Смоленская область,15-72 лет,процент,значение показателя за год,2006,8.1
Смоленская область,15-72 лет,процент,значение показателя за год,2007,6.7
Смоленская область,15-72 лет,процент,значение показателя за год,2008,7.0
Смоленская область,15-72 лет,процент,значение показателя за год,2009,7.8
Смоленская область,15-72 лет,процент,I квартал,2010-Q1,7.9
Смоленская область,15-72 лет,процент,II квартал,2010-Q2,8.3
Смоленская область,15-72 лет,процент,III квартал,2010-Q3,8.4
Смоленская область,15-72 лет,процент,IV квартал,2010-Q4,5.2
Смоленская область,15-72 лет,процент,значение показателя за год,2010,7.4
Смоленская область,15-72 лет,процент,I квартал,2011-Q1,7.7
Смоленская область,15-72 лет,процент,II квартал,2011-Q2,9.0
Смоленская область,15-72 лет,процент,III квартал,2011-Q3,8.4
Смоленская область,15-72 лет,процент,IV квартал,2011-Q4,5.4
Смоленская область,15-72 лет,процент,значение показателя за год,2011,7.6
Смоленская область,15-72 лет,процент,I квартал,2012-Q1,7.5
Смоленская область,15-72 лет,процент,II квартал,2012-Q2,6.2
Смоленская область,15-72 лет,процент,III квартал,2012-Q3,6.3
Смоленская область,15-72 лет,процент,IV квартал,2012-Q4,2.7
Смоленская область,15-72 лет,процент,значение показателя за год,2012,5.7
Тамбовская область,15-72 лет,процент,значение показателя за год,2000,8.3
Тамбовская область,15-72 лет,процент,значение показателя за год,2001,12.0
Тамбовская область,15-72 лет,процент,значение показателя за год,2002,9.5
Тамбовская область,15-72 лет,процент,значение показателя за год,2003,9.1
Тамбовская область,15-72 лет,процент,значение показателя за год,2004,9.5
Тамбовская область,15-72 лет,процент,значение показателя за год,2005,8.6
Тамбовская область,15-72 лет,процент,значение показателя за год,2006,8.7
Тамбовская область,15-72 лет,процент,значение показателя за год,2007,9.2
Тамбовская область,15-72 лет,процент,значение показателя за год,2008,9.1
Тамбовская область,15-72 лет,процент,значение показателя за год,2009,9.1
Тамбовская область,15-72 лет,процент,I квартал,2010-Q1,9.1
Тамбовская область,15-72 лет,процент,II квартал,2010-Q2,8.3
Тамбовская область,15-72 лет,процент,III квартал,2010-Q3,6.7
Тамбовская область,15-72 лет,процент,IV квартал,2010-Q4,7.3
Тамбовская область,15-72 лет,процент,значение показателя за год,2010,7.8
Тамбовская область,15-72 лет,процент,I квартал,2011-Q1,7.3
Тамбовская область,15-72 лет,процент,II квартал,2011-Q2,6.6
Тамбовская область,15-72 лет,процент,III квартал,2011-Q3,6.3
Тамбовская область,15-72 лет,процент,IV квартал,2011-Q4,6.2
Тамбовская область,15-72 лет,процент,значение показателя за год,2011,6.6
Тамбовская область,15-72 лет,процент,I квартал,2012-Q1,5.9
Тамбовская область,15-72 лет,процент,II квартал,2012-Q2,4.8
Тамбовская область,15-72 лет,процент,III квартал,2012-Q3,4.1
Тамбовская область,15-72 лет,процент,IV квартал,2012-Q4,4.6
Тамбовская область,15-72 лет,процент,значение показателя за год,2012,4.9
Тверская область,15-72 лет,процент,значение показателя за год,2000,9.1
Тверская область,15-72 лет,процент,значение показателя за год,2001,7.5
Тверская область,15-72 лет,процент,значение показателя за год,2002,4.7
Тверская область,15-72 лет,процент,значение показателя за год,2003,6.6
Тверская область,15-72 лет,процент,значение показателя за год,2004,5.4
Тверская область,15-72 лет,процент,значение показателя за год,2005,5.8
Тверская область,15-72 лет,процент,значение показателя за год,2006,4.5
Тверская область,15-72 лет,процент,значение показателя за год,2007,4.1
Тверская область,15-72 лет,процент,значение показателя за год,2008,5.1
Тверская область,15-72 лет,процент,значение показателя за год,2009,7.7
Тверская область,15-72 лет,процент,I квартал,2010-Q1,6.4
Тверская область,15-72 лет,процент,II квартал,2010-Q2,6.2
Тверская область,15-72 лет,процент,III квартал,2010-Q3,6.8
Тверская область,15-72 лет,процент,IV квартал,2010-Q4,6.9
Тверская область,15-72 лет,процент,значение показателя за год,2010,6.6
Тверская область,15-72 лет,процент,I квартал,2011-Q1,6.2
Тверская область,15-72 лет,процент,II квартал,2011-Q2,6.1
Тверская область,15-72 лет,процент,III квартал,2011-Q3,6.1
Тверская область,15-72 лет,процент,IV квартал,2011-Q4,5.8
Тверская область,15-72 лет,процент,значение показателя за год,2011,6.0
Тверская область,15-72 лет,процент,I квартал,2012-Q1,5.5
Тверская область,15-72 лет,процент,II квартал,2012-Q2,5.3
Тверская область,15-72 лет,процент,III квартал,2012-Q3,4.7
Тверская область,15-72 лет,процент,IV квартал,2012-Q4,4.8
Тверская область,15-72 лет,процент,значение показателя за год,2012,5.0
Тульская область,15-72 лет,процент,значение показателя за год,2000,10.0
Тульская область,15-72 лет,процент,значение показателя за год,2001,5.3
Тульская область,15-72 лет,процент,значение показателя за год,2002,6.1
Тульская область,15-72 лет,процент,значение показателя за год,2003,5.3
Тульская область,15-72 лет,процент,значение показателя за год,2004,4.7
Тульская область,15-72 лет,процент,значение показателя за год,2005,5.0
Тульская область,15-72 лет,процент,значение показателя за год,2006,2.8
Тульская область,15-72 лет,процент,значение показателя за год,2007,2.6
Тульская область,15-72 лет,процент,значение показателя за год,2008,3.4
Тульская область,15-72 лет,процент,значение показателя за год,2009,6.0
Тульская область,15-72 лет,процент,I квартал,2010-Q1,7.2
Тульская область,15-72 лет,процент,II квартал,2010-Q2,5.7
Тульская область,15-72 лет,процент,III квартал,2010-Q3,4.7
Тульская область,15-72 лет,процент,IV квартал,2010-Q4,5.6
Тульская область,15-72 лет,процент,значение показателя за год,2010,5.8
Тульская область,15-72 лет,процент,I квартал,2011-Q1,6.0
Тульская область,15-72 лет,процент,II квартал,2011-Q2,4.7
Тульская область,15-72 лет,процент,III квартал,2011-Q3,4.0
Тульская область,15-72 лет,процент,IV квартал,2011-Q4,6.4
Тульская область,15-72 лет,процент,значение показателя за год,2011,5.3
Тульская область,15-72 лет,процент,I квартал,2012-Q1,6.1
Тульская область,15-72 лет,процент,II квартал,2012-Q2,4.9
Тульская область,15-72 лет,процент,III квартал,2012-Q3,3.6
Тульская область,15-72 лет,процент,IV квартал,2012-Q4,3.8
Тульская область,15-72 лет,процент,значение показателя за год,2012,4.6
Ярославская область,15-72 лет,процент,значение показателя за год,2000,7.4
Ярославская область,15-72 лет,процент,значение показателя за год,2001,6.7
Ярославская область,15-72 лет,процент,значение показателя за год,2002,3.8
Ярославская область,15-72 лет,процент,значение показателя за год,2003,5.7
Ярославская область,15-72 лет,процент,значение показателя за год,2004,4.6
Ярославская область,15-72 лет,процент,значение показателя за год,2005,3.9
Ярославская область,15-72 лет,процент,значение показателя за год,2006,2.9
Ярославская область,15-72 лет,процент,значение показателя за год,2007,3.4
Ярославская область,15-72 лет,процент,значение показателя за год,2008,5.8
Ярославская область,15-72 лет,процент,значение показателя за год,2009,7.9
Ярославская область,15-72 лет,процент,I квартал,2010-Q1,8.7
Ярославская область,15-72 лет,процент,II квартал,2010-Q2,6.8
Ярославская область,15-72 лет,процент,III квартал,2010-Q3,7.2
Ярославская область,15-72 лет,процент,IV квартал,2010-Q4,7.3
Ярославская область,15-72 лет,процент,значение показателя за год,2010,7.5
Ярославская область,15-72 лет,процент,I квартал,2011-Q1,6.5
Ярославская область,15-72 лет,процент,II квартал,2011-Q2,4.0
Ярославская область,15-72 лет,процент,III квартал,2011-Q3,5.3
Ярославская область,15-72 лет,процент,IV квартал,2011-Q4,4.6
Ярославская область,15-72 лет,процент,значение показателя за год,2011,5.1
Ярославская область,15-72 лет,процент,I квартал,2012-Q1,4.2
Ярославская область,15-72 лет,процент,II квартал,2012-Q2,3.2
Ярославская область,15-72 лет,процент,III квартал,2012-Q3,3.6
Ярославская область,15-72 лет,процент,IV квартал,2012-Q4,2.4
Ярославская область,15-72 лет,процент,значение показателя за год,2012,3.4
Город Москва столица Российской Федерации город федерального значения,15-72 лет,процент,значение показателя за год,2000,3.9
Город Москва столица Российской Федерации город федерального значения,15-72 лет,процент,значение показателя за год,2001,2.1
Город Москва столица Российской Федерации город федерального значения,15-72 лет,процент,значение показателя за год,2002,1.4
Город Москва столица Российской Федерации город федерального значения,15-72 лет,процент,значение показателя за год,2003,1.3
Город Москва столица Российской Федерации город федерального значения,15-72 лет,процент,значение показателя за год,2004,1.6
Город Москва столица Российской Федерации город федерального значения,15-72 лет,процент,значение показателя за год,2005,0.8
Город Москва столица Российской Федерации город федерального значения,15-72 лет,процент,значение показателя за год,2006,1.6
Город Москва столица Российской Федерации город федерального значения,15-72 лет,процент,значение показателя за год,2007,0.8
Город Москва столица Российской Федерации город федерального значения,15-72 лет,процент,значение показателя за год,2008,0.9
Город Москва столица Российской Федерации город федерального значения,15-72 лет,процент,значение показателя за год,2009,2.8
Город Москва столица Российской Федерации город федерального значения,15-72 лет,процент,I квартал,2010-Q1,2.9
Город Москва столица Российской Федерации город федерального значения,15-72 лет,процент,II квартал,2010-Q2,1.8
Город Москва столица Российской Федерации город федерального значения,15-72 лет,процент,III квартал,2010-Q3,1.3
Город Москва столица Российской Федерации город федерального значения,15-72 лет,процент,IV квартал,2010-Q4,1.1
Город Москва столица Российской Федерации город федерального значения,15-72 лет,процент,значение показателя за год,2010,1.8
Город Москва столица Российской Федерации город федерального значения,15-72 лет,процент,I квартал,2011-Q1,1.9
Город Москва столица Российской Федерации город федерального значения,15-72 лет,процент,II квартал,2011-Q2,1.6
Город Москва столица Российской Федерации город федерального значения,15-72 лет,процент,III квартал,2011-Q3,1.2
Город Москва столица Российской Федерации город федерального значения,15-72 лет,процент,IV квартал,2011-Q4,1.1
Город Москва столица Российской Федерации город федерального значения,15-72 лет,процент,значение показателя за год,2011,1.4
Город Москва столица Российской Федерации город федерального значения,15-72 лет,процент,I квартал,2012-Q1,1.0
Город Москва столица Российской Федерации город федерального значения,15-72 лет,процент,II квартал,2012-Q2,0.9
Город Москва столица Российской Федерации город федерального значения,15-72 лет,процент,III квартал,2012-Q3,0.7
Город Москва столица Российской Федерации город федерального значения,15-72 лет,процент,IV квартал,2012-Q4,0.7
Город Москва столица Российской Федерации город федерального значения,15-72 лет,процент,значение показателя за год,2012,0.8
Северо-Западный федеральный округ,15-72 лет,процент,значение показателя за год,2000,9.6
Северо-Западный федеральный округ,15-72 лет,процент,значение показателя за год,2001,7.6
Северо-Западный федеральный округ,15-72 лет,процент,значение показателя за год,2002,6.2
Северо-Западный федеральный округ,15-72 лет,процент,значение показателя за год,2003,7.0
Северо-Западный федеральный округ,15-72 лет,процент,значение показателя за год,2004,6.0
Северо-Западный федеральный округ,15-72 лет,процент,значение показателя за год,2005,5.4
Северо-Западный федеральный округ,15-72 лет,процент,значение показателя за год,2006,4.9
Северо-Западный федеральный округ,15-72 лет,процент,значение показателя за год,2007,4.1
Северо-Западный федеральный округ,15-72 лет,процент,значение показателя за год,2008,5.0
Северо-Западный федеральный округ,15-72 лет,процент,значение показателя за год,2009,6.9
Северо-Западный федеральный округ,15-72 лет,процент,I квартал,2010-Q1,6.8
Северо-Западный федеральный округ,15-72 лет,процент,II квартал,2010-Q2,5.8
Северо-Западный федеральный округ,15-72 лет,процент,III квартал,2010-Q3,5.4
Северо-Западный федеральный округ,15-72 лет,процент,IV квартал,2010-Q4,5.6
Северо-Западный федеральный округ,15-72 лет,процент,значение показателя за год,2010,5.9
Северо-Западный федеральный округ,15-72 лет,процент,I квартал,2011-Q1,6.2
Северо-Западный федеральный округ,15-72 лет,процент,II квартал,2011-Q2,4.9
Северо-Западный федеральный округ,15-72 лет,процент,III квартал,2011-Q3,4.7
Северо-Западный федеральный округ,15-72 лет,процент,IV квартал,2011-Q4,4.6
Северо-Западный федеральный округ,15-72 лет,процент,значение показателя за год,2011,5.1
Северо-Западный федеральный округ,15-72 лет,процент,I квартал,2012-Q1,4.6
Северо-Западный федеральный округ,15-72 лет,процент,II квартал,2012-Q2,3.8
Северо-Западный федеральный округ,15-72 лет,процент,III квартал,2012-Q3,3.7
Северо-Западный федеральный округ,15-72 лет,процент,IV квартал,2012-Q4,3.7
Северо-Западный федеральный округ,15-72 лет,процент,значение показателя за год,2012,4.0
Республика Карелия,15-72 лет,процент,значение показателя за год,2000,11.3
Республика Карелия,15-72 лет,процент,значение показателя за год,2001,8.6
Республика Карелия,15-72 лет,процент,значение показателя за год,2002,7.8
Республика Карелия,15-72 лет,процент,значение показателя за год,2003,8.2
Республика Карелия,15-72 лет,процент,значение показателя за год,2004,7.3
Республика Карелия,15-72 лет,процент,значение показателя за год,2005,8.8
Республика Карелия,15-72 лет,процент,значение показателя за год,2006,3.3
Республика Карелия,15-72 лет,процент,значение показателя за год,2007,5.9
Республика Карелия,15-72 лет,процент,значение показателя за год,2008,8.2
Республика Карелия,15-72 лет,процент,значение показателя за год,2009,9.6
Республика Карелия,15-72 лет,процент,I квартал,2010-Q1,11.1
Республика Карелия,15-72 лет,процент,II квартал,2010-Q2,8.9
Республика Карелия,15-72 лет,процент,III квартал,2010-Q3,8.0
Республика Карелия,15-72 лет,процент,IV квартал,2010-Q4,9.3
Республика Карелия,15-72 лет,процент,значение показателя за год,2010,9.3
Республика Карелия,15-72 лет,процент,I квартал,2011-Q1,8.5
Республика Карелия,15-72 лет,процент,II квартал,2011-Q2,8.7
Республика Карелия,15-72 лет,процент,III квартал,2011-Q3,8.7
Республика Карелия,15-72 лет,процент,IV квартал,2011-Q4,7.7
Республика Карелия,15-72 лет,процент,значение показателя за год,2011,8.4
Республика Карелия,15-72 лет,процент,I квартал,2012-Q1,7.2
Республика Карелия,15-72 лет,процент,II квартал,2012-Q2,6.4
Республика Карелия,15-72 лет,процент,III квартал,2012-Q3,7.8
Республика Карелия,15-72 лет,процент,IV квартал,2012-Q4,6.5
Республика Карелия,15-72 лет,процент,значение показателя за год,2012,7.0
Республика Коми,15-72 лет,процент,значение показателя за год,2000,12.0
Республика Коми,15-72 лет,процент,значение показателя за год,2001,13.8
Республика Коми,15-72 лет,процент,значение показателя за год,2002,9.2
Республика Коми,15-72 лет,процент,значение показателя за год,2003,12.2
Республика Коми,15-72 лет,процент,значение показателя за год,2004,12.4
Республика Коми,15-72 лет,процент,значение показателя за год,2005,11.1
Республика Коми,15-72 лет,процент,значение показателя за год,2006,12.1
Республика Коми,15-72 лет,процент,значение показателя за год,2007,10.2
Республика Коми,15-72 лет,процент,значение показателя за год,2008,7.1
Республика Коми,15-72 лет,процент,значение показателя за год,2009,11.4
Республика Коми,15-72 лет,процент,I квартал,2010-Q1,11.6
Республика Коми,15-72 лет,процент,II квартал,2010-Q2,9.3
Республика Коми,15-72 лет,процент,III квартал,2010-Q3,9.1
Республика Коми,15-72 лет,процент,IV квартал,2010-Q4,10.3
Республика Коми,15-72 лет,процент,значение показателя за год,2010,10.1
Республика Коми,15-72 лет,процент,I квартал,2011-Q1,11.6
Республика Коми,15-72 лет,процент,II квартал,2011-Q2,6.5
Республика Коми,15-72 лет,процент,III квартал,2011-Q3,7.5
Республика Коми,15-72 лет,процент,IV квартал,2011-Q4,7.3
Республика Коми,15-72 лет,процент,значение показателя за год,2011,8.2
Республика Коми,15-72 лет,процент,I квартал,2012-Q1,6.7
Республика Коми,15-72 лет,процент,II квартал,2012-Q2,6.6
Республика Коми,15-72 лет,процент,III квартал,2012-Q3,6.0
Республика Коми,15-72 лет,процент,IV квартал,2012-Q4,6.3
Республика Коми,15-72 лет,процент,значение показателя за год,2012,6.4
Архангельская область,15-72 лет,процент,значение показателя за год,2000,12.4
Архангельская область,15-72 лет,процент,значение показателя за год,2001,8.6
Архангельская область,15-72 лет,процент,значение показателя за год,2002,8.1
Архангельская область,15-72 лет,процент,значение показателя за год,2003,10.0
Архангельская область,15-72 лет,процент,значение показателя за год,2004,7.1
Архангельская область,15-72 лет,процент,значение показателя за год,2005,5.5
Архангельская область,15-72 лет,процент,значение показателя за год,2006,5.8
Архангельская область,15-72 лет,процент,значение показателя за год,2007,5.4
Архангельская область,15-72 лет,процент,значение показателя за год,2008,6.8
Архангельская область,15-72 лет,процент,значение показателя за год,2009,7.2
Архангельская область,15-72 лет,процент,I квартал,2010-Q1,9.1
Архангельская область,15-72 лет,процент,II квартал,2010-Q2,6.5
Архангельская область,15-72 лет,процент,III квартал,2010-Q3,5.2
Архангельская область,15-72 лет,процент,IV квартал,2010-Q4,7.0
Архангельская область,15-72 лет,процент,значение показателя за год,2010,6.9
Архангельская область,15-72 лет,процент,I квартал,2011-Q1,6.7
Архангельская область,15-72 лет,процент,II квартал,2011-Q2,5.4
Архангельская область,15-72 лет,процент,III квартал,2011-Q3,5.8
Архангельская область,15-72 лет,процент,IV квартал,2011-Q4,5.6
Архангельская область,15-72 лет,процент,значение показателя за год,2011,5.9
Архангельская область,15-72 лет,процент,I квартал,2012-Q1,7.0
Архангельская область,15-72 лет,процент,II квартал,2012-Q2,5.9
Архангельская область,15-72 лет,процент,III квартал,2012-Q3,4.5
Архангельская область,15-72 лет,процент,IV квартал,2012-Q4,4.2
Архангельская область,15-72 лет,процент,значение показателя за год,2012,5.4
Ненецкий автономный округ (Архангельская область),15-72 лет,процент,значение показателя за год,2000,11.0
Ненецкий автономный округ (Архангельская область),15-72 лет,процент,значение показателя за год,2001,7.0
Ненецкий автономный округ (Архангельская область),15-72 лет,процент,значение показателя за год,2002,7.3
Ненецкий автономный округ (Архангельская область),15-72 лет,процент,значение показателя за год,2003,8.7
Ненецкий автономный округ (Архангельская область),15-72 лет,процент,значение показателя за год,2004,7.3
Ненецкий автономный округ (Архангельская область),15-72 лет,процент,значение показателя за год,2005,10.6
Ненецкий автономный округ (Архангельская область),15-72 лет,процент,значение показателя за год,2006,5.5
Ненецкий автономный округ (Архангельская область),15-72 лет,процент,значение показателя за год,2007,6.5
Ненецкий автономный округ (Архангельская область),15-72 лет,процент,значение показателя за год,2008,7.9
Ненецкий автономный округ (Архангельская область),15-72 лет,процент,значение показателя за год,2009,9.5
Ненецкий автономный округ (Архангельская область),15-72 лет,процент,I квартал,2010-Q1,9.1
Ненецкий автономный округ (Архангельская область),15-72 лет,процент,II квартал,2010-Q2,3.6
Ненецкий автономный округ (Архангельская область),15-72 лет,процент,III квартал,2010-Q3,4.7
Ненецкий автономный округ (Архангельская область),15-72 лет,процент,IV квартал,2010-Q4,8.2
Ненецкий автономный округ (Архангельская область),15-72 лет,процент,значение показателя за год,2010,6.5
Ненецкий автономный округ (Архангельская область),15-72 лет,процент,I квартал,2011-Q1,9.0
Ненецкий автономный округ (Архангельская область),15-72 лет,процент,II квартал,2011-Q2,7.1
Ненецкий автономный округ (Архангельская область),15-72 лет,процент,III квартал,2011-Q3,9.4
Ненецкий автономный округ (Архангельская область),15-72 лет,процент,IV квартал,2011-Q4,9.4
Ненецкий автономный округ (Архангельская область),15-72 лет,процент,значение показателя за год,2011,8.7
Ненецкий автономный округ (Архангельская область),15-72 лет,процент,I квартал,2012-Q1,6.3
Ненецкий автономный округ (Архангельская область),15-72 лет,процент,II квартал,2012-Q2,8.2
Ненецкий автономный округ (Архангельская область),15-72 лет,процент,III квартал,2012-Q3,5.2
Ненецкий автономный округ (Архангельская область),15-72 лет,процент,IV квартал,2012-Q4,8.0
Ненецкий автономный округ (Архангельская область),15-72 лет,процент,значение показателя за год,2012,6.9
Вологодская область,15-72 лет,процент,значение показателя за год,2000,8.3
Вологодская область,15-72 лет,процент,значение показателя за год,2001,8.9
Вологодская область,15-72 лет,процент,значение показателя за год,2002,6.0
Вологодская область,15-72 лет,процент,значение показателя за год,2003,4.9
Вологодская область,15-72 лет,процент,значение показателя за год,2004,6.4
Вологодская область,15-72 лет,процент,значение показателя за год,2005,5.2
Вологодская область,15-72 лет,процент,значение показателя за год,2006,5.4
Вологодская область,15-72 лет,процент,значение показателя за год,2007,4.0
Вологодская область,15-72 лет,процент,значение показателя за год,2008,5.6
Вологодская область,15-72 лет,процент,значение показателя за год,2009,7.8
Вологодская область,15-72 лет,процент,I квартал,2010-Q1,8.5
Вологодская область,15-72 лет,процент,II квартал,2010-Q2,7.6
Вологодская область,15-72 лет,процент,III квартал,2010-Q3,8.3
Вологодская область,15-72 лет,процент,IV квартал,2010-Q4,6.9
Вологодская область,15-72 лет,процент,значение показателя за год,2010,7.8
Вологодская область,15-72 лет,процент,I квартал,2011-Q1,8.8
Вологодская область,15-72 лет,процент,II квартал,2011-Q2,7.2
Вологодская область,15-72 лет,процент,III квартал,2011-Q3,6.7
Вологодская область,15-72 лет,процент,IV квартал,2011-Q4,6.6
Вологодская область,15-72 лет,процент,значение показателя за год,2011,7.3
Вологодская область,15-72 лет,процент,I квартал,2012-Q1,6.8
Вологодская область,15-72 лет,процент,II квартал,2012-Q2,4.9
Вологодская область,15-72 лет,процент,III квартал,2012-Q3,5.8
Вологодская область,15-72 лет,процент,IV квартал,2012-Q4,5.8
Вологодская область,15-72 лет,процент,значение показателя за год,2012,5.8
Калининградская область,15-72 лет,процент,значение показателя за год,2000,15.6
Калининградская область,15-72 лет,процент,значение показателя за год,2001,8.8
Калининградская область,15-72 лет,процент,значение показателя за год,2002,7.2
Калининградская область,15-72 лет,процент,значение показателя за год,2003,7.5
Калининградская область,15-72 лет,процент,значение показателя за год,2004,6.6
Калининградская область,15-72 лет,процент,значение показателя за год,2005,6.5
Калининградская область,15-72 лет,процент,значение показателя за год,2006,4.4
Калининградская область,15-72 лет,процент,значение показателя за год,2007,3.4
Калининградская область,15-72 лет,процент,значение показателя за год,2008,8.6
Калининградская область,15-72 лет,процент,значение показателя за год,2009,10.9
Калининградская область,15-72 лет,процент,I квартал,2010-Q1,11.7
Калининградская область,15-72 лет,процент,II квартал,2010-Q2,10.4
Калининградская область,15-72 лет,процент,III квартал,2010-Q3,9.0
Калининградская область,15-72 лет,процент,IV квартал,2010-Q4,10.0
Калининградская область,15-72 лет,процент,значение показателя за год,2010,10.3
Калининградская область,15-72 лет,процент,I квартал,2011-Q1,9.9
Калининградская область,15-72 лет,процент,II квартал,2011-Q2,9.3
Калининградская область,15-72 лет,процент,III квартал,2011-Q3,7.7
Калининградская область,15-72 лет,процент,IV квартал,2011-Q4,9.4
Калининградская область,15-72 лет,процент,значение показателя за год,2011,9.1
Калининградская область,15-72 лет,процент,I квартал,2012-Q1,10.0
Калининградская область,15-72 лет,процент,II квартал,2012-Q2,7.3
Калининградская область,15-72 лет,процент,III квартал,2012-Q3,6.4
Калининградская область,15-72 лет,процент,IV квартал,2012-Q4,6.0
Калининградская область,15-72 лет,процент,значение показателя за год,2012,7.4
Ленинградская область,15-72 лет,процент,значение показателя за год,2000,9.6
Ленинградская область,15-72 лет,процент,значение показателя за год,2001,7.0
Ленинградская область,15-72 лет,процент,значение показателя за год,2002,7.0
Ленинградская область,15-72 лет,процент,значение показателя за год,2003,8.6
Ленинградская область,15-72 лет,процент,значение показателя за год,2004,6.9
Ленинградская область,15-72 лет,процент,значение показателя за год,2005,7.2
Ленинградская область,15-72 лет,процент,значение показателя за год,2006,5.8
Ленинградская область,15-72 лет,процент,значение показателя за год,2007,3.9
Ленинградская область,15-72 лет,процент,значение показателя за год,2008,6.0
Ленинградская область,15-72 лет,процент,значение показателя за год,2009,6.9
Ленинградская область,15-72 лет,процент,I квартал,2010-Q1,5.1
Ленинградская область,15-72 лет,процент,II квартал,2010-Q2,5.3
Ленинградская область,15-72 лет,процент,III квартал,2010-Q3,5.4
Ленинградская область,15-72 лет,процент,IV квартал,2010-Q4,5.0
Ленинградская область,15-72 лет,процент,значение показателя за год,2010,5.2
Ленинградская область,15-72 лет,процент,I квартал,2011-Q1,5.9
Ленинградская область,15-72 лет,процент,II квартал,2011-Q2,4.2
Ленинградская область,15-72 лет,процент,III квартал,2011-Q3,4.3
Ленинградская область,15-72 лет,процент,IV квартал,2011-Q4,2.9
Ленинградская область,15-72 лет,процент,значение показателя за год,2011,4.3
Ленинградская область,15-72 лет,процент,I квартал,2012-Q1,3.7
Ленинградская область,15-72 лет,процент,II квартал,2012-Q2,3.2
Ленинградская область,15-72 лет,процент,III квартал,2012-Q3,2.8
Ленинградская область,15-72 лет,процент,IV квартал,2012-Q4,3.2
Ленинградская область,15-72 лет,процент,значение показателя за год,2012,3.2
Мурманская область,15-72 лет,процент,значение показателя за год,2000,13.4
Мурманская область,15-72 лет,процент,значение показателя за год,2001,13.1
Мурманская область,15-72 лет,процент,значение показателя за год,2002,10.3
Мурманская область,15-72 лет,процент,значение показателя за год,2003,10.1
Мурманская область,15-72 лет,процент,значение показателя за год,2004,10.9
Мурманская область,15-72 лет,процент,значение показателя за год,2005,8.7
Мурманская область,15-72 лет,процент,значение показателя за год,2006,6.7
Мурманская область,15-72 лет,процент,значение показателя за год,2007,6.3
Мурманская область,15-72 лет,процент,значение показателя за год,2008,6.6
Мурманская область,15-72 лет,процент,значение показателя за год,2009,7.5
Мурманская область,15-72 лет,процент,I квартал,2010-Q1,9.8
Мурманская область,15-72 лет,процент,II квартал,2010-Q2,7.7
Мурманская область,15-72 лет,процент,III квартал,2010-Q3,8.8
Мурманская область,15-72 лет,процент,IV квартал,2010-Q4,7.8
Мурманская область,15-72 лет,процент,значение показателя за год,2010,8.6
Мурманская область,15-72 лет,процент,I квартал,2011-Q1,9.6
Мурманская область,15-72 лет,процент,II квартал,2011-Q2,8.5
Мурманская область,15-72 лет,процент,III квартал,2011-Q3,6.4
Мурманская область,15-72 лет,процент,IV квартал,2011-Q4,10.0
Мурманская область,15-72 лет,процент,значение показателя за год,2011,8.6
Мурманская область,15-72 лет,процент,I квартал,2012-Q1,8.7
Мурманская область,15-72 лет,процент,II квартал,2012-Q2,6.6
Мурманская область,15-72 лет,процент,III квартал,2012-Q3,7.2
Мурманская область,15-72 лет,процент,IV квартал,2012-Q4,8.4
Мурманская область,15-72 лет,процент,значение показателя за год,2012,7.7
Новгородская область,15-72 лет,процент,значение показателя за год,2000,7.6
Новгородская область,15-72 лет,процент,значение показателя за год,2001,6.4
Новгородская область,15-72 лет,процент,значение показателя за год,2002,6.3
Новгородская область,15-72 лет,процент,значение показателя за год,2003,4.9
Новгородская область,15-72 лет,процент,значение показателя за год,2004,6.1
Новгородская область,15-72 лет,процент,значение показателя за год,2005,5.8
Новгородская область,15-72 лет,процент,значение показателя за год,2006,5.5
Новгородская область,15-72 лет,процент,значение показателя за год,2007,5.3
Новгородская область,15-72 лет,процент,значение показателя за год,2008,4.9
Новгородская область,15-72 лет,процент,значение показателя за год,2009,6.1
Новгородская область,15-72 лет,процент,I квартал,2010-Q1,6.7
Новгородская область,15-72 лет,процент,II квартал,2010-Q2,5.3
Новгородская область,15-72 лет,процент,III квартал,2010-Q3,4.6
Новгородская область,15-72 лет,процент,IV квартал,2010-Q4,5.8
Новгородская область,15-72 лет,процент,значение показателя за год,2010,5.6
Новгородская область,15-72 лет,процент,I квартал,2011-Q1,6.7
Новгородская область,15-72 лет,процент,II квартал,2011-Q2,3.8
Новгородская область,15-72 лет,процент,III квартал,2011-Q3,4.8
Новгородская область,15-72 лет,процент,IV квартал,2011-Q4,4.1
Новгородская область,15-72 лет,процент,значение показателя за год,2011,4.9
Новгородская область,15-72 лет,процент,I квартал,2012-Q1,6.1
Новгородская область,15-72 лет,процент,II квартал,2012-Q2,3.8
Новгородская область,15-72 лет,процент,III квартал,2012-Q3,3.7
Новгородская область,15-72 лет,процент,IV квартал,2012-Q4,3.0
Новгородская область,15-72 лет,процент,значение показателя за год,2012,4.1
Псковская область,15-72 лет,процент,значение показателя за год,2000,11.7
Псковская область,15-72 лет,процент,значение показателя за год,2001,10.2
Псковская область,15-72 лет,процент,значение показателя за год,2002,8.1
Псковская область,15-72 лет,процент,значение показателя за год,2003,8.2
Псковская область,15-72 лет,процент,значение показателя за год,2004,5.4
Псковская область,15-72 лет,процент,значение показателя за год,2005,6.3
Псковская область,15-72 лет,процент,значение показателя за год,2006,7.2
Псковская область,15-72 лет,процент,значение показателя за год,2007,4.8
Псковская область,15-72 лет,процент,значение показателя за год,2008,6.5
Псковская область,15-72 лет,процент,значение показателя за год,2009,11.0
Псковская область,15-72 лет,процент,I квартал,2010-Q1,8.8
Псковская область,15-72 лет,процент,II квартал,2010-Q2,10.1
Псковская область,15-72 лет,процент,III квартал,2010-Q3,9.7
Псковская область,15-72 лет,процент,IV квартал,2010-Q4,9.6
Псковская область,15-72 лет,процент,значение показателя за год,2010,9.5
Псковская область,15-72 лет,процент,I квартал,2011-Q1,10.7
Псковская область,15-72 лет,процент,II квартал,2011-Q2,9.5
Псковская область,15-72 лет,процент,III квартал,2011-Q3,8.5
Псковская область,15-72 лет,процент,IV квартал,2011-Q4,8.4
Псковская область,15-72 лет,процент,значение показателя за год,2011,9.3
Псковская область,15-72 лет,процент,I квартал,2012-Q1,6.1
Псковская область,15-72 лет,процент,II квартал,2012-Q2,6.5
Псковская область,15-72 лет,процент,III квартал,2012-Q3,6.7
Псковская область,15-72 лет,процент,IV квартал,2012-Q4,7.2
Псковская область,15-72 лет,процент,значение показателя за год,2012,6.6
Город Санкт-Петербург город федерального значения,15-72 лет,процент,значение показателя за год,2000,6.2
Город Санкт-Петербург город федерального значения,15-72 лет,процент,значение показателя за год,2001,4.0
Город Санкт-Петербург город федерального значения,15-72 лет,процент,значение показателя за год,2002,3.4
Город Санкт-Петербург город федерального значения,15-72 лет,процент,значение показателя за год,2003,4.2
Город Санкт-Петербург город федерального значения,15-72 лет,процент,значение показателя за год,2004,2.7
Город Санкт-Петербург город федерального значения,15-72 лет,процент,значение показателя за год,2005,2.2
Город Санкт-Петербург город федерального значения,15-72 лет,процент,значение показателя за год,2006,2.4
Город Санкт-Петербург город федерального значения,15-72 лет,процент,значение показателя за год,2007,2.1
Город Санкт-Петербург город федерального значения,15-72 лет,процент,значение показателя за год,2008,2.0
Город Санкт-Петербург город федерального значения,15-72 лет,процент,значение показателя за год,2009,4.1
Город Санкт-Петербург город федерального значения,15-72 лет,процент,I квартал,2010-Q1,3.5
Город Санкт-Петербург город федерального значения,15-72 лет,процент,II квартал,2010-Q2,2.8
Город Санкт-Петербург город федерального значения,15-72 лет,процент,III квартал,2010-Q3,2.0
Город Санкт-Петербург город федерального значения,15-72 лет,процент,IV квартал,2010-Q4,2.2
Город Санкт-Петербург город федерального значения,15-72 лет,процент,значение показателя за год,2010,2.6
Город Санкт-Петербург город федерального значения,15-72 лет,процент,I квартал,2011-Q1,2.5
Город Санкт-Петербург город федерального значения,15-72 лет,процент,II квартал,2011-Q2,1.9
Город Санкт-Петербург город федерального значения,15-72 лет,процент,III квартал,2011-Q3,1.8
Город Санкт-Петербург город федерального значения,15-72 лет,процент,IV квартал,2011-Q4,1.6
Город Санкт-Петербург город федерального значения,15-72 лет,процент,значение показателя за год,2011,2.0
Город Санкт-Петербург город федерального значения,15-72 лет,процент,I квартал,2012-Q1,1.4
Город Санкт-Петербург город федерального значения,15-72 лет,процент,II квартал,2012-Q2,1.1
Город Санкт-Петербург город федерального значения,15-72 лет,процент,III квартал,2012-Q3,1.0
Город Санкт-Петербург город федерального значения,15-72 лет,процент,IV квартал,2012-Q4,1.1
Город Санкт-Петербург город федерального значения,15-72 лет,процент,значение показателя за год,2012,1.1
Южный федеральный округ (до 29.07.2016),15-72 лет,процент,значение показателя за год,2000,12.9
Южный федеральный округ (до 29.07.2016),15-72 лет,процент,значение показателя за год,2001,11.5
Южный федеральный округ (до 29.07.2016),15-72 лет,процент,значение показателя за год,2002,9.6
Южный федеральный округ (до 29.07.2016),15-72 лет,процент,значение показателя за год,2003,11.4
Южный федеральный округ (до 29.07.2016),15-72 лет,процент,значение показателя за год,2004,9.6
Южный федеральный округ (до 29.07.2016),15-72 лет,процент,значение показателя за год,2005,8.4
Южный федеральный округ (до 29.07.2016),15-72 лет,процент,значение показателя за год,2006,8.2
Южный федеральный округ (до 29.07.2016),15-72 лет,процент,значение показателя за год,2007,7.0
Южный федеральный округ (до 29.07.2016),15-72 лет,процент,значение показателя за год,2008,6.4
Южный федеральный округ (до 29.07.2016),15-72 лет,процент,значение показателя за год,2009,8.6
Южный федеральный округ (до 29.07.2016),15-72 лет,процент,I квартал,2010-Q1,8.5
Южный федеральный округ (до 29.07.2016),15-72 лет,процент,II квартал,2010-Q2,7.7
Южный федеральный округ (до 29.07.2016),15-72 лет,процент,III квартал,2010-Q3,7.1
Южный федеральный округ (до 29.07.2016),15-72 лет,процент,IV квартал,2010-Q4,7.1
Южный федеральный округ (до 29.07.2016),15-72 лет,процент,значение показателя за год,2010,7.6
Южный федеральный округ (до 29.07.2016),15-72 лет,процент,I квартал,2011-Q1,7.6
Южный федеральный округ (до 29.07.2016),15-72 лет,процент,II квартал,2011-Q2,7.1
Южный федеральный округ (до 29.07.2016),15-72 лет,процент,III квартал,2011-Q3,6.8
Южный федеральный округ (до 29.07.2016),15-72 лет,процент,IV квартал,2011-Q4,6.6
Южный федеральный округ (до 29.07.2016),15-72 лет,процент,значение показателя за год,2011,7.0
Южный федеральный округ (до 29.07.2016),15-72 лет,процент,I квартал,2012-Q1,7.0
Южный федеральный округ (до 29.07.2016),15-72 лет,процент,II квартал,2012-Q2,6.0
Южный федеральный округ (до 29.07.2016),15-72 лет,процент,III квартал,2012-Q3,5.7
Южный федеральный округ (до 29.07.2016),15-72 лет,процент,IV квартал,2012-Q4,6.0
Южный федеральный округ (до 29.07.2016),15-72 лет,процент,значение показателя за год,2012,6.2
Республика Адыгея (Адыгея),15-72 лет,процент,значение показателя за год,2000,14.3
Республика Адыгея (Адыгея),15-72 лет,процент,значение показателя за год,2001,14.1
Республика Адыгея (Адыгея),15-72 лет,процент,значение показателя за год,2002,13.5
Республика Адыгея (Адыгея),15-72 лет,процент,значение показателя за год,2003,15.5
Республика Адыгея (Адыгея),15-72 лет,процент,значение показателя за год,2004,17.3
Республика Адыгея (Адыгея),15-72 лет,процент,значение показателя за год,2005,13.0
Республика Адыгея (Адыгея),15-72 лет,процент,значение показателя за год,2006,13.9
Республика Адыгея (Адыгея),15-72 лет,процент,значение показателя за год,2007,10.3
Республика Адыгея (Адыгея),15-72 лет,процент,значение показателя за год,2008,7.3
Республика Адыгея (Адыгея),15-72 лет,процент,значение показателя за год,2009,7.7
Республика Адыгея (Адыгея),15-72 лет,процент,I квартал,2010-Q1,9.4
Республика Адыгея (Адыгея),15-72 лет,процент,II квартал,2010-Q2,9.3
Республика Адыгея (Адыгея),15-72 лет,процент,III квартал,2010-Q3,9.0
Республика Адыгея (Адыгея),15-72 лет,процент,IV квартал,2010-Q4,9.5
Республика Адыгея (Адыгея),15-72 лет,процент,значение показателя за год,2010,9.3
Республика Адыгея (Адыгея),15-72 лет,процент,I квартал,2011-Q1,8.3
Республика Адыгея (Адыгея),15-72 лет,процент,II квартал,2011-Q2,8.8
Республика Адыгея (Адыгея),15-72 лет,процент,III квартал,2011-Q3,8.3
Республика Адыгея (Адыгея),15-72 лет,процент,IV квартал,2011-Q4,8.3
Республика Адыгея (Адыгея),15-72 лет,процент,значение показателя за год,2011,8.4
Республика Адыгея (Адыгея),15-72 лет,процент,I квартал,2012-Q1,9.2
Республика Адыгея (Адыгея),15-72 лет,процент,II квартал,2012-Q2,7.4
Республика Адыгея (Адыгея),15-72 лет,процент,III квартал,2012-Q3,7.6
Республика Адыгея (Адыгея),15-72 лет,процент,IV квартал,2012-Q4,8.2
Республика Адыгея (Адыгея),15-72 лет,процент,значение показателя за год,2012,8.1
Республика Калмыкия,15-72 лет,процент,значение показателя за год,2000,20.7
Республика Калмыкия,15-72 лет,процент,значение показателя за год,2001,18.8
Республика Калмыкия,15-72 лет,процент,значение показателя за год,2002,18.0
Республика Калмыкия,15-72 лет,процент,значение показателя за год,2003,17.2
Республика Калмыкия,15-72 лет,процент,значение показателя за год,2004,22.4
Республика Калмыкия,15-72 лет,процент,значение показателя за год,2005,18.0
Республика Калмыкия,15-72 лет,процент,значение показателя за год,2006,16.9
Республика Калмыкия,15-72 лет,процент,значение показателя за год,2007,14.5
Республика Калмыкия,15-72 лет,процент,значение показателя за год,2008,15.8
Республика Калмыкия,15-72 лет,процент,значение показателя за год,2009,16.5
Республика Калмыкия,15-72 лет,процент,I квартал,2010-Q1,16.5
Республика Калмыкия,15-72 лет,процент,II квартал,2010-Q2,16.3
Республика Калмыкия,15-72 лет,процент,III квартал,2010-Q3,12.8
Республика Калмыкия,15-72 лет,процент,IV квартал,2010-Q4,13.5
Республика Калмыкия,15-72 лет,процент,значение показателя за год,2010,14.8
Республика Калмыкия,15-72 лет,процент,I квартал,2011-Q1,15.5
Республика Калмыкия,15-72 лет,процент,II квартал,2011-Q2,14.5
Республика Калмыкия,15-72 лет,процент,III квартал,2011-Q3,11.6
Республика Калмыкия,15-72 лет,процент,IV квартал,2011-Q4,15.2
Республика Калмыкия,15-72 лет,процент,значение показателя за год,2011,14.2
Республика Калмыкия,15-72 лет,процент,I квартал,2012-Q1,13.5
Республика Калмыкия,15-72 лет,процент,II квартал,2012-Q2,13.2
Республика Калмыкия,15-72 лет,процент,III квартал,2012-Q3,10.2
Республика Калмыкия,15-72 лет,процент,IV квартал,2012-Q4,15.8
Республика Калмыкия,15-72 лет,процент,значение показателя за год,2012,13.1
Краснодарский край,15-72 лет,процент,значение показателя за год,2000,12.8
Краснодарский край,15-72 лет,процент,значение показателя за год,2001,10.9
Краснодарский край,15-72 лет,процент,значение показателя за год,2002,7.6
Краснодарский край,15-72 лет,процент,значение показателя за год,2003,10.2
Краснодарский край,15-72 лет,процент,значение показателя за год,2004,8.7
Краснодарский край,15-72 лет,процент,значение показателя за год,2005,7.4
Краснодарский край,15-72 лет,процент,значение показателя за год,2006,7.1
Краснодарский край,15-72 лет,процент,значение показателя за год,2007,6.6
Краснодарский край,15-72 лет,процент,значение показателя за год,2008,4.7
Краснодарский край,15-72 лет,процент,значение показателя за год,2009,7.2
Краснодарский край,15-72 лет,процент,I квартал,2010-Q1,7.6
Краснодарский край,15-72 лет,процент,II квартал,2010-Q2,6.4
Краснодарский край,15-72 лет,процент,III квартал,2010-Q3,6.9
Краснодарский край,15-72 лет,процент,IV квартал,2010-Q4,5.8
Краснодарский край,15-72 лет,процент,значение показателя за год,2010,6.7
Краснодарский край,15-72 лет,процент,I квартал,2011-Q1,6.0
Краснодарский край,15-72 лет,процент,II квартал,2011-Q2,6.0
Краснодарский край,15-72 лет,процент,III квартал,2011-Q3,6.0
Краснодарский край,15-72 лет,процент,IV квартал,2011-Q4,5.6
Краснодарский край,15-72 лет,процент,значение показателя за год,2011,5.9
Краснодарский край,15-72 лет,процент,I квартал,2012-Q1,6.4
Краснодарский край,15-72 лет,процент,II квартал,2012-Q2,5.4
Краснодарский край,15-72 лет,процент,III квартал,2012-Q3,4.8
Краснодарский край,15-72 лет,процент,IV квартал,2012-Q4,5.8
Краснодарский край,15-72 лет,процент,значение показателя за год,2012,5.6
Астраханская область,15-72 лет,процент,значение показателя за год,2000,11.5
Астраханская область,15-72 лет,процент,значение показателя за год,2001,10.4
Астраханская область,15-72 лет,процент,значение показателя за год,2002,10.9
Астраханская область,15-72 лет,процент,значение показателя за год,2003,10.0
Астраханская область,15-72 лет,процент,значение показателя за год,2004,11.6
Астраханская область,15-72 лет,процент,значение показателя за год,2005,12.2
Астраханская область,15-72 лет,процент,значение показателя за год,2006,7.9
Астраханская область,15-72 лет,процент,значение показателя за год,2007,8.7
Астраханская область,15-72 лет,процент,значение показателя за год,2008,7.4
Астраханская область,15-72 лет,процент,значение показателя за год,2009,9.9
Астраханская область,15-72 лет,процент,I квартал,2010-Q1,9.2
Астраханская область,15-72 лет,процент,II квартал,2010-Q2,9.4
Астраханская область,15-72 лет,процент,III квартал,2010-Q3,6.3
Астраханская область,15-72 лет,процент,IV квартал,2010-Q4,7.9
Астраханская область,15-72 лет,процент,значение показателя за год,2010,8.2
Астраханская область,15-72 лет,процент,I квартал,2011-Q1,10.1
Астраханская область,15-72 лет,процент,II квартал,2011-Q2,9.0
Астраханская область,15-72 лет,процент,III квартал,2011-Q3,7.9
Астраханская область,15-72 лет,процент,IV квартал,2011-Q4,8.1
Астраханская область,15-72 лет,процент,значение показателя за год,2011,8.8
Астраханская область,15-72 лет,процент,I квартал,2012-Q1,9.9
Астраханская область,15-72 лет,процент,II квартал,2012-Q2,8.5
Астраханская область,15-72 лет,процент,III квартал,2012-Q3,6.5
Астраханская область,15-72 лет,процент,IV квартал,2012-Q4,6.8
Астраханская область,15-72 лет,процент,значение показателя за год,2012,7.9
Волгоградская область,15-72 лет,процент,значение показателя за год,2000,9.5
Волгоградская область,15-72 лет,процент,значение показателя за год,2001,9.5
Волгоградская область,15-72 лет,процент,значение показателя за год,2002,8.4
Волгоградская область,15-72 лет,процент,значение показателя за год,2003,11.1
Волгоградская область,15-72 лет,процент,значение показателя за год,2004,9.3
Волгоградская область,15-72 лет,процент,значение показателя за год,2005,6.7
Волгоградская область,15-72 лет,процент,значение показателя за год,2006,8.6
Волгоградская область,15-72 лет,процент,значение показателя за год,2007,6.3
Волгоградская область,15-72 лет,процент,значение показателя за год,2008,8.2
Волгоградская область,15-72 лет,процент,значение показателя за год,2009,10.3
Волгоградская область,15-72 лет,процент,I квартал,2010-Q1,9.4
Волгоградская область,15-72 лет,процент,II квартал,2010-Q2,7.8
Волгоградская область,15-72 лет,процент,III квартал,2010-Q3,7.2
Волгоградская область,15-72 лет,процент,IV квартал,2010-Q4,7.6
Волгоградская область,15-72 лет,процент,значение показателя за год,2010,8.0
Волгоградская область,15-72 лет,процент,I квартал,2011-Q1,7.6
Волгоградская область,15-72 лет,процент,II квартал,2011-Q2,7.0
Волгоградская область,15-72 лет,процент,III квартал,2011-Q3,6.4
Волгоградская область,15-72 лет,процент,IV квартал,2011-Q4,6.6
Волгоградская область,15-72 лет,процент,значение показателя за год,2011,6.9
Волгоградская область,15-72 лет,процент,I квартал,2012-Q1,7.0
Волгоградская область,15-72 лет,процент,II квартал,2012-Q2,4.7
Волгоградская область,15-72 лет,процент,III квартал,2012-Q3,5.8
Волгоградская область,15-72 лет,процент,IV квартал,2012-Q4,6.7
Волгоградская область,15-72 лет,процент,значение показателя за год,2012,6.0
Ростовская область,15-72 лет,процент,значение показателя за год,2000,15.0
Ростовская область,15-72 лет,процент,значение показателя за год,2001,13.1
Ростовская область,15-72 лет,процент,значение показателя за год,2002,11.4
Ростовская область,15-72 лет,процент,значение показателя за год,2003,12.6
Ростовская область,15-72 лет,процент,значение показателя за год,2004,8.7
Ростовская область,15-72 лет,процент,значение показателя за год,2005,8.5
Ростовская область,15-72 лет,процент,значение показателя за год,2006,8.1
Ростовская область,15-72 лет,процент,значение показателя за год,2007,6.7
Ростовская область,15-72 лет,процент,значение показателя за год,2008,6.4
Ростовская область,15-72 лет,процент,значение показателя за год,2009,8.4
Ростовская область,15-72 лет,процент,I квартал,2010-Q1,8.4
Ростовская область,15-72 лет,процент,II квартал,2010-Q2,8.0
Ростовская область,15-72 лет,процент,III квартал,2010-Q3,7.1
Ростовская область,15-72 лет,процент,IV квартал,2010-Q4,7.4
Ростовская область,15-72 лет,процент,значение показателя за год,2010,7.7
Ростовская область,15-72 лет,процент,I квартал,2011-Q1,8.2
Ростовская область,15-72 лет,процент,II квартал,2011-Q2,7.2
Ростовская область,15-72 лет,процент,III квартал,2011-Q3,7.3
Ростовская область,15-72 лет,процент,IV квартал,2011-Q4,6.7
Ростовская область,15-72 лет,процент,значение показателя за год,2011,7.3
Ростовская область,15-72 лет,процент,I квартал,2012-Q1,6.5
Ростовская область,15-72 лет,процент,II квартал,2012-Q2,6.5
Ростовская область,15-72 лет,процент,III квартал,2012-Q3,6.2
Ростовская область,15-72 лет,процент,IV квартал,2012-Q4,4.9
Ростовская область,15-72 лет,процент,значение показателя за год,2012,6.0
Северо-Кавказский федеральный округ,15-72 лет,процент,значение показателя за год,2000,20.4
Северо-Кавказский федеральный округ,15-72 лет,процент,значение показателя за год,2001,18.7
Северо-Кавказский федеральный округ,15-72 лет,процент,значение показателя за год,2002,17.4
Северо-Кавказский федеральный округ,15-72 лет,процент,значение показателя за год,2003,17.2
Северо-Кавказский федеральный округ,15-72 лет,процент,значение показателя за год,2004,18.8
Северо-Кавказский федеральный округ,15-72 лет,процент,значение показателя за год,2005,17.1
Северо-Кавказский федеральный округ,15-72 лет,процент,значение показателя за год,2006,22.6
Северо-Кавказский федеральный округ,15-72 лет,процент,значение показателя за год,2007,19.2
Северо-Кавказский федеральный округ,15-72 лет,процент,значение показателя за год,2008,15.7
Северо-Кавказский федеральный округ,15-72 лет,процент,значение показателя за год,2009,16.0
Северо-Кавказский федеральный округ,15-72 лет,процент,I квартал,2010-Q1,19.2
Северо-Кавказский федеральный округ,15-72 лет,процент,II квартал,2010-Q2,16.1
Северо-Кавказский федеральный округ,15-72 лет,процент,III квартал,2010-Q3,15.0
Северо-Кавказский федеральный округ,15-72 лет,процент,IV квартал,2010-Q4,15.7
Северо-Кавказский федеральный округ,15-72 лет,процент,значение показателя за год,2010,16.5
Северо-Кавказский федеральный округ,15-72 лет,процент,I квартал,2011-Q1,16.2
Северо-Кавказский федеральный округ,15-72 лет,процент,II квартал,2011-Q2,14.1
Северо-Кавказский федеральный округ,15-72 лет,процент,III квартал,2011-Q3,13.5
Северо-Кавказский федеральный округ,15-72 лет,процент,IV квартал,2011-Q4,14.2
Северо-Кавказский федеральный округ,15-72 лет,процент,значение показателя за год,2011,14.5
Северо-Кавказский федеральный округ,15-72 лет,процент,I квартал,2012-Q1,14.5
Северо-Кавказский федеральный округ,15-72 лет,процент,II квартал,2012-Q2,12.5
Северо-Кавказский федеральный округ,15-72 лет,процент,III квартал,2012-Q3,12.4
Северо-Кавказский федеральный округ,15-72 лет,процент,IV квартал,2012-Q4,13.1
Северо-Кавказский федеральный округ,15-72 лет,процент,значение показателя за год,2012,13.1
Республика Дагестан,15-72 лет,процент,значение показателя за год,2000,26.5
Республика Дагестан,15-72 лет,процент,значение показателя за год,2001,29.3
Республика Дагестан,15-72 лет,процент,значение показателя за год,2002,24.1
Республика Дагестан,15-72 лет,процент,значение показателя за год,2003,20.9
Республика Дагестан,15-72 лет,процент,значение показателя за год,2004,27.2
Республика Дагестан,15-72 лет,процент,значение показателя за год,2005,22.1
Республика Дагестан,15-72 лет,процент,значение показателя за год,2006,22.1
Республика Дагестан,15-72 лет,процент,значение показателя за год,2007,20.2
Республика Дагестан,15-72 лет,процент,значение показателя за год,2008,13.2
Республика Дагестан,15-72 лет,процент,значение показателя за год,2009,13.2
Республика Дагестан,15-72 лет,процент,I квартал,2010-Q1,20.1
Республика Дагестан,15-72 лет,процент,II квартал,2010-Q2,14.9
Республика Дагестан,15-72 лет,процент,III квартал,2010-Q3,11.3
Республика Дагестан,15-72 лет,процент,IV квартал,2010-Q4,13.0
Республика Дагестан,15-72 лет,процент,значение показателя за год,2010,14.8
Республика Дагестан,15-72 лет,процент,I квартал,2011-Q1,14.4
Республика Дагестан,15-72 лет,процент,II квартал,2011-Q2,12.7
Республика Дагестан,15-72 лет,процент,III квартал,2011-Q3,11.3
Республика Дагестан,15-72 лет,процент,IV квартал,2011-Q4,12.3
Республика Дагестан,15-72 лет,процент,значение показателя за год,2011,12.7
Республика Дагестан,15-72 лет,процент,I квартал,2012-Q1,12.8
Республика Дагестан,15-72 лет,процент,II квартал,2012-Q2,10.3
Республика Дагестан,15-72 лет,процент,III квартал,2012-Q3,11.6
Республика Дагестан,15-72 лет,процент,IV квартал,2012-Q4,12.1
Республика Дагестан,15-72 лет,процент,значение показателя за год,2012,11.7
Республика Ингушетия,15-72 лет,процент,значение показателя за год,2000,30.3
Республика Ингушетия,15-72 лет,процент,значение показателя за год,2001,33.4
Республика Ингушетия,15-72 лет,процент,значение показателя за год,2002,43.7
Республика Ингушетия,15-72 лет,процент,значение показателя за год,2003,55.8
Республика Ингушетия,15-72 лет,процент,значение показателя за год,2004,43.5
Республика Ингушетия,15-72 лет,процент,значение показателя за год,2005,63.1
Республика Ингушетия,15-72 лет,процент,значение показателя за год,2006,57.8
Республика Ингушетия,15-72 лет,процент,значение показателя за год,2007,46.6
Республика Ингушетия,15-72 лет,процент,значение показателя за год,2008,53.3
Республика Ингушетия,15-72 лет,процент,значение показателя за год,2009,53.2
Республика Ингушетия,15-72 лет,процент,I квартал,2010-Q1,51.1
Республика Ингушетия,15-72 лет,процент,II квартал,2010-Q2,49.5
Республика Ингушетия,15-72 лет,процент,III квартал,2010-Q3,48.7
Республика Ингушетия,15-72 лет,процент,IV квартал,2010-Q4,49.3
Республика Ингушетия,15-72 лет,процент,значение показателя за год,2010,49.7
Республика Ингушетия,15-72 лет,процент,I квартал,2011-Q1,47.5
Республика Ингушетия,15-72 лет,процент,II квартал,2011-Q2,47.8
Республика Ингушетия,15-72 лет,процент,III квартал,2011-Q3,48.7
Республика Ингушетия,15-72 лет,процент,IV квартал,2011-Q4,48.5
Республика Ингушетия,15-72 лет,процент,значение показателя за год,2011,48.1
Республика Ингушетия,15-72 лет,процент,I квартал,2012-Q1,48.6
Республика Ингушетия,15-72 лет,процент,II квартал,2012-Q2,47.4
Республика Ингушетия,15-72 лет,процент,III квартал,2012-Q3,47.9
Республика Ингушетия,15-72 лет,процент,IV квартал,2012-Q4,46.9
Республика Ингушетия,15-72 лет,процент,значение показателя за год,2012,47.7
Кабардино-Балкарская Республика,15-72 лет,процент,значение показателя за год,2000,16.9
Кабардино-Балкарская Республика,15-72 лет,процент,значение показателя за год,2001,17.0
Кабардино-Балкарская Республика,15-72 лет,процент,значение показателя за год,2002,19.1
Кабардино-Балкарская Республика,15-72 лет,процент,значение показателя за год,2003,22.8
Кабардино-Балкарская Республика,15-72 лет,процент,значение показателя за год,2004,24.9
Кабардино-Балкарская Республика,15-72 лет,процент,значение показателя за год,2005,23.9
Кабардино-Балкарская Республика,15-72 лет,процент,значение показателя за год,2006,20.8
Кабардино-Балкарская Республика,15-72 лет,процент,значение показателя за год,2007,18.0
Кабардино-Балкарская Республика,15-72 лет,процент,значение показателя за год,2008,17.8
Кабардино-Балкарская Республика,15-72 лет,процент,значение показателя за год,2009,14.6
Кабардино-Балкарская Республика,15-72 лет,процент,I квартал,2010-Q1,17.5
Кабардино-Балкарская Республика,15-72 лет,процент,II квартал,2010-Q2,12.0
Кабардино-Балкарская Республика,15-72 лет,процент,III квартал,2010-Q3,10.3
Кабардино-Балкарская Республика,15-72 лет,процент,IV квартал,2010-Q4,11.3
Кабардино-Балкарская Республика,15-72 лет,процент,значение показателя за год,2010,12.7
Кабардино-Балкарская Республика,15-72 лет,процент,I квартал,2011-Q1,12.5
Кабардино-Балкарская Республика,15-72 лет,процент,II квартал,2011-Q2,9.6
Кабардино-Балкарская Республика,15-72 лет,процент,III квартал,2011-Q3,8.9
Кабардино-Балкарская Республика,15-72 лет,процент,IV квартал,2011-Q4,11.4
Кабардино-Балкарская Республика,15-72 лет,процент,значение показателя за год,2011,10.5
Кабардино-Балкарская Республика,15-72 лет,процент,I квартал,2012-Q1,12.9
Кабардино-Балкарская Республика,15-72 лет,процент,II квартал,2012-Q2,7.0
Кабардино-Балкарская Республика,15-72 лет,процент,III квартал,2012-Q3,6.4
Кабардино-Балкарская Республика,15-72 лет,процент,IV квартал,2012-Q4,9.5
Кабардино-Балкарская Республика,15-72 лет,процент,значение показателя за год,2012,8.9
Карачаево-Черкесская Республика,15-72 лет,процент,значение показателя за год,2000,21.5
Карачаево-Черкесская Республика,15-72 лет,процент,значение показателя за год,2001,18.9
Карачаево-Черкесская Республика,15-72 лет,процент,значение показателя за год,2002,12.1
Карачаево-Черкесская Республика,15-72 лет,процент,значение показателя за год,2003,18.3
Карачаево-Черкесская Республика,15-72 лет,процент,значение показателя за год,2004,17.2
Карачаево-Черкесская Республика,15-72 лет,процент,значение показателя за год,2005,13.8
Карачаево-Черкесская Республика,15-72 лет,процент,значение показателя за год,2006,19.2
Карачаево-Черкесская Республика,15-72 лет,процент,значение показателя за год,2007,18.1
Карачаево-Черкесская Республика,15-72 лет,процент,значение показателя за год,2008,15.9
Карачаево-Черкесская Республика,15-72 лет,процент,значение показателя за год,2009,12.0
Карачаево-Черкесская Республика,15-72 лет,процент,I квартал,2010-Q1,12.1
Карачаево-Черкесская Республика,15-72 лет,процент,II квартал,2010-Q2,9.8
Карачаево-Черкесская Республика,15-72 лет,процент,III квартал,2010-Q3,8.9
Карачаево-Черкесская Республика,15-72 лет,процент,IV квартал,2010-Q4,10.3
Карачаево-Черкесская Республика,15-72 лет,процент,значение показателя за год,2010,10.3
Карачаево-Черкесская Республика,15-72 лет,процент,I квартал,2011-Q1,12.6
Карачаево-Черкесская Республика,15-72 лет,процент,II квартал,2011-Q2,10.9
Карачаево-Черкесская Республика,15-72 лет,процент,III квартал,2011-Q3,8.3
Карачаево-Черкесская Республика,15-72 лет,процент,IV квартал,2011-Q4,7.7
Карачаево-Черкесская Республика,15-72 лет,процент,значение показателя за год,2011,9.8
Карачаево-Черкесская Республика,15-72 лет,процент,I квартал,2012-Q1,10.0
Карачаево-Черкесская Республика,15-72 лет,процент,II квартал,2012-Q2,8.5
Карачаево-Черкесская Республика,15-72 лет,процент,III квартал,2012-Q3,8.4
Карачаево-Черкесская Республика,15-72 лет,процент,IV квартал,2012-Q4,8.6
Карачаево-Черкесская Республика,15-72 лет,процент,значение показателя за год,2012,8.9
Республика Северная Осетия-Алания,15-72 лет,процент,значение показателя за год,2000,28.5
Республика Северная Осетия-Алания,15-72 лет,процент,значение показателя за год,2001,16.7
Республика Северная Осетия-Алания,15-72 лет,процент,значение показателя за год,2002,12.6
Республика Северная Осетия-Алания,15-72 лет,процент,значение показателя за год,2003,10.0
Республика Северная Осетия-Алания,15-72 лет,процент,значение показателя за год,2004,11.2
Республика Северная Осетия-Алания,15-72 лет,процент,значение показателя за год,2005,8.8
Республика Северная Осетия-Алания,15-72 лет,процент,значение показателя за год,2006,8.3
Республика Северная Осетия-Алания,15-72 лет,процент,значение показателя за год,2007,9.8
Республика Северная Осетия-Алания,15-72 лет,процент,значение показателя за год,2008,9.8
Республика Северная Осетия-Алания,15-72 лет,процент,значение показателя за год,2009,10.4
Республика Северная Осетия-Алания,15-72 лет,процент,I квартал,2010-Q1,8.7
Республика Северная Осетия-Алания,15-72 лет,процент,II квартал,2010-Q2,10.4
Республика Северная Осетия-Алания,15-72 лет,процент,III квартал,2010-Q3,9.0
Республика Северная Осетия-Алания,15-72 лет,процент,IV квартал,2010-Q4,10.8
Республика Северная Осетия-Алания,15-72 лет,процент,значение показателя за год,2010,9.7
Республика Северная Осетия-Алания,15-72 лет,процент,I квартал,2011-Q1,10.9
Республика Северная Осетия-Алания,15-72 лет,процент,II квартал,2011-Q2,7.3
Республика Северная Осетия-Алания,15-72 лет,процент,III квартал,2011-Q3,6.7
Республика Северная Осетия-Алания,15-72 лет,процент,IV квартал,2011-Q4,8.2
Республика Северная Осетия-Алания,15-72 лет,процент,значение показателя за год,2011,8.3
Республика Северная Осетия-Алания,15-72 лет,процент,I квартал,2012-Q1,9.8
Республика Северная Осетия-Алания,15-72 лет,процент,II квартал,2012-Q2,7.0
Республика Северная Осетия-Алания,15-72 лет,процент,III квартал,2012-Q3,5.8
Республика Северная Осетия-Алания,15-72 лет,процент,IV квартал,2012-Q4,9.1
Республика Северная Осетия-Алания,15-72 лет,процент,значение показателя за год,2012,7.9
Чеченская Республика,15-72 лет,процент,значение показателя за год,2006,67.7
Чеченская Республика,15-72 лет,процент,значение показателя за год,2007,52.5
Чеченская Республика,15-72 лет,процент,значение показателя за год,2008,36.0
Чеченская Республика,15-72 лет,процент,значение показателя за год,2009,35.0
Чеченская Республика,15-72 лет,процент,I квартал,2010-Q1,47.1
Чеченская Республика,15-72 лет,процент,II квартал,2010-Q2,41.3
Чеченская Республика,15-72 лет,процент,III квартал,2010-Q3,43.3
Чеченская Республика,15-72 лет,процент,IV квартал,2010-Q4,41.8
Чеченская Республика,15-72 лет,процент,значение показателя за год,2010,43.3
Чеченская Республика,15-72 лет,процент,I квартал,2011-Q1,40.6
Чеченская Республика,15-72 лет,процент,II квартал,2011-Q2,35.1
Чеченская Республика,15-72 лет,процент,III квартал,2011-Q3,37.0
Чеченская Республика,15-72 лет,процент,IV квартал,2011-Q4,36.3
Чеченская Республика,15-72 лет,процент,значение показателя за год,2011,37.3
Чеченская Республика,15-72 лет,процент,I квартал,2012-Q1,33.6
Чеченская Республика,15-72 лет,процент,II квартал,2012-Q2,30.7
Чеченская Республика,15-72 лет,процент,III квартал,2012-Q3,27.6
Чеченская Республика,15-72 лет,процент,IV квартал,2012-Q4,28.1
Чеченская Республика,15-72 лет,процент,значение показателя за год,2012,29.8
Ставропольский край,15-72 лет,процент,значение показателя за год,2000,13.9
Ставропольский край,15-72 лет,процент,значение показателя за год,2001,9.7
Ставропольский край,15-72 лет,процент,значение показателя за год,2002,9.7
Ставропольский край,15-72 лет,процент,значение показателя за год,2003,10.5
Ставропольский край,15-72 лет,процент,значение показателя за год,2004,9.4
Ставропольский край,15-72 лет,процент,значение показателя за год,2005,6.9
Ставропольский край,15-72 лет,процент,значение показателя за год,2006,8.8
Ставропольский край,15-72 лет,процент,значение показателя за год,2007,6.5
Ставропольский край,15-72 лет,процент,значение показателя за год,2008,7.9
Ставропольский край,15-72 лет,процент,значение показателя за год,2009,8.7
Ставропольский край,15-72 лет,процент,I квартал,2010-Q1,8.2
Ставропольский край,15-72 лет,процент,II квартал,2010-Q2,6.4
Ставропольский край,15-72 лет,процент,III квартал,2010-Q3,6.6
Ставропольский край,15-72 лет,процент,IV квартал,2010-Q4,6.4
Ставропольский край,15-72 лет,процент,значение показателя за год,2010,6.9
Ставропольский край,15-72 лет,процент,I квартал,2011-Q1,6.7
Ставропольский край,15-72 лет,процент,II квартал,2011-Q2,5.9
Ставропольский край,15-72 лет,процент,III квартал,2011-Q3,5.4
Ставропольский край,15-72 лет,процент,IV квартал,2011-Q4,6.0
Ставропольский край,15-72 лет,процент,значение показателя за год,2011,6.0
Ставропольский край,15-72 лет,процент,I квартал,2012-Q1,6.0
Ставропольский край,15-72 лет,процент,II квартал,2012-Q2,5.6
Ставропольский край,15-72 лет,процент,III квартал,2012-Q3,5.3
Ставропольский край,15-72 лет,процент,IV квартал,2012-Q4,4.6
Ставропольский край,15-72 лет,процент,значение показателя за год,2012,5.4
Приволжский федеральный округ,15-72 лет,процент,значение показателя за год,2000,9.8
Приволжский федеральный округ,15-72 лет,процент,значение показателя за год,2001,8.4
Приволжский федеральный округ,15-72 лет,процент,значение показателя за год,2002,7.7
Приволжский федеральный округ,15-72 лет,процент,значение показателя за год,2003,7.7
Приволжский федеральный округ,15-72 лет,процент,значение показателя за год,2004,7.9
Приволжский федеральный округ,15-72 лет,процент,значение показателя за год,2005,7.4
Приволжский федеральный округ,15-72 лет,процент,значение показателя за год,2006,6.5
Приволжский федеральный округ,15-72 лет,процент,значение показателя за год,2007,6.1
Приволжский федеральный округ,15-72 лет,процент,значение показателя за год,2008,6.2
Приволжский федеральный округ,15-72 лет,процент,значение показателя за год,2009,8.6
Приволжский федеральный округ,15-72 лет,процент,I квартал,2010-Q1,9.1
Приволжский федеральный округ,15-72 лет,процент,II квартал,2010-Q2,7.5
Приволжский федеральный округ,15-72 лет,процент,III квартал,2010-Q3,6.9
Приволжский федеральный округ,15-72 лет,процент,IV квартал,2010-Q4,6.8
Приволжский федеральный округ,15-72 лет,процент,значение показателя за год,2010,7.6
Приволжский федеральный округ,15-72 лет,процент,I квартал,2011-Q1,7.7
Приволжский федеральный округ,15-72 лет,процент,II квартал,2011-Q2,6.4
Приволжский федеральный округ,15-72 лет,процент,III квартал,2011-Q3,6.1
Приволжский федеральный округ,15-72 лет,процент,IV квартал,2011-Q4,6.0
Приволжский федеральный округ,15-72 лет,процент,значение показателя за год,2011,6.5
Приволжский федеральный округ,15-72 лет,процент,I квартал,2012-Q1,6.5
Приволжский федеральный округ,15-72 лет,процент,II квартал,2012-Q2,5.4
Приволжский федеральный округ,15-72 лет,процент,III квартал,2012-Q3,4.9
Приволжский федеральный округ,15-72 лет,процент,IV квартал,2012-Q4,4.4
Приволжский федеральный округ,15-72 лет,процент,значение показателя за год,2012,5.3
Республика Башкортостан,15-72 лет,процент,значение показателя за год,2000,11.6
Республика Башкортостан,15-72 лет,процент,значение показателя за год,2001,10.7
Республика Башкортостан,15-72 лет,процент,значение показателя за год,2002,8.3
Республика Башкортостан,15-72 лет,процент,значение показателя за год,2003,8.2
Республика Башкортостан,15-72 лет,процент,значение показателя за год,2004,7.2
Республика Башкортостан,15-72 лет,процент,значение показателя за год,2005,7.0
Республика Башкортостан,15-72 лет,процент,значение показателя за год,2006,6.5
Республика Башкортостан,15-72 лет,процент,значение показателя за год,2007,6.5
Республика Башкортостан,15-72 лет,процент,значение показателя за год,2008,5.2
Республика Башкортостан,15-72 лет,процент,значение показателя за год,2009,9.2
Республика Башкортостан,15-72 лет,процент,I квартал,2010-Q1,10.0
Республика Башкортостан,15-72 лет,процент,II квартал,2010-Q2,8.3
Республика Башкортостан,15-72 лет,процент,III квартал,2010-Q3,8.9
Республика Башкортостан,15-72 лет,процент,IV квартал,2010-Q4,8.4
Республика Башкортостан,15-72 лет,процент,значение показателя за год,2010,8.9
Республика Башкортостан,15-72 лет,процент,I квартал,2011-Q1,8.8
Республика Башкортостан,15-72 лет,процент,II квартал,2011-Q2,7.0
Республика Башкортостан,15-72 лет,процент,III квартал,2011-Q3,7.5
Республика Башкортостан,15-72 лет,процент,IV квартал,2011-Q4,7.3
Республика Башкортостан,15-72 лет,процент,значение показателя за год,2011,7.6
Республика Башкортостан,15-72 лет,процент,I квартал,2012-Q1,7.8
Республика Башкортостан,15-72 лет,процент,II квартал,2012-Q2,5.4
Республика Башкортостан,15-72 лет,процент,III квартал,2012-Q3,6.0
Республика Башкортостан,15-72 лет,процент,IV квартал,2012-Q4,5.1
Республика Башкортостан,15-72 лет,процент,значение показателя за год,2012,6.1
Республика Марий Эл,15-72 лет,процент,значение показателя за год,2000,11.9
Республика Марий Эл,15-72 лет,процент,значение показателя за год,2001,9.3
Республика Марий Эл,15-72 лет,процент,значение показателя за год,2002,13.6
Республика Марий Эл,15-72 лет,процент,значение показателя за год,2003,11.5
Республика Марий Эл,15-72 лет,процент,значение показателя за год,2004,9.4
Республика Марий Эл,15-72 лет,процент,значение показателя за год,2005,10.0
Республика Марий Эл,15-72 лет,процент,значение показателя за год,2006,10.0
Республика Марий Эл,15-72 лет,процент,значение показателя за год,2007,9.0
Республика Марий Эл,15-72 лет,процент,значение показателя за год,2008,9.1
Республика Марий Эл,15-72 лет,процент,значение показателя за год,2009,11.5
Республика Марий Эл,15-72 лет,процент,I квартал,2010-Q1,12.2
Республика Марий Эл,15-72 лет,процент,II квартал,2010-Q2,8.9
Республика Марий Эл,15-72 лет,процент,III квартал,2010-Q3,10.5
Республика Марий Эл,15-72 лет,процент,IV квартал,2010-Q4,10.2
Республика Марий Эл,15-72 лет,процент,значение показателя за год,2010,10.5
Республика Марий Эл,15-72 лет,процент,I квартал,2011-Q1,12.0
Республика Марий Эл,15-72 лет,процент,II квартал,2011-Q2,10.3
Республика Марий Эл,15-72 лет,процент,III квартал,2011-Q3,8.8
Республика Марий Эл,15-72 лет,процент,IV квартал,2011-Q4,9.3
Республика Марий Эл,15-72 лет,процент,значение показателя за год,2011,10.1
Республика Марий Эл,15-72 лет,процент,I квартал,2012-Q1,9.1
Республика Марий Эл,15-72 лет,процент,II квартал,2012-Q2,8.0
Республика Марий Эл,15-72 лет,процент,III квартал,2012-Q3,4.3
Республика Марий Эл,15-72 лет,процент,IV квартал,2012-Q4,4.4
Республика Марий Эл,15-72 лет,процент,значение показателя за год,2012,6.5
Республика Мордовия,15-72 лет,процент,значение показателя за год,2000,10.6
Республика Мордовия,15-72 лет,процент,значение показателя за год,2001,10.1
Республика Мордовия,15-72 лет,процент,значение показателя за год,2002,9.4
Республика Мордовия,15-72 лет,процент,значение показателя за год,2003,7.8
Республика Мордовия,15-72 лет,процент,значение показателя за год,2004,5.9
Республика Мордовия,15-72 лет,процент,значение показателя за год,2005,6.6
Республика Мордовия,15-72 лет,процент,значение показателя за год,2006,4.6
Республика Мордовия,15-72 лет,процент,значение показателя за год,2007,3.5
Республика Мордовия,15-72 лет,процент,значение показателя за год,2008,2.7
Республика Мордовия,15-72 лет,процент,значение показателя за год,2009,5.2
Республика Мордовия,15-72 лет,процент,I квартал,2010-Q1,5.8
Республика Мордовия,15-72 лет,процент,II квартал,2010-Q2,5.0
Республика Мордовия,15-72 лет,процент,III квартал,2010-Q3,5.2
Республика Мордовия,15-72 лет,процент,IV квартал,2010-Q4,5.5
Республика Мордовия,15-72 лет,процент,значение показателя за год,2010,5.4
Республика Мордовия,15-72 лет,процент,I квартал,2011-Q1,6.1
Республика Мордовия,15-72 лет,процент,II квартал,2011-Q2,5.2
Республика Мордовия,15-72 лет,процент,III квартал,2011-Q3,4.7
Республика Мордовия,15-72 лет,процент,IV квартал,2011-Q4,4.8
Республика Мордовия,15-72 лет,процент,значение показателя за год,2011,5.2
Республика Мордовия,15-72 лет,процент,I квартал,2012-Q1,6.0
Республика Мордовия,15-72 лет,процент,II квартал,2012-Q2,4.7
Республика Мордовия,15-72 лет,процент,III квартал,2012-Q3,4.7
Республика Мордовия,15-72 лет,процент,IV квартал,2012-Q4,4.3
Республика Мордовия,15-72 лет,процент,значение показателя за год,2012,4.9
Республика Татарстан (Татарстан),15-72 лет,процент,значение показателя за год,2000,8.4
Республика Татарстан (Татарстан),15-72 лет,процент,значение показателя за год,2001,6.3
Республика Татарстан (Татарстан),15-72 лет,процент,значение показателя за год,2002,5.3
Республика Татарстан (Татарстан),15-72 лет,процент,значение показателя за год,2003,6.6
Республика Татарстан (Татарстан),15-72 лет,процент,значение показателя за год,2004,7.4
Республика Татарстан (Татарстан),15-72 лет,процент,значение показателя за год,2005,6.7
Республика Татарстан (Татарстан),15-72 лет,процент,значение показателя за год,2006,5.6
Республика Татарстан (Татарстан),15-72 лет,процент,значение показателя за год,2007,5.6
Республика Татарстан (Татарстан),15-72 лет,процент,значение показателя за год,2008,4.9
Республика Татарстан (Татарстан),15-72 лет,процент,значение показателя за год,2009,8.4
Республика Татарстан (Татарстан),15-72 лет,процент,I квартал,2010-Q1,8.1
Республика Татарстан (Татарстан),15-72 лет,процент,II квартал,2010-Q2,6.1
Республика Татарстан (Татарстан),15-72 лет,процент,III квартал,2010-Q3,5.9
Республика Татарстан (Татарстан),15-72 лет,процент,IV квартал,2010-Q4,5.0
Республика Татарстан (Татарстан),15-72 лет,процент,значение показателя за год,2010,6.2
Республика Татарстан (Татарстан),15-72 лет,процент,I квартал,2011-Q1,5.4
Республика Татарстан (Татарстан),15-72 лет,процент,II квартал,2011-Q2,4.5
Республика Татарстан (Татарстан),15-72 лет,процент,III квартал,2011-Q3,4.2
Республика Татарстан (Татарстан),15-72 лет,процент,IV квартал,2011-Q4,4.5
Республика Татарстан (Татарстан),15-72 лет,процент,значение показателя за год,2011,4.7
Республика Татарстан (Татарстан),15-72 лет,процент,I квартал,2012-Q1,4.9
Республика Татарстан (Татарстан),15-72 лет,процент,II квартал,2012-Q2,4.0
Республика Татарстан (Татарстан),15-72 лет,процент,III квартал,2012-Q3,3.8
Республика Татарстан (Татарстан),15-72 лет,процент,IV квартал,2012-Q4,3.8
Республика Татарстан (Татарстан),15-72 лет,процент,значение показателя за год,2012,4.1
Удмуртская Республика,15-72 лет,процент,значение показателя за год,2000,9.7
Удмуртская Республика,15-72 лет,процент,значение показателя за год,2001,7.4
Удмуртская Республика,15-72 лет,процент,значение показателя за год,2002,7.9
Удмуртская Республика,15-72 лет,процент,значение показателя за год,2003,6.6
Удмуртская Республика,15-72 лет,процент,значение показателя за год,2004,8.0
Удмуртская Республика,15-72 лет,процент,значение показателя за год,2005,7.8
Удмуртская Республика,15-72 лет,процент,значение показателя за год,2006,8.4
Удмуртская Республика,15-72 лет,процент,значение показателя за год,2007,8.1
Удмуртская Республика,15-72 лет,процент,значение показателя за год,2008,7.8
Удмуртская Республика,15-72 лет,процент,значение показателя за год,2009,8.8
Удмуртская Республика,15-72 лет,процент,I квартал,2010-Q1,11.4
Удмуртская Республика,15-72 лет,процент,II квартал,2010-Q2,8.1
Удмуртская Республика,15-72 лет,процент,III квартал,2010-Q3,8.5
Удмуртская Республика,15-72 лет,процент,IV квартал,2010-Q4,9.4
Удмуртская Республика,15-72 лет,процент,значение показателя за год,2010,9.3
Удмуртская Республика,15-72 лет,процент,I квартал,2011-Q1,8.7
Удмуртская Республика,15-72 лет,процент,II квартал,2011-Q2,5.7
Удмуртская Республика,15-72 лет,процент,III квартал,2011-Q3,6.7
Удмуртская Республика,15-72 лет,процент,IV квартал,2011-Q4,6.6
Удмуртская Республика,15-72 лет,процент,значение показателя за год,2011,6.9
Удмуртская Республика,15-72 лет,процент,I квартал,2012-Q1,6.7
Удмуртская Республика,15-72 лет,процент,II квартал,2012-Q2,5.6
Удмуртская Республика,15-72 лет,процент,III квартал,2012-Q3,5.1
Удмуртская Республика,15-72 лет,процент,IV квартал,2012-Q4,6.6
Удмуртская Республика,15-72 лет,процент,значение показателя за год,2012,6.0
Чувашская Республика - Чувашия,15-72 лет,процент,значение показателя за год,2000,9.1
Чувашская Республика - Чувашия,15-72 лет,процент,значение показателя за год,2001,9.5
Чувашская Республика - Чувашия,15-72 лет,процент,значение показателя за год,2002,9.4
Чувашская Республика - Чувашия,15-72 лет,процент,значение показателя за год,2003,8.2
Чувашская Республика - Чувашия,15-72 лет,процент,значение показателя за год,2004,9.8
Чувашская Республика - Чувашия,15-72 лет,процент,значение показателя за год,2005,11.7
Чувашская Республика - Чувашия,15-72 лет,процент,значение показателя за год,2006,8.6
Чувашская Республика - Чувашия,15-72 лет,процент,значение показателя за год,2007,9.0
Чувашская Республика - Чувашия,15-72 лет,процент,значение показателя за год,2008,8.0
Чувашская Республика - Чувашия,15-72 лет,процент,значение показателя за год,2009,11.6
Чувашская Республика - Чувашия,15-72 лет,процент,I квартал,2010-Q1,11.7
Чувашская Республика - Чувашия,15-72 лет,процент,II квартал,2010-Q2,9.7
Чувашская Республика - Чувашия,15-72 лет,процент,III квартал,2010-Q3,7.5
Чувашская Республика - Чувашия,15-72 лет,процент,IV квартал,2010-Q4,9.3
Чувашская Республика - Чувашия,15-72 лет,процент,значение показателя за год,2010,9.5
Чувашская Республика - Чувашия,15-72 лет,процент,I квартал,2011-Q1,10.0
Чувашская Республика - Чувашия,15-72 лет,процент,II квартал,2011-Q2,7.6
Чувашская Республика - Чувашия,15-72 лет,процент,III квартал,2011-Q3,7.1
Чувашская Республика - Чувашия,15-72 лет,процент,IV квартал,2011-Q4,6.4
Чувашская Республика - Чувашия,15-72 лет,процент,значение показателя за год,2011,7.8
Чувашская Республика - Чувашия,15-72 лет,процент,I квартал,2012-Q1,6.8
Чувашская Республика - Чувашия,15-72 лет,процент,II квартал,2012-Q2,6.3
Чувашская Республика - Чувашия,15-72 лет,процент,III квартал,2012-Q3,5.9
Чувашская Республика - Чувашия,15-72 лет,процент,IV квартал,2012-Q4,4.5
Чувашская Республика - Чувашия,15-72 лет,процент,значение показателя за год,2012,5.9
Пермский край,15-72 лет,процент,значение показателя за год,2000,10.6
Пермский край,15-72 лет,процент,значение показателя за год,2001,6.9
Пермский край,15-72 лет,процент,значение показателя за год,2002,9.1
Пермский край,15-72 лет,процент,значение показателя за год,2003,7.4
Пермский край,15-72 лет,процент,значение показателя за год,2004,7.3
Пермский край,15-72 лет,процент,значение показателя за год,2005,8.1
Пермский край,15-72 лет,процент,значение показателя за год,2006,7.0
Пермский край,15-72 лет,процент,значение показателя за год,2007,6.5
Пермский край,15-72 лет,процент,значение показателя за год,2008,8.3
Пермский край,15-72 лет,процент,значение показателя за год,2009,9.9
Пермский край,15-72 лет,процент,I квартал,2010-Q1,11.0
Пермский край,15-72 лет,процент,II квартал,2010-Q2,8.8
Пермский край,15-72 лет,процент,III квартал,2010-Q3,7.4
Пермский край,15-72 лет,процент,IV квартал,2010-Q4,6.1
Пермский край,15-72 лет,процент,значение показателя за год,2010,8.3
Пермский край,15-72 лет,процент,I квартал,2011-Q1,9.1
Пермский край,15-72 лет,процент,II квартал,2011-Q2,8.5
Пермский край,15-72 лет,процент,III квартал,2011-Q3,5.9
Пермский край,15-72 лет,процент,IV квартал,2011-Q4,6.5
Пермский край,15-72 лет,процент,значение показателя за год,2011,7.5
Пермский край,15-72 лет,процент,I квартал,2012-Q1,8.3
Пермский край,15-72 лет,процент,II квартал,2012-Q2,7.0
Пермский край,15-72 лет,процент,III квартал,2012-Q3,4.8
Пермский край,15-72 лет,процент,IV квартал,2012-Q4,4.9
Пермский край,15-72 лет,процент,значение показателя за год,2012,6.3
Кировская область,15-72 лет,процент,значение показателя за год,2000,8.2
Кировская область,15-72 лет,процент,значение показателя за год,2001,7.7
Кировская область,15-72 лет,процент,значение показателя за год,2002,6.8
Кировская область,15-72 лет,процент,значение показателя за год,2003,7.3
Кировская область,15-72 лет,процент,значение показателя за год,2004,8.6
Кировская область,15-72 лет,процент,значение показателя за год,2005,7.2
Кировская область,15-72 лет,процент,значение показателя за год,2006,7.9
Кировская область,15-72 лет,процент,значение показателя за год,2007,5.8
Кировская область,15-72 лет,процент,значение показателя за год,2008,7.2
Кировская область,15-72 лет,процент,значение показателя за год,2009,10.9
Кировская область,15-72 лет,процент,I квартал,2010-Q1,9.4
Кировская область,15-72 лет,процент,II квартал,2010-Q2,8.4
Кировская область,15-72 лет,процент,III квартал,2010-Q3,8.3
Кировская область,15-72 лет,процент,IV квартал,2010-Q4,8.4
Кировская область,15-72 лет,процент,значение показателя за год,2010,8.6
Кировская область,15-72 лет,процент,I квартал,2011-Q1,8.6
Кировская область,15-72 лет,процент,II квартал,2011-Q2,8.6
Кировская область,15-72 лет,процент,III квартал,2011-Q3,8.2
Кировская область,15-72 лет,процент,IV квартал,2011-Q4,7.6
Кировская область,15-72 лет,процент,значение показателя за год,2011,8.3
Кировская область,15-72 лет,процент,I квартал,2012-Q1,7.7
Кировская область,15-72 лет,процент,II квартал,2012-Q2,7.2
Кировская область,15-72 лет,процент,III квартал,2012-Q3,6.9
Кировская область,15-72 лет,процент,IV квартал,2012-Q4,6.6
Кировская область,15-72 лет,процент,значение показателя за год,2012,7.1
Нижегородская область,15-72 лет,процент,значение показателя за год,2000,7.8
Нижегородская область,15-72 лет,процент,значение показателя за год,2001,8.2
Нижегородская область,15-72 лет,процент,значение показателя за год,2002,7.8
Нижегородская область,15-72 лет,процент,значение показателя за год,2003,6.2
Нижегородская область,15-72 лет,процент,значение показателя за год,2004,7.4
Нижегородская область,15-72 лет,процент,значение показателя за год,2005,6.0
Нижегородская область,15-72 лет,процент,значение показателя за год,2006,5.4
Нижегородская область,15-72 лет,процент,значение показателя за год,2007,4.5
Нижегородская область,15-72 лет,процент,значение показателя за год,2008,5.7
Нижегородская область,15-72 лет,процент,значение показателя за год,2009,7.5
Нижегородская область,15-72 лет,процент,I квартал,2010-Q1,8.0
Нижегородская область,15-72 лет,процент,II квартал,2010-Q2,7.9
Нижегородская область,15-72 лет,процент,III квартал,2010-Q3,7.6
Нижегородская область,15-72 лет,процент,IV квартал,2010-Q4,7.5
Нижегородская область,15-72 лет,процент,значение показателя за год,2010,7.7
Нижегородская область,15-72 лет,процент,I квартал,2011-Q1,7.7
Нижегородская область,15-72 лет,процент,II квартал,2011-Q2,7.5
Нижегородская область,15-72 лет,процент,III квартал,2011-Q3,6.9
Нижегородская область,15-72 лет,процент,IV квартал,2011-Q4,6.7
Нижегородская область,15-72 лет,процент,значение показателя за год,2011,7.2
Нижегородская область,15-72 лет,процент,I квартал,2012-Q1,6.6
Нижегородская область,15-72 лет,процент,II квартал,2012-Q2,6.0
Нижегородская область,15-72 лет,процент,III квартал,2012-Q3,5.6
Нижегородская область,15-72 лет,процент,IV квартал,2012-Q4,3.4
Нижегородская область,15-72 лет,процент,значение показателя за год,2012,5.4
Оренбургская область,15-72 лет,процент,значение показателя за год,2000,12.0
Оренбургская область,15-72 лет,процент,значение показателя за год,2001,8.3
Оренбургская область,15-72 лет,процент,значение показателя за год,2002,10.3
Оренбургская область,15-72 лет,процент,значение показателя за год,2003,11.3
Оренбургская область,15-72 лет,процент,значение показателя за год,2004,11.0
Оренбургская область,15-72 лет,процент,значение показателя за год,2005,9.2
Оренбургская область,15-72 лет,процент,значение показателя за год,2006,6.4
Оренбургская область,15-72 лет,процент,значение показателя за год,2007,7.1
Оренбургская область,15-72 лет,процент,значение показателя за год,2008,6.9
Оренбургская область,15-72 лет,процент,значение показателя за год,2009,8.8
Оренбургская область,15-72 лет,процент,I квартал,2010-Q1,8.5
Оренбургская область,15-72 лет,процент,II квартал,2010-Q2,7.3
Оренбургская область,15-72 лет,процент,III квартал,2010-Q3,6.2
Оренбургская область,15-72 лет,процент,IV квартал,2010-Q4,7.0
Оренбургская область,15-72 лет,процент,значение показателя за год,2010,7.2
Оренбургская область,15-72 лет,процент,I квартал,2011-Q1,7.7
Оренбургская область,15-72 лет,процент,II квартал,2011-Q2,5.9
Оренбургская область,15-72 лет,процент,III квартал,2011-Q3,5.6
Оренбургская область,15-72 лет,процент,IV квартал,2011-Q4,6.0
Оренбургская область,15-72 лет,процент,значение показателя за год,2011,6.3
Оренбургская область,15-72 лет,процент,I квартал,2012-Q1,6.2
Оренбургская область,15-72 лет,процент,II квартал,2012-Q2,5.1
Оренбургская область,15-72 лет,процент,III квартал,2012-Q3,4.8
Оренбургская область,15-72 лет,процент,IV квартал,2012-Q4,5.4
Оренбургская область,15-72 лет,процент,значение показателя за год,2012,5.4
Пензенская область,15-72 лет,процент,значение показателя за год,2000,11.4
Пензенская область,15-72 лет,процент,значение показателя за год,2001,13.7
Пензенская область,15-72 лет,процент,значение показателя за год,2002,7.3
Пензенская область,15-72 лет,процент,значение показателя за год,2003,9.2
Пензенская область,15-72 лет,процент,значение показателя за год,2004,6.7
Пензенская область,15-72 лет,процент,значение показателя за год,2005,6.6
Пензенская область,15-72 лет,процент,значение показателя за год,2006,6.4
Пензенская область,15-72 лет,процент,значение показателя за год,2007,5.2
Пензенская область,15-72 лет,процент,значение показателя за год,2008,7.6
Пензенская область,15-72 лет,процент,значение показателя за год,2009,8.1
Пензенская область,15-72 лет,процент,I квартал,2010-Q1,8.1
Пензенская область,15-72 лет,процент,II квартал,2010-Q2,6.4
Пензенская область,15-72 лет,процент,III квартал,2010-Q3,5.8
Пензенская область,15-72 лет,процент,IV квартал,2010-Q4,5.6
Пензенская область,15-72 лет,процент,значение показателя за год,2010,6.4
Пензенская область,15-72 лет,процент,I квартал,2011-Q1,5.5
Пензенская область,15-72 лет,процент,II квартал,2011-Q2,5.2
Пензенская область,15-72 лет,процент,III квартал,2011-Q3,5.6
Пензенская область,15-72 лет,процент,IV квартал,2011-Q4,5.2
Пензенская область,15-72 лет,процент,значение показателя за год,2011,5.4
Пензенская область,15-72 лет,процент,I квартал,2012-Q1,5.1
Пензенская область,15-72 лет,процент,II квартал,2012-Q2,4.9
Пензенская область,15-72 лет,процент,III квартал,2012-Q3,5.0
Пензенская область,15-72 лет,процент,IV квартал,2012-Q4,4.7
Пензенская область,15-72 лет,процент,значение показателя за год,2012,4.9
Самарская область,15-72 лет,процент,значение показателя за год,2000,10.2
Самарская область,15-72 лет,процент,значение показателя за год,2001,6.1
Самарская область,15-72 лет,процент,значение показателя за год,2002,5.4
Самарская область,15-72 лет,процент,значение показателя за год,2003,4.4
Самарская область,15-72 лет,процент,значение показателя за год,2004,5.3
Самарская область,15-72 лет,процент,значение показателя за год,2005,5.4
Самарская область,15-72 лет,процент,значение показателя за год,2006,4.2
Самарская область,15-72 лет,процент,значение показателя за год,2007,4.1
Самарская область,15-72 лет,процент,значение показателя за год,2008,4.2
Самарская область,15-72 лет,процент,значение показателя за год,2009,6.1
Самарская область,15-72 лет,процент,I квартал,2010-Q1,8.6
Самарская область,15-72 лет,процент,II квартал,2010-Q2,6.2
Самарская область,15-72 лет,процент,III квартал,2010-Q3,4.3
Самарская область,15-72 лет,процент,IV квартал,2010-Q4,4.0
Самарская область,15-72 лет,процент,значение показателя за год,2010,5.8
Самарская область,15-72 лет,процент,I квартал,2011-Q1,7.2
Самарская область,15-72 лет,процент,II квартал,2011-Q2,4.7
Самарская область,15-72 лет,процент,III квартал,2011-Q3,4.5
Самарская область,15-72 лет,процент,IV квартал,2011-Q4,3.8
Самарская область,15-72 лет,процент,значение показателя за год,2011,5.1
Самарская область,15-72 лет,процент,I квартал,2012-Q1,5.7
Самарская область,15-72 лет,процент,II квартал,2012-Q2,3.3
Самарская область,15-72 лет,процент,III квартал,2012-Q3,2.7
Самарская область,15-72 лет,процент,IV квартал,2012-Q4,2.1
Самарская область,15-72 лет,процент,значение показателя за год,2012,3.4
Саратовская область,15-72 лет,процент,значение показателя за год,2000,9.8
Саратовская область,15-72 лет,процент,значение показателя за год,2001,9.7
Саратовская область,15-72 лет,процент,значение показателя за год,2002,7.6
Саратовская область,15-72 лет,процент,значение показателя за год,2003,10.6
Саратовская область,15-72 лет,процент,значение показателя за год,2004,10.0
Саратовская область,15-72 лет,процент,значение показателя за год,2005,9.2
Саратовская область,15-72 лет,процент,значение показателя за год,2006,8.2
Саратовская область,15-72 лет,процент,значение показателя за год,2007,8.0
Саратовская область,15-72 лет,процент,значение показателя за год,2008,7.8
Саратовская область,15-72 лет,процент,значение показателя за год,2009,8.8
Саратовская область,15-72 лет,процент,I квартал,2010-Q1,7.2
Саратовская область,15-72 лет,процент,II квартал,2010-Q2,6.3
Саратовская область,15-72 лет,процент,III квартал,2010-Q3,5.7
Саратовская область,15-72 лет,процент,IV квартал,2010-Q4,6.0
Саратовская область,15-72 лет,процент,значение показателя за год,2010,6.3
Саратовская область,15-72 лет,процент,I квартал,2011-Q1,7.0
Саратовская область,15-72 лет,процент,II квартал,2011-Q2,5.8
Саратовская область,15-72 лет,процент,III квартал,2011-Q3,5.5
Саратовская область,15-72 лет,процент,IV квартал,2011-Q4,5.6
Саратовская область,15-72 лет,процент,значение показателя за год,2011,6.0
Саратовская область,15-72 лет,процент,I квартал,2012-Q1,5.8
Саратовская область,15-72 лет,процент,II квартал,2012-Q2,5.9
Саратовская область,15-72 лет,процент,III квартал,2012-Q3,5.1
Саратовская область,15-72 лет,процент,IV квартал,2012-Q4,4.8
Саратовская область,15-72 лет,процент,значение показателя за год,2012,5.4
Ульяновская область,15-72 лет,процент,значение показателя за год,2000,6.6
Ульяновская область,15-72 лет,процент,значение показателя за год,2001,8.6
Ульяновская область,15-72 лет,процент,значение показателя за год,2002,6.1
Ульяновская область,15-72 лет,процент,значение показателя за год,2003,7.3
Ульяновская область,15-72 лет,процент,значение показателя за год,2004,9.5
Ульяновская область,15-72 лет,процент,значение показателя за год,2005,7.7
Ульяновская область,15-72 лет,процент,значение показателя за год,2006,6.8
Ульяновская область,15-72 лет,процент,значение показателя за год,2007,4.6
Ульяновская область,15-72 лет,процент,значение показателя за год,2008,7.0
Ульяновская область,15-72 лет,процент,значение показателя за год,2009,8.9
Ульяновская область,15-72 лет,процент,I квартал,2010-Q1,10.1
Ульяновская область,15-72 лет,процент,II квартал,2010-Q2,9.4
Ульяновская область,15-72 лет,процент,III квартал,2010-Q3,7.5
Ульяновская область,15-72 лет,процент,IV квартал,2010-Q4,8.1
Ульяновская область,15-72 лет,процент,значение показателя за год,2010,8.8
Ульяновская область,15-72 лет,процент,I квартал,2011-Q1,7.8
Ульяновская область,15-72 лет,процент,II квартал,2011-Q2,6.6
Ульяновская область,15-72 лет,процент,III квартал,2011-Q3,6.4
Ульяновская область,15-72 лет,процент,IV квартал,2011-Q4,6.5
Ульяновская область,15-72 лет,процент,значение показателя за год,2011,6.8
Ульяновская область,15-72 лет,процент,I квартал,2012-Q1,6.4
Ульяновская область,15-72 лет,процент,II квартал,2012-Q2,5.6
Ульяновская область,15-72 лет,процент,III квартал,2012-Q3,5.2
Ульяновская область,15-72 лет,процент,IV квартал,2012-Q4,5.0
Ульяновская область,15-72 лет,процент,значение показателя за год,2012,5.6
Уральский федеральный округ,15-72 лет,процент,значение показателя за год,2000,10.1
Уральский федеральный округ,15-72 лет,процент,значение показателя за год,2001,9.2
Уральский федеральный округ,15-72 лет,процент,значение показателя за год,2002,8.1
Уральский федеральный округ,15-72 лет,процент,значение показателя за год,2003,7.4
Уральский федеральный округ,15-72 лет,процент,значение показателя за год,2004,7.4
Уральский федеральный округ,15-72 лет,процент,значение показателя за год,2005,6.7
Уральский федеральный округ,15-72 лет,процент,значение показателя за год,2006,6.8
Уральский федеральный округ,15-72 лет,процент,значение показателя за год,2007,4.9
Уральский федеральный округ,15-72 лет,процент,значение показателя за год,2008,5.5
Уральский федеральный округ,15-72 лет,процент,значение показателя за год,2009,8.1
Уральский федеральный округ,15-72 лет,процент,I квартал,2010-Q1,9.5
Уральский федеральный округ,15-72 лет,процент,II квартал,2010-Q2,7.8
Уральский федеральный округ,15-72 лет,процент,III квартал,2010-Q3,7.3
Уральский федеральный округ,15-72 лет,процент,IV квартал,2010-Q4,7.2
Уральский федеральный округ,15-72 лет,процент,значение показателя за год,2010,8.0
Уральский федеральный округ,15-72 лет,процент,I квартал,2011-Q1,7.6
Уральский федеральный округ,15-72 лет,процент,II квартал,2011-Q2,6.6
Уральский федеральный округ,15-72 лет,процент,III квартал,2011-Q3,6.5
Уральский федеральный округ,15-72 лет,процент,IV квартал,2011-Q4,6.6
Уральский федеральный округ,15-72 лет,процент,значение показателя за год,2011,6.8
Уральский федеральный округ,15-72 лет,процент,I квартал,2012-Q1,6.7
Уральский федеральный округ,15-72 лет,процент,II квартал,2012-Q2,5.6
Уральский федеральный округ,15-72 лет,процент,III квартал,2012-Q3,5.6
Уральский федеральный округ,15-72 лет,процент,IV квартал,2012-Q4,6.0
Уральский федеральный округ,15-72 лет,процент,значение показателя за год,2012,6.0
Курганская область,15-72 лет,процент,значение показателя за год,2000,12.9
Курганская область,15-72 лет,процент,значение показателя за год,2001,13.1
Курганская область,15-72 лет,процент,значение показателя за год,2002,10.7
Курганская область,15-72 лет,процент,значение показателя за год,2003,9.4
Курганская область,15-72 лет,процент,значение показателя за год,2004,12.4
Курганская область,15-72 лет,процент,значение показателя за год,2005,11.4
Курганская область,15-72 лет,процент,значение показателя за год,2006,12.2
Курганская область,15-72 лет,процент,значение показателя за год,2007,8.5
Курганская область,15-72 лет,процент,значение показателя за год,2008,9.3
Курганская область,15-72 лет,процент,значение показателя за год,2009,13.2
Курганская область,15-72 лет,процент,I квартал,2010-Q1,15.2
Курганская область,15-72 лет,процент,II квартал,2010-Q2,12.8
Курганская область,15-72 лет,процент,III квартал,2010-Q3,10.7
Курганская область,15-72 лет,процент,IV квартал,2010-Q4,10.0
Курганская область,15-72 лет,процент,значение показателя за год,2010,12.1
Курганская область,15-72 лет,процент,I квартал,2011-Q1,12.2
Курганская область,15-72 лет,процент,II квартал,2011-Q2,9.5
Курганская область,15-72 лет,процент,III квартал,2011-Q3,8.4
Курганская область,15-72 лет,процент,IV квартал,2011-Q4,10.0
Курганская область,15-72 лет,процент,значение показателя за год,2011,10.0
Курганская область,15-72 лет,процент,I квартал,2012-Q1,11.2
Курганская область,15-72 лет,процент,II квартал,2012-Q2,8.6
Курганская область,15-72 лет,процент,III квартал,2012-Q3,6.6
Курганская область,15-72 лет,процент,IV квартал,2012-Q4,8.4
Курганская область,15-72 лет,процент,значение показателя за год,2012,8.7
Свердловская область,15-72 лет,процент,значение показателя за год,2000,10.0
Свердловская область,15-72 лет,процент,значение показателя за год,2001,7.8
Свердловская область,15-72 лет,процент,значение показателя за год,2002,8.5
Свердловская область,15-72 лет,процент,значение показателя за год,2003,7.6
Свердловская область,15-72 лет,процент,значение показателя за год,2004,7.3
Свердловская область,15-72 лет,процент,значение показателя за год,2005,6.8
Свердловская область,15-72 лет,процент,значение показателя за год,2006,7.0
Свердловская область,15-72 лет,процент,значение показателя за год,2007,5.2
Свердловская область,15-72 лет,процент,значение показателя за год,2008,4.8
Свердловская область,15-72 лет,процент,значение показателя за год,2009,8.2
Свердловская область,15-72 лет,процент,I квартал,2010-Q1,10.3
Свердловская область,15-72 лет,процент,II квартал,2010-Q2,7.8
Свердловская область,15-72 лет,процент,III квартал,2010-Q3,7.3
Свердловская область,15-72 лет,процент,IV квартал,2010-Q4,8.3
Свердловская область,15-72 лет,процент,значение показателя за год,2010,8.4
Свердловская область,15-72 лет,процент,I квартал,2011-Q1,8.8
Свердловская область,15-72 лет,процент,II квартал,2011-Q2,6.6
Свердловская область,15-72 лет,процент,III квартал,2011-Q3,7.0
Свердловская область,15-72 лет,процент,IV квартал,2011-Q4,6.6
Свердловская область,15-72 лет,процент,значение показателя за год,2011,7.2
Свердловская область,15-72 лет,процент,I квартал,2012-Q1,6.9
Свердловская область,15-72 лет,процент,II квартал,2012-Q2,4.8
Свердловская область,15-72 лет,процент,III квартал,2012-Q3,5.4
Свердловская область,15-72 лет,процент,IV квартал,2012-Q4,6.3
Свердловская область,15-72 лет,процент,значение показателя за год,2012,5.8
Тюменская область,15-72 лет,процент,значение показателя за год,2000,10.8
Тюменская область,15-72 лет,процент,значение показателя за год,2001,10.5
Тюменская область,15-72 лет,процент,значение показателя за год,2002,8.7
Тюменская область,15-72 лет,процент,значение показателя за год,2003,8.3
Тюменская область,15-72 лет,процент,значение показателя за год,2004,8.6
Тюменская область,15-72 лет,процент,значение показателя за год,2005,6.7
Тюменская область,15-72 лет,процент,значение показателя за год,2006,6.9
Тюменская область,15-72 лет,процент,значение показателя за год,2007,5.9
Тюменская область,15-72 лет,процент,значение показателя за год,2008,6.7
Тюменская область,15-72 лет,процент,значение показателя за год,2009,6.8
Тюменская область,15-72 лет,процент,I квартал,2010-Q1,7.8
Тюменская область,15-72 лет,процент,II квартал,2010-Q2,6.8
Тюменская область,15-72 лет,процент,III квартал,2010-Q3,6.9
Тюменская область,15-72 лет,процент,IV квартал,2010-Q4,5.9
Тюменская область,15-72 лет,процент,значение показателя за год,2010,6.9
Тюменская область,15-72 лет,процент,I квартал,2011-Q1,5.9
Тюменская область,15-72 лет,процент,II квартал,2011-Q2,5.7
Тюменская область,15-72 лет,процент,III квартал,2011-Q3,5.7
Тюменская область,15-72 лет,процент,IV квартал,2011-Q4,5.9
Тюменская область,15-72 лет,процент,значение показателя за год,2011,5.8
Тюменская область,15-72 лет,процент,I квартал,2012-Q1,5.9
Тюменская область,15-72 лет,процент,II квартал,2012-Q2,5.4
Тюменская область,15-72 лет,процент,III квартал,2012-Q3,4.8
Тюменская область,15-72 лет,процент,IV квартал,2012-Q4,4.7
Тюменская область,15-72 лет,процент,значение показателя за год,2012,5.2
Ханты-Мансийский автономный округ - Югра (Тюменская область),15-72 лет,процент,значение показателя за год,2000,11.4
Ханты-Мансийский автономный округ - Югра (Тюменская область),15-72 лет,процент,значение показателя за год,2001,11.3
Ханты-Мансийский автономный округ - Югра (Тюменская область),15-72 лет,процент,значение показателя за год,2002,10.1
Ханты-Мансийский автономный округ - Югра (Тюменская область),15-72 лет,процент,значение показателя за год,2003,9.3
Ханты-Мансийский автономный округ - Югра (Тюменская область),15-72 лет,процент,значение показателя за год,2004,9.6
Ханты-Мансийский автономный округ - Югра (Тюменская область),15-72 лет,процент,значение показателя за год,2005,7.9
Ханты-Мансийский автономный округ - Югра (Тюменская область),15-72 лет,процент,значение показателя за год,2006,6.3
Ханты-Мансийский автономный округ - Югра (Тюменская область),15-72 лет,процент,значение показателя за год,2007,7.6
Ханты-Мансийский автономный округ - Югра (Тюменская область),15-72 лет,процент,значение показателя за год,2008,7.8
Ханты-Мансийский автономный округ - Югра (Тюменская область),15-72 лет,процент,значение показателя за год,2009,6.9
Ханты-Мансийский автономный округ - Югра (Тюменская область),15-72 лет,процент,I квартал,2010-Q1,8.5
Ханты-Мансийский автономный округ - Югра (Тюменская область),15-72 лет,процент,II квартал,2010-Q2,7.8
Ханты-Мансийский автономный округ - Югра (Тюменская область),15-72 лет,процент,III квартал,2010-Q3,7.4
Ханты-Мансийский автономный округ - Югра (Тюменская область),15-72 лет,процент,IV квартал,2010-Q4,6.2
Ханты-Мансийский автономный округ - Югра (Тюменская область),15-72 лет,процент,значение показателя за год,2010,7.5
Ханты-Мансийский автономный округ - Югра (Тюменская область),15-72 лет,процент,I квартал,2011-Q1,6.3
Ханты-Мансийский автономный округ - Югра (Тюменская область),15-72 лет,процент,II квартал,2011-Q2,6.3
Ханты-Мансийский автономный округ - Югра (Тюменская область),15-72 лет,процент,III квартал,2011-Q3,6.4
Ханты-Мансийский автономный округ - Югра (Тюменская область),15-72 лет,процент,IV квартал,2011-Q4,6.2
Ханты-Мансийский автономный округ - Югра (Тюменская область),15-72 лет,процент,значение показателя за год,2011,6.3
Ханты-Мансийский автономный округ - Югра (Тюменская область),15-72 лет,процент,I квартал,2012-Q1,6.1
Ханты-Мансийский автономный округ - Югра (Тюменская область),15-72 лет,процент,II квартал,2012-Q2,5.6
Ханты-Мансийский автономный округ - Югра (Тюменская область),15-72 лет,процент,III квартал,2012-Q3,5.1
Ханты-Мансийский автономный округ - Югра (Тюменская область),15-72 лет,процент,IV квартал,2012-Q4,5.1
Ханты-Мансийский автономный округ - Югра (Тюменская область),15-72 лет,процент,значение показателя за год,2012,5.5
Ямало-Ненецкий автономный округ (Тюменская область),15-72 лет,процент,значение показателя за год,2000,8.6
Ямало-Ненецкий автономный округ (Тюменская область),15-72 лет,процент,значение показателя за год,2001,7.1
Ямало-Ненецкий автономный округ (Тюменская область),15-72 лет,процент,значение показателя за год,2002,6.8
Ямало-Ненецкий автономный округ (Тюменская область),15-72 лет,процент,значение показателя за год,2003,5.6
Ямало-Ненецкий автономный округ (Тюменская область),15-72 лет,процент,значение показателя за год,2004,6.3
Ямало-Ненецкий автономный округ (Тюменская область),15-72 лет,процент,значение показателя за год,2005,7.2
Ямало-Ненецкий автономный округ (Тюменская область),15-72 лет,процент,значение показателя за год,2006,5.5
Ямало-Ненецкий автономный округ (Тюменская область),15-72 лет,процент,значение показателя за год,2007,2.8
Ямало-Ненецкий автономный округ (Тюменская область),15-72 лет,процент,значение показателя за год,2008,5.9
Ямало-Ненецкий автономный округ (Тюменская область),15-72 лет,процент,значение показателя за год,2009,4.5
Ямало-Ненецкий автономный округ (Тюменская область),15-72 лет,процент,I квартал,2010-Q1,5.6
Ямало-Ненецкий автономный округ (Тюменская область),15-72 лет,процент,II квартал,2010-Q2,3.5
Ямало-Ненецкий автономный округ (Тюменская область),15-72 лет,процент,III квартал,2010-Q3,4.7
Ямало-Ненецкий автономный округ (Тюменская область),15-72 лет,процент,IV квартал,2010-Q4,3.2
Ямало-Ненецкий автономный округ (Тюменская область),15-72 лет,процент,значение показателя за год,2010,4.3
Ямало-Ненецкий автономный округ (Тюменская область),15-72 лет,процент,I квартал,2011-Q1,4.1
Ямало-Ненецкий автономный округ (Тюменская область),15-72 лет,процент,II квартал,2011-Q2,3.5
Ямало-Ненецкий автономный округ (Тюменская область),15-72 лет,процент,III квартал,2011-Q3,3.1
Ямало-Ненецкий автономный округ (Тюменская область),15-72 лет,процент,IV квартал,2011-Q4,3.4
Ямало-Ненецкий автономный округ (Тюменская область),15-72 лет,процент,значение показателя за год,2011,3.5
Ямало-Ненецкий автономный округ (Тюменская область),15-72 лет,процент,I квартал,2012-Q1,3.9
Ямало-Ненецкий автономный округ (Тюменская область),15-72 лет,процент,II квартал,2012-Q2,3.2
Ямало-Ненецкий автономный округ (Тюменская область),15-72 лет,процент,III квартал,2012-Q3,3.4
Ямало-Ненецкий автономный округ (Тюменская область),15-72 лет,процент,IV квартал,2012-Q4,3.3
Ямало-Ненецкий автономный округ (Тюменская область),15-72 лет,процент,значение показателя за год,2012,3.4
Челябинская область,15-72 лет,процент,значение показателя за год,2000,8.6
Челябинская область,15-72 лет,процент,значение показателя за год,2001,8.8
Челябинская область,15-72 лет,процент,значение показателя за год,2002,6.5
Челябинская область,15-72 лет,процент,значение показателя за год,2003,5.9
Челябинская область,15-72 лет,процент,значение показателя за год,2004,5.1
Челябинская область,15-72 лет,процент,значение показателя за год,2005,5.3
Челябинская область,15-72 лет,процент,значение показателя за год,2006,5.1
Челябинская область,15-72 лет,процент,значение показателя за год,2007,2.5
Челябинская область,15-72 лет,процент,значение показателя за год,2008,4.3
Челябинская область,15-72 лет,процент,значение показателя за год,2009,8.0
Челябинская область,15-72 лет,процент,I квартал,2010-Q1,8.9
Челябинская область,15-72 лет,процент,II квартал,2010-Q2,7.5
Челябинская область,15-72 лет,процент,III квартал,2010-Q3,6.9
Челябинская область,15-72 лет,процент,IV квартал,2010-Q4,6.6
Челябинская область,15-72 лет,процент,значение показателя за год,2010,7.5
Челябинская область,15-72 лет,процент,I квартал,2011-Q1,6.7
Челябинская область,15-72 лет,процент,II квартал,2011-Q2,6.8
Челябинская область,15-72 лет,процент,III квартал,2011-Q3,6.5
Челябинская область,15-72 лет,процент,IV квартал,2011-Q4,6.4
Челябинская область,15-72 лет,процент,значение показателя за год,2011,6.6
Челябинская область,15-72 лет,процент,I квартал,2012-Q1,6.5
Челябинская область,15-72 лет,процент,II квартал,2012-Q2,6.2
Челябинская область,15-72 лет,процент,III квартал,2012-Q3,6.4
Челябинская область,15-72 лет,процент,IV квартал,2012-Q4,6.5
Челябинская область,15-72 лет,процент,значение показателя за год,2012,6.4
Сибирский федеральный округ (до 03.11.2018),15-72 лет,процент,значение показателя за год,2000,12.8
Сибирский федеральный округ (до 03.11.2018),15-72 лет,процент,значение показателя за год,2001,11.3
Сибирский федеральный округ (до 03.11.2018),15-72 лет,процент,значение показателя за год,2002,10.1
Сибирский федеральный округ (до 03.11.2018),15-72 лет,процент,значение показателя за год,2003,11.4
Сибирский федеральный округ (до 03.11.2018),15-72 лет,процент,значение показателя за год,2004,9.9
Сибирский федеральный округ (до 03.11.2018),15-72 лет,процент,значение показателя за год,2005,9.3
Сибирский федеральный округ (до 03.11.2018),15-72 лет,процент,значение показателя за год,2006,8.7
Сибирский федеральный округ (до 03.11.2018),15-72 лет,процент,значение показателя за год,2007,7.6
Сибирский федеральный округ (до 03.11.2018),15-72 лет,процент,значение показателя за год,2008,8.3
Сибирский федеральный округ (до 03.11.2018),15-72 лет,процент,значение показателя за год,2009,10.5
Сибирский федеральный округ (до 03.11.2018),15-72 лет,процент,I квартал,2010-Q1,10.4
Сибирский федеральный округ (до 03.11.2018),15-72 лет,процент,II квартал,2010-Q2,8.9
Сибирский федеральный округ (до 03.11.2018),15-72 лет,процент,III квартал,2010-Q3,7.6
Сибирский федеральный округ (до 03.11.2018),15-72 лет,процент,IV квартал,2010-Q4,8.0
Сибирский федеральный округ (до 03.11.2018),15-72 лет,процент,значение показателя за год,2010,8.7
Сибирский федеральный округ (до 03.11.2018),15-72 лет,процент,I квартал,2011-Q1,8.9
Сибирский федеральный округ (до 03.11.2018),15-72 лет,процент,II квартал,2011-Q2,8.4
Сибирский федеральный округ (до 03.11.2018),15-72 лет,процент,III квартал,2011-Q3,7.6
Сибирский федеральный округ (до 03.11.2018),15-72 лет,процент,IV квартал,2011-Q4,7.6
Сибирский федеральный округ (до 03.11.2018),15-72 лет,процент,значение показателя за год,2011,8.1
Сибирский федеральный округ (до 03.11.2018),15-72 лет,процент,I квартал,2012-Q1,7.7
Сибирский федеральный округ (до 03.11.2018),15-72 лет,процент,II квартал,2012-Q2,7.0
Сибирский федеральный округ (до 03.11.2018),15-72 лет,процент,III квартал,2012-Q3,6.6
Сибирский федеральный округ (до 03.11.2018),15-72 лет,процент,IV квартал,2012-Q4,7.1
Сибирский федеральный округ (до 03.11.2018),15-72 лет,процент,значение показателя за год,2012,7.1
Республика Алтай,15-72 лет,процент,значение показателя за год,2000,17.3
Республика Алтай,15-72 лет,процент,значение показателя за год,2001,9.6
Республика Алтай,15-72 лет,процент,значение показателя за год,2002,11.3
Республика Алтай,15-72 лет,процент,значение показателя за год,2003,10.2
Республика Алтай,15-72 лет,процент,значение показателя за год,2004,9.6
Республика Алтай,15-72 лет,процент,значение показателя за год,2005,9.4
Республика Алтай,15-72 лет,процент,значение показателя за год,2006,11.4
Республика Алтай,15-72 лет,процент,значение показателя за год,2007,8.9
Республика Алтай,15-72 лет,процент,значение показателя за год,2008,12.6
Республика Алтай,15-72 лет,процент,значение показателя за год,2009,13.6
Республика Алтай,15-72 лет,процент,I квартал,2010-Q1,13.7
Республика Алтай,15-72 лет,процент,II квартал,2010-Q2,13.4
Республика Алтай,15-72 лет,процент,III квартал,2010-Q3,11.0
Республика Алтай,15-72 лет,процент,IV квартал,2010-Q4,11.0
Республика Алтай,15-72 лет,процент,значение показателя за год,2010,12.2
Республика Алтай,15-72 лет,процент,I квартал,2011-Q1,17.5
Республика Алтай,15-72 лет,процент,II квартал,2011-Q2,12.3
Республика Алтай,15-72 лет,процент,III квартал,2011-Q3,11.0
Республика Алтай,15-72 лет,процент,IV квартал,2011-Q4,10.6
Республика Алтай,15-72 лет,процент,значение показателя за год,2011,12.8
Республика Алтай,15-72 лет,процент,I квартал,2012-Q1,15.8
Республика Алтай,15-72 лет,процент,II квартал,2012-Q2,10.6
Республика Алтай,15-72 лет,процент,III квартал,2012-Q3,9.9
Республика Алтай,15-72 лет,процент,IV квартал,2012-Q4,10.3
Республика Алтай,15-72 лет,процент,значение показателя за год,2012,11.6
Республика Тыва,15-72 лет,процент,значение показателя за год,2000,23.6
Республика Тыва,15-72 лет,процент,значение показателя за год,2001,23.8
Республика Тыва,15-72 лет,процент,значение показателя за год,2002,20.3
Республика Тыва,15-72 лет,процент,значение показателя за год,2003,20.9
Республика Тыва,15-72 лет,процент,значение показателя за год,2004,19.4
Республика Тыва,15-72 лет,процент,значение показателя за год,2005,21.9
Республика Тыва,15-72 лет,процент,значение показателя за год,2006,20.3
Республика Тыва,15-72 лет,процент,значение показателя за год,2007,16.9
Республика Тыва,15-72 лет,процент,значение показателя за год,2008,18.6
Республика Тыва,15-72 лет,процент,значение показателя за год,2009,21.4
Республика Тыва,15-72 лет,процент,I квартал,2010-Q1,24.5
Республика Тыва,15-72 лет,процент,II квартал,2010-Q2,24.0
Республика Тыва,15-72 лет,процент,III квартал,2010-Q3,20.3
Республика Тыва,15-72 лет,процент,IV квартал,2010-Q4,17.9
Республика Тыва,15-72 лет,процент,значение показателя за год,2010,21.7
Республика Тыва,15-72 лет,процент,I квартал,2011-Q1,18.2
Республика Тыва,15-72 лет,процент,II квартал,2011-Q2,16.1
Республика Тыва,15-72 лет,процент,III квартал,2011-Q3,16.3
Республика Тыва,15-72 лет,процент,IV квартал,2011-Q4,18.9
Республика Тыва,15-72 лет,процент,значение показателя за год,2011,17.3
Республика Тыва,15-72 лет,процент,I квартал,2012-Q1,22.8
Республика Тыва,15-72 лет,процент,II квартал,2012-Q2,17.8
Республика Тыва,15-72 лет,процент,III квартал,2012-Q3,19.6
Республика Тыва,15-72 лет,процент,IV квартал,2012-Q4,12.8
Республика Тыва,15-72 лет,процент,значение показателя за год,2012,18.4
Республика Хакасия,15-72 лет,процент,значение показателя за год,2000,12.2
Республика Хакасия,15-72 лет,процент,значение показателя за год,2001,8.9
Республика Хакасия,15-72 лет,процент,значение показателя за год,2002,8.0
Республика Хакасия,15-72 лет,процент,значение показателя за год,2003,10.7
Республика Хакасия,15-72 лет,процент,значение показателя за год,2004,10.2
Республика Хакасия,15-72 лет,процент,значение показателя за год,2005,8.9
Республика Хакасия,15-72 лет,процент,значение показателя за год,2006,9.1
Республика Хакасия,15-72 лет,процент,значение показателя за год,2007,6.6
Республика Хакасия,15-72 лет,процент,значение показателя за год,2008,7.2
Республика Хакасия,15-72 лет,процент,значение показателя за год,2009,8.6
Республика Хакасия,15-72 лет,процент,I квартал,2010-Q1,10.5
Республика Хакасия,15-72 лет,процент,II квартал,2010-Q2,9.3
Республика Хакасия,15-72 лет,процент,III квартал,2010-Q3,8.6
Республика Хакасия,15-72 лет,процент,IV квартал,2010-Q4,8.0
Республика Хакасия,15-72 лет,процент,значение показателя за год,2010,9.1
Республика Хакасия,15-72 лет,процент,I квартал,2011-Q1,8.2
Республика Хакасия,15-72 лет,процент,II квартал,2011-Q2,6.4
Республика Хакасия,15-72 лет,процент,III квартал,2011-Q3,7.1
Республика Хакасия,15-72 лет,процент,IV квартал,2011-Q4,7.1
Республика Хакасия,15-72 лет,процент,значение показателя за год,2011,7.2
Республика Хакасия,15-72 лет,процент,I квартал,2012-Q1,8.7
Республика Хакасия,15-72 лет,процент,II квартал,2012-Q2,7.5
Республика Хакасия,15-72 лет,процент,III квартал,2012-Q3,9.1
Республика Хакасия,15-72 лет,процент,IV квартал,2012-Q4,6.6
Республика Хакасия,15-72 лет,процент,значение показателя за год,2012,7.9
Алтайский край,15-72 лет,процент,значение показателя за год,2000,11.7
Алтайский край,15-72 лет,процент,значение показателя за год,2001,10.0
Алтайский край,15-72 лет,процент,значение показателя за год,2002,8.3
Алтайский край,15-72 лет,процент,значение показателя за год,2003,12.3
Алтайский край,15-72 лет,процент,значение показателя за год,2004,9.1
Алтайский край,15-72 лет,процент,значение показателя за год,2005,8.8
Алтайский край,15-72 лет,процент,значение показателя за год,2006,8.9
Алтайский край,15-72 лет,процент,значение показателя за год,2007,6.4
Алтайский край,15-72 лет,процент,значение показателя за год,2008,8.3
Алтайский край,15-72 лет,процент,значение показателя за год,2009,12.3
Алтайский край,15-72 лет,процент,I квартал,2010-Q1,12.9
Алтайский край,15-72 лет,процент,II квартал,2010-Q2,9.1
Алтайский край,15-72 лет,процент,III квартал,2010-Q3,7.0
Алтайский край,15-72 лет,процент,IV квартал,2010-Q4,6.3
Алтайский край,15-72 лет,процент,значение показателя за год,2010,8.8
Алтайский край,15-72 лет,процент,I квартал,2011-Q1,10.0
Алтайский край,15-72 лет,процент,II квартал,2011-Q2,9.5
Алтайский край,15-72 лет,процент,III квартал,2011-Q3,7.3
Алтайский край,15-72 лет,процент,IV квартал,2011-Q4,7.1
Алтайский край,15-72 лет,процент,значение показателя за год,2011,8.5
Алтайский край,15-72 лет,процент,I квартал,2012-Q1,6.8
Алтайский край,15-72 лет,процент,II квартал,2012-Q2,6.5
Алтайский край,15-72 лет,процент,III квартал,2012-Q3,5.8
Алтайский край,15-72 лет,процент,IV квартал,2012-Q4,5.8
Алтайский край,15-72 лет,процент,значение показателя за год,2012,6.2
Красноярский край,15-72 лет,процент,значение показателя за год,2000,12.2
Красноярский край,15-72 лет,процент,значение показателя за год,2001,9.7
Красноярский край,15-72 лет,процент,значение показателя за год,2002,7.8
Красноярский край,15-72 лет,процент,значение показателя за год,2003,9.2
Красноярский край,15-72 лет,процент,значение показателя за год,2004,8.0
Красноярский край,15-72 лет,процент,значение показателя за год,2005,9.5
Красноярский край,15-72 лет,процент,значение показателя за год,2006,8.7
Красноярский край,15-72 лет,процент,значение показателя за год,2007,7.6
Красноярский край,15-72 лет,процент,значение показателя за год,2008,6.4
Красноярский край,15-72 лет,процент,значение показателя за год,2009,9.4
Красноярский край,15-72 лет,процент,I квартал,2010-Q1,8.4
Красноярский край,15-72 лет,процент,II квартал,2010-Q2,5.9
Красноярский край,15-72 лет,процент,III квартал,2010-Q3,5.2
Красноярский край,15-72 лет,процент,IV квартал,2010-Q4,5.7
Красноярский край,15-72 лет,процент,значение показателя за год,2010,6.2
Красноярский край,15-72 лет,процент,I квартал,2011-Q1,7.0
Красноярский край,15-72 лет,процент,II квартал,2011-Q2,5.2
Красноярский край,15-72 лет,процент,III квартал,2011-Q3,5.5
Красноярский край,15-72 лет,процент,IV квартал,2011-Q4,6.3
Красноярский край,15-72 лет,процент,значение показателя за год,2011,6.0
Красноярский край,15-72 лет,процент,I квартал,2012-Q1,6.1
Красноярский край,15-72 лет,процент,II квартал,2012-Q2,5.9
Красноярский край,15-72 лет,процент,III квартал,2012-Q3,4.9
Красноярский край,15-72 лет,процент,IV квартал,2012-Q4,5.4
Красноярский край,15-72 лет,процент,значение показателя за год,2012,5.5
Иркутская область,15-72 лет,процент,значение показателя за год,2000,11.6
Иркутская область,15-72 лет,процент,значение показателя за год,2001,11.2
Иркутская область,15-72 лет,процент,значение показателя за год,2002,11.1
Иркутская область,15-72 лет,процент,значение показателя за год,2003,11.2
Иркутская область,15-72 лет,процент,значение показателя за год,2004,10.3
Иркутская область,15-72 лет,процент,значение показателя за год,2005,9.8
Иркутская область,15-72 лет,процент,значение показателя за год,2006,8.5
Иркутская область,15-72 лет,процент,значение показателя за год,2007,8.0
Иркутская область,15-72 лет,процент,значение показателя за год,2008,8.5
Иркутская область,15-72 лет,процент,значение показателя за год,2009,10.8
Иркутская область,15-72 лет,процент,I квартал,2010-Q1,10.8
Иркутская область,15-72 лет,процент,II квартал,2010-Q2,10.3
Иркутская область,15-72 лет,процент,III квартал,2010-Q3,9.0
Иркутская область,15-72 лет,процент,IV квартал,2010-Q4,10.2
Иркутская область,15-72 лет,процент,значение показателя за год,2010,10.1
Иркутская область,15-72 лет,процент,I квартал,2011-Q1,9.3
Иркутская область,15-72 лет,процент,II квартал,2011-Q2,10.2
Иркутская область,15-72 лет,процент,III квартал,2011-Q3,8.2
Иркутская область,15-72 лет,процент,IV квартал,2011-Q4,8.7
Иркутская область,15-72 лет,процент,значение показателя за год,2011,9.1
Иркутская область,15-72 лет,процент,I квартал,2012-Q1,7.3
Иркутская область,15-72 лет,процент,II квартал,2012-Q2,8.2
Иркутская область,15-72 лет,процент,III квартал,2012-Q3,7.1
Иркутская область,15-72 лет,процент,IV квартал,2012-Q4,8.8
Иркутская область,15-72 лет,процент,значение показателя за год,2012,7.8
Кемеровская область - Кузбасс,15-72 лет,процент,значение показателя за год,2000,10.6
Кемеровская область - Кузбасс,15-72 лет,процент,значение показателя за год,2001,9.9
Кемеровская область - Кузбасс,15-72 лет,процент,значение показателя за год,2002,9.3
Кемеровская область - Кузбасс,15-72 лет,процент,значение показателя за год,2003,9.9
Кемеровская область - Кузбасс,15-72 лет,процент,значение показателя за год,2004,9.9
Кемеровская область - Кузбасс,15-72 лет,процент,значение показателя за год,2005,8.6
Кемеровская область - Кузбасс,15-72 лет,процент,значение показателя за год,2006,7.4
Кемеровская область - Кузбасс,15-72 лет,процент,значение показателя за год,2007,6.2
Кемеровская область - Кузбасс,15-72 лет,процент,значение показателя за год,2008,6.6
Кемеровская область - Кузбасс,15-72 лет,процент,значение показателя за год,2009,9.7
Кемеровская область - Кузбасс,15-72 лет,процент,I квартал,2010-Q1,10.4
Кемеровская область - Кузбасс,15-72 лет,процент,II квартал,2010-Q2,8.9
Кемеровская область - Кузбасс,15-72 лет,процент,III квартал,2010-Q3,8.7
Кемеровская область - Кузбасс,15-72 лет,процент,IV квартал,2010-Q4,7.6
Кемеровская область - Кузбасс,15-72 лет,процент,значение показателя за год,2010,8.9
Кемеровская область - Кузбасс,15-72 лет,процент,I квартал,2011-Q1,8.6
Кемеровская область - Кузбасс,15-72 лет,процент,II квартал,2011-Q2,8.7
Кемеровская область - Кузбасс,15-72 лет,процент,III квартал,2011-Q3,8.0
Кемеровская область - Кузбасс,15-72 лет,процент,IV квартал,2011-Q4,6.9
Кемеровская область - Кузбасс,15-72 лет,процент,значение показателя за год,2011,8.1
Кемеровская область - Кузбасс,15-72 лет,процент,I квартал,2012-Q1,7.6
Кемеровская область - Кузбасс,15-72 лет,процент,II квартал,2012-Q2,6.6
Кемеровская область - Кузбасс,15-72 лет,процент,III квартал,2012-Q3,7.3
Кемеровская область - Кузбасс,15-72 лет,процент,IV квартал,2012-Q4,6.7
Кемеровская область - Кузбасс,15-72 лет,процент,значение показателя за год,2012,7.1
Новосибирская область,15-72 лет,процент,значение показателя за год,2000,13.3
Новосибирская область,15-72 лет,процент,значение показателя за год,2001,12.4
Новосибирская область,15-72 лет,процент,значение показателя за год,2002,11.4
Новосибирская область,15-72 лет,процент,значение показателя за год,2003,11.1
Новосибирская область,15-72 лет,процент,значение показателя за год,2004,9.1
Новосибирская область,15-72 лет,процент,значение показателя за год,2005,7.9
Новосибирская область,15-72 лет,процент,значение показателя за год,2006,7.4
Новосибирская область,15-72 лет,процент,значение показателя за год,2007,7.0
Новосибирская область,15-72 лет,процент,значение показателя за год,2008,7.3
Новосибирская область,15-72 лет,процент,значение показателя за год,2009,10.0
Новосибирская область,15-72 лет,процент,I квартал,2010-Q1,7.9
Новосибирская область,15-72 лет,процент,II квартал,2010-Q2,9.1
Новосибирская область,15-72 лет,процент,III квартал,2010-Q3,7.0
Новосибирская область,15-72 лет,процент,IV квартал,2010-Q4,6.6
Новосибирская область,15-72 лет,процент,значение показателя за год,2010,7.7
Новосибирская область,15-72 лет,процент,I квартал,2011-Q1,6.3
Новосибирская область,15-72 лет,процент,II квартал,2011-Q2,7.1
Новосибирская область,15-72 лет,процент,III квартал,2011-Q3,7.7
Новосибирская область,15-72 лет,процент,IV квартал,2011-Q4,6.2
Новосибирская область,15-72 лет,процент,значение показателя за год,2011,6.8
Новосибирская область,15-72 лет,процент,I квартал,2012-Q1,6.7
Новосибирская область,15-72 лет,процент,II квартал,2012-Q2,4.8
Новосибирская область,15-72 лет,процент,III квартал,2012-Q3,4.5
Новосибирская область,15-72 лет,процент,IV квартал,2012-Q4,6.4
Новосибирская область,15-72 лет,процент,значение показателя за год,2012,5.6
Омская область,15-72 лет,процент,значение показателя за год,2000,14.0
Омская область,15-72 лет,процент,значение показателя за год,2001,10.0
Омская область,15-72 лет,процент,значение показателя за год,2002,9.5
Омская область,15-72 лет,процент,значение показателя за год,2003,9.7
Омская область,15-72 лет,процент,значение показателя за год,2004,9.0
Омская область,15-72 лет,процент,значение показателя за год,2005,8.7
Омская область,15-72 лет,процент,значение показателя за год,2006,9.1
Омская область,15-72 лет,процент,значение показателя за год,2007,8.0
Омская область,15-72 лет,процент,значение показателя за год,2008,7.8
Омская область,15-72 лет,процент,значение показателя за год,2009,8.5
Омская область,15-72 лет,процент,I квартал,2010-Q1,9.7
Омская область,15-72 лет,процент,II квартал,2010-Q2,7.6
Омская область,15-72 лет,процент,III квартал,2010-Q3,6.8
Омская область,15-72 лет,процент,IV квартал,2010-Q4,8.6
Омская область,15-72 лет,процент,значение показателя за год,2010,8.1
Омская область,15-72 лет,процент,I квартал,2011-Q1,8.9
Омская область,15-72 лет,процент,II квартал,2011-Q2,6.6
Омская область,15-72 лет,процент,III квартал,2011-Q3,7.0
Омская область,15-72 лет,процент,IV квартал,2011-Q4,9.1
Омская область,15-72 лет,процент,значение показателя за год,2011,7.9
Омская область,15-72 лет,процент,I квартал,2012-Q1,7.4
Омская область,15-72 лет,процент,II квартал,2012-Q2,6.2
Омская область,15-72 лет,процент,III квартал,2012-Q3,6.0
Омская область,15-72 лет,процент,IV квартал,2012-Q4,7.9
Омская область,15-72 лет,процент,значение показателя за год,2012,6.9
Томская область,15-72 лет,процент,значение показателя за год,2000,13.0
Томская область,15-72 лет,процент,значение показателя за год,2001,9.9
Томская область,15-72 лет,процент,значение показателя за год,2002,11.2
Томская область,15-72 лет,процент,значение показателя за год,2003,13.7
Томская область,15-72 лет,процент,значение показателя за год,2004,10.1
Томская область,15-72 лет,процент,значение показателя за год,2005,10.5
Томская область,15-72 лет,процент,значение показателя за год,2006,8.9
Томская область,15-72 лет,процент,значение показателя за год,2007,6.8
Томская область,15-72 лет,процент,значение показателя за год,2008,8.1
Томская область,15-72 лет,процент,значение показателя за год,2009,8.7
Томская область,15-72 лет,процент,I квартал,2010-Q1,9.6
Томская область,15-72 лет,процент,II квартал,2010-Q2,7.9
Томская область,15-72 лет,процент,III квартал,2010-Q3,5.0
Томская область,15-72 лет,процент,IV квартал,2010-Q4,8.6
Томская область,15-72 лет,процент,значение показателя за год,2010,7.7
Томская область,15-72 лет,процент,I квартал,2011-Q1,11.3
Томская область,15-72 лет,процент,II квартал,2011-Q2,11.3
Томская область,15-72 лет,процент,III квартал,2011-Q3,7.2
Томская область,15-72 лет,процент,IV квартал,2011-Q4,6.3
Томская область,15-72 лет,процент,значение показателя за год,2011,9.1
Томская область,15-72 лет,процент,I квартал,2012-Q1,8.4
Томская область,15-72 лет,процент,II квартал,2012-Q2,9.8
Томская область,15-72 лет,процент,III квартал,2012-Q3,8.7
Томская область,15-72 лет,процент,IV квартал,2012-Q4,6.6
Томская область,15-72 лет,процент,значение показателя за год,2012,8.4
Дальневосточный федеральный округ (до 03.11.2018),15-72 лет,процент,значение показателя за год,2000,12.6
Дальневосточный федеральный округ (до 03.11.2018),15-72 лет,процент,значение показателя за год,2001,10.2
Дальневосточный федеральный округ (до 03.11.2018),15-72 лет,процент,значение показателя за год,2002,8.7
Дальневосточный федеральный округ (до 03.11.2018),15-72 лет,процент,значение показателя за год,2003,8.5
Дальневосточный федеральный округ (до 03.11.2018),15-72 лет,процент,значение показателя за год,2004,8.9
Дальневосточный федеральный округ (до 03.11.2018),15-72 лет,процент,значение показателя за год,2005,7.9
Дальневосточный федеральный округ (до 03.11.2018),15-72 лет,процент,значение показателя за год,2006,7.4
Дальневосточный федеральный округ (до 03.11.2018),15-72 лет,процент,значение показателя за год,2007,6.6
Дальневосточный федеральный округ (до 03.11.2018),15-72 лет,процент,значение показателя за год,2008,7.7
Дальневосточный федеральный округ (до 03.11.2018),15-72 лет,процент,значение показателя за год,2009,9.2
Дальневосточный федеральный округ (до 03.11.2018),15-72 лет,процент,I квартал,2010-Q1,10.4
Дальневосточный федеральный округ (до 03.11.2018),15-72 лет,процент,II квартал,2010-Q2,8.5
Дальневосточный федеральный округ (до 03.11.2018),15-72 лет,процент,III квартал,2010-Q3,7.1
Дальневосточный федеральный округ (до 03.11.2018),15-72 лет,процент,IV квартал,2010-Q4,8.3
Дальневосточный федеральный округ (до 03.11.2018),15-72 лет,процент,значение показателя за год,2010,8.6
Дальневосточный федеральный округ (до 03.11.2018),15-72 лет,процент,I квартал,2011-Q1,8.5
Дальневосточный федеральный округ (до 03.11.2018),15-72 лет,процент,II квартал,2011-Q2,6.8
Дальневосточный федеральный округ (до 03.11.2018),15-72 лет,процент,III квартал,2011-Q3,6.8
Дальневосточный федеральный округ (до 03.11.2018),15-72 лет,процент,IV квартал,2011-Q4,7.3
Дальневосточный федеральный округ (до 03.11.2018),15-72 лет,процент,значение показателя за год,2011,7.4
Дальневосточный федеральный округ (до 03.11.2018),15-72 лет,процент,I квартал,2012-Q1,7.7
Дальневосточный федеральный округ (до 03.11.2018),15-72 лет,процент,II квартал,2012-Q2,6.6
Дальневосточный федеральный округ (до 03.11.2018),15-72 лет,процент,III квартал,2012-Q3,6.1
Дальневосточный федеральный округ (до 03.11.2018),15-72 лет,процент,IV квартал,2012-Q4,6.2
Дальневосточный федеральный округ (до 03.11.2018),15-72 лет,процент,значение показателя за год,2012,6.7
Республика Бурятия,15-72 лет,процент,значение показателя за год,2000,19.1
Республика Бурятия,15-72 лет,процент,значение показателя за год,2001,18.4
Республика Бурятия,15-72 лет,процент,значение показателя за год,2002,15.4
Республика Бурятия,15-72 лет,процент,значение показателя за год,2003,17.8
Республика Бурятия,15-72 лет,процент,значение показателя за год,2004,15.3
Республика Бурятия,15-72 лет,процент,значение показателя за год,2005,12.2
Республика Бурятия,15-72 лет,процент,значение показателя за год,2006,14.2
Республика Бурятия,15-72 лет,процент,значение показателя за год,2007,13.1
Республика Бурятия,15-72 лет,процент,значение показателя за год,2008,12.0
Республика Бурятия,15-72 лет,процент,значение показателя за год,2009,13.7
Республика Бурятия,15-72 лет,процент,I квартал,2010-Q1,12.2
Республика Бурятия,15-72 лет,процент,II квартал,2010-Q2,10.4
Республика Бурятия,15-72 лет,процент,III квартал,2010-Q3,8.9
Республика Бурятия,15-72 лет,процент,IV квартал,2010-Q4,9.9
Республика Бурятия,15-72 лет,процент,значение показателя за год,2010,10.4
Республика Бурятия,15-72 лет,процент,I квартал,2011-Q1,10.8
Республика Бурятия,15-72 лет,процент,II квартал,2011-Q2,9.6
Республика Бурятия,15-72 лет,процент,III квартал,2011-Q3,8.3
Республика Бурятия,15-72 лет,процент,IV квартал,2011-Q4,7.3
Республика Бурятия,15-72 лет,процент,значение показателя за год,2011,9.0
Республика Бурятия,15-72 лет,процент,I квартал,2012-Q1,8.8
Республика Бурятия,15-72 лет,процент,II квартал,2012-Q2,8.5
Республика Бурятия,15-72 лет,процент,III квартал,2012-Q3,7.1
Республика Бурятия,15-72 лет,процент,IV квартал,2012-Q4,7.2
Республика Бурятия,15-72 лет,процент,значение показателя за год,2012,7.9
Забайкальский край,15-72 лет,процент,значение показателя за год,2000,14.4
Забайкальский край,15-72 лет,процент,значение показателя за год,2001,16.2
Забайкальский край,15-72 лет,процент,значение показателя за год,2002,11.1
Забайкальский край,15-72 лет,процент,значение показателя за год,2003,14.2
Забайкальский край,15-72 лет,процент,значение показателя за год,2004,12.6
Забайкальский край,15-72 лет,процент,значение показателя за год,2005,8.6
Забайкальский край,15-72 лет,процент,значение показателя за год,2006,6.2
Забайкальский край,15-72 лет,процент,значение показателя за год,2007,8.7
Забайкальский край,15-72 лет,процент,значение показателя за год,2008,14.9
Забайкальский край,15-72 лет,процент,значение показателя за год,2009,12.0
Забайкальский край,15-72 лет,процент,I квартал,2010-Q1,11.9
Забайкальский край,15-72 лет,процент,II квартал,2010-Q2,11.3
Забайкальский край,15-72 лет,процент,III квартал,2010-Q3,10.5
Забайкальский край,15-72 лет,процент,IV квартал,2010-Q4,10.8
Забайкальский край,15-72 лет,процент,значение показателя за год,2010,11.1
Забайкальский край,15-72 лет,процент,I квартал,2011-Q1,10.4
Забайкальский край,15-72 лет,процент,II квартал,2011-Q2,10.8
Забайкальский край,15-72 лет,процент,III квартал,2011-Q3,10.6
Забайкальский край,15-72 лет,процент,IV квартал,2011-Q4,10.7
Забайкальский край,15-72 лет,процент,значение показателя за год,2011,10.6
Забайкальский край,15-72 лет,процент,I квартал,2012-Q1,11.1
Забайкальский край,15-72 лет,процент,II квартал,2012-Q2,10.1
Забайкальский край,15-72 лет,процент,III квартал,2012-Q3,10.2
Забайкальский край,15-72 лет,процент,IV квартал,2012-Q4,10.9
Забайкальский край,15-72 лет,процент,значение показателя за год,2012,10.6
Республика Саха (Якутия),15-72 лет,процент,значение показателя за год,2000,11.2
Республика Саха (Якутия),15-72 лет,процент,значение показателя за год,2001,8.2
Республика Саха (Якутия),15-72 лет,процент,значение показателя за год,2002,7.1
Республика Саха (Якутия),15-72 лет,процент,значение показателя за год,2003,9.4
Республика Саха (Якутия),15-72 лет,процент,значение показателя за год,2004,9.0
Республика Саха (Якутия),15-72 лет,процент,значение показателя за год,2005,9.2
Республика Саха (Якутия),15-72 лет,процент,значение показателя за год,2006,9.5
Республика Саха (Якутия),15-72 лет,процент,значение показателя за год,2007,7.7
Республика Саха (Якутия),15-72 лет,процент,значение показателя за год,2008,9.0
Республика Саха (Якутия),15-72 лет,процент,значение показателя за год,2009,8.7
Республика Саха (Якутия),15-72 лет,процент,I квартал,2010-Q1,10.4
Республика Саха (Якутия),15-72 лет,процент,II квартал,2010-Q2,8.1
Республика Саха (Якутия),15-72 лет,процент,III квартал,2010-Q3,8.2
Республика Саха (Якутия),15-72 лет,процент,IV квартал,2010-Q4,8.7
Республика Саха (Якутия),15-72 лет,процент,значение показателя за год,2010,8.9
Республика Саха (Якутия),15-72 лет,процент,I квартал,2011-Q1,11.5
Республика Саха (Якутия),15-72 лет,процент,II квартал,2011-Q2,7.5
Республика Саха (Якутия),15-72 лет,процент,III квартал,2011-Q3,8.4
Республика Саха (Якутия),15-72 лет,процент,IV квартал,2011-Q4,8.5
Республика Саха (Якутия),15-72 лет,процент,значение показателя за год,2011,9.0
Республика Саха (Якутия),15-72 лет,процент,I квартал,2012-Q1,9.6
Республика Саха (Якутия),15-72 лет,процент,II квартал,2012-Q2,7.3
Республика Саха (Якутия),15-72 лет,процент,III квартал,2012-Q3,7.2
Республика Саха (Якутия),15-72 лет,процент,IV квартал,2012-Q4,7.9
Республика Саха (Якутия),15-72 лет,процент,значение показателя за год,2012,8.0
Камчатский край,15-72 лет,процент,значение показателя за год,2000,16.3
Камчатский край,15-72 лет,процент,значение показателя за год,2001,14.5
Камчатский край,15-72 лет,процент,значение показателя за год,2002,11.6
Камчатский край,15-72 лет,процент,значение показателя за год,2003,12.4
Камчатский край,15-72 лет,процент,значение показателя за год,2004,10.3
Камчатский край,15-72 лет,процент,значение показателя за год,2005,8.4
Камчатский край,15-72 лет,процент,значение показателя за год,2006,8.1
Камчатский край,15-72 лет,процент,значение показателя за год,2007,9.0
Камчатский край,15-72 лет,процент,значение показателя за год,2008,8.6
Камчатский край,15-72 лет,процент,значение показателя за год,2009,7.5
Камчатский край,15-72 лет,процент,I квартал,2010-Q1,10.5
Камчатский край,15-72 лет,процент,II квартал,2010-Q2,5.4
Камчатский край,15-72 лет,процент,III квартал,2010-Q3,5.4
Камчатский край,15-72 лет,процент,IV квартал,2010-Q4,6.5
Камчатский край,15-72 лет,процент,значение показателя за год,2010,7.0
Камчатский край,15-72 лет,процент,I квартал,2011-Q1,6.5
Камчатский край,15-72 лет,процент,II квартал,2011-Q2,6.0
Камчатский край,15-72 лет,процент,III квартал,2011-Q3,6.0
Камчатский край,15-72 лет,процент,IV квартал,2011-Q4,5.9
Камчатский край,15-72 лет,процент,значение показателя за год,2011,6.1
Камчатский край,15-72 лет,процент,I квартал,2012-Q1,6.3
Камчатский край,15-72 лет,процент,II квартал,2012-Q2,6.2
Камчатский край,15-72 лет,процент,III квартал,2012-Q3,5.9
Камчатский край,15-72 лет,процент,IV квартал,2012-Q4,4.9
Камчатский край,15-72 лет,процент,значение показателя за год,2012,5.8
Приморский край,15-72 лет,процент,значение показателя за год,2000,12.3
Приморский край,15-72 лет,процент,значение показателя за год,2001,8.7
Приморский край,15-72 лет,процент,значение показателя за год,2002,9.1
Приморский край,15-72 лет,процент,значение показателя за год,2003,8.3
Приморский край,15-72 лет,процент,значение показателя за год,2004,9.7
Приморский край,15-72 лет,процент,значение показателя за год,2005,8.0
Приморский край,15-72 лет,процент,значение показателя за год,2006,7.9
Приморский край,15-72 лет,процент,значение показателя за год,2007,6.9
Приморский край,15-72 лет,процент,значение показателя за год,2008,7.4
Приморский край,15-72 лет,процент,значение показателя за год,2009,9.5
Приморский край,15-72 лет,процент,I квартал,2010-Q1,11.7
Приморский край,15-72 лет,процент,II квартал,2010-Q2,9.5
Приморский край,15-72 лет,процент,III квартал,2010-Q3,8.1
Приморский край,15-72 лет,процент,IV квартал,2010-Q4,8.8
Приморский край,15-72 лет,процент,значение показателя за год,2010,9.5
Приморский край,15-72 лет,процент,I квартал,2011-Q1,9.4
Приморский край,15-72 лет,процент,II квартал,2011-Q2,7.4
Приморский край,15-72 лет,процент,III квартал,2011-Q3,7.6
Приморский край,15-72 лет,процент,IV квартал,2011-Q4,7.6
Приморский край,15-72 лет,процент,значение показателя за год,2011,8.0
Приморский край,15-72 лет,процент,I квартал,2012-Q1,7.9
Приморский край,15-72 лет,процент,II квартал,2012-Q2,6.5
Приморский край,15-72 лет,процент,III квартал,2012-Q3,6.6
Приморский край,15-72 лет,процент,IV квартал,2012-Q4,6.5
Приморский край,15-72 лет,процент,значение показателя за год,2012,6.9
Хабаровский край,15-72 лет,процент,значение показателя за год,2000,12.2
Хабаровский край,15-72 лет,процент,значение показателя за год,2001,10.5
Хабаровский край,15-72 лет,процент,значение показателя за год,2002,7.0
Хабаровский край,15-72 лет,процент,значение показателя за год,2003,6.2
Хабаровский край,15-72 лет,процент,значение показателя за год,2004,6.6
Хабаровский край,15-72 лет,процент,значение показателя за год,2005,5.8
Хабаровский край,15-72 лет,процент,значение показателя за год,2006,5.8
Хабаровский край,15-72 лет,процент,значение показателя за год,2007,5.6
Хабаровский край,15-72 лет,процент,значение показателя за год,2008,8.6
Хабаровский край,15-72 лет,процент,значение показателя за год,2009,10.2
Хабаровский край,15-72 лет,процент,I квартал,2010-Q1,10.4
Хабаровский край,15-72 лет,процент,II квартал,2010-Q2,9.2
Хабаровский край,15-72 лет,процент,III квартал,2010-Q3,6.7
Хабаровский край,15-72 лет,процент,IV квартал,2010-Q4,9.3
Хабаровский край,15-72 лет,процент,значение показателя за год,2010,8.9
Хабаровский край,15-72 лет,процент,I квартал,2011-Q1,7.6
Хабаровский край,15-72 лет,процент,II квартал,2011-Q2,6.3
Хабаровский край,15-72 лет,процент,III квартал,2011-Q3,5.9
Хабаровский край,15-72 лет,процент,IV квартал,2011-Q4,6.7
Хабаровский край,15-72 лет,процент,значение показателя за год,2011,6.6
Хабаровский край,15-72 лет,процент,I квартал,2012-Q1,8.2
Хабаровский край,15-72 лет,процент,II квартал,2012-Q2,6.7
Хабаровский край,15-72 лет,процент,III квартал,2012-Q3,5.5
Хабаровский край,15-72 лет,процент,IV квартал,2012-Q4,5.2
Хабаровский край,15-72 лет,процент,значение показателя за год,2012,6.4
Амурская область,15-72 лет,процент,значение показателя за год,2000,13.7
Амурская область,15-72 лет,процент,значение показателя за год,2001,12.3
Амурская область,15-72 лет,процент,значение показателя за год,2002,10.7
Амурская область,15-72 лет,процент,значение показателя за год,2003,9.8
Амурская область,15-72 лет,процент,значение показателя за год,2004,11.7
Амурская область,15-72 лет,процент,значение показателя за год,2005,9.9
Амурская область,15-72 лет,процент,значение показателя за год,2006,8.2
Амурская область,15-72 лет,процент,значение показателя за год,2007,6.1
Амурская область,15-72 лет,процент,значение показателя за год,2008,5.4
Амурская область,15-72 лет,процент,значение показателя за год,2009,8.3
Амурская область,15-72 лет,процент,I квартал,2010-Q1,9.2
Амурская область,15-72 лет,процент,II квартал,2010-Q2,7.4
Амурская область,15-72 лет,процент,III квартал,2010-Q3,4.9
Амурская область,15-72 лет,процент,IV квартал,2010-Q4,6.2
Амурская область,15-72 лет,процент,значение показателя за год,2010,6.9
Амурская область,15-72 лет,процент,I квартал,2011-Q1,6.1
Амурская область,15-72 лет,процент,II квартал,2011-Q2,5.1
Амурская область,15-72 лет,процент,III квартал,2011-Q3,5.7
Амурская область,15-72 лет,процент,IV квартал,2011-Q4,7.1
Амурская область,15-72 лет,процент,значение показателя за год,2011,6.0
Амурская область,15-72 лет,процент,I квартал,2012-Q1,5.2
Амурская область,15-72 лет,процент,II квартал,2012-Q2,5.7
Амурская область,15-72 лет,процент,III квартал,2012-Q3,5.1
Амурская область,15-72 лет,процент,IV квартал,2012-Q4,5.2
Амурская область,15-72 лет,процент,значение показателя за год,2012,5.3
Магаданская область,15-72 лет,процент,значение показателя за год,2000,11.0
Магаданская область,15-72 лет,процент,значение показателя за год,2001,11.4
Магаданская область,15-72 лет,процент,значение показателя за год,2002,8.2
Магаданская область,15-72 лет,процент,значение показателя за год,2003,10.0
Магаданская область,15-72 лет,процент,значение показателя за год,2004,8.0
Магаданская область,15-72 лет,процент,значение показателя за год,2005,6.9
Магаданская область,15-72 лет,процент,значение показателя за год,2006,5.3
Магаданская область,15-72 лет,процент,значение показателя за год,2007,5.6
Магаданская область,15-72 лет,процент,значение показателя за год,2008,7.2
Магаданская область,15-72 лет,процент,значение показателя за год,2009,6.5
Магаданская область,15-72 лет,процент,I квартал,2010-Q1,6.9
Магаданская область,15-72 лет,процент,II квартал,2010-Q2,5.4
Магаданская область,15-72 лет,процент,III квартал,2010-Q3,4.9
Магаданская область,15-72 лет,процент,IV квартал,2010-Q4,5.2
Магаданская область,15-72 лет,процент,значение показателя за год,2010,5.6
Магаданская область,15-72 лет,процент,I квартал,2011-Q1,5.2
Магаданская область,15-72 лет,процент,II квартал,2011-Q2,4.4
Магаданская область,15-72 лет,процент,III квартал,2011-Q3,4.4
Магаданская область,15-72 лет,процент,IV квартал,2011-Q4,3.8
Магаданская область,15-72 лет,процент,значение показателя за год,2011,4.5
Магаданская область,15-72 лет,процент,I квартал,2012-Q1,3.7
Магаданская область,15-72 лет,процент,II квартал,2012-Q2,3.6
Магаданская область,15-72 лет,процент,III квартал,2012-Q3,3.1
Магаданская область,15-72 лет,процент,IV квартал,2012-Q4,3.3
Магаданская область,15-72 лет,процент,значение показателя за год,2012,3.4
Сахалинская область,15-72 лет,процент,значение показателя за год,2000,13.2
Сахалинская область,15-72 лет,процент,значение показателя за год,2001,12.1
Сахалинская область,15-72 лет,процент,значение показателя за год,2002,9.4
Сахалинская область,15-72 лет,процент,значение показателя за год,2003,9.4
Сахалинская область,15-72 лет,процент,значение показателя за год,2004,7.4
Сахалинская область,15-72 лет,процент,значение показателя за год,2005,7.7
Сахалинская область,15-72 лет,процент,значение показателя за год,2006,4.8
Сахалинская область,15-72 лет,процент,значение показателя за год,2007,4.6
Сахалинская область,15-72 лет,процент,значение показателя за год,2008,7.4
Сахалинская область,15-72 лет,процент,значение показателя за год,2009,9.8
Сахалинская область,15-72 лет,процент,I квартал,2010-Q1,9.4
Сахалинская область,15-72 лет,процент,II квартал,2010-Q2,9.5
Сахалинская область,15-72 лет,процент,III квартал,2010-Q3,7.9
Сахалинская область,15-72 лет,процент,IV квартал,2010-Q4,8.7
Сахалинская область,15-72 лет,процент,значение показателя за год,2010,8.9
Сахалинская область,15-72 лет,процент,I квартал,2011-Q1,8.7
Сахалинская область,15-72 лет,процент,II квартал,2011-Q2,8.3
Сахалинская область,15-72 лет,процент,III квартал,2011-Q3,6.8
Сахалинская область,15-72 лет,процент,IV квартал,2011-Q4,7.9
Сахалинская область,15-72 лет,процент,значение показателя за год,2011,7.9
Сахалинская область,15-72 лет,процент,I квартал,2012-Q1,8.4
Сахалинская область,15-72 лет,процент,II квартал,2012-Q2,8.1
Сахалинская область,15-72 лет,процент,III квартал,2012-Q3,6.5
Сахалинская область,15-72 лет,процент,IV квартал,2012-Q4,7.6
Сахалинская область,15-72 лет,процент,значение показателя за год,2012,7.7
Еврейская автономная область,15-72 лет,процент,значение показателя за год,2000,15.0
Еврейская автономная область,15-72 лет,процент,значение показателя за год,2001,9.4
Еврейская автономная область,15-72 лет,процент,значение показателя за год,2002,9.1
Еврейская автономная область,15-72 лет,процент,значение показателя за год,2003,6.9
Еврейская автономная область,15-72 лет,процент,значение показателя за год,2004,8.0
Еврейская автономная область,15-72 лет,процент,значение показателя за год,2005,7.9
Еврейская автономная область,15-72 лет,процент,значение показателя за год,2006,9.8
Еврейская автономная область,15-72 лет,процент,значение показателя за год,2007,9.3
Еврейская автономная область,15-72 лет,процент,значение показателя за год,2008,9.6
Еврейская автономная область,15-72 лет,процент,значение показателя за год,2009,8.5
Еврейская автономная область,15-72 лет,процент,I квартал,2010-Q1,9.7
Еврейская автономная область,15-72 лет,процент,II квартал,2010-Q2,8.6
Еврейская автономная область,15-72 лет,процент,III квартал,2010-Q3,9.2
Еврейская автономная область,15-72 лет,процент,IV квартал,2010-Q4,9.9
Еврейская автономная область,15-72 лет,процент,значение показателя за год,2010,9.3
Еврейская автономная область,15-72 лет,процент,I квартал,2011-Q1,9.2
Еврейская автономная область,15-72 лет,процент,II квартал,2011-Q2,8.6
Еврейская автономная область,15-72 лет,процент,III квартал,2011-Q3,7.8
Еврейская автономная область,15-72 лет,процент,IV квартал,2011-Q4,8.4
Еврейская автономная область,15-72 лет,процент,значение показателя за год,2011,8.5
Еврейская автономная область,15-72 лет,процент,I квартал,2012-Q1,7.9
Еврейская автономная область,15-72 лет,процент,II квартал,2012-Q2,8.0
Еврейская автономная область,15-72 лет,процент,III квартал,2012-Q3,9.0
Еврейская автономная область,15-72 лет,процент,IV квартал,2012-Q4,8.9
Еврейская автономная область,15-72 лет,процент,значение показателя за год,2012,8.5
Чукотский автономный округ,15-72 лет,процент,значение показателя за год,2000,10.3
Чукотский автономный округ,15-72 лет,процент,значение показателя за год,2001,7.4
Чукотский автономный округ,15-72 лет,процент,значение показателя за год,2002,4.5
Чукотский автономный округ,15-72 лет,процент,значение показателя за год,2003,4.9
Чукотский автономный округ,15-72 лет,процент,значение показателя за год,2004,3.5
Чукотский автономный округ,15-72 лет,процент,значение показателя за год,2005,4.2
Чукотский автономный округ,15-72 лет,процент,значение показателя за год,2006,3.7
Чукотский автономный округ,15-72 лет,процент,значение показателя за год,2007,3.5
Чукотский автономный округ,15-72 лет,процент,значение показателя за год,2008,5.2
Чукотский автономный округ,15-72 лет,процент,значение показателя за год,2009,4.6
Чукотский автономный округ,15-72 лет,процент,I квартал,2010-Q1,5.6
Чукотский автономный округ,15-72 лет,процент,II квартал,2010-Q2,3.7
Чукотский автономный округ,15-72 лет,процент,III квартал,2010-Q3,4.7
Чукотский автономный округ,15-72 лет,процент,IV квартал,2010-Q4,4.1
Чукотский автономный округ,15-72 лет,процент,значение показателя за год,2010,4.5
Чукотский автономный округ,15-72 лет,процент,I квартал,2011-Q1,4.8
Чукотский автономный округ,15-72 лет,процент,II квартал,2011-Q2,5.8
Чукотский автономный округ,15-72 лет,процент,III квартал,2011-Q3,6.3
Чукотский автономный округ,15-72 лет,процент,IV квартал,2011-Q4,5.7
Чукотский автономный округ,15-72 лет,процент,значение показателя за год,2011,5.6
Чукотский автономный округ,15-72 лет,процент,I квартал,2012-Q1,4.8
Чукотский автономный округ,15-72 лет,процент,II квартал,2012-Q2,4.8
Чукотский автономный округ,15-72 лет,процент,III квартал,2012-Q3,3.6
Чукотский автономный округ,15-72 лет,процент,IV квартал,2012-Q4,4.1
Чукотский автономный округ,15-72 лет,процент,значение показателя за год,2012,4.3
Российская Федерация,15 лет и старше,процент,I квартал,2017-Q1,5.5
Российская Федерация,15 лет и старше,процент,II квартал,2017-Q2,5.2
Российская Федерация,15 лет и старше,процент,III квартал,2017-Q3,5.0
Российская Федерация,15 лет и старше,процент,IV квартал,2017-Q4,5.1
Российская Федерация,15 лет и старше,процент,значение показателя за год,2017,5.2
Российская Федерация,15 лет и старше,процент,I квартал,2018-Q1,5.1
Российская Федерация,15 лет и старше,процент,II квартал,2018-Q2,4.8
Российская Федерация,15 лет и старше,процент,III квартал,2018-Q3,4.6
Российская Федерация,15 лет и старше,процент,IV квартал,2018-Q4,4.8
Российская Федерация,15 лет и старше,процент,значение показателя за год,2018,4.8
Российская Федерация,15 лет и старше,процент,I квартал,2019-Q1,4.8
Российская Федерация,15 лет и старше,процент,II квартал,2019-Q2,4.6
Российская Федерация,15 лет и старше,процент,III квартал,2019-Q3,4.4
Российская Федерация,15 лет и старше,процент,IV квартал,2019-Q4,4.6
Российская Федерация,15 лет и старше,процент,значение показателя за год,2019,4.6
Российская Федерация,15 лет и старше,процент,I квартал,2020-Q1,4.6
Российская Федерация,15 лет и старше,процент,II квартал,2020-Q2,6.0
Российская Федерация,15 лет и старше,процент,III квартал,2020-Q3,6.3
Российская Федерация,15 лет и старше,процент,IV квартал,2020-Q4,6.1
Российская Федерация,15 лет и старше,процент,значение показателя за год,2020,5.8
Российская Федерация,15 лет и старше,процент,I квартал,2021-Q1,5.6
Российская Федерация,15 лет и старше,процент,II квартал,2021-Q2,5.0
Российская Федерация,15 лет и старше,процент,III квартал,2021-Q3,4.4
Российская Федерация,15 лет и старше,процент,IV квартал,2021-Q4,4.3
Российская Федерация,15 лет и старше,процент,значение показателя за год,2021,4.8
Российская Федерация,15 лет и старше,процент,I квартал,2022-Q1,4.2
Российская Федерация,15 лет и старше,процент,II квартал,2022-Q2,4.0
Российская Федерация,15 лет и старше,процент,III квартал,2022-Q3,3.9
Российская Федерация,15 лет и старше,процент,IV квартал,2022-Q4,3.8
Российская Федерация,15 лет и старше,процент,значение показателя за год,2022,4.0
Российская Федерация,15-72 лет,процент,I квартал,2013-Q1,5.8
Российская Федерация,15-72 лет,процент,II квартал,2013-Q2,5.4
Российская Федерация,15-72 лет,процент,III квартал,2013-Q3,5.2
Российская Федерация,15-72 лет,процент,IV квартал,2013-Q4,5.5
Российская Федерация,15-72 лет,процент,значение показателя за год,2013,5.5
Российская Федерация,15-72 лет,процент,I квартал,2014-Q1,5.5
Российская Федерация,15-72 лет,процент,II квартал,2014-Q2,5.0
Российская Федерация,15-72 лет,процент,III квартал,2014-Q3,4.9
Российская Федерация,15-72 лет,процент,IV квартал,2014-Q4,5.2
Российская Федерация,15-72 лет,процент,значение показателя за год,2014,5.2
Российская Федерация,15-72 лет,процент,I квартал,2015-Q1,5.7
Российская Федерация,15-72 лет,процент,II квартал,2015-Q2,5.6
Российская Федерация,15-72 лет,процент,III квартал,2015-Q3,5.2
Российская Федерация,15-72 лет,процент,IV квартал,2015-Q4,5.7
Российская Федерация,15-72 лет,процент,значение показателя за год,2015,5.6
Российская Федерация,15-72 лет,процент,I квартал,2016-Q1,5.9
Российская Федерация,15-72 лет,процент,II квартал,2016-Q2,5.6
Российская Федерация,15-72 лет,процент,III квартал,2016-Q3,5.2
Российская Федерация,15-72 лет,процент,IV квартал,2016-Q4,5.3
Российская Федерация,15-72 лет,процент,значение показателя за год,2016,5.5
Российская Федерация,15-72 лет,процент,I квартал,2017-Q1,5.5
Российская Федерация,15-72 лет,процент,II квартал,2017-Q2,5.2
Российская Федерация,15-72 лет,процент,III квартал,2017-Q3,5.0
Российская Федерация,15-72 лет,процент,IV квартал,2017-Q4,5.1
Российская Федерация,15-72 лет,процент,значение показателя за год,2017,5.2
Российская Федерация,15-72 лет,процент,I квартал,2018-Q1,5.1
Российская Федерация,15-72 лет,процент,II квартал,2018-Q2,4.8
Российская Федерация,15-72 лет,процент,III квартал,2018-Q3,4.6
Российская Федерация,15-72 лет,процент,IV квартал,2018-Q4,4.8
Российская Федерация,15-72 лет,процент,значение показателя за год,2018,4.8
Российская Федерация,15-72 лет,процент,I квартал,2019-Q1,4.8
Российская Федерация,15-72 лет,процент,II квартал,2019-Q2,4.6
Российская Федерация,15-72 лет,процент,III квартал,2019-Q3,4.4
Российская Федерация,15-72 лет,процент,IV квартал,2019-Q4,4.6
Российская Федерация,15-72 лет,процент,значение показателя за год,2019,4.6
Российская Федерация,15-72 лет,процент,I квартал,2020-Q1,4.6
Российская Федерация,15-72 лет,процент,II квартал,2020-Q2,6.0
Российская Федерация,15-72 лет,процент,III квартал,2020-Q3,6.4
Российская Федерация,15-72 лет,процент,IV квартал,2020-Q4,6.1
Российская Федерация,15-72 лет,процент,значение показателя за год,2020,5.8
Российская Федерация,15-72 лет,процент,I квартал,2021-Q1,5.6
Российская Федерация,15-72 лет,процент,II квартал,2021-Q2,5.0
Российская Федерация,15-72 лет,процент,III квартал,2021-Q3,4.5
Российская Федерация,15-72 лет,процент,IV квартал,2021-Q4,4.3
Российская Федерация,15-72 лет,процент,значение показателя за год,2021,4.8
Российская Федерация без учета новых субъектов (с 01.01.2023),15 лет и старше,процент,I квартал,2023-Q1,3.52
Российская Федерация без учета новых субъектов (с 01.01.2023),15 лет и старше,процент,II квартал,2023-Q2,3.2
Российская Федерация без учета новых субъектов (с 01.01.2023),15 лет и старше,процент,III квартал,2023-Q3,2.99
Российская Федерация без учета новых субъектов (с 01.01.2023),15 лет и старше,процент,IV квартал,2023-Q4,2.9
Российская Федерация без учета новых субъектов (с 01.01.2023),15 лет и старше,процент,значение показателя за год,2023,3.2
Российская Федерация без учета новых субъектов (с 01.01.2023),15 лет и старше,процент,I квартал,2024-Q1,2.8
Российская Федерация без учета новых субъектов (с 01.01.2023),15 лет и старше,процент,II квартал,2024-Q2,2.6
Российская Федерация без учета новых субъектов (с 01.01.2023),15 лет и старше,процент,III квартал,2024-Q3,2.4
Российская Федерация без учета новых субъектов (с 01.01.2023),15 лет и старше,процент,IV квартал,2024-Q4,2.3
Российская Федерация без учета новых субъектов (с 01.01.2023),15 лет и старше,процент,значение показателя за год,2024,2.5
Российская Федерация без учета новых субъектов (с 01.01.2023),15 лет и старше,процент,I квартал,2025-Q1,2.3
Российская Федерация без учета новых субъектов (с 01.01.2023),15 лет и старше,процент,II квартал,2025-Q2,2.2
Российская Федерация без учета новых субъектов (с 01.01.2023),15 лет и старше,процент,III квартал,2025-Q3,2.1
Российская Федерация без учета новых субъектов (с 01.01.2023),15 лет и старше,процент,IV квартал,2025-Q4,2.2
Российская Федерация без учета новых субъектов (с 01.01.2023),15 лет и старше,процент,значение показателя за год,2025,2.2
Центральный федеральный округ,15 лет и старше,процент,I квартал,2017-Q1,3.6
Центральный федеральный округ,15 лет и старше,процент,II квартал,2017-Q2,3.3
Центральный федеральный округ,15 лет и старше,процент,III квартал,2017-Q3,3.1
Центральный федеральный округ,15 лет и старше,процент,IV квартал,2017-Q4,3.1
Центральный федеральный округ,15 лет и старше,процент,значение показателя за год,2017,3.3
Центральный федеральный округ,15 лет и старше,процент,I квартал,2018-Q1,3.1
Центральный федеральный округ,15 лет и старше,процент,II квартал,2018-Q2,2.9
Центральный федеральный округ,15 лет и старше,процент,III квартал,2018-Q3,2.8
Центральный федеральный округ,15 лет и старше,процент,IV квартал,2018-Q4,2.9
Центральный федеральный округ,15 лет и старше,процент,значение показателя за год,2018,2.9
Центральный федеральный округ,15 лет и старше,процент,I квартал,2019-Q1,3.0
Центральный федеральный округ,15 лет и старше,процент,II квартал,2019-Q2,2.9
Центральный федеральный округ,15 лет и старше,процент,III квартал,2019-Q3,2.8
Центральный федеральный округ,15 лет и старше,процент,IV квартал,2019-Q4,3.0
Центральный федеральный округ,15 лет и старше,процент,значение показателя за год,2019,2.9
Центральный федеральный округ,15 лет и старше,процент,I квартал,2020-Q1,2.9
Центральный федеральный округ,15 лет и старше,процент,II квартал,2020-Q2,3.9
Центральный федеральный округ,15 лет и старше,процент,III квартал,2020-Q3,4.5
Центральный федеральный округ,15 лет и старше,процент,IV квартал,2020-Q4,4.5
Центральный федеральный округ,15 лет и старше,процент,значение показателя за год,2020,3.9
Центральный федеральный округ,15 лет и старше,процент,I квартал,2021-Q1,4.1
Центральный федеральный округ,15 лет и старше,процент,II квартал,2021-Q2,3.6
Центральный федеральный округ,15 лет и старше,процент,III квартал,2021-Q3,3.3
Центральный федеральный округ,15 лет и старше,процент,IV квартал,2021-Q4,3.2
Центральный федеральный округ,15 лет и старше,процент,значение показателя за год,2021,3.5
Центральный федеральный округ,15 лет и старше,процент,I квартал,2022-Q1,3.0
Центральный федеральный округ,15 лет и старше,процент,II квартал,2022-Q2,3.1
Центральный федеральный округ,15 лет и старше,процент,III квартал,2022-Q3,3.0
Центральный федеральный округ,15 лет и старше,процент,IV квартал,2022-Q4,2.9
Центральный федеральный округ,15 лет и старше,процент,значение показателя за год,2022,3.0
Центральный федеральный округ,15 лет и старше,процент,I квартал,2023-Q1,2.79
Центральный федеральный округ,15 лет и старше,процент,II квартал,2023-Q2,2.6
Центральный федеральный округ,15 лет и старше,процент,III квартал,2023-Q3,2.38
Центральный федеральный округ,15 лет и старше,процент,IV квартал,2023-Q4,2.3
Центральный федеральный округ,15 лет и старше,процент,значение показателя за год,2023,2.5
Центральный федеральный округ,15 лет и старше,процент,I квартал,2024-Q1,1.9
Центральный федеральный округ,15 лет и старше,процент,II квартал,2024-Q2,1.8
Центральный федеральный округ,15 лет и старше,процент,III квартал,2024-Q3,1.7
Центральный федеральный округ,15 лет и старше,процент,IV квартал,2024-Q4,1.6
Центральный федеральный округ,15 лет и старше,процент,значение показателя за год,2024,1.8
Центральный федеральный округ,15 лет и старше,процент,I квартал,2025-Q1,1.6
Центральный федеральный округ,15 лет и старше,процент,II квартал,2025-Q2,1.4
Центральный федеральный округ,15 лет и старше,процент,III квартал,2025-Q3,1.4
Центральный федеральный округ,15 лет и старше,процент,IV квартал,2025-Q4,1.5
Центральный федеральный округ,15 лет и старше,процент,значение показателя за год,2025,1.5
Центральный федеральный округ,15-72 лет,процент,I квартал,2013-Q1,3.4
Центральный федеральный округ,15-72 лет,процент,II квартал,2013-Q2,3.2
Центральный федеральный округ,15-72 лет,процент,III квартал,2013-Q3,3.3
Центральный федеральный округ,15-72 лет,процент,IV квартал,2013-Q4,3.4
Центральный федеральный округ,15-72 лет,процент,значение показателя за год,2013,3.3
Центральный федеральный округ,15-72 лет,процент,I квартал,2014-Q1,3.3
Центральный федеральный округ,15-72 лет,процент,II квартал,2014-Q2,3.1
Центральный федеральный округ,15-72 лет,процент,III квартал,2014-Q3,3.0
Центральный федеральный округ,15-72 лет,процент,IV квартал,2014-Q4,3.1
Центральный федеральный округ,15-72 лет,процент,значение показателя за год,2014,3.1
Центральный федеральный округ,15-72 лет,процент,I квартал,2015-Q1,3.5
Центральный федеральный округ,15-72 лет,процент,II квартал,2015-Q2,3.6
Центральный федеральный округ,15-72 лет,процент,III квартал,2015-Q3,3.5
Центральный федеральный округ,15-72 лет,процент,IV квартал,2015-Q4,3.6
Центральный федеральный округ,15-72 лет,процент,значение показателя за год,2015,3.5
Центральный федеральный округ,15-72 лет,процент,I квартал,2016-Q1,3.8
Центральный федеральный округ,15-72 лет,процент,II квартал,2016-Q2,3.6
Центральный федеральный округ,15-72 лет,процент,III квартал,2016-Q3,3.4
Центральный федеральный округ,15-72 лет,процент,IV квартал,2016-Q4,3.3
Центральный федеральный округ,15-72 лет,процент,значение показателя за год,2016,3.6
Центральный федеральный округ,15-72 лет,процент,I квартал,2017-Q1,3.6
Центральный федеральный округ,15-72 лет,процент,II квартал,2017-Q2,3.3
Центральный федеральный округ,15-72 лет,процент,III квартал,2017-Q3,3.1
Центральный федеральный округ,15-72 лет,процент,IV квартал,2017-Q4,3.1
Центральный федеральный округ,15-72 лет,процент,значение показателя за год,2017,3.3
Центральный федеральный округ,15-72 лет,процент,I квартал,2018-Q1,3.1
Центральный федеральный округ,15-72 лет,процент,II квартал,2018-Q2,2.9
Центральный федеральный округ,15-72 лет,процент,III квартал,2018-Q3,2.8
Центральный федеральный округ,15-72 лет,процент,IV квартал,2018-Q4,2.9
Центральный федеральный округ,15-72 лет,процент,значение показателя за год,2018,2.9
Центральный федеральный округ,15-72 лет,процент,I квартал,2019-Q1,3.0
Центральный федеральный округ,15-72 лет,процент,II квартал,2019-Q2,2.9
Центральный федеральный округ,15-72 лет,процент,III квартал,2019-Q3,2.8
Центральный федеральный округ,15-72 лет,процент,IV квартал,2019-Q4,3.0
Центральный федеральный округ,15-72 лет,процент,значение показателя за год,2019,2.9
Центральный федеральный округ,15-72 лет,процент,I квартал,2020-Q1,2.9
Центральный федеральный округ,15-72 лет,процент,II квартал,2020-Q2,3.9
Центральный федеральный округ,15-72 лет,процент,III квартал,2020-Q3,4.4
Центральный федеральный округ,15-72 лет,процент,IV квартал,2020-Q4,4.5
Центральный федеральный округ,15-72 лет,процент,значение показателя за год,2020,3.9
Центральный федеральный округ,15-72 лет,процент,I квартал,2021-Q1,4.1
Центральный федеральный округ,15-72 лет,процент,II квартал,2021-Q2,3.6
Центральный федеральный округ,15-72 лет,процент,III квартал,2021-Q3,3.3
Центральный федеральный округ,15-72 лет,процент,IV квартал,2021-Q4,3.2
Центральный федеральный округ,15-72 лет,процент,значение показателя за год,2021,3.5
Белгородская область,15 лет и старше,процент,I квартал,2017-Q1,4.0
Белгородская область,15 лет и старше,процент,II квартал,2017-Q2,4.0
Белгородская область,15 лет и старше,процент,III квартал,2017-Q3,3.8
Белгородская область,15 лет и старше,процент,IV квартал,2017-Q4,3.9
Белгородская область,15 лет и старше,процент,значение показателя за год,2017,3.9
Белгородская область,15 лет и старше,процент,I квартал,2018-Q1,4.1
Белгородская область,15 лет и старше,процент,II квартал,2018-Q2,4.0
Белгородская область,15 лет и старше,процент,III квартал,2018-Q3,3.9
Белгородская область,15 лет и старше,процент,IV квартал,2018-Q4,3.9
Белгородская область,15 лет и старше,процент,значение показателя за год,2018,4.0
Белгородская область,15 лет и старше,процент,I квартал,2019-Q1,4.1
Белгородская область,15 лет и старше,процент,II квартал,2019-Q2,3.9
Белгородская область,15 лет и старше,процент,III квартал,2019-Q3,3.8
Белгородская область,15 лет и старше,процент,IV квартал,2019-Q4,3.8
Белгородская область,15 лет и старше,процент,значение показателя за год,2019,3.9
Белгородская область,15 лет и старше,процент,I квартал,2020-Q1,4.0
Белгородская область,15 лет и старше,процент,II квартал,2020-Q2,5.2
Белгородская область,15 лет и старше,процент,III квартал,2020-Q3,5.4
Белгородская область,15 лет и старше,процент,IV квартал,2020-Q4,5.0
Белгородская область,15 лет и старше,процент,значение показателя за год,2020,4.9
Белгородская область,15 лет и старше,процент,I квартал,2021-Q1,4.8
Белгородская область,15 лет и старше,процент,II квартал,2021-Q2,4.4
Белгородская область,15 лет и старше,процент,III квартал,2021-Q3,3.9
Белгородская область,15 лет и старше,процент,IV квартал,2021-Q4,3.8
Белгородская область,15 лет и старше,процент,значение показателя за год,2021,4.2
Белгородская область,15 лет и старше,процент,I квартал,2022-Q1,3.8
Белгородская область,15 лет и старше,процент,II квартал,2022-Q2,3.8
Белгородская область,15 лет и старше,процент,III квартал,2022-Q3,3.7
Белгородская область,15 лет и старше,процент,IV квартал,2022-Q4,3.6
Белгородская область,15 лет и старше,процент,значение показателя за год,2022,3.7
Белгородская область,15 лет и старше,процент,I квартал,2023-Q1,3.72
Белгородская область,15 лет и старше,процент,II квартал,2023-Q2,3.6
Белгородская область,15 лет и старше,процент,III квартал,2023-Q3,3.54
Белгородская область,15 лет и старше,процент,IV квартал,2023-Q4,3.4
Белгородская область,15 лет и старше,процент,значение показателя за год,2023,3.6
Белгородская область,15 лет и старше,процент,I квартал,2024-Q1,3.3
Белгородская область,15 лет и старше,процент,II квартал,2024-Q2,3.3
Белгородская область,15 лет и старше,процент,III квартал,2024-Q3,2.6
Белгородская область,15 лет и старше,процент,IV квартал,2024-Q4,2.5
Белгородская область,15 лет и старше,процент,значение показателя за год,2024,2.9
Белгородская область,15 лет и старше,процент,I квартал,2025-Q1,2.2
Белгородская область,15 лет и старше,процент,II квартал,2025-Q2,1.9
Белгородская область,15 лет и старше,процент,III квартал,2025-Q3,1.6
Белгородская область,15 лет и старше,процент,IV квартал,2025-Q4,1.6
Белгородская область,15 лет и старше,процент,значение показателя за год,2025,1.8
Белгородская область,15-72 лет,процент,I квартал,2013-Q1,4.1
Белгородская область,15-72 лет,процент,II квартал,2013-Q2,3.9
Белгородская область,15-72 лет,процент,III квартал,2013-Q3,3.8
Белгородская область,15-72 лет,процент,IV квартал,2013-Q4,4.1
Белгородская область,15-72 лет,процент,значение показателя за год,2013,4.0
Белгородская область,15-72 лет,процент,I квартал,2014-Q1,4.1
Белгородская область,15-72 лет,процент,II квартал,2014-Q2,4.1
Белгородская область,15-72 лет,процент,III квартал,2014-Q3,3.8
Белгородская область,15-72 лет,процент,IV квартал,2014-Q4,3.9
Белгородская область,15-72 лет,процент,значение показателя за год,2014,4.0
Белгородская область,15-72 лет,процент,I квартал,2015-Q1,4.3
Белгородская область,15-72 лет,процент,II квартал,2015-Q2,4.1
Белгородская область,15-72 лет,процент,III квартал,2015-Q3,4.0
Белгородская область,15-72 лет,процент,IV квартал,2015-Q4,3.9
Белгородская область,15-72 лет,процент,значение показателя за год,2015,4.1
Белгородская область,15-72 лет,процент,I квартал,2016-Q1,4.0
Белгородская область,15-72 лет,процент,II квартал,2016-Q2,4.0
Белгородская область,15-72 лет,процент,III квартал,2016-Q3,3.9
Белгородская область,15-72 лет,процент,IV квартал,2016-Q4,3.9
Белгородская область,15-72 лет,процент,значение показателя за год,2016,4.0
Белгородская область,15-72 лет,процент,I квартал,2017-Q1,4.0
Белгородская область,15-72 лет,процент,II квартал,2017-Q2,4.0
Белгородская область,15-72 лет,процент,III квартал,2017-Q3,3.8
Белгородская область,15-72 лет,процент,IV квартал,2017-Q4,3.9
Белгородская область,15-72 лет,процент,значение показателя за год,2017,3.9
Белгородская область,15-72 лет,процент,I квартал,2018-Q1,4.1
Белгородская область,15-72 лет,процент,II квартал,2018-Q2,4.0
Белгородская область,15-72 лет,процент,III квартал,2018-Q3,3.9
Белгородская область,15-72 лет,процент,IV квартал,2018-Q4,3.9
Белгородская область,15-72 лет,процент,значение показателя за год,2018,4.0
Белгородская область,15-72 лет,процент,I квартал,2019-Q1,4.1
Белгородская область,15-72 лет,процент,II квартал,2019-Q2,3.9
Белгородская область,15-72 лет,процент,III квартал,2019-Q3,3.8
Белгородская область,15-72 лет,процент,IV квартал,2019-Q4,3.8
Белгородская область,15-72 лет,процент,значение показателя за год,2019,3.9
Белгородская область,15-72 лет,процент,I квартал,2020-Q1,4.0
Белгородская область,15-72 лет,процент,II квартал,2020-Q2,5.2
Белгородская область,15-72 лет,процент,III квартал,2020-Q3,5.5
Белгородская область,15-72 лет,процент,IV квартал,2020-Q4,5.0
Белгородская область,15-72 лет,процент,значение показателя за год,2020,4.9
Белгородская область,15-72 лет,процент,I квартал,2021-Q1,4.8
Белгородская область,15-72 лет,процент,II квартал,2021-Q2,4.4
Белгородская область,15-72 лет,процент,III квартал,2021-Q3,3.9
Белгородская область,15-72 лет,процент,IV квартал,2021-Q4,3.6
Белгородская область,15-72 лет,процент,значение показателя за год,2021,4.2
Брянская область,15 лет и старше,процент,I квартал,2017-Q1,5.1
Брянская область,15 лет и старше,процент,II квартал,2017-Q2,3.6
Брянская область,15 лет и старше,процент,III квартал,2017-Q3,4.9
Брянская область,15 лет и старше,процент,IV квартал,2017-Q4,4.1
Брянская область,15 лет и старше,процент,значение показателя за год,2017,4.4
Брянская область,15 лет и старше,процент,I квартал,2018-Q1,4.7
Брянская область,15 лет и старше,процент,II квартал,2018-Q2,4.0
Брянская область,15 лет и старше,процент,III квартал,2018-Q3,3.9
Брянская область,15 лет и старше,процент,IV квартал,2018-Q4,3.2
Брянская область,15 лет и старше,процент,значение показателя за год,2018,4.0
Брянская область,15 лет и старше,процент,I квартал,2019-Q1,4.0
Брянская область,15 лет и старше,процент,II квартал,2019-Q2,3.8
Брянская область,15 лет и старше,процент,III квартал,2019-Q3,3.9
Брянская область,15 лет и старше,процент,IV квартал,2019-Q4,3.4
Брянская область,15 лет и старше,процент,значение показателя за год,2019,3.8
Брянская область,15 лет и старше,процент,I квартал,2020-Q1,3.3
Брянская область,15 лет и старше,процент,II квартал,2020-Q2,4.2
Брянская область,15 лет и старше,процент,III квартал,2020-Q3,4.4
Брянская область,15 лет и старше,процент,IV квартал,2020-Q4,4.0
Брянская область,15 лет и старше,процент,значение показателя за год,2020,4.0
Брянская область,15 лет и старше,процент,I квартал,2021-Q1,3.7
Брянская область,15 лет и старше,процент,II квартал,2021-Q2,3.6
Брянская область,15 лет и старше,процент,III квартал,2021-Q3,3.1
Брянская область,15 лет и старше,процент,IV квартал,2021-Q4,3.2
Брянская область,15 лет и старше,процент,значение показателя за год,2021,3.4
Брянская область,15 лет и старше,процент,I квартал,2022-Q1,3.4
Брянская область,15 лет и старше,процент,II квартал,2022-Q2,3.5
Брянская область,15 лет и старше,процент,III квартал,2022-Q3,3.0
Брянская область,15 лет и старше,процент,IV квартал,2022-Q4,2.9
Брянская область,15 лет и старше,процент,значение показателя за год,2022,3.2
Брянская область,15 лет и старше,процент,I квартал,2023-Q1,2.68
Брянская область,15 лет и старше,процент,II квартал,2023-Q2,2.7
Брянская область,15 лет и старше,процент,III квартал,2023-Q3,2.64
Брянская область,15 лет и старше,процент,IV квартал,2023-Q4,2.4
Брянская область,15 лет и старше,процент,значение показателя за год,2023,2.6
Брянская область,15 лет и старше,процент,I квартал,2024-Q1,2.2
Брянская область,15 лет и старше,процент,II квартал,2024-Q2,2.4
Брянская область,15 лет и старше,процент,III квартал,2024-Q3,2.4
Брянская область,15 лет и старше,процент,IV квартал,2024-Q4,2.2
Брянская область,15 лет и старше,процент,значение показателя за год,2024,2.3
Брянская область,15 лет и старше,процент,I квартал,2025-Q1,2.2
Брянская область,15 лет и старше,процент,II квартал,2025-Q2,2.1
Брянская область,15 лет и старше,процент,III квартал,2025-Q3,2.2
Брянская область,15 лет и старше,процент,IV квартал,2025-Q4,2.1
Брянская область,15 лет и старше,процент,значение показателя за год,2025,2.1
Брянская область,15-72 лет,процент,I квартал,2013-Q1,4.7
Брянская область,15-72 лет,процент,II квартал,2013-Q2,5.0
Брянская область,15-72 лет,процент,III квартал,2013-Q3,5.9
Брянская область,15-72 лет,процент,IV квартал,2013-Q4,5.2
Брянская область,15-72 лет,процент,значение показателя за год,2013,5.2
Брянская область,15-72 лет,процент,I квартал,2014-Q1,5.3
Брянская область,15-72 лет,процент,II квартал,2014-Q2,5.3
Брянская область,15-72 лет,процент,III квартал,2014-Q3,4.9
Брянская область,15-72 лет,процент,IV квартал,2014-Q4,4.5
Брянская область,15-72 лет,процент,значение показателя за год,2014,5.0
Брянская область,15-72 лет,процент,I квартал,2015-Q1,4.9
Брянская область,15-72 лет,процент,II квартал,2015-Q2,5.0
Брянская область,15-72 лет,процент,III квартал,2015-Q3,4.7
Брянская область,15-72 лет,процент,IV квартал,2015-Q4,4.0
Брянская область,15-72 лет,процент,значение показателя за год,2015,4.7
Брянская область,15-72 лет,процент,I квартал,2016-Q1,4.3
Брянская область,15-72 лет,процент,II квартал,2016-Q2,5.1
Брянская область,15-72 лет,процент,III квартал,2016-Q3,4.7
Брянская область,15-72 лет,процент,IV квартал,2016-Q4,4.4
Брянская область,15-72 лет,процент,значение показателя за год,2016,4.6
Брянская область,15-72 лет,процент,I квартал,2017-Q1,5.1
Брянская область,15-72 лет,процент,II квартал,2017-Q2,3.6
Брянская область,15-72 лет,процент,III квартал,2017-Q3,4.9
Брянская область,15-72 лет,процент,IV квартал,2017-Q4,4.1
Брянская область,15-72 лет,процент,значение показателя за год,2017,4.4
Брянская область,15-72 лет,процент,I квартал,2018-Q1,4.7
Брянская область,15-72 лет,процент,II квартал,2018-Q2,4.0
Брянская область,15-72 лет,процент,III квартал,2018-Q3,3.9
Брянская область,15-72 лет,процент,IV квартал,2018-Q4,3.3
Брянская область,15-72 лет,процент,значение показателя за год,2018,4.0
Брянская область,15-72 лет,процент,I квартал,2019-Q1,4.0
Брянская область,15-72 лет,процент,II квартал,2019-Q2,3.8
Брянская область,15-72 лет,процент,III квартал,2019-Q3,3.9
Брянская область,15-72 лет,процент,IV квартал,2019-Q4,3.4
Брянская область,15-72 лет,процент,значение показателя за год,2019,3.8
Брянская область,15-72 лет,процент,I квартал,2020-Q1,3.3
Брянская область,15-72 лет,процент,II квартал,2020-Q2,4.2
Брянская область,15-72 лет,процент,III квартал,2020-Q3,4.4
Брянская область,15-72 лет,процент,IV квартал,2020-Q4,4.0
Брянская область,15-72 лет,процент,значение показателя за год,2020,4.0
Брянская область,15-72 лет,процент,I квартал,2021-Q1,3.8
Брянская область,15-72 лет,процент,II квартал,2021-Q2,3.6
Брянская область,15-72 лет,процент,III квартал,2021-Q3,3.1
Брянская область,15-72 лет,процент,IV квартал,2021-Q4,3.2
Брянская область,15-72 лет,процент,значение показателя за год,2021,3.4
Владимирская область,15 лет и старше,процент,I квартал,2017-Q1,5.7
Владимирская область,15 лет и старше,процент,II квартал,2017-Q2,4.4
Владимирская область,15 лет и старше,процент,III квартал,2017-Q3,4.2
Владимирская область,15 лет и старше,процент,IV квартал,2017-Q4,5.1
Владимирская область,15 лет и старше,процент,значение показателя за год,2017,4.8
Владимирская область,15 лет и старше,процент,I квартал,2018-Q1,4.6
Владимирская область,15 лет и старше,процент,II квартал,2018-Q2,5.0
Владимирская область,15 лет и старше,процент,III квартал,2018-Q3,4.1
Владимирская область,15 лет и старше,процент,IV квартал,2018-Q4,5.0
Владимирская область,15 лет и старше,процент,значение показателя за год,2018,4.7
Владимирская область,15 лет и старше,процент,I квартал,2019-Q1,4.6
Владимирская область,15 лет и старше,процент,II квартал,2019-Q2,3.8
Владимирская область,15 лет и старше,процент,III квартал,2019-Q3,3.4
Владимирская область,15 лет и старше,процент,IV квартал,2019-Q4,4.4
Владимирская область,15 лет и старше,процент,значение показателя за год,2019,4.0
Владимирская область,15 лет и старше,процент,I квартал,2020-Q1,3.7
Владимирская область,15 лет и старше,процент,II квартал,2020-Q2,6.3
Владимирская область,15 лет и старше,процент,III квартал,2020-Q3,6.6
Владимирская область,15 лет и старше,процент,IV квартал,2020-Q4,5.7
Владимирская область,15 лет и старше,процент,значение показателя за год,2020,5.6
Владимирская область,15 лет и старше,процент,I квартал,2021-Q1,5.2
Владимирская область,15 лет и старше,процент,II квартал,2021-Q2,3.9
Владимирская область,15 лет и старше,процент,III квартал,2021-Q3,3.3
Владимирская область,15 лет и старше,процент,IV квартал,2021-Q4,3.2
Владимирская область,15 лет и старше,процент,значение показателя за год,2021,3.9
Владимирская область,15 лет и старше,процент,I квартал,2022-Q1,2.8
Владимирская область,15 лет и старше,процент,II квартал,2022-Q2,3.0
Владимирская область,15 лет и старше,процент,III квартал,2022-Q3,2.5
Владимирская область,15 лет и старше,процент,IV квартал,2022-Q4,2.2
Владимирская область,15 лет и старше,процент,значение показателя за год,2022,2.6
Владимирская область,15 лет и старше,процент,I квартал,2023-Q1,2.59
Владимирская область,15 лет и старше,процент,II квартал,2023-Q2,1.9
Владимирская область,15 лет и старше,процент,III квартал,2023-Q3,1.62
Владимирская область,15 лет и старше,процент,IV квартал,2023-Q4,2.0
Владимирская область,15 лет и старше,процент,значение показателя за год,2023,2.0
Владимирская область,15 лет и старше,процент,I квартал,2024-Q1,1.9
Владимирская область,15 лет и старше,процент,II квартал,2024-Q2,1.7
Владимирская область,15 лет и старше,процент,III квартал,2024-Q3,2.0
Владимирская область,15 лет и старше,процент,IV квартал,2024-Q4,1.9
Владимирская область,15 лет и старше,процент,значение показателя за год,2024,1.9
Владимирская область,15 лет и старше,процент,I квартал,2025-Q1,2.0
Владимирская область,15 лет и старше,процент,II квартал,2025-Q2,2.0
Владимирская область,15 лет и старше,процент,III квартал,2025-Q3,1.9
Владимирская область,15 лет и старше,процент,IV квартал,2025-Q4,1.9
Владимирская область,15 лет и старше,процент,значение показателя за год,2025,1.9
Владимирская область,15-72 лет,процент,I квартал,2013-Q1,4.2
Владимирская область,15-72 лет,процент,II квартал,2013-Q2,3.9
Владимирская область,15-72 лет,процент,III квартал,2013-Q3,3.6
Владимирская область,15-72 лет,процент,IV квартал,2013-Q4,3.5
Владимирская область,15-72 лет,процент,значение показателя за год,2013,3.8
Владимирская область,15-72 лет,процент,I квартал,2014-Q1,4.7
Владимирская область,15-72 лет,процент,II квартал,2014-Q2,4.3
Владимирская область,15-72 лет,процент,III квартал,2014-Q3,4.4
Владимирская область,15-72 лет,процент,IV квартал,2014-Q4,3.9
Владимирская область,15-72 лет,процент,значение показателя за год,2014,4.3
Владимирская область,15-72 лет,процент,I квартал,2015-Q1,5.7
Владимирская область,15-72 лет,процент,II квартал,2015-Q2,4.5
Владимирская область,15-72 лет,процент,III квартал,2015-Q3,5.2
Владимирская область,15-72 лет,процент,IV квартал,2015-Q4,6.8
Владимирская область,15-72 лет,процент,значение показателя за год,2015,5.6
Владимирская область,15-72 лет,процент,I квартал,2016-Q1,6.3
Владимирская область,15-72 лет,процент,II квартал,2016-Q2,6.3
Владимирская область,15-72 лет,процент,III квартал,2016-Q3,5.4
Владимирская область,15-72 лет,процент,IV квартал,2016-Q4,4.3
Владимирская область,15-72 лет,процент,значение показателя за год,2016,5.6
Владимирская область,15-72 лет,процент,I квартал,2017-Q1,5.7
Владимирская область,15-72 лет,процент,II квартал,2017-Q2,4.4
Владимирская область,15-72 лет,процент,III квартал,2017-Q3,4.3
Владимирская область,15-72 лет,процент,IV квартал,2017-Q4,5.1
Владимирская область,15-72 лет,процент,значение показателя за год,2017,4.8
Владимирская область,15-72 лет,процент,I квартал,2018-Q1,4.6
Владимирская область,15-72 лет,процент,II квартал,2018-Q2,5.1
Владимирская область,15-72 лет,процент,III квартал,2018-Q3,4.1
Владимирская область,15-72 лет,процент,IV квартал,2018-Q4,5.0
Владимирская область,15-72 лет,процент,значение показателя за год,2018,4.7
Владимирская область,15-72 лет,процент,I квартал,2019-Q1,4.5
Владимирская область,15-72 лет,процент,II квартал,2019-Q2,3.8
Владимирская область,15-72 лет,процент,III квартал,2019-Q3,3.4
Владимирская область,15-72 лет,процент,IV квартал,2019-Q4,4.4
Владимирская область,15-72 лет,процент,значение показателя за год,2019,4.0
Владимирская область,15-72 лет,процент,I квартал,2020-Q1,3.7
Владимирская область,15-72 лет,процент,II квартал,2020-Q2,6.4
Владимирская область,15-72 лет,процент,III квартал,2020-Q3,6.6
Владимирская область,15-72 лет,процент,IV квартал,2020-Q4,5.8
Владимирская область,15-72 лет,процент,значение показателя за год,2020,5.6
Владимирская область,15-72 лет,процент,I квартал,2021-Q1,5.2
Владимирская область,15-72 лет,процент,II квартал,2021-Q2,3.9
Владимирская область,15-72 лет,процент,III квартал,2021-Q3,3.3
Владимирская область,15-72 лет,процент,IV квартал,2021-Q4,3.2
Владимирская область,15-72 лет,процент,значение показателя за год,2021,3.9
Воронежская область,15 лет и старше,процент,I квартал,2017-Q1,4.7
Воронежская область,15 лет и старше,процент,II квартал,2017-Q2,4.4
Воронежская область,15 лет и старше,процент,III квартал,2017-Q3,4.1
Воронежская область,15 лет и старше,процент,IV квартал,2017-Q4,4.2
Воронежская область,15 лет и старше,процент,значение показателя за год,2017,4.3
Воронежская область,15 лет и старше,процент,I квартал,2018-Q1,4.0
Воронежская область,15 лет и старше,процент,II квартал,2018-Q2,3.5
Воронежская область,15 лет и старше,процент,III квартал,2018-Q3,3.2
Воронежская область,15 лет и старше,процент,IV квартал,2018-Q4,4.0
Воронежская область,15 лет и старше,процент,значение показателя за год,2018,3.6
Воронежская область,15 лет и старше,процент,I квартал,2019-Q1,3.8
Воронежская область,15 лет и старше,процент,II квартал,2019-Q2,3.3
Воронежская область,15 лет и старше,процент,III квартал,2019-Q3,2.9
Воронежская область,15 лет и старше,процент,IV квартал,2019-Q4,4.2
Воронежская область,15 лет и старше,процент,значение показателя за год,2019,3.5
Воронежская область,15 лет и старше,процент,I квартал,2020-Q1,3.7
Воронежская область,15 лет и старше,процент,II квартал,2020-Q2,4.5
Воронежская область,15 лет и старше,процент,III квартал,2020-Q3,4.4
Воронежская область,15 лет и старше,процент,IV квартал,2020-Q4,4.5
Воронежская область,15 лет и старше,процент,значение показателя за год,2020,4.3
Воронежская область,15 лет и старше,процент,I квартал,2021-Q1,4.3
Воронежская область,15 лет и старше,процент,II квартал,2021-Q2,3.7
Воронежская область,15 лет и старше,процент,III квартал,2021-Q3,3.4
Воронежская область,15 лет и старше,процент,IV квартал,2021-Q4,3.9
Воронежская область,15 лет и старше,процент,значение показателя за год,2021,3.8
Воронежская область,15 лет и старше,процент,I квартал,2022-Q1,3.9
Воронежская область,15 лет и старше,процент,II квартал,2022-Q2,3.4
Воронежская область,15 лет и старше,процент,III квартал,2022-Q3,3.3
Воронежская область,15 лет и старше,процент,IV квартал,2022-Q4,3.3
Воронежская область,15 лет и старше,процент,значение показателя за год,2022,3.5
Воронежская область,15 лет и старше,процент,I квартал,2023-Q1,3.7
Воронежская область,15 лет и старше,процент,II квартал,2023-Q2,3.3
Воронежская область,15 лет и старше,процент,III квартал,2023-Q3,3.16
Воронежская область,15 лет и старше,процент,IV квартал,2023-Q4,2.9
Воронежская область,15 лет и старше,процент,значение показателя за год,2023,3.3
Воронежская область,15 лет и старше,процент,I квартал,2024-Q1,2.8
Воронежская область,15 лет и старше,процент,II квартал,2024-Q2,2.8
Воронежская область,15 лет и старше,процент,III квартал,2024-Q3,2.7
Воронежская область,15 лет и старше,процент,IV квартал,2024-Q4,2.2
Воронежская область,15 лет и старше,процент,значение показателя за год,2024,2.6
Воронежская область,15 лет и старше,процент,I квартал,2025-Q1,2.0
Воронежская область,15 лет и старше,процент,II квартал,2025-Q2,2.0
Воронежская область,15 лет и старше,процент,III квартал,2025-Q3,2.1
Воронежская область,15 лет и старше,процент,IV квартал,2025-Q4,1.9
Воронежская область,15 лет и старше,процент,значение показателя за год,2025,2.0
Воронежская область,15-72 лет,процент,I квартал,2013-Q1,4.8
Воронежская область,15-72 лет,процент,II квартал,2013-Q2,4.5
Воронежская область,15-72 лет,процент,III квартал,2013-Q3,4.5
Воронежская область,15-72 лет,процент,IV квартал,2013-Q4,4.9
Воронежская область,15-72 лет,процент,значение показателя за год,2013,4.7
Воронежская область,15-72 лет,процент,I квартал,2014-Q1,4.6
Воронежская область,15-72 лет,процент,II квартал,2014-Q2,4.4
Воронежская область,15-72 лет,процент,III квартал,2014-Q3,4.4
Воронежская область,15-72 лет,процент,IV квартал,2014-Q4,4.8
Воронежская область,15-72 лет,процент,значение показателя за год,2014,4.5
Воронежская область,15-72 лет,процент,I квартал,2015-Q1,4.7
Воронежская область,15-72 лет,процент,II квартал,2015-Q2,4.4
Воронежская область,15-72 лет,процент,III квартал,2015-Q3,4.2
Воронежская область,15-72 лет,процент,IV квартал,2015-Q4,4.6
Воронежская область,15-72 лет,процент,значение показателя за год,2015,4.5
Воронежская область,15-72 лет,процент,I квартал,2016-Q1,4.6
Воронежская область,15-72 лет,процент,II квартал,2016-Q2,4.4
Воронежская область,15-72 лет,процент,III квартал,2016-Q3,4.3
Воронежская область,15-72 лет,процент,IV квартал,2016-Q4,4.5
Воронежская область,15-72 лет,процент,значение показателя за год,2016,4.5
Воронежская область,15-72 лет,процент,I квартал,2017-Q1,4.7
Воронежская область,15-72 лет,процент,II квартал,2017-Q2,4.4
Воронежская область,15-72 лет,процент,III квартал,2017-Q3,4.1
Воронежская область,15-72 лет,процент,IV квартал,2017-Q4,4.3
Воронежская область,15-72 лет,процент,значение показателя за год,2017,4.3
Воронежская область,15-72 лет,процент,I квартал,2018-Q1,4.0
Воронежская область,15-72 лет,процент,II квартал,2018-Q2,3.5
Воронежская область,15-72 лет,процент,III квартал,2018-Q3,3.2
Воронежская область,15-72 лет,процент,IV квартал,2018-Q4,4.0
Воронежская область,15-72 лет,процент,значение показателя за год,2018,3.7
Воронежская область,15-72 лет,процент,I квартал,2019-Q1,3.8
Воронежская область,15-72 лет,процент,II квартал,2019-Q2,3.3
Воронежская область,15-72 лет,процент,III квартал,2019-Q3,2.9
Воронежская область,15-72 лет,процент,IV квартал,2019-Q4,4.2
Воронежская область,15-72 лет,процент,значение показателя за год,2019,3.5
Воронежская область,15-72 лет,процент,I квартал,2020-Q1,3.7
Воронежская область,15-72 лет,процент,II квартал,2020-Q2,4.5
Воронежская область,15-72 лет,процент,III квартал,2020-Q3,4.4
Воронежская область,15-72 лет,процент,IV квартал,2020-Q4,4.6
Воронежская область,15-72 лет,процент,значение показателя за год,2020,4.3
Воронежская область,15-72 лет,процент,I квартал,2021-Q1,4.3
Воронежская область,15-72 лет,процент,II квартал,2021-Q2,3.7
Воронежская область,15-72 лет,процент,III квартал,2021-Q3,3.4
Воронежская область,15-72 лет,процент,IV квартал,2021-Q4,3.9
Воронежская область,15-72 лет,процент,значение показателя за год,2021,3.8
Ивановская область,15 лет и старше,процент,I квартал,2017-Q1,5.5
Ивановская область,15 лет и старше,процент,II квартал,2017-Q2,4.8
Ивановская область,15 лет и старше,процент,III квартал,2017-Q3,4.2
Ивановская область,15 лет и старше,процент,IV квартал,2017-Q4,4.2
Ивановская область,15 лет и старше,процент,значение показателя за год,2017,4.6
Ивановская область,15 лет и старше,процент,I квартал,2018-Q1,4.9
Ивановская область,15 лет и старше,процент,II квартал,2018-Q2,4.1
Ивановская область,15 лет и старше,процент,III квартал,2018-Q3,3.9
Ивановская область,15 лет и старше,процент,IV квартал,2018-Q4,3.8
Ивановская область,15 лет и старше,процент,значение показателя за год,2018,4.2
Ивановская область,15 лет и старше,процент,I квартал,2019-Q1,3.7
Ивановская область,15 лет и старше,процент,II квартал,2019-Q2,3.8
Ивановская область,15 лет и старше,процент,III квартал,2019-Q3,3.9
Ивановская область,15 лет и старше,процент,IV квартал,2019-Q4,3.6
Ивановская область,15 лет и старше,процент,значение показателя за год,2019,3.7
Ивановская область,15 лет и старше,процент,I квартал,2020-Q1,3.7
Ивановская область,15 лет и старше,процент,II квартал,2020-Q2,5.9
Ивановская область,15 лет и старше,процент,III квартал,2020-Q3,6.0
Ивановская область,15 лет и старше,процент,IV квартал,2020-Q4,5.8
Ивановская область,15 лет и старше,процент,значение показателя за год,2020,5.4
Ивановская область,15 лет и старше,процент,I квартал,2021-Q1,5.4
Ивановская область,15 лет и старше,процент,II квартал,2021-Q2,4.7
Ивановская область,15 лет и старше,процент,III квартал,2021-Q3,4.4
Ивановская область,15 лет и старше,процент,IV квартал,2021-Q4,3.5
Ивановская область,15 лет и старше,процент,значение показателя за год,2021,4.5
Ивановская область,15 лет и старше,процент,I квартал,2022-Q1,3.3
Ивановская область,15 лет и старше,процент,II квартал,2022-Q2,3.1
Ивановская область,15 лет и старше,процент,III квартал,2022-Q3,3.2
Ивановская область,15 лет и старше,процент,IV квартал,2022-Q4,3.1
Ивановская область,15 лет и старше,процент,значение показателя за год,2022,3.2
Ивановская область,15 лет и старше,процент,I квартал,2023-Q1,3.17
Ивановская область,15 лет и старше,процент,II квартал,2023-Q2,3.3
Ивановская область,15 лет и старше,процент,III квартал,2023-Q3,3.07
Ивановская область,15 лет и старше,процент,IV квартал,2023-Q4,3.0
Ивановская область,15 лет и старше,процент,значение показателя за год,2023,3.1
Ивановская область,15 лет и старше,процент,I квартал,2024-Q1,2.7
Ивановская область,15 лет и старше,процент,II квартал,2024-Q2,2.2
Ивановская область,15 лет и старше,процент,III квартал,2024-Q3,2.5
Ивановская область,15 лет и старше,процент,IV квартал,2024-Q4,2.2
Ивановская область,15 лет и старше,процент,значение показателя за год,2024,2.4
Ивановская область,15 лет и старше,процент,I квартал,2025-Q1,2.1
Ивановская область,15 лет и старше,процент,II квартал,2025-Q2,1.9
Ивановская область,15 лет и старше,процент,III квартал,2025-Q3,2.0
Ивановская область,15 лет и старше,процент,IV квартал,2025-Q4,2.0
Ивановская область,15 лет и старше,процент,значение показателя за год,2025,2.0
Ивановская область,15-72 лет,процент,I квартал,2013-Q1,5.6
Ивановская область,15-72 лет,процент,II квартал,2013-Q2,4.8
Ивановская область,15-72 лет,процент,III квартал,2013-Q3,5.7
Ивановская область,15-72 лет,процент,IV квартал,2013-Q4,4.7
Ивановская область,15-72 лет,процент,значение показателя за год,2013,5.2
Ивановская область,15-72 лет,процент,I квартал,2014-Q1,4.2
Ивановская область,15-72 лет,процент,II квартал,2014-Q2,4.0
Ивановская область,15-72 лет,процент,III квартал,2014-Q3,4.2
Ивановская область,15-72 лет,процент,IV квартал,2014-Q4,4.5
Ивановская область,15-72 лет,процент,значение показателя за год,2014,4.3
Ивановская область,15-72 лет,процент,I квартал,2015-Q1,5.2
Ивановская область,15-72 лет,процент,II квартал,2015-Q2,5.9
Ивановская область,15-72 лет,процент,III квартал,2015-Q3,5.8
Ивановская область,15-72 лет,процент,IV квартал,2015-Q4,5.4
Ивановская область,15-72 лет,процент,значение показателя за год,2015,5.6
Ивановская область,15-72 лет,процент,I квартал,2016-Q1,5.9
Ивановская область,15-72 лет,процент,II квартал,2016-Q2,5.2
Ивановская область,15-72 лет,процент,III квартал,2016-Q3,5.4
Ивановская область,15-72 лет,процент,IV квартал,2016-Q4,5.6
Ивановская область,15-72 лет,процент,значение показателя за год,2016,5.5
Ивановская область,15-72 лет,процент,I квартал,2017-Q1,5.5
Ивановская область,15-72 лет,процент,II квартал,2017-Q2,4.8
Ивановская область,15-72 лет,процент,III квартал,2017-Q3,4.2
Ивановская область,15-72 лет,процент,IV квартал,2017-Q4,4.2
Ивановская область,15-72 лет,процент,значение показателя за год,2017,4.7
Ивановская область,15-72 лет,процент,I квартал,2018-Q1,4.9
Ивановская область,15-72 лет,процент,II квартал,2018-Q2,4.1
Ивановская область,15-72 лет,процент,III квартал,2018-Q3,3.9
Ивановская область,15-72 лет,процент,IV квартал,2018-Q4,3.8
Ивановская область,15-72 лет,процент,значение показателя за год,2018,4.2
Ивановская область,15-72 лет,процент,I квартал,2019-Q1,3.7
Ивановская область,15-72 лет,процент,II квартал,2019-Q2,3.8
Ивановская область,15-72 лет,процент,III квартал,2019-Q3,3.9
Ивановская область,15-72 лет,процент,IV квартал,2019-Q4,3.6
Ивановская область,15-72 лет,процент,значение показателя за год,2019,3.8
Ивановская область,15-72 лет,процент,I квартал,2020-Q1,3.7
Ивановская область,15-72 лет,процент,II квартал,2020-Q2,5.9
Ивановская область,15-72 лет,процент,III квартал,2020-Q3,6.0
Ивановская область,15-72 лет,процент,IV квартал,2020-Q4,5.8
Ивановская область,15-72 лет,процент,значение показателя за год,2020,5.4
Ивановская область,15-72 лет,процент,I квартал,2021-Q1,5.4
Ивановская область,15-72 лет,процент,II квартал,2021-Q2,4.7
Ивановская область,15-72 лет,процент,III квартал,2021-Q3,4.4
Ивановская область,15-72 лет,процент,IV квартал,2021-Q4,3.5
Ивановская область,15-72 лет,процент,значение показателя за год,2021,4.5
Калужская область,15 лет и старше,процент,I квартал,2017-Q1,4.3
Калужская область,15 лет и старше,процент,II квартал,2017-Q2,4.2
Калужская область,15 лет и старше,процент,III квартал,2017-Q3,3.8
Калужская область,15 лет и старше,процент,IV квартал,2017-Q4,3.8
Калужская область,15 лет и старше,процент,значение показателя за год,2017,4.0
Калужская область,15 лет и старше,процент,I квартал,2018-Q1,3.9
Калужская область,15 лет и старше,процент,II квартал,2018-Q2,3.7
Калужская область,15 лет и старше,процент,III квартал,2018-Q3,4.2
Калужская область,15 лет и старше,процент,IV квартал,2018-Q4,3.7
Калужская область,15 лет и старше,процент,значение показателя за год,2018,3.9
Калужская область,15 лет и старше,процент,I квартал,2019-Q1,3.4
Калужская область,15 лет и старше,процент,II квартал,2019-Q2,3.8
Калужская область,15 лет и старше,процент,III квартал,2019-Q3,3.8
Калужская область,15 лет и старше,процент,IV квартал,2019-Q4,3.8
Калужская область,15 лет и старше,процент,значение показателя за год,2019,3.7
Калужская область,15 лет и старше,процент,I квартал,2020-Q1,3.7
Калужская область,15 лет и старше,процент,II квартал,2020-Q2,4.7
Калужская область,15 лет и старше,процент,III квартал,2020-Q3,5.2
Калужская область,15 лет и старше,процент,IV квартал,2020-Q4,5.0
Калужская область,15 лет и старше,процент,значение показателя за год,2020,4.7
Калужская область,15 лет и старше,процент,I квартал,2021-Q1,4.5
Калужская область,15 лет и старше,процент,II квартал,2021-Q2,3.9
Калужская область,15 лет и старше,процент,III квартал,2021-Q3,3.8
Калужская область,15 лет и старше,процент,IV квартал,2021-Q4,3.6
Калужская область,15 лет и старше,процент,значение показателя за год,2021,3.9
Калужская область,15 лет и старше,процент,I квартал,2022-Q1,4.2
Калужская область,15 лет и старше,процент,II квартал,2022-Q2,4.3
Калужская область,15 лет и старше,процент,III квартал,2022-Q3,3.8
Калужская область,15 лет и старше,процент,IV квартал,2022-Q4,3.3
Калужская область,15 лет и старше,процент,значение показателя за год,2022,3.9
Калужская область,15 лет и старше,процент,I квартал,2023-Q1,3.04
Калужская область,15 лет и старше,процент,II квартал,2023-Q2,2.5
Калужская область,15 лет и старше,процент,III квартал,2023-Q3,2.08
Калужская область,15 лет и старше,процент,IV квартал,2023-Q4,1.9
Калужская область,15 лет и старше,процент,значение показателя за год,2023,2.4
Калужская область,15 лет и старше,процент,I квартал,2024-Q1,1.7
Калужская область,15 лет и старше,процент,II квартал,2024-Q2,1.8
Калужская область,15 лет и старше,процент,III квартал,2024-Q3,1.3
Калужская область,15 лет и старше,процент,IV квартал,2024-Q4,1.2
Калужская область,15 лет и старше,процент,значение показателя за год,2024,1.5
Калужская область,15 лет и старше,процент,I квартал,2025-Q1,1.1
Калужская область,15 лет и старше,процент,II квартал,2025-Q2,1.1
Калужская область,15 лет и старше,процент,III квартал,2025-Q3,0.9
Калужская область,15 лет и старше,процент,IV квартал,2025-Q4,0.9
Калужская область,15 лет и старше,процент,значение показателя за год,2025,1.0
Калужская область,15-72 лет,процент,I квартал,2013-Q1,4.7
Калужская область,15-72 лет,процент,II квартал,2013-Q2,3.8
Калужская область,15-72 лет,процент,III квартал,2013-Q3,4.5
Калужская область,15-72 лет,процент,IV квартал,2013-Q4,5.0
Калужская область,15-72 лет,процент,значение показателя за год,2013,4.5
Калужская область,15-72 лет,процент,I квартал,2014-Q1,3.6
Калужская область,15-72 лет,процент,II квартал,2014-Q2,4.9
Калужская область,15-72 лет,процент,III квартал,2014-Q3,4.7
Калужская область,15-72 лет,процент,IV квартал,2014-Q4,3.5
Калужская область,15-72 лет,процент,значение показателя за год,2014,4.2
Калужская область,15-72 лет,процент,I квартал,2015-Q1,4.5
Калужская область,15-72 лет,процент,II квартал,2015-Q2,4.7
Калужская область,15-72 лет,процент,III квартал,2015-Q3,3.7
Калужская область,15-72 лет,процент,IV квартал,2015-Q4,4.3
Калужская область,15-72 лет,процент,значение показателя за год,2015,4.3
Калужская область,15-72 лет,процент,I квартал,2016-Q1,4.0
Калужская область,15-72 лет,процент,II квартал,2016-Q2,4.0
Калужская область,15-72 лет,процент,III квартал,2016-Q3,4.5
Калужская область,15-72 лет,процент,IV квартал,2016-Q4,4.2
Калужская область,15-72 лет,процент,значение показателя за год,2016,4.2
Калужская область,15-72 лет,процент,I квартал,2017-Q1,4.3
Калужская область,15-72 лет,процент,II квартал,2017-Q2,4.2
Калужская область,15-72 лет,процент,III квартал,2017-Q3,3.8
Калужская область,15-72 лет,процент,IV квартал,2017-Q4,3.8
Калужская область,15-72 лет,процент,значение показателя за год,2017,4.0
Калужская область,15-72 лет,процент,I квартал,2018-Q1,4.0
Калужская область,15-72 лет,процент,II квартал,2018-Q2,3.7
Калужская область,15-72 лет,процент,III квартал,2018-Q3,4.2
Калужская область,15-72 лет,процент,IV квартал,2018-Q4,3.8
Калужская область,15-72 лет,процент,значение показателя за год,2018,3.9
Калужская область,15-72 лет,процент,I квартал,2019-Q1,3.4
Калужская область,15-72 лет,процент,II квартал,2019-Q2,3.8
Калужская область,15-72 лет,процент,III квартал,2019-Q3,3.8
Калужская область,15-72 лет,процент,IV квартал,2019-Q4,3.8
Калужская область,15-72 лет,процент,значение показателя за год,2019,3.7
Калужская область,15-72 лет,процент,I квартал,2020-Q1,3.7
Калужская область,15-72 лет,процент,II квартал,2020-Q2,4.7
Калужская область,15-72 лет,процент,III квартал,2020-Q3,5.2
Калужская область,15-72 лет,процент,IV квартал,2020-Q4,5.0
Калужская область,15-72 лет,процент,значение показателя за год,2020,4.7
Калужская область,15-72 лет,процент,I квартал,2021-Q1,4.5
Калужская область,15-72 лет,процент,II квартал,2021-Q2,3.9
Калужская область,15-72 лет,процент,III квартал,2021-Q3,3.8
Калужская область,15-72 лет,процент,IV квартал,2021-Q4,3.6
Калужская область,15-72 лет,процент,значение показателя за год,2021,4.0
Костромская область,15 лет и старше,процент,I квартал,2017-Q1,5.4
Костромская область,15 лет и старше,процент,II квартал,2017-Q2,5.1
Костромская область,15 лет и старше,процент,III квартал,2017-Q3,5.1
Костромская область,15 лет и старше,процент,IV квартал,2017-Q4,5.3
Костромская область,15 лет и старше,процент,значение показателя за год,2017,5.3
Костромская область,15 лет и старше,процент,I квартал,2018-Q1,5.1
Костромская область,15 лет и старше,процент,II квартал,2018-Q2,4.4
Костромская область,15 лет и старше,процент,III квартал,2018-Q3,4.3
Костромская область,15 лет и старше,процент,IV квартал,2018-Q4,4.1
Костромская область,15 лет и старше,процент,значение показателя за год,2018,4.5
Костромская область,15 лет и старше,процент,I квартал,2019-Q1,3.8
Костромская область,15 лет и старше,процент,II квартал,2019-Q2,4.3
Костромская область,15 лет и старше,процент,III квартал,2019-Q3,4.0
Костромская область,15 лет и старше,процент,IV квартал,2019-Q4,3.9
Костромская область,15 лет и старше,процент,значение показателя за год,2019,4.0
Костромская область,15 лет и старше,процент,I квартал,2020-Q1,4.1
Костромская область,15 лет и старше,процент,II квартал,2020-Q2,5.9
Костромская область,15 лет и старше,процент,III квартал,2020-Q3,6.1
Костромская область,15 лет и старше,процент,IV квартал,2020-Q4,5.7
Костромская область,15 лет и старше,процент,значение показателя за год,2020,5.5
Костромская область,15 лет и старше,процент,I квартал,2021-Q1,5.4
Костромская область,15 лет и старше,процент,II квартал,2021-Q2,4.1
Костромская область,15 лет и старше,процент,III квартал,2021-Q3,3.9
Костромская область,15 лет и старше,процент,IV квартал,2021-Q4,3.8
Костромская область,15 лет и старше,процент,значение показателя за год,2021,4.3
Костромская область,15 лет и старше,процент,I квартал,2022-Q1,3.5
Костромская область,15 лет и старше,процент,II квартал,2022-Q2,3.1
Костромская область,15 лет и старше,процент,III квартал,2022-Q3,3.2
Костромская область,15 лет и старше,процент,IV квартал,2022-Q4,3.3
Костромская область,15 лет и старше,процент,значение показателя за год,2022,3.3
Костромская область,15 лет и старше,процент,I квартал,2023-Q1,3.37
Костромская область,15 лет и старше,процент,II квартал,2023-Q2,3.2
Костромская область,15 лет и старше,процент,III квартал,2023-Q3,2.91
Костромская область,15 лет и старше,процент,IV квартал,2023-Q4,3.0
Костромская область,15 лет и старше,процент,значение показателя за год,2023,3.1
Костромская область,15 лет и старше,процент,I квартал,2024-Q1,2.4
Костромская область,15 лет и старше,процент,II квартал,2024-Q2,2.4
Костромская область,15 лет и старше,процент,III квартал,2024-Q3,2.5
Костромская область,15 лет и старше,процент,IV квартал,2024-Q4,2.2
Костромская область,15 лет и старше,процент,значение показателя за год,2024,2.4
Костромская область,15 лет и старше,процент,I квартал,2025-Q1,2.3
Костромская область,15 лет и старше,процент,II квартал,2025-Q2,2.0
Костромская область,15 лет и старше,процент,III квартал,2025-Q3,2.3
Костромская область,15 лет и старше,процент,IV квартал,2025-Q4,1.3
Костромская область,15 лет и старше,процент,значение показателя за год,2025,2.0
Костромская область,15-72 лет,процент,I квартал,2013-Q1,4.8
Костромская область,15-72 лет,процент,II квартал,2013-Q2,5.5
Костромская область,15-72 лет,процент,III квартал,2013-Q3,4.1
Костромская область,15-72 лет,процент,IV квартал,2013-Q4,5.4
Костромская область,15-72 лет,процент,значение показателя за год,2013,4.9
Костромская область,15-72 лет,процент,I квартал,2014-Q1,4.7
Костромская область,15-72 лет,процент,II квартал,2014-Q2,4.3
Костромская область,15-72 лет,процент,III квартал,2014-Q3,4.1
Костромская область,15-72 лет,процент,IV квартал,2014-Q4,4.1
Костромская область,15-72 лет,процент,значение показателя за год,2014,4.3
Костромская область,15-72 лет,процент,I квартал,2015-Q1,5.3
Костромская область,15-72 лет,процент,II квартал,2015-Q2,5.2
Костромская область,15-72 лет,процент,III квартал,2015-Q3,5.3
Костромская область,15-72 лет,процент,IV квартал,2015-Q4,5.4
Костромская область,15-72 лет,процент,значение показателя за год,2015,5.3
Костромская область,15-72 лет,процент,I квартал,2016-Q1,5.8
Костромская область,15-72 лет,процент,II квартал,2016-Q2,5.7
Костромская область,15-72 лет,процент,III квартал,2016-Q3,5.2
Костромская область,15-72 лет,процент,IV квартал,2016-Q4,5.4
Костромская область,15-72 лет,процент,значение показателя за год,2016,5.5
Костромская область,15-72 лет,процент,I квартал,2017-Q1,5.5
Костромская область,15-72 лет,процент,II квартал,2017-Q2,5.1
Костромская область,15-72 лет,процент,III квартал,2017-Q3,5.1
Костромская область,15-72 лет,процент,IV квартал,2017-Q4,5.3
Костромская область,15-72 лет,процент,значение показателя за год,2017,5.3
Костромская область,15-72 лет,процент,I квартал,2018-Q1,5.1
Костромская область,15-72 лет,процент,II квартал,2018-Q2,4.5
Костромская область,15-72 лет,процент,III квартал,2018-Q3,4.3
Костромская область,15-72 лет,процент,IV квартал,2018-Q4,4.1
Костромская область,15-72 лет,процент,значение показателя за год,2018,4.5
Костромская область,15-72 лет,процент,I квартал,2019-Q1,3.8
Костромская область,15-72 лет,процент,II квартал,2019-Q2,4.4
Костромская область,15-72 лет,процент,III квартал,2019-Q3,4.0
Костромская область,15-72 лет,процент,IV квартал,2019-Q4,3.9
Костромская область,15-72 лет,процент,значение показателя за год,2019,4.0
Костромская область,15-72 лет,процент,I квартал,2020-Q1,4.1
Костромская область,15-72 лет,процент,II квартал,2020-Q2,5.9
Костромская область,15-72 лет,процент,III квартал,2020-Q3,6.1
Костромская область,15-72 лет,процент,IV квартал,2020-Q4,5.7
Костромская область,15-72 лет,процент,значение показателя за год,2020,5.5
Костромская область,15-72 лет,процент,I квартал,2021-Q1,5.4
Костромская область,15-72 лет,процент,II квартал,2021-Q2,4.1
Костромская область,15-72 лет,процент,III квартал,2021-Q3,3.9
Костромская область,15-72 лет,процент,IV квартал,2021-Q4,3.8
Костромская область,15-72 лет,процент,значение показателя за год,2021,4.3
Курская область,15 лет и старше,процент,I квартал,2017-Q1,4.5
Курская область,15 лет и старше,процент,II квартал,2017-Q2,4.1
Курская область,15 лет и старше,процент,III квартал,2017-Q3,3.8
Курская область,15 лет и старше,процент,IV квартал,2017-Q4,4.0
Курская область,15 лет и старше,процент,значение показателя за год,2017,4.1
Курская область,15 лет и старше,процент,I квартал,2018-Q1,4.2
Курская область,15 лет и старше,процент,II квартал,2018-Q2,3.9
Курская область,15 лет и старше,процент,III квартал,2018-Q3,3.7
Курская область,15 лет и старше,процент,IV квартал,2018-Q4,4.1
Курская область,15 лет и старше,процент,значение показателя за год,2018,4.0
Курская область,15 лет и старше,процент,I квартал,2019-Q1,4.3
Курская область,15 лет и старше,процент,II квартал,2019-Q2,4.0
Курская область,15 лет и старше,процент,III квартал,2019-Q3,3.6
Курская область,15 лет и старше,процент,IV квартал,2019-Q4,3.8
Курская область,15 лет и старше,процент,значение показателя за год,2019,3.9
Курская область,15 лет и старше,процент,I квартал,2020-Q1,4.2
Курская область,15 лет и старше,процент,II квартал,2020-Q2,5.7
Курская область,15 лет и старше,процент,III квартал,2020-Q3,4.7
Курская область,15 лет и старше,процент,IV квартал,2020-Q4,4.7
Курская область,15 лет и старше,процент,значение показателя за год,2020,4.8
Курская область,15 лет и старше,процент,I квартал,2021-Q1,4.8
Курская область,15 лет и старше,процент,II квартал,2021-Q2,4.1
Курская область,15 лет и старше,процент,III квартал,2021-Q3,3.5
Курская область,15 лет и старше,процент,IV квартал,2021-Q4,3.5
Курская область,15 лет и старше,процент,значение показателя за год,2021,3.9
Курская область,15 лет и старше,процент,I квартал,2022-Q1,3.1
Курская область,15 лет и старше,процент,II квартал,2022-Q2,3.2
Курская область,15 лет и старше,процент,III квартал,2022-Q3,3.1
Курская область,15 лет и старше,процент,IV квартал,2022-Q4,2.3
Курская область,15 лет и старше,процент,значение показателя за год,2022,2.9
Курская область,15 лет и старше,процент,I квартал,2023-Q1,2.66
Курская область,15 лет и старше,процент,II квартал,2023-Q2,2.5
Курская область,15 лет и старше,процент,III квартал,2023-Q3,2.32
Курская область,15 лет и старше,процент,IV квартал,2023-Q4,2.1
Курская область,15 лет и старше,процент,значение показателя за год,2023,2.4
Курская область,15 лет и старше,процент,I квартал,2024-Q1,2.0
Курская область,15 лет и старше,процент,II квартал,2024-Q2,2.0
Курская область,15 лет и старше,процент,III квартал,2024-Q3,1.9
Курская область,15 лет и старше,процент,IV квартал,2024-Q4,1.7
Курская область,15 лет и старше,процент,значение показателя за год,2024,1.9
Курская область,15 лет и старше,процент,I квартал,2025-Q1,1.6
Курская область,15 лет и старше,процент,II квартал,2025-Q2,1.5
Курская область,15 лет и старше,процент,III квартал,2025-Q3,1.4
Курская область,15 лет и старше,процент,IV квартал,2025-Q4,1.3
Курская область,15 лет и старше,процент,значение показателя за год,2025,1.5
Курская область,15-72 лет,процент,I квартал,2013-Q1,5.6
Курская область,15-72 лет,процент,II квартал,2013-Q2,4.9
Курская область,15-72 лет,процент,III квартал,2013-Q3,4.1
Курская область,15-72 лет,процент,IV квартал,2013-Q4,4.0
Курская область,15-72 лет,процент,значение показателя за год,2013,4.6
Курская область,15-72 лет,процент,I квартал,2014-Q1,4.1
Курская область,15-72 лет,процент,II квартал,2014-Q2,3.9
Курская область,15-72 лет,процент,III квартал,2014-Q3,3.8
Курская область,15-72 лет,процент,IV квартал,2014-Q4,3.9
Курская область,15-72 лет,процент,значение показателя за год,2014,3.9
Курская область,15-72 лет,процент,I квартал,2015-Q1,4.2
Курская область,15-72 лет,процент,II квартал,2015-Q2,4.3
Курская область,15-72 лет,процент,III квартал,2015-Q3,4.1
Курская область,15-72 лет,процент,IV квартал,2015-Q4,4.2
Курская область,15-72 лет,процент,значение показателя за год,2015,4.2
Курская область,15-72 лет,процент,I квартал,2016-Q1,4.5
Курская область,15-72 лет,процент,II квартал,2016-Q2,4.4
Курская область,15-72 лет,процент,III квартал,2016-Q3,4.1
Курская область,15-72 лет,процент,IV квартал,2016-Q4,4.2
Курская область,15-72 лет,процент,значение показателя за год,2016,4.3
Курская область,15-72 лет,процент,I квартал,2017-Q1,4.5
Курская область,15-72 лет,процент,II квартал,2017-Q2,4.1
Курская область,15-72 лет,процент,III квартал,2017-Q3,3.8
Курская область,15-72 лет,процент,IV квартал,2017-Q4,4.0
Курская область,15-72 лет,процент,значение показателя за год,2017,4.1
Курская область,15-72 лет,процент,I квартал,2018-Q1,4.2
Курская область,15-72 лет,процент,II квартал,2018-Q2,3.9
Курская область,15-72 лет,процент,III квартал,2018-Q3,3.8
Курская область,15-72 лет,процент,IV квартал,2018-Q4,4.1
Курская область,15-72 лет,процент,значение показателя за год,2018,4.0
Курская область,15-72 лет,процент,I квартал,2019-Q1,4.3
Курская область,15-72 лет,процент,II квартал,2019-Q2,4.0
Курская область,15-72 лет,процент,III квартал,2019-Q3,3.6
Курская область,15-72 лет,процент,IV квартал,2019-Q4,3.8
Курская область,15-72 лет,процент,значение показателя за год,2019,3.9
Курская область,15-72 лет,процент,I квартал,2020-Q1,4.2
Курская область,15-72 лет,процент,II квартал,2020-Q2,5.7
Курская область,15-72 лет,процент,III квартал,2020-Q3,4.7
Курская область,15-72 лет,процент,IV квартал,2020-Q4,4.7
Курская область,15-72 лет,процент,значение показателя за год,2020,4.8
Курская область,15-72 лет,процент,I квартал,2021-Q1,4.8
Курская область,15-72 лет,процент,II квартал,2021-Q2,4.1
Курская область,15-72 лет,процент,III квартал,2021-Q3,3.5
Курская область,15-72 лет,процент,IV квартал,2021-Q4,3.5
Курская область,15-72 лет,процент,значение показателя за год,2021,3.9
Липецкая область,15 лет и старше,процент,I квартал,2017-Q1,4.3
Липецкая область,15 лет и старше,процент,II квартал,2017-Q2,4.0
Липецкая область,15 лет и старше,процент,III квартал,2017-Q3,3.5
Липецкая область,15 лет и старше,процент,IV квартал,2017-Q4,3.8
Липецкая область,15 лет и старше,процент,значение показателя за год,2017,3.9
Липецкая область,15 лет и старше,процент,I квартал,2018-Q1,4.1
Липецкая область,15 лет и старше,процент,II квартал,2018-Q2,3.7
Липецкая область,15 лет и старше,процент,III квартал,2018-Q3,3.7
Липецкая область,15 лет и старше,процент,IV квартал,2018-Q4,3.8
Липецкая область,15 лет и старше,процент,значение показателя за год,2018,3.8
Липецкая область,15 лет и старше,процент,I квартал,2019-Q1,4.0
Липецкая область,15 лет и старше,процент,II квартал,2019-Q2,3.8
Липецкая область,15 лет и старше,процент,III квартал,2019-Q3,3.6
Липецкая область,15 лет и старше,процент,IV квартал,2019-Q4,3.7
Липецкая область,15 лет и старше,процент,значение показателя за год,2019,3.8
Липецкая область,15 лет и старше,процент,I квартал,2020-Q1,3.9
Липецкая область,15 лет и старше,процент,II квартал,2020-Q2,4.4
Липецкая область,15 лет и старше,процент,III квартал,2020-Q3,4.3
Липецкая область,15 лет и старше,процент,IV квартал,2020-Q4,4.6
Липецкая область,15 лет и старше,процент,значение показателя за год,2020,4.3
Липецкая область,15 лет и старше,процент,I квартал,2021-Q1,5.0
Липецкая область,15 лет и старше,процент,II квартал,2021-Q2,4.4
Липецкая область,15 лет и старше,процент,III квартал,2021-Q3,3.8
Липецкая область,15 лет и старше,процент,IV квартал,2021-Q4,3.9
Липецкая область,15 лет и старше,процент,значение показателя за год,2021,4.3
Липецкая область,15 лет и старше,процент,I квартал,2022-Q1,4.1
Липецкая область,15 лет и старше,процент,II квартал,2022-Q2,3.6
Липецкая область,15 лет и старше,процент,III квартал,2022-Q3,3.3
Липецкая область,15 лет и старше,процент,IV квартал,2022-Q4,3.8
Липецкая область,15 лет и старше,процент,значение показателя за год,2022,3.7
Липецкая область,15 лет и старше,процент,I квартал,2023-Q1,3.6
Липецкая область,15 лет и старше,процент,II квартал,2023-Q2,2.8
Липецкая область,15 лет и старше,процент,III квартал,2023-Q3,2.53
Липецкая область,15 лет и старше,процент,IV квартал,2023-Q4,2.7
Липецкая область,15 лет и старше,процент,значение показателя за год,2023,2.9
Липецкая область,15 лет и старше,процент,I квартал,2024-Q1,2.4
Липецкая область,15 лет и старше,процент,II квартал,2024-Q2,2.0
Липецкая область,15 лет и старше,процент,III квартал,2024-Q3,2.1
Липецкая область,15 лет и старше,процент,IV квартал,2024-Q4,2.1
Липецкая область,15 лет и старше,процент,значение показателя за год,2024,2.1
Липецкая область,15 лет и старше,процент,I квартал,2025-Q1,2.0
Липецкая область,15 лет и старше,процент,II квартал,2025-Q2,1.8
Липецкая область,15 лет и старше,процент,III квартал,2025-Q3,1.6
Липецкая область,15 лет и старше,процент,IV квартал,2025-Q4,1.9
Липецкая область,15 лет и старше,процент,значение показателя за год,2025,1.8
Липецкая область,15-72 лет,процент,I квартал,2013-Q1,4.3
Липецкая область,15-72 лет,процент,II квартал,2013-Q2,3.3
Липецкая область,15-72 лет,процент,III квартал,2013-Q3,3.3
Липецкая область,15-72 лет,процент,IV квартал,2013-Q4,3.7
Липецкая область,15-72 лет,процент,значение показателя за год,2013,3.7
Липецкая область,15-72 лет,процент,I квартал,2014-Q1,4.5
Липецкая область,15-72 лет,процент,II квартал,2014-Q2,3.5
Липецкая область,15-72 лет,процент,III квартал,2014-Q3,3.0
Липецкая область,15-72 лет,процент,IV квартал,2014-Q4,3.7
Липецкая область,15-72 лет,процент,значение показателя за год,2014,3.7
Липецкая область,15-72 лет,процент,I квартал,2015-Q1,4.8
Липецкая область,15-72 лет,процент,II квартал,2015-Q2,4.1
Липецкая область,15-72 лет,процент,III квартал,2015-Q3,3.6
Липецкая область,15-72 лет,процент,IV квартал,2015-Q4,3.9
Липецкая область,15-72 лет,процент,значение показателя за год,2015,4.1
Липецкая область,15-72 лет,процент,I квартал,2016-Q1,4.7
Липецкая область,15-72 лет,процент,II квартал,2016-Q2,4.1
Липецкая область,15-72 лет,процент,III квартал,2016-Q3,3.4
Липецкая область,15-72 лет,процент,IV квартал,2016-Q4,3.7
Липецкая область,15-72 лет,процент,значение показателя за год,2016,4.0
Липецкая область,15-72 лет,процент,I квартал,2017-Q1,4.3
Липецкая область,15-72 лет,процент,II квартал,2017-Q2,4.0
Липецкая область,15-72 лет,процент,III квартал,2017-Q3,3.5
Липецкая область,15-72 лет,процент,IV квартал,2017-Q4,3.8
Липецкая область,15-72 лет,процент,значение показателя за год,2017,3.9
Липецкая область,15-72 лет,процент,I квартал,2018-Q1,4.1
Липецкая область,15-72 лет,процент,II квартал,2018-Q2,3.7
Липецкая область,15-72 лет,процент,III квартал,2018-Q3,3.6
Липецкая область,15-72 лет,процент,IV квартал,2018-Q4,3.9
Липецкая область,15-72 лет,процент,значение показателя за год,2018,3.8
Липецкая область,15-72 лет,процент,I квартал,2019-Q1,4.0
Липецкая область,15-72 лет,процент,II квартал,2019-Q2,3.8
Липецкая область,15-72 лет,процент,III квартал,2019-Q3,3.6
Липецкая область,15-72 лет,процент,IV квартал,2019-Q4,3.7
Липецкая область,15-72 лет,процент,значение показателя за год,2019,3.8
Липецкая область,15-72 лет,процент,I квартал,2020-Q1,3.9
Липецкая область,15-72 лет,процент,II квартал,2020-Q2,4.4
Липецкая область,15-72 лет,процент,III квартал,2020-Q3,4.3
Липецкая область,15-72 лет,процент,IV квартал,2020-Q4,4.6
Липецкая область,15-72 лет,процент,значение показателя за год,2020,4.3
Липецкая область,15-72 лет,процент,I квартал,2021-Q1,5.0
Липецкая область,15-72 лет,процент,II квартал,2021-Q2,4.4
Липецкая область,15-72 лет,процент,III квартал,2021-Q3,3.8
Липецкая область,15-72 лет,процент,IV квартал,2021-Q4,4.0
Липецкая область,15-72 лет,процент,значение показателя за год,2021,4.3
Московская область,15 лет и старше,процент,I квартал,2017-Q1,3.3
Московская область,15 лет и старше,процент,II квартал,2017-Q2,3.5
Московская область,15 лет и старше,процент,III квартал,2017-Q3,3.2
Московская область,15 лет и старше,процент,IV квартал,2017-Q4,2.9
Московская область,15 лет и старше,процент,значение показателя за год,2017,3.2
Московская область,15 лет и старше,процент,I квартал,2018-Q1,2.9
Московская область,15 лет и старше,процент,II квартал,2018-Q2,2.6
Московская область,15 лет и старше,процент,III квартал,2018-Q3,2.6
Московская область,15 лет и старше,процент,IV квартал,2018-Q4,2.6
Московская область,15 лет и старше,процент,значение показателя за год,2018,2.7
Московская область,15 лет и старше,процент,I квартал,2019-Q1,2.8
Московская область,15 лет и старше,процент,II квартал,2019-Q2,2.8
Московская область,15 лет и старше,процент,III квартал,2019-Q3,2.8
Московская область,15 лет и старше,процент,IV квартал,2019-Q4,2.7
Московская область,15 лет и старше,процент,значение показателя за год,2019,2.8
Московская область,15 лет и старше,процент,I квартал,2020-Q1,2.6
Московская область,15 лет и старше,процент,II квартал,2020-Q2,3.8
Московская область,15 лет и старше,процент,III квартал,2020-Q3,4.1
Московская область,15 лет и старше,процент,IV квартал,2020-Q4,4.1
Московская область,15 лет и старше,процент,значение показателя за год,2020,3.6
Московская область,15 лет и старше,процент,I квартал,2021-Q1,4.0
Московская область,15 лет и старше,процент,II квартал,2021-Q2,3.5
Московская область,15 лет и старше,процент,III квартал,2021-Q3,3.2
Московская область,15 лет и старше,процент,IV квартал,2021-Q4,3.1
Московская область,15 лет и старше,процент,значение показателя за год,2021,3.4
Московская область,15 лет и старше,процент,I квартал,2022-Q1,3.0
Московская область,15 лет и старше,процент,II квартал,2022-Q2,3.2
Московская область,15 лет и старше,процент,III квартал,2022-Q3,3.2
Московская область,15 лет и старше,процент,IV квартал,2022-Q4,3.2
Московская область,15 лет и старше,процент,значение показателя за год,2022,3.1
Московская область,15 лет и старше,процент,I квартал,2023-Q1,2.89
Московская область,15 лет и старше,процент,II квартал,2023-Q2,2.7
Московская область,15 лет и старше,процент,III квартал,2023-Q3,2.5
Московская область,15 лет и старше,процент,IV квартал,2023-Q4,2.5
Московская область,15 лет и старше,процент,значение показателя за год,2023,2.6
Московская область,15 лет и старше,процент,I квартал,2024-Q1,1.9
Московская область,15 лет и старше,процент,II квартал,2024-Q2,1.8
Московская область,15 лет и старше,процент,III квартал,2024-Q3,1.7
Московская область,15 лет и старше,процент,IV квартал,2024-Q4,1.6
Московская область,15 лет и старше,процент,значение показателя за год,2024,1.7
Московская область,15 лет и старше,процент,I квартал,2025-Q1,1.5
Московская область,15 лет и старше,процент,II квартал,2025-Q2,1.4
Московская область,15 лет и старше,процент,III квартал,2025-Q3,1.7
Московская область,15 лет и старше,процент,IV квартал,2025-Q4,2.0
Московская область,15 лет и старше,процент,значение показателя за год,2025,1.6
Московская область,15-72 лет,процент,I квартал,2013-Q1,2.9
Московская область,15-72 лет,процент,II квартал,2013-Q2,2.7
Московская область,15-72 лет,процент,III квартал,2013-Q3,2.7
Московская область,15-72 лет,процент,IV квартал,2013-Q4,2.8
Московская область,15-72 лет,процент,значение показателя за год,2013,2.8
Московская область,15-72 лет,процент,I квартал,2014-Q1,2.8
Московская область,15-72 лет,процент,II квартал,2014-Q2,2.7
Московская область,15-72 лет,процент,III квартал,2014-Q3,2.7
Московская область,15-72 лет,процент,IV квартал,2014-Q4,2.7
Московская область,15-72 лет,процент,значение показателя за год,2014,2.7
Московская область,15-72 лет,процент,I квартал,2015-Q1,3.1
Московская область,15-72 лет,процент,II квартал,2015-Q2,3.5
Московская область,15-72 лет,процент,III квартал,2015-Q3,3.2
Московская область,15-72 лет,процент,IV квартал,2015-Q4,3.3
Московская область,15-72 лет,процент,значение показателя за год,2015,3.3
Московская область,15-72 лет,процент,I квартал,2016-Q1,3.8
Московская область,15-72 лет,процент,II квартал,2016-Q2,3.4
Московская область,15-72 лет,процент,III квартал,2016-Q3,3.0
Московская область,15-72 лет,процент,IV квартал,2016-Q4,3.0
Московская область,15-72 лет,процент,значение показателя за год,2016,3.3
Московская область,15-72 лет,процент,I квартал,2017-Q1,3.4
Московская область,15-72 лет,процент,II квартал,2017-Q2,3.4
Московская область,15-72 лет,процент,III квартал,2017-Q3,3.2
Московская область,15-72 лет,процент,IV квартал,2017-Q4,2.9
Московская область,15-72 лет,процент,значение показателя за год,2017,3.2
Московская область,15-72 лет,процент,I квартал,2018-Q1,2.9
Московская область,15-72 лет,процент,II квартал,2018-Q2,2.6
Московская область,15-72 лет,процент,III квартал,2018-Q3,2.6
Московская область,15-72 лет,процент,IV квартал,2018-Q4,2.6
Московская область,15-72 лет,процент,значение показателя за год,2018,2.7
Московская область,15-72 лет,процент,I квартал,2019-Q1,2.8
Московская область,15-72 лет,процент,II квартал,2019-Q2,2.9
Московская область,15-72 лет,процент,III квартал,2019-Q3,2.8
Московская область,15-72 лет,процент,IV квартал,2019-Q4,2.7
Московская область,15-72 лет,процент,значение показателя за год,2019,2.8
Московская область,15-72 лет,процент,I квартал,2020-Q1,2.6
Московская область,15-72 лет,процент,II квартал,2020-Q2,3.8
Московская область,15-72 лет,процент,III квартал,2020-Q3,4.0
Московская область,15-72 лет,процент,IV квартал,2020-Q4,4.1
Московская область,15-72 лет,процент,значение показателя за год,2020,3.6
Московская область,15-72 лет,процент,I квартал,2021-Q1,3.9
Московская область,15-72 лет,процент,II квартал,2021-Q2,3.5
Московская область,15-72 лет,процент,III квартал,2021-Q3,3.1
Московская область,15-72 лет,процент,IV квартал,2021-Q4,3.1
Московская область,15-72 лет,процент,значение показателя за год,2021,3.4
Орловская область,15 лет и старше,процент,I квартал,2017-Q1,6.9
Орловская область,15 лет и старше,процент,II квартал,2017-Q2,7.0
Орловская область,15 лет и старше,процент,III квартал,2017-Q3,6.6
Орловская область,15 лет и старше,процент,IV квартал,2017-Q4,5.3
Орловская область,15 лет и старше,процент,значение показателя за год,2017,6.5
Орловская область,15 лет и старше,процент,I квартал,2018-Q1,4.7
Орловская область,15 лет и старше,процент,II квартал,2018-Q2,5.5
Орловская область,15 лет и старше,процент,III квартал,2018-Q3,4.8
Орловская область,15 лет и старше,процент,IV квартал,2018-Q4,4.7
Орловская область,15 лет и старше,процент,значение показателя за год,2018,4.9
Орловская область,15 лет и старше,процент,I квартал,2019-Q1,5.6
Орловская область,15 лет и старше,процент,II квартал,2019-Q2,4.0
Орловская область,15 лет и старше,процент,III квартал,2019-Q3,5.1
Орловская область,15 лет и старше,процент,IV квартал,2019-Q4,6.6
Орловская область,15 лет и старше,процент,значение показателя за год,2019,5.3
Орловская область,15 лет и старше,процент,I квартал,2020-Q1,4.7
Орловская область,15 лет и старше,процент,II квартал,2020-Q2,7.2
Орловская область,15 лет и старше,процент,III квартал,2020-Q3,6.0
Орловская область,15 лет и старше,процент,IV квартал,2020-Q4,6.3
Орловская область,15 лет и старше,процент,значение показателя за год,2020,6.1
Орловская область,15 лет и старше,процент,I квартал,2021-Q1,5.9
Орловская область,15 лет и старше,процент,II квартал,2021-Q2,4.1
Орловская область,15 лет и старше,процент,III квартал,2021-Q3,4.4
Орловская область,15 лет и старше,процент,IV квартал,2021-Q4,4.3
Орловская область,15 лет и старше,процент,значение показателя за год,2021,4.7
Орловская область,15 лет и старше,процент,I квартал,2022-Q1,3.7
Орловская область,15 лет и старше,процент,II квартал,2022-Q2,5.1
Орловская область,15 лет и старше,процент,III квартал,2022-Q3,3.6
Орловская область,15 лет и старше,процент,IV квартал,2022-Q4,3.5
Орловская область,15 лет и старше,процент,значение показателя за год,2022,4.0
Орловская область,15 лет и старше,процент,I квартал,2023-Q1,3.66
Орловская область,15 лет и старше,процент,II квартал,2023-Q2,3.1
Орловская область,15 лет и старше,процент,III квартал,2023-Q3,3.11
Орловская область,15 лет и старше,процент,IV квартал,2023-Q4,3.5
Орловская область,15 лет и старше,процент,значение показателя за год,2023,3.3
Орловская область,15 лет и старше,процент,I квартал,2024-Q1,3.2
Орловская область,15 лет и старше,процент,II квартал,2024-Q2,2.4
Орловская область,15 лет и старше,процент,III квартал,2024-Q3,2.3
Орловская область,15 лет и старше,процент,IV квартал,2024-Q4,2.4
Орловская область,15 лет и старше,процент,значение показателя за год,2024,2.6
Орловская область,15 лет и старше,процент,I квартал,2025-Q1,1.4
Орловская область,15 лет и старше,процент,II квартал,2025-Q2,1.4
Орловская область,15 лет и старше,процент,III квартал,2025-Q3,1.9
Орловская область,15 лет и старше,процент,IV квартал,2025-Q4,1.7
Орловская область,15 лет и старше,процент,значение показателя за год,2025,1.6
Орловская область,15-72 лет,процент,I квартал,2013-Q1,5.1
Орловская область,15-72 лет,процент,II квартал,2013-Q2,6.3
Орловская область,15-72 лет,процент,III квартал,2013-Q3,5.3
Орловская область,15-72 лет,процент,IV квартал,2013-Q4,6.6
Орловская область,15-72 лет,процент,значение показателя за год,2013,5.8
Орловская область,15-72 лет,процент,I квартал,2014-Q1,4.7
Орловская область,15-72 лет,процент,II квартал,2014-Q2,5.7
Орловская область,15-72 лет,процент,III квартал,2014-Q3,5.0
Орловская область,15-72 лет,процент,IV квартал,2014-Q4,5.3
Орловская область,15-72 лет,процент,значение показателя за год,2014,5.1
Орловская область,15-72 лет,процент,I квартал,2015-Q1,5.3
Орловская область,15-72 лет,процент,II квартал,2015-Q2,7.1
Орловская область,15-72 лет,процент,III квартал,2015-Q3,5.8
Орловская область,15-72 лет,процент,IV квартал,2015-Q4,6.5
Орловская область,15-72 лет,процент,значение показателя за год,2015,6.2
Орловская область,15-72 лет,процент,I квартал,2016-Q1,6.6
Орловская область,15-72 лет,процент,II квартал,2016-Q2,6.2
Орловская область,15-72 лет,процент,III квартал,2016-Q3,6.7
Орловская область,15-72 лет,процент,IV квартал,2016-Q4,6.3
Орловская область,15-72 лет,процент,значение показателя за год,2016,6.4
Орловская область,15-72 лет,процент,I квартал,2017-Q1,7.0
Орловская область,15-72 лет,процент,II квартал,2017-Q2,7.0
Орловская область,15-72 лет,процент,III квартал,2017-Q3,6.7
Орловская область,15-72 лет,процент,IV квартал,2017-Q4,5.3
Орловская область,15-72 лет,процент,значение показателя за год,2017,6.5
Орловская область,15-72 лет,процент,I квартал,2018-Q1,4.7
Орловская область,15-72 лет,процент,II квартал,2018-Q2,5.5
Орловская область,15-72 лет,процент,III квартал,2018-Q3,4.8
Орловская область,15-72 лет,процент,IV квартал,2018-Q4,4.7
Орловская область,15-72 лет,процент,значение показателя за год,2018,4.9
Орловская область,15-72 лет,процент,I квартал,2019-Q1,5.6
Орловская область,15-72 лет,процент,II квартал,2019-Q2,4.0
Орловская область,15-72 лет,процент,III квартал,2019-Q3,5.1
Орловская область,15-72 лет,процент,IV квартал,2019-Q4,6.6
Орловская область,15-72 лет,процент,значение показателя за год,2019,5.3
Орловская область,15-72 лет,процент,I квартал,2020-Q1,4.7
Орловская область,15-72 лет,процент,II квартал,2020-Q2,7.3
Орловская область,15-72 лет,процент,III квартал,2020-Q3,6.1
Орловская область,15-72 лет,процент,IV квартал,2020-Q4,6.3
Орловская область,15-72 лет,процент,значение показателя за год,2020,6.1
Орловская область,15-72 лет,процент,I квартал,2021-Q1,5.9
Орловская область,15-72 лет,процент,II квартал,2021-Q2,4.2
Орловская область,15-72 лет,процент,III квартал,2021-Q3,4.5
Орловская область,15-72 лет,процент,IV квартал,2021-Q4,4.3
Орловская область,15-72 лет,процент,значение показателя за год,2021,4.7
Рязанская область,15 лет и старше,процент,I квартал,2017-Q1,4.7
Рязанская область,15 лет и старше,процент,II квартал,2017-Q2,3.3
Рязанская область,15 лет и старше,процент,III квартал,2017-Q3,4.2
Рязанская область,15 лет и старше,процент,IV квартал,2017-Q4,4.0
Рязанская область,15 лет и старше,процент,значение показателя за год,2017,4.1
Рязанская область,15 лет и старше,процент,I квартал,2018-Q1,4.9
Рязанская область,15 лет и старше,процент,II квартал,2018-Q2,3.7
Рязанская область,15 лет и старше,процент,III квартал,2018-Q3,4.2
Рязанская область,15 лет и старше,процент,IV квартал,2018-Q4,3.8
Рязанская область,15 лет и старше,процент,значение показателя за год,2018,4.2
Рязанская область,15 лет и старше,процент,I квартал,2019-Q1,3.9
Рязанская область,15 лет и старше,процент,II квартал,2019-Q2,4.3
Рязанская область,15 лет и старше,процент,III квартал,2019-Q3,3.2
Рязанская область,15 лет и старше,процент,IV квартал,2019-Q4,4.3
Рязанская область,15 лет и старше,процент,значение показателя за год,2019,3.9
Рязанская область,15 лет и старше,процент,I квартал,2020-Q1,4.3
Рязанская область,15 лет и старше,процент,II квартал,2020-Q2,5.2
Рязанская область,15 лет и старше,процент,III квартал,2020-Q3,5.4
Рязанская область,15 лет и старше,процент,IV квартал,2020-Q4,6.4
Рязанская область,15 лет и старше,процент,значение показателя за год,2020,5.3
Рязанская область,15 лет и старше,процент,I квартал,2021-Q1,4.7
Рязанская область,15 лет и старше,процент,II квартал,2021-Q2,4.6
Рязанская область,15 лет и старше,процент,III квартал,2021-Q3,3.5
Рязанская область,15 лет и старше,процент,IV квартал,2021-Q4,3.0
Рязанская область,15 лет и старше,процент,значение показателя за год,2021,4.0
Рязанская область,15 лет и старше,процент,I квартал,2022-Q1,2.3
Рязанская область,15 лет и старше,процент,II квартал,2022-Q2,3.5
Рязанская область,15 лет и старше,процент,III квартал,2022-Q3,3.1
Рязанская область,15 лет и старше,процент,IV квартал,2022-Q4,2.6
Рязанская область,15 лет и старше,процент,значение показателя за год,2022,2.9
Рязанская область,15 лет и старше,процент,I квартал,2023-Q1,3.2
Рязанская область,15 лет и старше,процент,II квартал,2023-Q2,3.0
Рязанская область,15 лет и старше,процент,III квартал,2023-Q3,2.92
Рязанская область,15 лет и старше,процент,IV квартал,2023-Q4,2.6
Рязанская область,15 лет и старше,процент,значение показателя за год,2023,2.9
Рязанская область,15 лет и старше,процент,I квартал,2024-Q1,2.4
Рязанская область,15 лет и старше,процент,II квартал,2024-Q2,2.3
Рязанская область,15 лет и старше,процент,III квартал,2024-Q3,2.3
Рязанская область,15 лет и старше,процент,IV квартал,2024-Q4,2.2
Рязанская область,15 лет и старше,процент,значение показателя за год,2024,2.3
Рязанская область,15 лет и старше,процент,I квартал,2025-Q1,2.2
Рязанская область,15 лет и старше,процент,II квартал,2025-Q2,2.0
Рязанская область,15 лет и старше,процент,III квартал,2025-Q3,1.9
Рязанская область,15 лет и старше,процент,IV квартал,2025-Q4,1.8
Рязанская область,15 лет и старше,процент,значение показателя за год,2025,2.0
Рязанская область,15-72 лет,процент,I квартал,2013-Q1,5.6
Рязанская область,15-72 лет,процент,II квартал,2013-Q2,4.0
Рязанская область,15-72 лет,процент,III квартал,2013-Q3,4.3
Рязанская область,15-72 лет,процент,IV квартал,2013-Q4,4.8
Рязанская область,15-72 лет,процент,значение показателя за год,2013,4.7
Рязанская область,15-72 лет,процент,I квартал,2014-Q1,4.7
Рязанская область,15-72 лет,процент,II квартал,2014-Q2,3.9
Рязанская область,15-72 лет,процент,III квартал,2014-Q3,4.9
Рязанская область,15-72 лет,процент,IV квартал,2014-Q4,4.2
Рязанская область,15-72 лет,процент,значение показателя за год,2014,4.4
Рязанская область,15-72 лет,процент,I квартал,2015-Q1,5.1
Рязанская область,15-72 лет,процент,II квартал,2015-Q2,4.1
Рязанская область,15-72 лет,процент,III квартал,2015-Q3,4.5
Рязанская область,15-72 лет,процент,IV квартал,2015-Q4,4.9
Рязанская область,15-72 лет,процент,значение показателя за год,2015,4.7
Рязанская область,15-72 лет,процент,I квартал,2016-Q1,5.2
Рязанская область,15-72 лет,процент,II квартал,2016-Q2,4.4
Рязанская область,15-72 лет,процент,III квартал,2016-Q3,4.2
Рязанская область,15-72 лет,процент,IV квартал,2016-Q4,3.9
Рязанская область,15-72 лет,процент,значение показателя за год,2016,4.4
Рязанская область,15-72 лет,процент,I квартал,2017-Q1,4.7
Рязанская область,15-72 лет,процент,II квартал,2017-Q2,3.4
Рязанская область,15-72 лет,процент,III квартал,2017-Q3,4.2
Рязанская область,15-72 лет,процент,IV квартал,2017-Q4,4.1
Рязанская область,15-72 лет,процент,значение показателя за год,2017,4.1
Рязанская область,15-72 лет,процент,I квартал,2018-Q1,4.9
Рязанская область,15-72 лет,процент,II квартал,2018-Q2,3.8
Рязанская область,15-72 лет,процент,III квартал,2018-Q3,4.3
Рязанская область,15-72 лет,процент,IV квартал,2018-Q4,3.8
Рязанская область,15-72 лет,процент,значение показателя за год,2018,4.2
Рязанская область,15-72 лет,процент,I квартал,2019-Q1,3.9
Рязанская область,15-72 лет,процент,II квартал,2019-Q2,4.3
Рязанская область,15-72 лет,процент,III квартал,2019-Q3,3.2
Рязанская область,15-72 лет,процент,IV квартал,2019-Q4,4.3
Рязанская область,15-72 лет,процент,значение показателя за год,2019,3.9
Рязанская область,15-72 лет,процент,I квартал,2020-Q1,4.3
Рязанская область,15-72 лет,процент,II квартал,2020-Q2,5.3
Рязанская область,15-72 лет,процент,III квартал,2020-Q3,5.4
Рязанская область,15-72 лет,процент,IV квартал,2020-Q4,6.4
Рязанская область,15-72 лет,процент,значение показателя за год,2020,5.4
Рязанская область,15-72 лет,процент,I квартал,2021-Q1,4.7
Рязанская область,15-72 лет,процент,II квартал,2021-Q2,4.7
Рязанская область,15-72 лет,процент,III квартал,2021-Q3,3.6
Рязанская область,15-72 лет,процент,IV квартал,2021-Q4,3.0
Рязанская область,15-72 лет,процент,значение показателя за год,2021,4.0
Смоленская область,15 лет и старше,процент,I квартал,2017-Q1,6.1
Смоленская область,15 лет и старше,процент,II квартал,2017-Q2,5.8
Смоленская область,15 лет и старше,процент,III квартал,2017-Q3,5.7
Смоленская область,15 лет и старше,процент,IV квартал,2017-Q4,5.0
Смоленская область,15 лет и старше,процент,значение показателя за год,2017,5.6
Смоленская область,15 лет и старше,процент,I квартал,2018-Q1,6.1
Смоленская область,15 лет и старше,процент,II квартал,2018-Q2,4.7
Смоленская область,15 лет и старше,процент,III квартал,2018-Q3,5.0
Смоленская область,15 лет и старше,процент,IV квартал,2018-Q4,4.6
Смоленская область,15 лет и старше,процент,значение показателя за год,2018,5.1
Смоленская область,15 лет и старше,процент,I квартал,2019-Q1,5.8
Смоленская область,15 лет и старше,процент,II квартал,2019-Q2,5.3
Смоленская область,15 лет и старше,процент,III квартал,2019-Q3,4.7
Смоленская область,15 лет и старше,процент,IV квартал,2019-Q4,4.9
Смоленская область,15 лет и старше,процент,значение показателя за год,2019,5.2
Смоленская область,15 лет и старше,процент,I квартал,2020-Q1,4.8
Смоленская область,15 лет и старше,процент,II квартал,2020-Q2,5.3
Смоленская область,15 лет и старше,процент,III квартал,2020-Q3,5.5
Смоленская область,15 лет и старше,процент,IV квартал,2020-Q4,5.5
Смоленская область,15 лет и старше,процент,значение показателя за год,2020,5.3
Смоленская область,15 лет и старше,процент,I квартал,2021-Q1,5.6
Смоленская область,15 лет и старше,процент,II квартал,2021-Q2,5.2
Смоленская область,15 лет и старше,процент,III квартал,2021-Q3,4.9
Смоленская область,15 лет и старше,процент,IV квартал,2021-Q4,4.6
Смоленская область,15 лет и старше,процент,значение показателя за год,2021,5.1
Смоленская область,15 лет и старше,процент,I квартал,2022-Q1,4.0
Смоленская область,15 лет и старше,процент,II квартал,2022-Q2,3.4
Смоленская область,15 лет и старше,процент,III квартал,2022-Q3,3.3
Смоленская область,15 лет и старше,процент,IV квартал,2022-Q4,3.0
Смоленская область,15 лет и старше,процент,значение показателя за год,2022,3.4
Смоленская область,15 лет и старше,процент,I квартал,2023-Q1,3.19
Смоленская область,15 лет и старше,процент,II квартал,2023-Q2,3.1
Смоленская область,15 лет и старше,процент,III квартал,2023-Q3,2.81
Смоленская область,15 лет и старше,процент,IV квартал,2023-Q4,2.7
Смоленская область,15 лет и старше,процент,значение показателя за год,2023,3.0
Смоленская область,15 лет и старше,процент,I квартал,2024-Q1,2.8
Смоленская область,15 лет и старше,процент,II квартал,2024-Q2,2.8
Смоленская область,15 лет и старше,процент,III квартал,2024-Q3,2.8
Смоленская область,15 лет и старше,процент,IV квартал,2024-Q4,2.0
Смоленская область,15 лет и старше,процент,значение показателя за год,2024,2.6
Смоленская область,15 лет и старше,процент,I квартал,2025-Q1,2.3
Смоленская область,15 лет и старше,процент,II квартал,2025-Q2,2.3
Смоленская область,15 лет и старше,процент,III квартал,2025-Q3,2.1
Смоленская область,15 лет и старше,процент,IV квартал,2025-Q4,1.5
Смоленская область,15 лет и старше,процент,значение показателя за год,2025,2.0
Смоленская область,15-72 лет,процент,I квартал,2013-Q1,4.8
Смоленская область,15-72 лет,процент,II квартал,2013-Q2,5.5
Смоленская область,15-72 лет,процент,III квартал,2013-Q3,6.1
Смоленская область,15-72 лет,процент,IV квартал,2013-Q4,4.5
Смоленская область,15-72 лет,процент,значение показателя за год,2013,5.2
Смоленская область,15-72 лет,процент,I квартал,2014-Q1,5.7
Смоленская область,15-72 лет,процент,II квартал,2014-Q2,4.9
Смоленская область,15-72 лет,процент,III квартал,2014-Q3,5.1
Смоленская область,15-72 лет,процент,IV квартал,2014-Q4,4.6
Смоленская область,15-72 лет,процент,значение показателя за год,2014,5.1
Смоленская область,15-72 лет,процент,I квартал,2015-Q1,7.1
Смоленская область,15-72 лет,процент,II квартал,2015-Q2,6.4
Смоленская область,15-72 лет,процент,III квартал,2015-Q3,5.5
Смоленская область,15-72 лет,процент,IV квартал,2015-Q4,5.7
Смоленская область,15-72 лет,процент,значение показателя за год,2015,6.2
Смоленская область,15-72 лет,процент,I квартал,2016-Q1,7.3
Смоленская область,15-72 лет,процент,II квартал,2016-Q2,5.7
Смоленская область,15-72 лет,процент,III квартал,2016-Q3,6.0
Смоленская область,15-72 лет,процент,IV квартал,2016-Q4,5.1
Смоленская область,15-72 лет,процент,значение показателя за год,2016,6.0
Смоленская область,15-72 лет,процент,I квартал,2017-Q1,6.1
Смоленская область,15-72 лет,процент,II квартал,2017-Q2,5.8
Смоленская область,15-72 лет,процент,III квартал,2017-Q3,5.8
Смоленская область,15-72 лет,процент,IV квартал,2017-Q4,5.0
Смоленская область,15-72 лет,процент,значение показателя за год,2017,5.7
Смоленская область,15-72 лет,процент,I квартал,2018-Q1,6.2
Смоленская область,15-72 лет,процент,II квартал,2018-Q2,4.7
Смоленская область,15-72 лет,процент,III квартал,2018-Q3,5.0
Смоленская область,15-72 лет,процент,IV квартал,2018-Q4,4.7
Смоленская область,15-72 лет,процент,значение показателя за год,2018,5.1
Смоленская область,15-72 лет,процент,I квартал,2019-Q1,5.8
Смоленская область,15-72 лет,процент,II квартал,2019-Q2,5.4
Смоленская область,15-72 лет,процент,III квартал,2019-Q3,4.7
Смоленская область,15-72 лет,процент,IV квартал,2019-Q4,4.9
Смоленская область,15-72 лет,процент,значение показателя за год,2019,5.2
Смоленская область,15-72 лет,процент,I квартал,2020-Q1,4.8
Смоленская область,15-72 лет,процент,II квартал,2020-Q2,5.3
Смоленская область,15-72 лет,процент,III квартал,2020-Q3,5.4
Смоленская область,15-72 лет,процент,IV квартал,2020-Q4,5.5
Смоленская область,15-72 лет,процент,значение показателя за год,2020,5.3
Смоленская область,15-72 лет,процент,I квартал,2021-Q1,5.6
Смоленская область,15-72 лет,процент,II квартал,2021-Q2,5.2
Смоленская область,15-72 лет,процент,III квартал,2021-Q3,4.9
Смоленская область,15-72 лет,процент,IV квартал,2021-Q4,4.6
Смоленская область,15-72 лет,процент,значение показателя за год,2021,5.1
Тамбовская область,15 лет и старше,процент,I квартал,2017-Q1,4.7
Тамбовская область,15 лет и старше,процент,II квартал,2017-Q2,4.7
Тамбовская область,15 лет и старше,процент,III квартал,2017-Q3,3.9
Тамбовская область,15 лет и старше,процент,IV квартал,2017-Q4,4.1
Тамбовская область,15 лет и старше,процент,значение показателя за год,2017,4.4
Тамбовская область,15 лет и старше,процент,I квартал,2018-Q1,4.3
Тамбовская область,15 лет и старше,процент,II квартал,2018-Q2,4.1
Тамбовская область,15 лет и старше,процент,III квартал,2018-Q3,3.8
Тамбовская область,15 лет и старше,процент,IV квартал,2018-Q4,3.9
Тамбовская область,15 лет и старше,процент,значение показателя за год,2018,4.1
Тамбовская область,15 лет и старше,процент,I квартал,2019-Q1,4.1
Тамбовская область,15 лет и старше,процент,II квартал,2019-Q2,4.1
Тамбовская область,15 лет и старше,процент,III квартал,2019-Q3,3.7
Тамбовская область,15 лет и старше,процент,IV квартал,2019-Q4,3.8
Тамбовская область,15 лет и старше,процент,значение показателя за год,2019,3.9
Тамбовская область,15 лет и старше,процент,I квартал,2020-Q1,3.9
Тамбовская область,15 лет и старше,процент,II квартал,2020-Q2,4.8
Тамбовская область,15 лет и старше,процент,III квартал,2020-Q3,5.0
Тамбовская область,15 лет и старше,процент,IV квартал,2020-Q4,4.6
Тамбовская область,15 лет и старше,процент,значение показателя за год,2020,4.6
Тамбовская область,15 лет и старше,процент,I квартал,2021-Q1,4.4
Тамбовская область,15 лет и старше,процент,II квартал,2021-Q2,4.0
Тамбовская область,15 лет и старше,процент,III квартал,2021-Q3,3.7
Тамбовская область,15 лет и старше,процент,IV квартал,2021-Q4,3.7
Тамбовская область,15 лет и старше,процент,значение показателя за год,2021,4.0
Тамбовская область,15 лет и старше,процент,I квартал,2022-Q1,3.6
Тамбовская область,15 лет и старше,процент,II квартал,2022-Q2,2.9
Тамбовская область,15 лет и старше,процент,III квартал,2022-Q3,3.2
Тамбовская область,15 лет и старше,процент,IV квартал,2022-Q4,3.3
Тамбовская область,15 лет и старше,процент,значение показателя за год,2022,3.3
Тамбовская область,15 лет и старше,процент,I квартал,2023-Q1,3.53
Тамбовская область,15 лет и старше,процент,II квартал,2023-Q2,3.1
Тамбовская область,15 лет и старше,процент,III квартал,2023-Q3,2.91
Тамбовская область,15 лет и старше,процент,IV квартал,2023-Q4,2.8
Тамбовская область,15 лет и старше,процент,значение показателя за год,2023,3.1
Тамбовская область,15 лет и старше,процент,I квартал,2024-Q1,3.0
Тамбовская область,15 лет и старше,процент,II квартал,2024-Q2,2.5
Тамбовская область,15 лет и старше,процент,III квартал,2024-Q3,1.9
Тамбовская область,15 лет и старше,процент,IV квартал,2024-Q4,1.9
Тамбовская область,15 лет и старше,процент,значение показателя за год,2024,2.3
Тамбовская область,15 лет и старше,процент,I квартал,2025-Q1,1.9
Тамбовская область,15 лет и старше,процент,II квартал,2025-Q2,1.4
Тамбовская область,15 лет и старше,процент,III квартал,2025-Q3,1.6
Тамбовская область,15 лет и старше,процент,IV квартал,2025-Q4,1.4
Тамбовская область,15 лет и старше,процент,значение показателя за год,2025,1.6
Тамбовская область,15-72 лет,процент,I квартал,2013-Q1,4.9
Тамбовская область,15-72 лет,процент,II квартал,2013-Q2,4.4
Тамбовская область,15-72 лет,процент,III квартал,2013-Q3,4.3
Тамбовская область,15-72 лет,процент,IV квартал,2013-Q4,5.0
Тамбовская область,15-72 лет,процент,значение показателя за год,2013,4.6
Тамбовская область,15-72 лет,процент,I квартал,2014-Q1,4.6
Тамбовская область,15-72 лет,процент,II квартал,2014-Q2,4.5
Тамбовская область,15-72 лет,процент,III квартал,2014-Q3,3.7
Тамбовская область,15-72 лет,процент,IV квартал,2014-Q4,4.6
Тамбовская область,15-72 лет,процент,значение показателя за год,2014,4.3
Тамбовская область,15-72 лет,процент,I квартал,2015-Q1,4.6
Тамбовская область,15-72 лет,процент,II квартал,2015-Q2,4.9
Тамбовская область,15-72 лет,процент,III квартал,2015-Q3,4.4
Тамбовская область,15-72 лет,процент,IV квартал,2015-Q4,4.6
Тамбовская область,15-72 лет,процент,значение показателя за год,2015,4.6
Тамбовская область,15-72 лет,процент,I квартал,2016-Q1,4.5
Тамбовская область,15-72 лет,процент,II квартал,2016-Q2,4.8
Тамбовская область,15-72 лет,процент,III квартал,2016-Q3,4.4
Тамбовская область,15-72 лет,процент,IV квартал,2016-Q4,4.5
Тамбовская область,15-72 лет,процент,значение показателя за год,2016,4.5
Тамбовская область,15-72 лет,процент,I квартал,2017-Q1,4.7
Тамбовская область,15-72 лет,процент,II квартал,2017-Q2,4.7
Тамбовская область,15-72 лет,процент,III квартал,2017-Q3,3.9
Тамбовская область,15-72 лет,процент,IV квартал,2017-Q4,4.1
Тамбовская область,15-72 лет,процент,значение показателя за год,2017,4.4
Тамбовская область,15-72 лет,процент,I квартал,2018-Q1,4.3
Тамбовская область,15-72 лет,процент,II квартал,2018-Q2,4.1
Тамбовская область,15-72 лет,процент,III квартал,2018-Q3,3.9
Тамбовская область,15-72 лет,процент,IV квартал,2018-Q4,3.9
Тамбовская область,15-72 лет,процент,значение показателя за год,2018,4.1
Тамбовская область,15-72 лет,процент,I квартал,2019-Q1,4.1
Тамбовская область,15-72 лет,процент,II квартал,2019-Q2,4.1
Тамбовская область,15-72 лет,процент,III квартал,2019-Q3,3.7
Тамбовская область,15-72 лет,процент,IV квартал,2019-Q4,3.8
Тамбовская область,15-72 лет,процент,значение показателя за год,2019,3.9
Тамбовская область,15-72 лет,процент,I квартал,2020-Q1,3.9
Тамбовская область,15-72 лет,процент,II квартал,2020-Q2,4.8
Тамбовская область,15-72 лет,процент,III квартал,2020-Q3,5.0
Тамбовская область,15-72 лет,процент,IV квартал,2020-Q4,4.6
Тамбовская область,15-72 лет,процент,значение показателя за год,2020,4.6
Тамбовская область,15-72 лет,процент,I квартал,2021-Q1,4.4
Тамбовская область,15-72 лет,процент,II квартал,2021-Q2,4.0
Тамбовская область,15-72 лет,процент,III квартал,2021-Q3,3.7
Тамбовская область,15-72 лет,процент,IV квартал,2021-Q4,3.7
Тамбовская область,15-72 лет,процент,значение показателя за год,2021,4.0
Тверская область,15 лет и старше,процент,I квартал,2017-Q1,5.4
Тверская область,15 лет и старше,процент,II квартал,2017-Q2,4.8
Тверская область,15 лет и старше,процент,III квартал,2017-Q3,3.9
Тверская область,15 лет и старше,процент,IV квартал,2017-Q4,4.0
Тверская область,15 лет и старше,процент,значение показателя за год,2017,4.5
Тверская область,15 лет и старше,процент,I квартал,2018-Q1,4.3
Тверская область,15 лет и старше,процент,II квартал,2018-Q2,4.0
Тверская область,15 лет и старше,процент,III квартал,2018-Q3,3.8
Тверская область,15 лет и старше,процент,IV квартал,2018-Q4,4.1
Тверская область,15 лет и старше,процент,значение показателя за год,2018,4.1
Тверская область,15 лет и старше,процент,I квартал,2019-Q1,4.2
Тверская область,15 лет и старше,процент,II квартал,2019-Q2,4.0
Тверская область,15 лет и старше,процент,III квартал,2019-Q3,3.4
Тверская область,15 лет и старше,процент,IV квартал,2019-Q4,4.1
Тверская область,15 лет и старше,процент,значение показателя за год,2019,3.9
Тверская область,15 лет и старше,процент,I квартал,2020-Q1,4.1
Тверская область,15 лет и старше,процент,II квартал,2020-Q2,4.2
Тверская область,15 лет и старше,процент,III квартал,2020-Q3,4.5
Тверская область,15 лет и старше,процент,IV квартал,2020-Q4,4.8
Тверская область,15 лет и старше,процент,значение показателя за год,2020,4.4
Тверская область,15 лет и старше,процент,I квартал,2021-Q1,4.1
Тверская область,15 лет и старше,процент,II квартал,2021-Q2,3.7
Тверская область,15 лет и старше,процент,III квартал,2021-Q3,3.9
Тверская область,15 лет и старше,процент,IV квартал,2021-Q4,3.9
Тверская область,15 лет и старше,процент,значение показателя за год,2021,3.9
Тверская область,15 лет и старше,процент,I квартал,2022-Q1,3.7
Тверская область,15 лет и старше,процент,II квартал,2022-Q2,3.9
Тверская область,15 лет и старше,процент,III квартал,2022-Q3,3.7
Тверская область,15 лет и старше,процент,IV квартал,2022-Q4,3.7
Тверская область,15 лет и старше,процент,значение показателя за год,2022,3.7
Тверская область,15 лет и старше,процент,I квартал,2023-Q1,3.31
Тверская область,15 лет и старше,процент,II квартал,2023-Q2,3.3
Тверская область,15 лет и старше,процент,III квартал,2023-Q3,3.12
Тверская область,15 лет и старше,процент,IV квартал,2023-Q4,3.0
Тверская область,15 лет и старше,процент,значение показателя за год,2023,3.2
Тверская область,15 лет и старше,процент,I квартал,2024-Q1,2.9
Тверская область,15 лет и старше,процент,II квартал,2024-Q2,2.4
Тверская область,15 лет и старше,процент,III квартал,2024-Q3,2.4
Тверская область,15 лет и старше,процент,IV квартал,2024-Q4,2.4
Тверская область,15 лет и старше,процент,значение показателя за год,2024,2.5
Тверская область,15 лет и старше,процент,I квартал,2025-Q1,2.3
Тверская область,15 лет и старше,процент,II квартал,2025-Q2,2.0
Тверская область,15 лет и старше,процент,III квартал,2025-Q3,2.3
Тверская область,15 лет и старше,процент,IV квартал,2025-Q4,2.1
Тверская область,15 лет и старше,процент,значение показателя за год,2025,2.2
Тверская область,15-72 лет,процент,I квартал,2013-Q1,5.4
Тверская область,15-72 лет,процент,II квартал,2013-Q2,5.4
Тверская область,15-72 лет,процент,III квартал,2013-Q3,5.3
Тверская область,15-72 лет,процент,IV квартал,2013-Q4,5.3
Тверская область,15-72 лет,процент,значение показателя за год,2013,5.3
Тверская область,15-72 лет,процент,I квартал,2014-Q1,5.4
Тверская область,15-72 лет,процент,II квартал,2014-Q2,5.3
Тверская область,15-72 лет,процент,III квартал,2014-Q3,5.4
Тверская область,15-72 лет,процент,IV квартал,2014-Q4,5.3
Тверская область,15-72 лет,процент,значение показателя за год,2014,5.3
Тверская область,15-72 лет,процент,I квартал,2015-Q1,5.7
Тверская область,15-72 лет,процент,II квартал,2015-Q2,5.4
Тверская область,15-72 лет,процент,III квартал,2015-Q3,5.4
Тверская область,15-72 лет,процент,IV квартал,2015-Q4,5.8
Тверская область,15-72 лет,процент,значение показателя за год,2015,5.6
Тверская область,15-72 лет,процент,I квартал,2016-Q1,6.2
Тверская область,15-72 лет,процент,II квартал,2016-Q2,6.5
Тверская область,15-72 лет,процент,III квартал,2016-Q3,5.4
Тверская область,15-72 лет,процент,IV квартал,2016-Q4,5.1
Тверская область,15-72 лет,процент,значение показателя за год,2016,5.8
Тверская область,15-72 лет,процент,I квартал,2017-Q1,5.4
Тверская область,15-72 лет,процент,II квартал,2017-Q2,4.7
Тверская область,15-72 лет,процент,III квартал,2017-Q3,4.0
Тверская область,15-72 лет,процент,IV квартал,2017-Q4,4.0
Тверская область,15-72 лет,процент,значение показателя за год,2017,4.5
Тверская область,15-72 лет,процент,I квартал,2018-Q1,4.4
Тверская область,15-72 лет,процент,II квартал,2018-Q2,4.0
Тверская область,15-72 лет,процент,III квартал,2018-Q3,3.8
Тверская область,15-72 лет,процент,IV квартал,2018-Q4,4.1
Тверская область,15-72 лет,процент,значение показателя за год,2018,4.1
Тверская область,15-72 лет,процент,I квартал,2019-Q1,4.2
Тверская область,15-72 лет,процент,II квартал,2019-Q2,4.0
Тверская область,15-72 лет,процент,III квартал,2019-Q3,3.5
Тверская область,15-72 лет,процент,IV квартал,2019-Q4,4.1
Тверская область,15-72 лет,процент,значение показателя за год,2019,3.9
Тверская область,15-72 лет,процент,I квартал,2020-Q1,4.1
Тверская область,15-72 лет,процент,II квартал,2020-Q2,4.2
Тверская область,15-72 лет,процент,III квартал,2020-Q3,4.5
Тверская область,15-72 лет,процент,IV квартал,2020-Q4,4.8
Тверская область,15-72 лет,процент,значение показателя за год,2020,4.4
Тверская область,15-72 лет,процент,I квартал,2021-Q1,4.1
Тверская область,15-72 лет,процент,II квартал,2021-Q2,3.7
Тверская область,15-72 лет,процент,III квартал,2021-Q3,3.9
Тверская область,15-72 лет,процент,IV квартал,2021-Q4,3.9
Тверская область,15-72 лет,процент,значение показателя за год,2021,3.9
Тульская область,15 лет и старше,процент,I квартал,2017-Q1,4.1
Тульская область,15 лет и старше,процент,II квартал,2017-Q2,3.6
Тульская область,15 лет и старше,процент,III квартал,2017-Q3,3.6
Тульская область,15 лет и старше,процент,IV квартал,2017-Q4,4.1
Тульская область,15 лет и старше,процент,значение показателя за год,2017,3.8
Тульская область,15 лет и старше,процент,I квартал,2018-Q1,4.0
Тульская область,15 лет и старше,процент,II квартал,2018-Q2,3.6
Тульская область,15 лет и старше,процент,III квартал,2018-Q3,3.6
Тульская область,15 лет и старше,процент,IV квартал,2018-Q4,4.1
Тульская область,15 лет и старше,процент,значение показателя за год,2018,3.8
Тульская область,15 лет и старше,процент,I квартал,2019-Q1,3.8
Тульская область,15 лет и старше,процент,II квартал,2019-Q2,3.8
Тульская область,15 лет и старше,процент,III квартал,2019-Q3,3.6
Тульская область,15 лет и старше,процент,IV квартал,2019-Q4,3.8
Тульская область,15 лет и старше,процент,значение показателя за год,2019,3.8
Тульская область,15 лет и старше,процент,I квартал,2020-Q1,3.7
Тульская область,15 лет и старше,процент,II квартал,2020-Q2,4.4
Тульская область,15 лет и старше,процент,III квартал,2020-Q3,5.3
Тульская область,15 лет и старше,процент,IV квартал,2020-Q4,4.2
Тульская область,15 лет и старше,процент,значение показателя за год,2020,4.4
Тульская область,15 лет и старше,процент,I квартал,2021-Q1,4.1
Тульская область,15 лет и старше,процент,II квартал,2021-Q2,3.7
Тульская область,15 лет и старше,процент,III квартал,2021-Q3,3.5
Тульская область,15 лет и старше,процент,IV квартал,2021-Q4,3.8
Тульская область,15 лет и старше,процент,значение показателя за год,2021,3.8
Тульская область,15 лет и старше,процент,I квартал,2022-Q1,3.4
Тульская область,15 лет и старше,процент,II квартал,2022-Q2,3.6
Тульская область,15 лет и старше,процент,III квартал,2022-Q3,3.7
Тульская область,15 лет и старше,процент,IV квартал,2022-Q4,3.6
Тульская область,15 лет и старше,процент,значение показателя за год,2022,3.6
Тульская область,15 лет и старше,процент,I квартал,2023-Q1,3.25
Тульская область,15 лет и старше,процент,II квартал,2023-Q2,2.8
Тульская область,15 лет и старше,процент,III квартал,2023-Q3,2.37
Тульская область,15 лет и старше,процент,IV квартал,2023-Q4,2.5
Тульская область,15 лет и старше,процент,значение показателя за год,2023,2.7
Тульская область,15 лет и старше,процент,I квартал,2024-Q1,2.3
Тульская область,15 лет и старше,процент,II квартал,2024-Q2,2.1
Тульская область,15 лет и старше,процент,III квартал,2024-Q3,1.9
Тульская область,15 лет и старше,процент,IV квартал,2024-Q4,2.1
Тульская область,15 лет и старше,процент,значение показателя за год,2024,2.1
Тульская область,15 лет и старше,процент,I квартал,2025-Q1,1.9
Тульская область,15 лет и старше,процент,II квартал,2025-Q2,1.7
Тульская область,15 лет и старше,процент,III квартал,2025-Q3,1.2
Тульская область,15 лет и старше,процент,IV квартал,2025-Q4,1.3
Тульская область,15 лет и старше,процент,значение показателя за год,2025,1.5
Тульская область,15-72 лет,процент,I квартал,2013-Q1,4.5
Тульская область,15-72 лет,процент,II квартал,2013-Q2,3.7
Тульская область,15-72 лет,процент,III квартал,2013-Q3,3.8
Тульская область,15-72 лет,процент,IV квартал,2013-Q4,4.8
Тульская область,15-72 лет,процент,значение показателя за год,2013,4.2
Тульская область,15-72 лет,процент,I квартал,2014-Q1,4.6
Тульская область,15-72 лет,процент,II квартал,2014-Q2,3.8
Тульская область,15-72 лет,процент,III квартал,2014-Q3,3.9
Тульская область,15-72 лет,процент,IV квартал,2014-Q4,4.2
Тульская область,15-72 лет,процент,значение показателя за год,2014,4.1
Тульская область,15-72 лет,процент,I квартал,2015-Q1,4.5
Тульская область,15-72 лет,процент,II квартал,2015-Q2,4.3
Тульская область,15-72 лет,процент,III квартал,2015-Q3,4.1
Тульская область,15-72 лет,процент,IV квартал,2015-Q4,3.7
Тульская область,15-72 лет,процент,значение показателя за год,2015,4.1
Тульская область,15-72 лет,процент,I квартал,2016-Q1,4.4
Тульская область,15-72 лет,процент,II квартал,2016-Q2,4.1
Тульская область,15-72 лет,процент,III квартал,2016-Q3,4.0
Тульская область,15-72 лет,процент,IV квартал,2016-Q4,3.8
Тульская область,15-72 лет,процент,значение показателя за год,2016,4.1
Тульская область,15-72 лет,процент,I квартал,2017-Q1,4.1
Тульская область,15-72 лет,процент,II квартал,2017-Q2,3.6
Тульская область,15-72 лет,процент,III квартал,2017-Q3,3.6
Тульская область,15-72 лет,процент,IV квартал,2017-Q4,4.1
Тульская область,15-72 лет,процент,значение показателя за год,2017,3.8
Тульская область,15-72 лет,процент,I квартал,2018-Q1,4.0
Тульская область,15-72 лет,процент,II квартал,2018-Q2,3.6
Тульская область,15-72 лет,процент,III квартал,2018-Q3,3.6
Тульская область,15-72 лет,процент,IV квартал,2018-Q4,4.1
Тульская область,15-72 лет,процент,значение показателя за год,2018,3.9
Тульская область,15-72 лет,процент,I квартал,2019-Q1,3.8
Тульская область,15-72 лет,процент,II квартал,2019-Q2,3.8
Тульская область,15-72 лет,процент,III квартал,2019-Q3,3.6
Тульская область,15-72 лет,процент,IV квартал,2019-Q4,3.8
Тульская область,15-72 лет,процент,значение показателя за год,2019,3.8
Тульская область,15-72 лет,процент,I квартал,2020-Q1,3.8
Тульская область,15-72 лет,процент,II квартал,2020-Q2,4.4
Тульская область,15-72 лет,процент,III квартал,2020-Q3,5.3
Тульская область,15-72 лет,процент,IV квартал,2020-Q4,4.2
Тульская область,15-72 лет,процент,значение показателя за год,2020,4.4
Тульская область,15-72 лет,процент,I квартал,2021-Q1,4.1
Тульская область,15-72 лет,процент,II квартал,2021-Q2,3.7
Тульская область,15-72 лет,процент,III квартал,2021-Q3,3.6
Тульская область,15-72 лет,процент,IV квартал,2021-Q4,3.8
Тульская область,15-72 лет,процент,значение показателя за год,2021,3.8
Ярославская область,15 лет и старше,процент,I квартал,2017-Q1,7.2
Ярославская область,15 лет и старше,процент,II квартал,2017-Q2,6.6
Ярославская область,15 лет и старше,процент,III квартал,2017-Q3,4.9
Ярославская область,15 лет и старше,процент,IV квартал,2017-Q4,7.6
Ярославская область,15 лет и старше,процент,значение показателя за год,2017,6.6
Ярославская область,15 лет и старше,процент,I квартал,2018-Q1,5.2
Ярославская область,15 лет и старше,процент,II квартал,2018-Q2,6.7
Ярославская область,15 лет и старше,процент,III квартал,2018-Q3,4.1
Ярославская область,15 лет и старше,процент,IV квартал,2018-Q4,6.0
Ярославская область,15 лет и старше,процент,значение показателя за год,2018,5.5
Ярославская область,15 лет и старше,процент,I квартал,2019-Q1,6.9
Ярославская область,15 лет и старше,процент,II квартал,2019-Q2,5.4
Ярославская область,15 лет и старше,процент,III квартал,2019-Q3,4.4
Ярославская область,15 лет и старше,процент,IV квартал,2019-Q4,4.8
Ярославская область,15 лет и старше,процент,значение показателя за год,2019,5.4
Ярославская область,15 лет и старше,процент,I квартал,2020-Q1,5.3
Ярославская область,15 лет и старше,процент,II квартал,2020-Q2,8.4
Ярославская область,15 лет и старше,процент,III квартал,2020-Q3,8.2
Ярославская область,15 лет и старше,процент,IV квартал,2020-Q4,7.3
Ярославская область,15 лет и старше,процент,значение показателя за год,2020,7.3
Ярославская область,15 лет и старше,процент,I квартал,2021-Q1,6.5
Ярославская область,15 лет и старше,процент,II квартал,2021-Q2,5.8
Ярославская область,15 лет и старше,процент,III квартал,2021-Q3,6.0
Ярославская область,15 лет и старше,процент,IV квартал,2021-Q4,5.4
Ярославская область,15 лет и старше,процент,значение показателя за год,2021,5.9
Ярославская область,15 лет и старше,процент,I квартал,2022-Q1,4.8
Ярославская область,15 лет и старше,процент,II квартал,2022-Q2,5.5
Ярославская область,15 лет и старше,процент,III квартал,2022-Q3,4.9
Ярославская область,15 лет и старше,процент,IV квартал,2022-Q4,4.8
Ярославская область,15 лет и старше,процент,значение показателя за год,2022,5.0
Ярославская область,15 лет и старше,процент,I квартал,2023-Q1,4.22
Ярославская область,15 лет и старше,процент,II квартал,2023-Q2,3.7
Ярославская область,15 лет и старше,процент,III квартал,2023-Q3,3.87
Ярославская область,15 лет и старше,процент,IV квартал,2023-Q4,3.4
Ярославская область,15 лет и старше,процент,значение показателя за год,2023,3.8
Ярославская область,15 лет и старше,процент,I квартал,2024-Q1,3.4
Ярославская область,15 лет и старше,процент,II квартал,2024-Q2,3.5
Ярославская область,15 лет и старше,процент,III квартал,2024-Q3,3.0
Ярославская область,15 лет и старше,процент,IV квартал,2024-Q4,2.6
Ярославская область,15 лет и старше,процент,значение показателя за год,2024,3.1
Ярославская область,15 лет и старше,процент,I квартал,2025-Q1,2.9
Ярославская область,15 лет и старше,процент,II квартал,2025-Q2,2.5
Ярославская область,15 лет и старше,процент,III квартал,2025-Q3,2.8
Ярославская область,15 лет и старше,процент,IV квартал,2025-Q4,2.8
Ярославская область,15 лет и старше,процент,значение показателя за год,2025,2.7
Ярославская область,15-72 лет,процент,I квартал,2013-Q1,5.5
Ярославская область,15-72 лет,процент,II квартал,2013-Q2,4.5
Ярославская область,15-72 лет,процент,III квартал,2013-Q3,4.4
Ярославская область,15-72 лет,процент,IV квартал,2013-Q4,3.4
Ярославская область,15-72 лет,процент,значение показателя за год,2013,4.5
Ярославская область,15-72 лет,процент,I квартал,2014-Q1,3.5
Ярославская область,15-72 лет,процент,II квартал,2014-Q2,4.0
Ярославская область,15-72 лет,процент,III квартал,2014-Q3,3.7
Ярославская область,15-72 лет,процент,IV квартал,2014-Q4,3.9
Ярославская область,15-72 лет,процент,значение показателя за год,2014,3.8
Ярославская область,15-72 лет,процент,I квартал,2015-Q1,4.9
Ярославская область,15-72 лет,процент,II квартал,2015-Q2,5.8
Ярославская область,15-72 лет,процент,III квартал,2015-Q3,5.0
Ярославская область,15-72 лет,процент,IV квартал,2015-Q4,5.6
Ярославская область,15-72 лет,процент,значение показателя за год,2015,5.3
Ярославская область,15-72 лет,процент,I квартал,2016-Q1,7.4
Ярославская область,15-72 лет,процент,II квартал,2016-Q2,7.0
Ярославская область,15-72 лет,процент,III квартал,2016-Q3,5.5
Ярославская область,15-72 лет,процент,IV квартал,2016-Q4,6.8
Ярославская область,15-72 лет,процент,значение показателя за год,2016,6.7
Ярославская область,15-72 лет,процент,I квартал,2017-Q1,7.3
Ярославская область,15-72 лет,процент,II квартал,2017-Q2,6.6
Ярославская область,15-72 лет,процент,III квартал,2017-Q3,4.9
Ярославская область,15-72 лет,процент,IV квартал,2017-Q4,7.6
Ярославская область,15-72 лет,процент,значение показателя за год,2017,6.6
Ярославская область,15-72 лет,процент,I квартал,2018-Q1,5.2
Ярославская область,15-72 лет,процент,II квартал,2018-Q2,6.7
Ярославская область,15-72 лет,процент,III квартал,2018-Q3,4.1
Ярославская область,15-72 лет,процент,IV квартал,2018-Q4,6.1
Ярославская область,15-72 лет,процент,значение показателя за год,2018,5.5
Ярославская область,15-72 лет,процент,I квартал,2019-Q1,7.0
Ярославская область,15-72 лет,процент,II квартал,2019-Q2,5.4
Ярославская область,15-72 лет,процент,III квартал,2019-Q3,4.4
Ярославская область,15-72 лет,процент,IV квартал,2019-Q4,4.9
Ярославская область,15-72 лет,процент,значение показателя за год,2019,5.4
Ярославская область,15-72 лет,процент,I квартал,2020-Q1,5.3
Ярославская область,15-72 лет,процент,II квартал,2020-Q2,8.4
Ярославская область,15-72 лет,процент,III квартал,2020-Q3,8.2
Ярославская область,15-72 лет,процент,IV квартал,2020-Q4,7.3
Ярославская область,15-72 лет,процент,значение показателя за год,2020,7.3
Ярославская область,15-72 лет,процент,I квартал,2021-Q1,6.5
Ярославская область,15-72 лет,процент,II квартал,2021-Q2,5.9
Ярославская область,15-72 лет,процент,III квартал,2021-Q3,6.0
Ярославская область,15-72 лет,процент,IV квартал,2021-Q4,5.4
Ярославская область,15-72 лет,процент,значение показателя за год,2021,5.9
Город Москва столица Российской Федерации город федерального значения,15 лет и старше,процент,I квартал,2017-Q1,1.6
Город Москва столица Российской Федерации город федерального значения,15 лет и старше,процент,II квартал,2017-Q2,1.4
Город Москва столица Российской Федерации город федерального значения,15 лет и старше,процент,III квартал,2017-Q3,1.3
Город Москва столица Российской Федерации город федерального значения,15 лет и старше,процент,IV квартал,2017-Q4,1.3
Город Москва столица Российской Федерации город федерального значения,15 лет и старше,процент,значение показателя за год,2017,1.4
Город Москва столица Российской Федерации город федерального значения,15 лет и старше,процент,I квартал,2018-Q1,1.3
Город Москва столица Российской Федерации город федерального значения,15 лет и старше,процент,II квартал,2018-Q2,1.3
Город Москва столица Российской Федерации город федерального значения,15 лет и старше,процент,III квартал,2018-Q3,1.3
Город Москва столица Российской Федерации город федерального значения,15 лет и старше,процент,IV квартал,2018-Q4,1.3
Город Москва столица Российской Федерации город федерального значения,15 лет и старше,процент,значение показателя за год,2018,1.3
Город Москва столица Российской Федерации город федерального значения,15 лет и старше,процент,I квартал,2019-Q1,1.3
Город Москва столица Российской Федерации город федерального значения,15 лет и старше,процент,II квартал,2019-Q2,1.4
Город Москва столица Российской Федерации город федерального значения,15 лет и старше,процент,III квартал,2019-Q3,1.5
Город Москва столица Российской Федерации город федерального значения,15 лет и старше,процент,IV квартал,2019-Q4,1.6
Город Москва столица Российской Федерации город федерального значения,15 лет и старше,процент,значение показателя за год,2019,1.5
Город Москва столица Российской Федерации город федерального значения,15 лет и старше,процент,I квартал,2020-Q1,1.7
Город Москва столица Российской Федерации город федерального значения,15 лет и старше,процент,II квартал,2020-Q2,2.1
Город Москва столица Российской Федерации город федерального значения,15 лет и старше,процент,III квартал,2020-Q3,3.5
Город Москва столица Российской Федерации город федерального значения,15 лет и старше,процент,IV квартал,2020-Q4,3.8
Город Москва столица Российской Федерации город федерального значения,15 лет и старше,процент,значение показателя за год,2020,2.8
Город Москва столица Российской Федерации город федерального значения,15 лет и старше,процент,I квартал,2021-Q1,3.2
Город Москва столица Российской Федерации город федерального значения,15 лет и старше,процент,II квартал,2021-Q2,2.9
Город Москва столица Российской Федерации город федерального значения,15 лет и старше,процент,III квартал,2021-Q3,2.6
Город Москва столица Российской Федерации город федерального значения,15 лет и старше,процент,IV квартал,2021-Q4,2.4
Город Москва столица Российской Федерации город федерального значения,15 лет и старше,процент,значение показателя за год,2021,2.7
Город Москва столица Российской Федерации город федерального значения,15 лет и старше,процент,I квартал,2022-Q1,2.2
Город Москва столица Российской Федерации город федерального значения,15 лет и старше,процент,II квартал,2022-Q2,2.3
Город Москва столица Российской Федерации город федерального значения,15 лет и старше,процент,III квартал,2022-Q3,2.4
Город Москва столица Российской Федерации город федерального значения,15 лет и старше,процент,IV квартал,2022-Q4,2.3
Город Москва столица Российской Федерации город федерального значения,15 лет и старше,процент,значение показателя за год,2022,2.3
Город Москва столица Российской Федерации город федерального значения,15 лет и старше,процент,I квартал,2023-Q1,2.02
Город Москва столица Российской Федерации город федерального значения,15 лет и старше,процент,II квартал,2023-Q2,1.9
Город Москва столица Российской Федерации город федерального значения,15 лет и старше,процент,III квартал,2023-Q3,1.72
Город Москва столица Российской Федерации город федерального значения,15 лет и старше,процент,IV квартал,2023-Q4,1.7
Город Москва столица Российской Федерации город федерального значения,15 лет и старше,процент,значение показателя за год,2023,1.8
Город Москва столица Российской Федерации город федерального значения,15 лет и старше,процент,I квартал,2024-Q1,1.1
Город Москва столица Российской Федерации город федерального значения,15 лет и старше,процент,II квартал,2024-Q2,1.0
Город Москва столица Российской Федерации город федерального значения,15 лет и старше,процент,III квартал,2024-Q3,0.9
Город Москва столица Российской Федерации город федерального значения,15 лет и старше,процент,IV квартал,2024-Q4,0.9
Город Москва столица Российской Федерации город федерального значения,15 лет и старше,процент,значение показателя за год,2024,1.0
Город Москва столица Российской Федерации город федерального значения,15 лет и старше,процент,I квартал,2025-Q1,1.0
Город Москва столица Российской Федерации город федерального значения,15 лет и старше,процент,II квартал,2025-Q2,0.8
Город Москва столица Российской Федерации город федерального значения,15 лет и старше,процент,III квартал,2025-Q3,0.7
Город Москва столица Российской Федерации город федерального значения,15 лет и старше,процент,IV квартал,2025-Q4,0.8
Город Москва столица Российской Федерации город федерального значения,15 лет и старше,процент,значение показателя за год,2025,0.8
Город Москва столица Российской Федерации город федерального значения,15-72 лет,процент,I квартал,2013-Q1,1.6
Город Москва столица Российской Федерации город федерального значения,15-72 лет,процент,II квартал,2013-Q2,1.5
Город Москва столица Российской Федерации город федерального значения,15-72 лет,процент,III квартал,2013-Q3,1.7
Город Москва столица Российской Федерации город федерального значения,15-72 лет,процент,IV квартал,2013-Q4,2.0
Город Москва столица Российской Федерации город федерального значения,15-72 лет,процент,значение показателя за год,2013,1.7
Город Москва столица Российской Федерации город федерального значения,15-72 лет,процент,I квартал,2014-Q1,1.6
Город Москва столица Российской Федерации город федерального значения,15-72 лет,процент,II квартал,2014-Q2,1.5
Город Москва столица Российской Федерации город федерального значения,15-72 лет,процент,III квартал,2014-Q3,1.4
Город Москва столица Российской Федерации город федерального значения,15-72 лет,процент,IV квартал,2014-Q4,1.4
Город Москва столица Российской Федерации город федерального значения,15-72 лет,процент,значение показателя за год,2014,1.5
Город Москва столица Российской Федерации город федерального значения,15-72 лет,процент,I квартал,2015-Q1,1.6
Город Москва столица Российской Федерации город федерального значения,15-72 лет,процент,II квартал,2015-Q2,1.9
Город Москва столица Российской Федерации город федерального значения,15-72 лет,процент,III квартал,2015-Q3,1.9
Город Москва столица Российской Федерации город федерального значения,15-72 лет,процент,IV квартал,2015-Q4,1.8
Город Москва столица Российской Федерации город федерального значения,15-72 лет,процент,значение показателя за год,2015,1.8
Город Москва столица Российской Федерации город федерального значения,15-72 лет,процент,I квартал,2016-Q1,1.8
Город Москва столица Российской Федерации город федерального значения,15-72 лет,процент,II квартал,2016-Q2,1.8
Город Москва столица Российской Федерации город федерального значения,15-72 лет,процент,III квартал,2016-Q3,1.8
Город Москва столица Российской Федерации город федерального значения,15-72 лет,процент,IV квартал,2016-Q4,1.7
Город Москва столица Российской Федерации город федерального значения,15-72 лет,процент,значение показателя за год,2016,1.8
Город Москва столица Российской Федерации город федерального значения,15-72 лет,процент,I квартал,2017-Q1,1.6
Город Москва столица Российской Федерации город федерального значения,15-72 лет,процент,II квартал,2017-Q2,1.4
Город Москва столица Российской Федерации город федерального значения,15-72 лет,процент,III квартал,2017-Q3,1.3
Город Москва столица Российской Федерации город федерального значения,15-72 лет,процент,IV квартал,2017-Q4,1.3
Город Москва столица Российской Федерации город федерального значения,15-72 лет,процент,значение показателя за год,2017,1.4
Город Москва столица Российской Федерации город федерального значения,15-72 лет,процент,I квартал,2018-Q1,1.3
Город Москва столица Российской Федерации город федерального значения,15-72 лет,процент,II квартал,2018-Q2,1.3
Город Москва столица Российской Федерации город федерального значения,15-72 лет,процент,III квартал,2018-Q3,1.3
Город Москва столица Российской Федерации город федерального значения,15-72 лет,процент,IV квартал,2018-Q4,1.3
Город Москва столица Российской Федерации город федерального значения,15-72 лет,процент,значение показателя за год,2018,1.3
Город Москва столица Российской Федерации город федерального значения,15-72 лет,процент,I квартал,2019-Q1,1.3
Город Москва столица Российской Федерации город федерального значения,15-72 лет,процент,II квартал,2019-Q2,1.4
Город Москва столица Российской Федерации город федерального значения,15-72 лет,процент,III квартал,2019-Q3,1.5
Город Москва столица Российской Федерации город федерального значения,15-72 лет,процент,IV квартал,2019-Q4,1.6
Город Москва столица Российской Федерации город федерального значения,15-72 лет,процент,значение показателя за год,2019,1.5
Город Москва столица Российской Федерации город федерального значения,15-72 лет,процент,I квартал,2020-Q1,1.7
Город Москва столица Российской Федерации город федерального значения,15-72 лет,процент,II квартал,2020-Q2,2.1
Город Москва столица Российской Федерации город федерального значения,15-72 лет,процент,III квартал,2020-Q3,3.5
Город Москва столица Российской Федерации город федерального значения,15-72 лет,процент,IV квартал,2020-Q4,3.8
Город Москва столица Российской Федерации город федерального значения,15-72 лет,процент,значение показателя за год,2020,2.8
Город Москва столица Российской Федерации город федерального значения,15-72 лет,процент,I квартал,2021-Q1,3.2
Город Москва столица Российской Федерации город федерального значения,15-72 лет,процент,II квартал,2021-Q2,2.9
Город Москва столица Российской Федерации город федерального значения,15-72 лет,процент,III квартал,2021-Q3,2.6
Город Москва столица Российской Федерации город федерального значения,15-72 лет,процент,IV квартал,2021-Q4,2.3
Город Москва столица Российской Федерации город федерального значения,15-72 лет,процент,значение показателя за год,2021,2.7
Северо-Западный федеральный округ,15 лет и старше,процент,I квартал,2017-Q1,4.2
Северо-Западный федеральный округ,15 лет и старше,процент,II квартал,2017-Q2,4.0
Северо-Западный федеральный округ,15 лет и старше,процент,III квартал,2017-Q3,4.2
Северо-Западный федеральный округ,15 лет и старше,процент,IV квартал,2017-Q4,4.3
Северо-Западный федеральный округ,15 лет и старше,процент,значение показателя за год,2017,4.2
Северо-Западный федеральный округ,15 лет и старше,процент,I квартал,2018-Q1,4.1
Северо-Западный федеральный округ,15 лет и старше,процент,II квартал,2018-Q2,3.9
Северо-Западный федеральный округ,15 лет и старше,процент,III квартал,2018-Q3,3.7
Северо-Западный федеральный округ,15 лет и старше,процент,IV квартал,2018-Q4,3.9
Северо-Западный федеральный округ,15 лет и старше,процент,значение показателя за год,2018,3.9
Северо-Западный федеральный округ,15 лет и старше,процент,I квартал,2019-Q1,3.7
Северо-Западный федеральный округ,15 лет и старше,процент,II квартал,2019-Q2,3.4
Северо-Западный федеральный округ,15 лет и старше,процент,III квартал,2019-Q3,3.3
Северо-Западный федеральный округ,15 лет и старше,процент,IV квартал,2019-Q4,3.6
Северо-Западный федеральный округ,15 лет и старше,процент,значение показателя за год,2019,3.5
Северо-Западный федеральный округ,15 лет и старше,процент,I квартал,2020-Q1,3.6
Северо-Западный федеральный округ,15 лет и старше,процент,II квартал,2020-Q2,4.9
Северо-Западный федеральный округ,15 лет и старше,процент,III квартал,2020-Q3,5.9
Северо-Западный федеральный округ,15 лет и старше,процент,IV квартал,2020-Q4,5.5
Северо-Западный федеральный округ,15 лет и старше,процент,значение показателя за год,2020,5.0
Северо-Западный федеральный округ,15 лет и старше,процент,I квартал,2021-Q1,4.7
Северо-Западный федеральный округ,15 лет и старше,процент,II квартал,2021-Q2,4.0
Северо-Западный федеральный округ,15 лет и старше,процент,III квартал,2021-Q3,3.5
Северо-Западный федеральный округ,15 лет и старше,процент,IV квартал,2021-Q4,3.4
Северо-Западный федеральный округ,15 лет и старше,процент,значение показателя за год,2021,3.9
Северо-Западный федеральный округ,15 лет и старше,процент,I квартал,2022-Q1,3.0
Северо-Западный федеральный округ,15 лет и старше,процент,II квартал,2022-Q2,3.0
Северо-Западный федеральный округ,15 лет и старше,процент,III квартал,2022-Q3,3.6
Северо-Западный федеральный округ,15 лет и старше,процент,IV квартал,2022-Q4,3.3
Северо-Западный федеральный округ,15 лет и старше,процент,значение показателя за год,2022,3.2
Северо-Западный федеральный округ,15 лет и старше,процент,I квартал,2023-Q1,2.98
Северо-Западный федеральный округ,15 лет и старше,процент,II квартал,2023-Q2,2.6
Северо-Западный федеральный округ,15 лет и старше,процент,III квартал,2023-Q3,2.61
Северо-Западный федеральный округ,15 лет и старше,процент,IV квартал,2023-Q4,2.5
Северо-Западный федеральный округ,15 лет и старше,процент,значение показателя за год,2023,2.7
Северо-Западный федеральный округ,15 лет и старше,процент,I квартал,2024-Q1,2.5
Северо-Западный федеральный округ,15 лет и старше,процент,II квартал,2024-Q2,2.2
Северо-Западный федеральный округ,15 лет и старше,процент,III квартал,2024-Q3,2.1
Северо-Западный федеральный округ,15 лет и старше,процент,IV квартал,2024-Q4,2.0
Северо-Западный федеральный округ,15 лет и старше,процент,значение показателя за год,2024,2.2
Северо-Западный федеральный округ,15 лет и старше,процент,I квартал,2025-Q1,2.0
Северо-Западный федеральный округ,15 лет и старше,процент,II квартал,2025-Q2,2.0
Северо-Западный федеральный округ,15 лет и старше,процент,III квартал,2025-Q3,2.0
Северо-Западный федеральный округ,15 лет и старше,процент,IV квартал,2025-Q4,2.0
Северо-Западный федеральный округ,15 лет и старше,процент,значение показателя за год,2025,2.0
Северо-Западный федеральный округ,15-72 лет,процент,I квартал,2013-Q1,4.4
Северо-Западный федеральный округ,15-72 лет,процент,II квартал,2013-Q2,3.8
Северо-Западный федеральный округ,15-72 лет,процент,III квартал,2013-Q3,4.1
Северо-Западный федеральный округ,15-72 лет,процент,IV квартал,2013-Q4,4.8
Северо-Западный федеральный округ,15-72 лет,процент,значение показателя за год,2013,4.3
Северо-Западный федеральный округ,15-72 лет,процент,I квартал,2014-Q1,4.7
Северо-Западный федеральный округ,15-72 лет,процент,II квартал,2014-Q2,3.9
Северо-Западный федеральный округ,15-72 лет,процент,III квартал,2014-Q3,3.8
Северо-Западный федеральный округ,15-72 лет,процент,IV квартал,2014-Q4,4.0
Северо-Западный федеральный округ,15-72 лет,процент,значение показателя за год,2014,4.1
Северо-Западный федеральный округ,15-72 лет,процент,I квартал,2015-Q1,4.8
Северо-Западный федеральный округ,15-72 лет,процент,II квартал,2015-Q2,4.7
Северо-Западный федеральный округ,15-72 лет,процент,III квартал,2015-Q3,4.5
Северо-Западный федеральный округ,15-72 лет,процент,IV квартал,2015-Q4,4.8
Северо-Западный федеральный округ,15-72 лет,процент,значение показателя за год,2015,4.7
Северо-Западный федеральный округ,15-72 лет,процент,I квартал,2016-Q1,4.9
Северо-Западный федеральный округ,15-72 лет,процент,II квартал,2016-Q2,4.7
Северо-Западный федеральный округ,15-72 лет,процент,III квартал,2016-Q3,4.4
Северо-Западный федеральный округ,15-72 лет,процент,IV квартал,2016-Q4,4.2
Северо-Западный федеральный округ,15-72 лет,процент,значение показателя за год,2016,4.6
Северо-Западный федеральный округ,15-72 лет,процент,I квартал,2017-Q1,4.2
Северо-Западный федеральный округ,15-72 лет,процент,II квартал,2017-Q2,4.0
Северо-Западный федеральный округ,15-72 лет,процент,III квартал,2017-Q3,4.2
Северо-Западный федеральный округ,15-72 лет,процент,IV квартал,2017-Q4,4.3
Северо-Западный федеральный округ,15-72 лет,процент,значение показателя за год,2017,4.2
Северо-Западный федеральный округ,15-72 лет,процент,I квартал,2018-Q1,4.1
Северо-Западный федеральный округ,15-72 лет,процент,II квартал,2018-Q2,3.9
Северо-Западный федеральный округ,15-72 лет,процент,III квартал,2018-Q3,3.7
Северо-Западный федеральный округ,15-72 лет,процент,IV квартал,2018-Q4,3.9
Северо-Западный федеральный округ,15-72 лет,процент,значение показателя за год,2018,3.9
Северо-Западный федеральный округ,15-72 лет,процент,I квартал,2019-Q1,3.7
Северо-Западный федеральный округ,15-72 лет,процент,II квартал,2019-Q2,3.5
Северо-Западный федеральный округ,15-72 лет,процент,III квартал,2019-Q3,3.3
Северо-Западный федеральный округ,15-72 лет,процент,IV квартал,2019-Q4,3.6
Северо-Западный федеральный округ,15-72 лет,процент,значение показателя за год,2019,3.5
Северо-Западный федеральный округ,15-72 лет,процент,I квартал,2020-Q1,3.6
Северо-Западный федеральный округ,15-72 лет,процент,II квартал,2020-Q2,4.9
Северо-Западный федеральный округ,15-72 лет,процент,III квартал,2020-Q3,5.9
Северо-Западный федеральный округ,15-72 лет,процент,IV квартал,2020-Q4,5.5
Северо-Западный федеральный округ,15-72 лет,процент,значение показателя за год,2020,5.0
Северо-Западный федеральный округ,15-72 лет,процент,I квартал,2021-Q1,4.7
Северо-Западный федеральный округ,15-72 лет,процент,II квартал,2021-Q2,4.0
Северо-Западный федеральный округ,15-72 лет,процент,III квартал,2021-Q3,3.5
Северо-Западный федеральный округ,15-72 лет,процент,IV квартал,2021-Q4,3.4
Северо-Западный федеральный округ,15-72 лет,процент,значение показателя за год,2021,3.9
Республика Карелия,15 лет и старше,процент,I квартал,2017-Q1,8.8
Республика Карелия,15 лет и старше,процент,II квартал,2017-Q2,7.5
Республика Карелия,15 лет и старше,процент,III квартал,2017-Q3,8.7
Республика Карелия,15 лет и старше,процент,IV квартал,2017-Q4,9.3
Республика Карелия,15 лет и старше,процент,значение показателя за год,2017,8.6
Республика Карелия,15 лет и старше,процент,I квартал,2018-Q1,9.6
Республика Карелия,15 лет и старше,процент,II квартал,2018-Q2,8.5
Республика Карелия,15 лет и старше,процент,III квартал,2018-Q3,8.0
Республика Карелия,15 лет и старше,процент,IV квартал,2018-Q4,8.6
Республика Карелия,15 лет и старше,процент,значение показателя за год,2018,8.7
Республика Карелия,15 лет и старше,процент,I квартал,2019-Q1,7.3
Республика Карелия,15 лет и старше,процент,II квартал,2019-Q2,7.6
Республика Карелия,15 лет и старше,процент,III квартал,2019-Q3,7.4
Республика Карелия,15 лет и старше,процент,IV квартал,2019-Q4,7.1
Республика Карелия,15 лет и старше,процент,значение показателя за год,2019,7.4
Республика Карелия,15 лет и старше,процент,I квартал,2020-Q1,7.5
Республика Карелия,15 лет и старше,процент,II квартал,2020-Q2,9.3
Республика Карелия,15 лет и старше,процент,III квартал,2020-Q3,9.1
Республика Карелия,15 лет и старше,процент,IV квартал,2020-Q4,8.8
Республика Карелия,15 лет и старше,процент,значение показателя за год,2020,8.7
Республика Карелия,15 лет и старше,процент,I квартал,2021-Q1,7.9
Республика Карелия,15 лет и старше,процент,II квартал,2021-Q2,6.8
Республика Карелия,15 лет и старше,процент,III квартал,2021-Q3,5.8
Республика Карелия,15 лет и старше,процент,IV квартал,2021-Q4,6.2
Республика Карелия,15 лет и старше,процент,значение показателя за год,2021,6.7
Республика Карелия,15 лет и старше,процент,I квартал,2022-Q1,6.2
Республика Карелия,15 лет и старше,процент,II квартал,2022-Q2,5.8
Республика Карелия,15 лет и старше,процент,III квартал,2022-Q3,5.4
Республика Карелия,15 лет и старше,процент,IV квартал,2022-Q4,6.0
Республика Карелия,15 лет и старше,процент,значение показателя за год,2022,5.8
Республика Карелия,15 лет и старше,процент,I квартал,2023-Q1,5.74
Республика Карелия,15 лет и старше,процент,II квартал,2023-Q2,5.3
Республика Карелия,15 лет и старше,процент,III квартал,2023-Q3,5.12
Республика Карелия,15 лет и старше,процент,IV квартал,2023-Q4,5.2
Республика Карелия,15 лет и старше,процент,значение показателя за год,2023,5.3
Республика Карелия,15 лет и старше,процент,I квартал,2024-Q1,4.7
Республика Карелия,15 лет и старше,процент,II квартал,2024-Q2,4.2
Республика Карелия,15 лет и старше,процент,III квартал,2024-Q3,3.9
Республика Карелия,15 лет и старше,процент,IV квартал,2024-Q4,3.8
Республика Карелия,15 лет и старше,процент,значение показателя за год,2024,4.1
Республика Карелия,15 лет и старше,процент,I квартал,2025-Q1,3.2
Республика Карелия,15 лет и старше,процент,II квартал,2025-Q2,2.9
Республика Карелия,15 лет и старше,процент,III квартал,2025-Q3,2.9
Республика Карелия,15 лет и старше,процент,IV квартал,2025-Q4,2.8
Республика Карелия,15 лет и старше,процент,значение показателя за год,2025,3.0
Республика Карелия,15-72 лет,процент,I квартал,2013-Q1,8.3
Республика Карелия,15-72 лет,процент,II квартал,2013-Q2,8.1
Республика Карелия,15-72 лет,процент,III квартал,2013-Q3,7.9
Республика Карелия,15-72 лет,процент,IV квартал,2013-Q4,8.5
Республика Карелия,15-72 лет,процент,значение показателя за год,2013,8.2
Республика Карелия,15-72 лет,процент,I квартал,2014-Q1,8.5
Республика Карелия,15-72 лет,процент,II квартал,2014-Q2,6.7
Республика Карелия,15-72 лет,процент,III квартал,2014-Q3,8.8
Республика Карелия,15-72 лет,процент,IV квартал,2014-Q4,8.4
Республика Карелия,15-72 лет,процент,значение показателя за год,2014,8.1
Республика Карелия,15-72 лет,процент,I квартал,2015-Q1,9.2
Республика Карелия,15-72 лет,процент,II квартал,2015-Q2,8.1
Республика Карелия,15-72 лет,процент,III квартал,2015-Q3,9.1
Республика Карелия,15-72 лет,процент,IV квартал,2015-Q4,8.6
Республика Карелия,15-72 лет,процент,значение показателя за год,2015,8.8
Республика Карелия,15-72 лет,процент,I квартал,2016-Q1,9.5
Республика Карелия,15-72 лет,процент,II квартал,2016-Q2,9.8
Республика Карелия,15-72 лет,процент,III квартал,2016-Q3,8.6
Республика Карелия,15-72 лет,процент,IV квартал,2016-Q4,9.0
Республика Карелия,15-72 лет,процент,значение показателя за год,2016,9.2
Республика Карелия,15-72 лет,процент,I квартал,2017-Q1,8.8
Республика Карелия,15-72 лет,процент,II квартал,2017-Q2,7.6
Республика Карелия,15-72 лет,процент,III квартал,2017-Q3,8.7
Республика Карелия,15-72 лет,процент,IV квартал,2017-Q4,9.3
Республика Карелия,15-72 лет,процент,значение показателя за год,2017,8.6
Республика Карелия,15-72 лет,процент,I квартал,2018-Q1,9.6
Республика Карелия,15-72 лет,процент,II квартал,2018-Q2,8.5
Республика Карелия,15-72 лет,процент,III квартал,2018-Q3,8.1
Республика Карелия,15-72 лет,процент,IV квартал,2018-Q4,8.6
Республика Карелия,15-72 лет,процент,значение показателя за год,2018,8.7
Республика Карелия,15-72 лет,процент,I квартал,2019-Q1,7.3
Республика Карелия,15-72 лет,процент,II квартал,2019-Q2,7.6
Республика Карелия,15-72 лет,процент,III квартал,2019-Q3,7.4
Республика Карелия,15-72 лет,процент,IV квартал,2019-Q4,7.1
Республика Карелия,15-72 лет,процент,значение показателя за год,2019,7.4
Республика Карелия,15-72 лет,процент,I квартал,2020-Q1,7.5
Республика Карелия,15-72 лет,процент,II квартал,2020-Q2,9.3
Республика Карелия,15-72 лет,процент,III квартал,2020-Q3,9.2
Республика Карелия,15-72 лет,процент,IV квартал,2020-Q4,8.8
Республика Карелия,15-72 лет,процент,значение показателя за год,2020,8.7
Республика Карелия,15-72 лет,процент,I квартал,2021-Q1,7.9
Республика Карелия,15-72 лет,процент,II квартал,2021-Q2,6.8
Республика Карелия,15-72 лет,процент,III квартал,2021-Q3,5.9
Республика Карелия,15-72 лет,процент,IV квартал,2021-Q4,6.3
Республика Карелия,15-72 лет,процент,значение показателя за год,2021,6.7
Республика Коми,15 лет и старше,процент,I квартал,2017-Q1,8.8
Республика Коми,15 лет и старше,процент,II квартал,2017-Q2,6.8
Республика Коми,15 лет и старше,процент,III квартал,2017-Q3,8.0
Республика Коми,15 лет и старше,процент,IV квартал,2017-Q4,7.8
Республика Коми,15 лет и старше,процент,значение показателя за год,2017,7.8
Республика Коми,15 лет и старше,процент,I квартал,2018-Q1,7.9
Республика Коми,15 лет и старше,процент,II квартал,2018-Q2,6.5
Республика Коми,15 лет и старше,процент,III квартал,2018-Q3,7.7
Республика Коми,15 лет и старше,процент,IV квартал,2018-Q4,7.2
Республика Коми,15 лет и старше,процент,значение показателя за год,2018,7.3
Республика Коми,15 лет и старше,процент,I квартал,2019-Q1,6.4
Республика Коми,15 лет и старше,процент,II квартал,2019-Q2,7.3
Республика Коми,15 лет и старше,процент,III квартал,2019-Q3,5.6
Республика Коми,15 лет и старше,процент,IV квартал,2019-Q4,7.7
Республика Коми,15 лет и старше,процент,значение показателя за год,2019,6.8
Республика Коми,15 лет и старше,процент,I квартал,2020-Q1,7.1
Республика Коми,15 лет и старше,процент,II квартал,2020-Q2,8.3
Республика Коми,15 лет и старше,процент,III квартал,2020-Q3,7.8
Республика Коми,15 лет и старше,процент,IV квартал,2020-Q4,7.5
Республика Коми,15 лет и старше,процент,значение показателя за год,2020,7.7
Республика Коми,15 лет и старше,процент,I квартал,2021-Q1,7.0
Республика Коми,15 лет и старше,процент,II квартал,2021-Q2,6.9
Республика Коми,15 лет и старше,процент,III квартал,2021-Q3,6.5
Республика Коми,15 лет и старше,процент,IV квартал,2021-Q4,7.6
Республика Коми,15 лет и старше,процент,значение показателя за год,2021,7.0
Республика Коми,15 лет и старше,процент,I квартал,2022-Q1,7.2
Республика Коми,15 лет и старше,процент,II квартал,2022-Q2,6.9
Республика Коми,15 лет и старше,процент,III квартал,2022-Q3,5.9
Республика Коми,15 лет и старше,процент,IV квартал,2022-Q4,6.5
Республика Коми,15 лет и старше,процент,значение показателя за год,2022,6.6
Республика Коми,15 лет и старше,процент,I квартал,2023-Q1,6.73
Республика Коми,15 лет и старше,процент,II квартал,2023-Q2,3.4
Республика Коми,15 лет и старше,процент,III квартал,2023-Q3,4.67
Республика Коми,15 лет и старше,процент,IV квартал,2023-Q4,4.0
Республика Коми,15 лет и старше,процент,значение показателя за год,2023,4.7
Республика Коми,15 лет и старше,процент,I квартал,2024-Q1,4.9
Республика Коми,15 лет и старше,процент,II квартал,2024-Q2,3.3
Республика Коми,15 лет и старше,процент,III квартал,2024-Q3,3.4
Республика Коми,15 лет и старше,процент,IV квартал,2024-Q4,3.1
Республика Коми,15 лет и старше,процент,значение показателя за год,2024,3.7
Республика Коми,15 лет и старше,процент,I квартал,2025-Q1,4.2
Республика Коми,15 лет и старше,процент,II квартал,2025-Q2,2.9
Республика Коми,15 лет и старше,процент,III квартал,2025-Q3,2.4
Республика Коми,15 лет и старше,процент,IV квартал,2025-Q4,3.3
Республика Коми,15 лет и старше,процент,значение показателя за год,2025,3.2
Республика Коми,15-72 лет,процент,I квартал,2013-Q1,8.1
Республика Коми,15-72 лет,процент,II квартал,2013-Q2,6.2
Республика Коми,15-72 лет,процент,III квартал,2013-Q3,6.7
Республика Коми,15-72 лет,процент,IV квартал,2013-Q4,7.2
Республика Коми,15-72 лет,процент,значение показателя за год,2013,7.1
Республика Коми,15-72 лет,процент,I квартал,2014-Q1,5.8
Республика Коми,15-72 лет,процент,II квартал,2014-Q2,7.0
Республика Коми,15-72 лет,процент,III квартал,2014-Q3,6.5
Республика Коми,15-72 лет,процент,IV квартал,2014-Q4,4.9
Республика Коми,15-72 лет,процент,значение показателя за год,2014,6.0
Республика Коми,15-72 лет,процент,I квартал,2015-Q1,7.2
Республика Коми,15-72 лет,процент,II квартал,2015-Q2,6.1
Республика Коми,15-72 лет,процент,III квартал,2015-Q3,6.4
Республика Коми,15-72 лет,процент,IV квартал,2015-Q4,8.2
Республика Коми,15-72 лет,процент,значение показателя за год,2015,7.0
Республика Коми,15-72 лет,процент,I квартал,2016-Q1,8.8
Республика Коми,15-72 лет,процент,II квартал,2016-Q2,9.2
Республика Коми,15-72 лет,процент,III квартал,2016-Q3,9.1
Республика Коми,15-72 лет,процент,IV квартал,2016-Q4,7.6
Республика Коми,15-72 лет,процент,значение показателя за год,2016,8.7
Республика Коми,15-72 лет,процент,I квартал,2017-Q1,8.8
Республика Коми,15-72 лет,процент,II квартал,2017-Q2,6.8
Республика Коми,15-72 лет,процент,III квартал,2017-Q3,8.0
Республика Коми,15-72 лет,процент,IV квартал,2017-Q4,7.8
Республика Коми,15-72 лет,процент,значение показателя за год,2017,7.8
Республика Коми,15-72 лет,процент,I квартал,2018-Q1,8.0
Республика Коми,15-72 лет,процент,II квартал,2018-Q2,6.5
Республика Коми,15-72 лет,процент,III квартал,2018-Q3,7.7
Республика Коми,15-72 лет,процент,IV квартал,2018-Q4,7.2
Республика Коми,15-72 лет,процент,значение показателя за год,2018,7.4
Республика Коми,15-72 лет,процент,I квартал,2019-Q1,6.5
Республика Коми,15-72 лет,процент,II квартал,2019-Q2,7.3
Республика Коми,15-72 лет,процент,III квартал,2019-Q3,5.6
Республика Коми,15-72 лет,процент,IV квартал,2019-Q4,7.7
Республика Коми,15-72 лет,процент,значение показателя за год,2019,6.8
Республика Коми,15-72 лет,процент,I квартал,2020-Q1,7.1
Республика Коми,15-72 лет,процент,II квартал,2020-Q2,8.3
Республика Коми,15-72 лет,процент,III квартал,2020-Q3,7.8
Республика Коми,15-72 лет,процент,IV квартал,2020-Q4,7.5
Республика Коми,15-72 лет,процент,значение показателя за год,2020,7.7
Республика Коми,15-72 лет,процент,I квартал,2021-Q1,7.0
Республика Коми,15-72 лет,процент,II квартал,2021-Q2,6.9
Республика Коми,15-72 лет,процент,III квартал,2021-Q3,6.5
Республика Коми,15-72 лет,процент,IV квартал,2021-Q4,7.6
Республика Коми,15-72 лет,процент,значение показателя за год,2021,7.0
Архангельская область,15 лет и старше,процент,I квартал,2017-Q1,6.6
Архангельская область,15 лет и старше,процент,II квартал,2017-Q2,6.1
Архангельская область,15 лет и старше,процент,III квартал,2017-Q3,6.2
Архангельская область,15 лет и старше,процент,IV квартал,2017-Q4,6.7
Архангельская область,15 лет и старше,процент,значение показателя за год,2017,6.4
Архангельская область,15 лет и старше,процент,I квартал,2018-Q1,6.8
Архангельская область,15 лет и старше,процент,II квартал,2018-Q2,6.3
Архангельская область,15 лет и старше,процент,III квартал,2018-Q3,6.3
Архангельская область,15 лет и старше,процент,IV квартал,2018-Q4,6.4
Архангельская область,15 лет и старше,процент,значение показателя за год,2018,6.4
Архангельская область,15 лет и старше,процент,I квартал,2019-Q1,6.3
Архангельская область,15 лет и старше,процент,II квартал,2019-Q2,6.4
Архангельская область,15 лет и старше,процент,III квартал,2019-Q3,6.2
Архангельская область,15 лет и старше,процент,IV квартал,2019-Q4,6.3
Архангельская область,15 лет и старше,процент,значение показателя за год,2019,6.3
Архангельская область,15 лет и старше,процент,I квартал,2020-Q1,6.2
Архангельская область,15 лет и старше,процент,II квартал,2020-Q2,7.7
Архангельская область,15 лет и старше,процент,III квартал,2020-Q3,7.9
Архангельская область,15 лет и старше,процент,IV квартал,2020-Q4,7.2
Архангельская область,15 лет и старше,процент,значение показателя за год,2020,7.3
Архангельская область,15 лет и старше,процент,I квартал,2021-Q1,6.8
Архангельская область,15 лет и старше,процент,II квартал,2021-Q2,6.5
Архангельская область,15 лет и старше,процент,III квартал,2021-Q3,6.3
Архангельская область,15 лет и старше,процент,IV квартал,2021-Q4,6.3
Архангельская область,15 лет и старше,процент,значение показателя за год,2021,6.5
Архангельская область,15 лет и старше,процент,I квартал,2022-Q1,5.5
Архангельская область,15 лет и старше,процент,II квартал,2022-Q2,5.5
Архангельская область,15 лет и старше,процент,III квартал,2022-Q3,5.6
Архангельская область,15 лет и старше,процент,IV квартал,2022-Q4,5.6
Архангельская область,15 лет и старше,процент,значение показателя за год,2022,5.5
Архангельская область,15 лет и старше,процент,I квартал,2023-Q1,5.65
Архангельская область,15 лет и старше,процент,II квартал,2023-Q2,5.7
Архангельская область,15 лет и старше,процент,III квартал,2023-Q3,5.68
Архангельская область,15 лет и старше,процент,IV квартал,2023-Q4,5.3
Архангельская область,15 лет и старше,процент,значение показателя за год,2023,5.6
Архангельская область,15 лет и старше,процент,I квартал,2024-Q1,4.4
Архангельская область,15 лет и старше,процент,II квартал,2024-Q2,1.9
Архангельская область,15 лет и старше,процент,III квартал,2024-Q3,2.7
Архангельская область,15 лет и старше,процент,IV квартал,2024-Q4,2.0
Архангельская область,15 лет и старше,процент,значение показателя за год,2024,2.8
Архангельская область,15 лет и старше,процент,I квартал,2025-Q1,2.4
Архангельская область,15 лет и старше,процент,II квартал,2025-Q2,2.6
Архангельская область,15 лет и старше,процент,III квартал,2025-Q3,2.9
Архангельская область,15 лет и старше,процент,IV квартал,2025-Q4,2.8
Архангельская область,15 лет и старше,процент,значение показателя за год,2025,2.7
Архангельская область,15-72 лет,процент,I квартал,2013-Q1,5.4
Архангельская область,15-72 лет,процент,II квартал,2013-Q2,5.6
Архангельская область,15-72 лет,процент,III квартал,2013-Q3,6.1
Архангельская область,15-72 лет,процент,IV квартал,2013-Q4,7.2
Архангельская область,15-72 лет,процент,значение показателя за год,2013,6.1
Архангельская область,15-72 лет,процент,I квартал,2014-Q1,8.8
Архангельская область,15-72 лет,процент,II квартал,2014-Q2,5.7
Архангельская область,15-72 лет,процент,III квартал,2014-Q3,7.2
Архангельская область,15-72 лет,процент,IV квартал,2014-Q4,7.2
Архангельская область,15-72 лет,процент,значение показателя за год,2014,7.2
Архангельская область,15-72 лет,процент,I квартал,2015-Q1,6.6
Архангельская область,15-72 лет,процент,II квартал,2015-Q2,6.2
Архангельская область,15-72 лет,процент,III квартал,2015-Q3,7.0
Архангельская область,15-72 лет,процент,IV квартал,2015-Q4,7.6
Архангельская область,15-72 лет,процент,значение показателя за год,2015,6.8
Архангельская область,15-72 лет,процент,I квартал,2016-Q1,7.3
Архангельская область,15-72 лет,процент,II квартал,2016-Q2,6.5
Архангельская область,15-72 лет,процент,III квартал,2016-Q3,7.9
Архангельская область,15-72 лет,процент,IV квартал,2016-Q4,6.8
Архангельская область,15-72 лет,процент,значение показателя за год,2016,7.1
Архангельская область,15-72 лет,процент,I квартал,2017-Q1,6.6
Архангельская область,15-72 лет,процент,II квартал,2017-Q2,6.2
Архангельская область,15-72 лет,процент,III квартал,2017-Q3,6.2
Архангельская область,15-72 лет,процент,IV квартал,2017-Q4,6.7
Архангельская область,15-72 лет,процент,значение показателя за год,2017,6.4
Архангельская область,15-72 лет,процент,I квартал,2018-Q1,6.8
Архангельская область,15-72 лет,процент,II квартал,2018-Q2,6.3
Архангельская область,15-72 лет,процент,III квартал,2018-Q3,6.3
Архангельская область,15-72 лет,процент,IV квартал,2018-Q4,6.4
Архангельская область,15-72 лет,процент,значение показателя за год,2018,6.4
Архангельская область,15-72 лет,процент,I квартал,2019-Q1,6.3
Архангельская область,15-72 лет,процент,II квартал,2019-Q2,6.4
Архангельская область,15-72 лет,процент,III квартал,2019-Q3,6.2
Архангельская область,15-72 лет,процент,IV квартал,2019-Q4,6.3
Архангельская область,15-72 лет,процент,значение показателя за год,2019,6.3
Архангельская область,15-72 лет,процент,I квартал,2020-Q1,6.2
Архангельская область,15-72 лет,процент,II квартал,2020-Q2,7.8
Архангельская область,15-72 лет,процент,III квартал,2020-Q3,8.0
Архангельская область,15-72 лет,процент,IV квартал,2020-Q4,7.2
Архангельская область,15-72 лет,процент,значение показателя за год,2020,7.3
Архангельская область,15-72 лет,процент,I квартал,2021-Q1,6.8
Архангельская область,15-72 лет,процент,II квартал,2021-Q2,6.4
Архангельская область,15-72 лет,процент,III квартал,2021-Q3,6.2
Архангельская область,15-72 лет,процент,IV квартал,2021-Q4,6.3
Архангельская область,15-72 лет,процент,значение показателя за год,2021,6.4
Ненецкий автономный округ (Архангельская область),15 лет и старше,процент,I квартал,2017-Q1,8.2
Ненецкий автономный округ (Архангельская область),15 лет и старше,процент,II квартал,2017-Q2,8.4
Ненецкий автономный округ (Архангельская область),15 лет и старше,процент,III квартал,2017-Q3,8.2
Ненецкий автономный округ (Архангельская область),15 лет и старше,процент,IV квартал,2017-Q4,7.6
Ненецкий автономный округ (Архангельская область),15 лет и старше,процент,значение показателя за год,2017,8.1
Ненецкий автономный округ (Архангельская область),15 лет и старше,процент,I квартал,2018-Q1,8.5
Ненецкий автономный округ (Архангельская область),15 лет и старше,процент,II квартал,2018-Q2,8.0
Ненецкий автономный округ (Архангельская область),15 лет и старше,процент,III квартал,2018-Q3,8.2
Ненецкий автономный округ (Архангельская область),15 лет и старше,процент,IV квартал,2018-Q4,8.0
Ненецкий автономный округ (Архангельская область),15 лет и старше,процент,значение показателя за год,2018,8.2
Ненецкий автономный округ (Архангельская область),15 лет и старше,процент,I квартал,2019-Q1,7.6
Ненецкий автономный округ (Архангельская область),15 лет и старше,процент,II квартал,2019-Q2,7.8
Ненецкий автономный округ (Архангельская область),15 лет и старше,процент,III квартал,2019-Q3,8.2
Ненецкий автономный округ (Архангельская область),15 лет и старше,процент,IV квартал,2019-Q4,7.9
Ненецкий автономный округ (Архангельская область),15 лет и старше,процент,значение показателя за год,2019,7.9
Ненецкий автономный округ (Архангельская область),15 лет и старше,процент,I квартал,2020-Q1,8.3
Ненецкий автономный округ (Архангельская область),15 лет и старше,процент,II квартал,2020-Q2,9.5
Ненецкий автономный округ (Архангельская область),15 лет и старше,процент,III квартал,2020-Q3,9.3
Ненецкий автономный округ (Архангельская область),15 лет и старше,процент,IV квартал,2020-Q4,8.5
Ненецкий автономный округ (Архангельская область),15 лет и старше,процент,значение показателя за год,2020,8.9
Ненецкий автономный округ (Архангельская область),15 лет и старше,процент,I квартал,2021-Q1,7.4
Ненецкий автономный округ (Архангельская область),15 лет и старше,процент,II квартал,2021-Q2,7.2
Ненецкий автономный округ (Архангельская область),15 лет и старше,процент,III квартал,2021-Q3,6.2
Ненецкий автономный округ (Архангельская область),15 лет и старше,процент,IV квартал,2021-Q4,6.4
Ненецкий автономный округ (Архангельская область),15 лет и старше,процент,значение показателя за год,2021,6.8
Ненецкий автономный округ (Архангельская область),15 лет и старше,процент,I квартал,2022-Q1,7.4
Ненецкий автономный округ (Архангельская область),15 лет и старше,процент,II квартал,2022-Q2,8.0
Ненецкий автономный округ (Архангельская область),15 лет и старше,процент,III квартал,2022-Q3,7.4
Ненецкий автономный округ (Архангельская область),15 лет и старше,процент,IV квартал,2022-Q4,6.6
Ненецкий автономный округ (Архангельская область),15 лет и старше,процент,значение показателя за год,2022,7.4
Ненецкий автономный округ (Архангельская область),15 лет и старше,процент,I квартал,2023-Q1,6.71
Ненецкий автономный округ (Архангельская область),15 лет и старше,процент,II квартал,2023-Q2,6.2
Ненецкий автономный округ (Архангельская область),15 лет и старше,процент,III квартал,2023-Q3,6.33
Ненецкий автономный округ (Архангельская область),15 лет и старше,процент,IV квартал,2023-Q4,6.2
Ненецкий автономный округ (Архангельская область),15 лет и старше,процент,значение показателя за год,2023,6.4
Ненецкий автономный округ (Архангельская область),15 лет и старше,процент,I квартал,2024-Q1,6.0
Ненецкий автономный округ (Архангельская область),15 лет и старше,процент,II квартал,2024-Q2,5.5
Ненецкий автономный округ (Архангельская область),15 лет и старше,процент,III квартал,2024-Q3,5.1
Ненецкий автономный округ (Архангельская область),15 лет и старше,процент,IV квартал,2024-Q4,3.3
Ненецкий автономный округ (Архангельская область),15 лет и старше,процент,значение показателя за год,2024,5.0
Ненецкий автономный округ (Архангельская область),15 лет и старше,процент,I квартал,2025-Q1,3.8
Ненецкий автономный округ (Архангельская область),15 лет и старше,процент,II квартал,2025-Q2,4.0
Ненецкий автономный округ (Архангельская область),15 лет и старше,процент,III квартал,2025-Q3,4.1
Ненецкий автономный округ (Архангельская область),15 лет и старше,процент,IV квартал,2025-Q4,3.6
Ненецкий автономный округ (Архангельская область),15 лет и старше,процент,значение показателя за год,2025,3.9
Ненецкий автономный округ (Архангельская область),15-72 лет,процент,I квартал,2013-Q1,6.1
Ненецкий автономный округ (Архангельская область),15-72 лет,процент,II квартал,2013-Q2,6.1
Ненецкий автономный округ (Архангельская область),15-72 лет,процент,III квартал,2013-Q3,8.7
Ненецкий автономный округ (Архангельская область),15-72 лет,процент,IV квартал,2013-Q4,7.6
Ненецкий автономный округ (Архангельская область),15-72 лет,процент,значение показателя за год,2013,7.1
Ненецкий автономный округ (Архангельская область),15-72 лет,процент,I квартал,2014-Q1,6.6
Ненецкий автономный округ (Архангельская область),15-72 лет,процент,II квартал,2014-Q2,5.2
Ненецкий автономный округ (Архангельская область),15-72 лет,процент,III квартал,2014-Q3,5.6
Ненецкий автономный округ (Архангельская область),15-72 лет,процент,IV квартал,2014-Q4,4.0
Ненецкий автономный округ (Архангельская область),15-72 лет,процент,значение показателя за год,2014,5.4
Ненецкий автономный округ (Архангельская область),15-72 лет,процент,I квартал,2015-Q1,10.2
Ненецкий автономный округ (Архангельская область),15-72 лет,процент,II квартал,2015-Q2,8.0
Ненецкий автономный округ (Архангельская область),15-72 лет,процент,III квартал,2015-Q3,5.4
Ненецкий автономный округ (Архангельская область),15-72 лет,процент,IV квартал,2015-Q4,8.3
Ненецкий автономный округ (Архангельская область),15-72 лет,процент,значение показателя за год,2015,8.0
Ненецкий автономный округ (Архангельская область),15-72 лет,процент,I квартал,2016-Q1,10.6
Ненецкий автономный округ (Архангельская область),15-72 лет,процент,II квартал,2016-Q2,6.7
Ненецкий автономный округ (Архангельская область),15-72 лет,процент,III квартал,2016-Q3,9.3
Ненецкий автономный округ (Архангельская область),15-72 лет,процент,IV квартал,2016-Q4,7.8
Ненецкий автономный округ (Архангельская область),15-72 лет,процент,значение показателя за год,2016,8.6
Ненецкий автономный округ (Архангельская область),15-72 лет,процент,I квартал,2017-Q1,8.2
Ненецкий автономный округ (Архангельская область),15-72 лет,процент,II квартал,2017-Q2,8.4
Ненецкий автономный округ (Архангельская область),15-72 лет,процент,III квартал,2017-Q3,8.2
Ненецкий автономный округ (Архангельская область),15-72 лет,процент,IV квартал,2017-Q4,7.6
Ненецкий автономный округ (Архангельская область),15-72 лет,процент,значение показателя за год,2017,8.1
Ненецкий автономный округ (Архангельская область),15-72 лет,процент,I квартал,2018-Q1,8.5
Ненецкий автономный округ (Архангельская область),15-72 лет,процент,II квартал,2018-Q2,8.0
Ненецкий автономный округ (Архангельская область),15-72 лет,процент,III квартал,2018-Q3,8.2
Ненецкий автономный округ (Архангельская область),15-72 лет,процент,IV квартал,2018-Q4,8.0
Ненецкий автономный округ (Архангельская область),15-72 лет,процент,значение показателя за год,2018,8.2
Ненецкий автономный округ (Архангельская область),15-72 лет,процент,I квартал,2019-Q1,7.6
Ненецкий автономный округ (Архангельская область),15-72 лет,процент,II квартал,2019-Q2,7.8
Ненецкий автономный округ (Архангельская область),15-72 лет,процент,III квартал,2019-Q3,8.2
Ненецкий автономный округ (Архангельская область),15-72 лет,процент,IV квартал,2019-Q4,8.0
Ненецкий автономный округ (Архангельская область),15-72 лет,процент,значение показателя за год,2019,7.9
Ненецкий автономный округ (Архангельская область),15-72 лет,процент,I квартал,2020-Q1,8.3
Ненецкий автономный округ (Архангельская область),15-72 лет,процент,II квартал,2020-Q2,9.6
Ненецкий автономный округ (Архангельская область),15-72 лет,процент,III квартал,2020-Q3,9.3
Ненецкий автономный округ (Архангельская область),15-72 лет,процент,IV квартал,2020-Q4,8.5
Ненецкий автономный округ (Архангельская область),15-72 лет,процент,значение показателя за год,2020,8.9
Ненецкий автономный округ (Архангельская область),15-72 лет,процент,I квартал,2021-Q1,7.4
Ненецкий автономный округ (Архангельская область),15-72 лет,процент,II квартал,2021-Q2,7.3
Ненецкий автономный округ (Архангельская область),15-72 лет,процент,III квартал,2021-Q3,6.2
Ненецкий автономный округ (Архангельская область),15-72 лет,процент,IV квартал,2021-Q4,6.0
Ненецкий автономный округ (Архангельская область),15-72 лет,процент,значение показателя за год,2021,6.7
Архангельская область (кроме Ненецкого автономного округа),15 лет и старше,процент,I квартал,2017-Q1,6.5
Архангельская область (кроме Ненецкого автономного округа),15 лет и старше,процент,II квартал,2017-Q2,6.1
Архангельская область (кроме Ненецкого автономного округа),15 лет и старше,процент,III квартал,2017-Q3,6.1
Архангельская область (кроме Ненецкого автономного округа),15 лет и старше,процент,IV квартал,2017-Q4,6.6
Архангельская область (кроме Ненецкого автономного округа),15 лет и старше,процент,значение показателя за год,2017,6.3
Архангельская область (кроме Ненецкого автономного округа),15 лет и старше,процент,I квартал,2018-Q1,6.8
Архангельская область (кроме Ненецкого автономного округа),15 лет и старше,процент,II квартал,2018-Q2,6.2
Архангельская область (кроме Ненецкого автономного округа),15 лет и старше,процент,III квартал,2018-Q3,6.2
Архангельская область (кроме Ненецкого автономного округа),15 лет и старше,процент,IV квартал,2018-Q4,6.3
Архангельская область (кроме Ненецкого автономного округа),15 лет и старше,процент,значение показателя за год,2018,6.4
Архангельская область (кроме Ненецкого автономного округа),15 лет и старше,процент,I квартал,2019-Q1,6.3
Архангельская область (кроме Ненецкого автономного округа),15 лет и старше,процент,II квартал,2019-Q2,6.3
Архангельская область (кроме Ненецкого автономного округа),15 лет и старше,процент,III квартал,2019-Q3,6.1
Архангельская область (кроме Ненецкого автономного округа),15 лет и старше,процент,IV квартал,2019-Q4,6.2
Архангельская область (кроме Ненецкого автономного округа),15 лет и старше,процент,значение показателя за год,2019,6.2
Архангельская область (кроме Ненецкого автономного округа),15 лет и старше,процент,I квартал,2020-Q1,6.1
Архангельская область (кроме Ненецкого автономного округа),15 лет и старше,процент,II квартал,2020-Q2,7.6
Архангельская область (кроме Ненецкого автономного округа),15 лет и старше,процент,III квартал,2020-Q3,7.9
Архангельская область (кроме Ненецкого автономного округа),15 лет и старше,процент,IV квартал,2020-Q4,7.2
Архангельская область (кроме Ненецкого автономного округа),15 лет и старше,процент,значение показателя за год,2020,7.2
Архангельская область (кроме Ненецкого автономного округа),15 лет и старше,процент,I квартал,2021-Q1,6.8
Архангельская область (кроме Ненецкого автономного округа),15 лет и старше,процент,II квартал,2021-Q2,6.4
Архангельская область (кроме Ненецкого автономного округа),15 лет и старше,процент,III квартал,2021-Q3,6.3
Архангельская область (кроме Ненецкого автономного округа),15 лет и старше,процент,IV квартал,2021-Q4,6.3
Архангельская область (кроме Ненецкого автономного округа),15 лет и старше,процент,значение показателя за год,2021,6.5
Архангельская область (кроме Ненецкого автономного округа),15 лет и старше,процент,I квартал,2022-Q1,5.4
Архангельская область (кроме Ненецкого автономного округа),15 лет и старше,процент,II квартал,2022-Q2,5.4
Архангельская область (кроме Ненецкого автономного округа),15 лет и старше,процент,III квартал,2022-Q3,5.5
Архангельская область (кроме Ненецкого автономного округа),15 лет и старше,процент,IV квартал,2022-Q4,5.5
Архангельская область (кроме Ненецкого автономного округа),15 лет и старше,процент,значение показателя за год,2022,5.4
Архангельская область (кроме Ненецкого автономного округа),15 лет и старше,процент,I квартал,2023-Q1,5.6
Архангельская область (кроме Ненецкого автономного округа),15 лет и старше,процент,II квартал,2023-Q2,5.7
Архангельская область (кроме Ненецкого автономного округа),15 лет и старше,процент,III квартал,2023-Q3,5.65
Архангельская область (кроме Ненецкого автономного округа),15 лет и старше,процент,IV квартал,2023-Q4,5.2
Архангельская область (кроме Ненецкого автономного округа),15 лет и старше,процент,значение показателя за год,2023,5.5
Архангельская область (кроме Ненецкого автономного округа),15 лет и старше,процент,I квартал,2024-Q1,4.3
Архангельская область (кроме Ненецкого автономного округа),15 лет и старше,процент,II квартал,2024-Q2,1.8
Архангельская область (кроме Ненецкого автономного округа),15 лет и старше,процент,III квартал,2024-Q3,2.6
Архангельская область (кроме Ненецкого автономного округа),15 лет и старше,процент,IV квартал,2024-Q4,1.9
Архангельская область (кроме Ненецкого автономного округа),15 лет и старше,процент,значение показателя за год,2024,2.7
Архангельская область (кроме Ненецкого автономного округа),15 лет и старше,процент,I квартал,2025-Q1,2.4
Архангельская область (кроме Ненецкого автономного округа),15 лет и старше,процент,II квартал,2025-Q2,2.6
Архангельская область (кроме Ненецкого автономного округа),15 лет и старше,процент,III квартал,2025-Q3,2.8
Архангельская область (кроме Ненецкого автономного округа),15 лет и старше,процент,IV квартал,2025-Q4,2.8
Архангельская область (кроме Ненецкого автономного округа),15 лет и старше,процент,значение показателя за год,2025,2.6
Архангельская область (кроме Ненецкого автономного округа),15-72 лет,процент,I квартал,2013-Q1,5.4
Архангельская область (кроме Ненецкого автономного округа),15-72 лет,процент,II квартал,2013-Q2,5.6
Архангельская область (кроме Ненецкого автономного округа),15-72 лет,процент,III квартал,2013-Q3,6.0
Архангельская область (кроме Ненецкого автономного округа),15-72 лет,процент,IV квартал,2013-Q4,7.1
Архангельская область (кроме Ненецкого автономного округа),15-72 лет,процент,значение показателя за год,2013,6.0
Архангельская область (кроме Ненецкого автономного округа),15-72 лет,процент,I квартал,2014-Q1,8.9
Архангельская область (кроме Ненецкого автономного округа),15-72 лет,процент,II квартал,2014-Q2,5.7
Архангельская область (кроме Ненецкого автономного округа),15-72 лет,процент,III квартал,2014-Q3,7.3
Архангельская область (кроме Ненецкого автономного округа),15-72 лет,процент,IV квартал,2014-Q4,7.3
Архангельская область (кроме Ненецкого автономного округа),15-72 лет,процент,значение показателя за год,2014,7.3
Архангельская область (кроме Ненецкого автономного округа),15-72 лет,процент,I квартал,2015-Q1,6.4
Архангельская область (кроме Ненецкого автономного округа),15-72 лет,процент,II квартал,2015-Q2,6.1
Архангельская область (кроме Ненецкого автономного округа),15-72 лет,процент,III квартал,2015-Q3,7.0
Архангельская область (кроме Ненецкого автономного округа),15-72 лет,процент,IV квартал,2015-Q4,7.5
Архангельская область (кроме Ненецкого автономного округа),15-72 лет,процент,значение показателя за год,2015,6.8
Архангельская область (кроме Ненецкого автономного округа),15-72 лет,процент,I квартал,2016-Q1,7.1
Архангельская область (кроме Ненецкого автономного округа),15-72 лет,процент,II квартал,2016-Q2,6.5
Архангельская область (кроме Ненецкого автономного округа),15-72 лет,процент,III квартал,2016-Q3,7.8
Архангельская область (кроме Ненецкого автономного округа),15-72 лет,процент,IV квартал,2016-Q4,6.8
Архангельская область (кроме Ненецкого автономного округа),15-72 лет,процент,значение показателя за год,2016,7.0
Архангельская область (кроме Ненецкого автономного округа),15-72 лет,процент,I квартал,2017-Q1,6.6
Архангельская область (кроме Ненецкого автономного округа),15-72 лет,процент,II квартал,2017-Q2,6.1
Архангельская область (кроме Ненецкого автономного округа),15-72 лет,процент,III квартал,2017-Q3,6.1
Архангельская область (кроме Ненецкого автономного округа),15-72 лет,процент,IV квартал,2017-Q4,6.6
Архангельская область (кроме Ненецкого автономного округа),15-72 лет,процент,значение показателя за год,2017,6.3
Архангельская область (кроме Ненецкого автономного округа),15-72 лет,процент,I квартал,2018-Q1,6.7
Архангельская область (кроме Ненецкого автономного округа),15-72 лет,процент,II квартал,2018-Q2,6.2
Архангельская область (кроме Ненецкого автономного округа),15-72 лет,процент,III квартал,2018-Q3,6.2
Архангельская область (кроме Ненецкого автономного округа),15-72 лет,процент,IV квартал,2018-Q4,6.3
Архангельская область (кроме Ненецкого автономного округа),15-72 лет,процент,значение показателя за год,2018,6.4
Архангельская область (кроме Ненецкого автономного округа),15-72 лет,процент,I квартал,2019-Q1,6.3
Архангельская область (кроме Ненецкого автономного округа),15-72 лет,процент,II квартал,2019-Q2,6.3
Архангельская область (кроме Ненецкого автономного округа),15-72 лет,процент,III квартал,2019-Q3,6.1
Архангельская область (кроме Ненецкого автономного округа),15-72 лет,процент,IV квартал,2019-Q4,6.2
Архангельская область (кроме Ненецкого автономного округа),15-72 лет,процент,значение показателя за год,2019,6.2
Архангельская область (кроме Ненецкого автономного округа),15-72 лет,процент,I квартал,2020-Q1,6.1
Архангельская область (кроме Ненецкого автономного округа),15-72 лет,процент,II квартал,2020-Q2,7.7
Архангельская область (кроме Ненецкого автономного округа),15-72 лет,процент,III квартал,2020-Q3,7.9
Архангельская область (кроме Ненецкого автономного округа),15-72 лет,процент,IV квартал,2020-Q4,7.2
Архангельская область (кроме Ненецкого автономного округа),15-72 лет,процент,значение показателя за год,2020,7.2
Архангельская область (кроме Ненецкого автономного округа),15-72 лет,процент,I квартал,2021-Q1,6.8
Архангельская область (кроме Ненецкого автономного округа),15-72 лет,процент,II квартал,2021-Q2,6.3
Архангельская область (кроме Ненецкого автономного округа),15-72 лет,процент,III квартал,2021-Q3,6.2
Архангельская область (кроме Ненецкого автономного округа),15-72 лет,процент,IV квартал,2021-Q4,6.3
Архангельская область (кроме Ненецкого автономного округа),15-72 лет,процент,значение показателя за год,2021,6.4
Вологодская область,15 лет и старше,процент,I квартал,2017-Q1,4.6
Вологодская область,15 лет и старше,процент,II квартал,2017-Q2,4.7
Вологодская область,15 лет и старше,процент,III квартал,2017-Q3,5.0
Вологодская область,15 лет и старше,процент,IV квартал,2017-Q4,6.8
Вологодская область,15 лет и старше,процент,значение показателя за год,2017,5.3
Вологодская область,15 лет и старше,процент,I квартал,2018-Q1,6.1
Вологодская область,15 лет и старше,процент,II квартал,2018-Q2,5.0
Вологодская область,15 лет и старше,процент,III квартал,2018-Q3,4.0
Вологодская область,15 лет и старше,процент,IV квартал,2018-Q4,5.2
Вологодская область,15 лет и старше,процент,значение показателя за год,2018,5.1
Вологодская область,15 лет и старше,процент,I квартал,2019-Q1,6.0
Вологодская область,15 лет и старше,процент,II квартал,2019-Q2,3.8
Вологодская область,15 лет и старше,процент,III квартал,2019-Q3,3.7
Вологодская область,15 лет и старше,процент,IV квартал,2019-Q4,4.4
Вологодская область,15 лет и старше,процент,значение показателя за год,2019,4.5
Вологодская область,15 лет и старше,процент,I квартал,2020-Q1,4.2
Вологодская область,15 лет и старше,процент,II квартал,2020-Q2,6.4
Вологодская область,15 лет и старше,процент,III квартал,2020-Q3,7.5
Вологодская область,15 лет и старше,процент,IV квартал,2020-Q4,6.5
Вологодская область,15 лет и старше,процент,значение показателя за год,2020,6.1
Вологодская область,15 лет и старше,процент,I квартал,2021-Q1,5.3
Вологодская область,15 лет и старше,процент,II квартал,2021-Q2,5.0
Вологодская область,15 лет и старше,процент,III квартал,2021-Q3,4.4
Вологодская область,15 лет и старше,процент,IV квартал,2021-Q4,3.9
Вологодская область,15 лет и старше,процент,значение показателя за год,2021,4.6
Вологодская область,15 лет и старше,процент,I квартал,2022-Q1,3.0
Вологодская область,15 лет и старше,процент,II квартал,2022-Q2,3.7
Вологодская область,15 лет и старше,процент,III квартал,2022-Q3,3.8
Вологодская область,15 лет и старше,процент,IV квартал,2022-Q4,3.3
Вологодская область,15 лет и старше,процент,значение показателя за год,2022,3.4
Вологодская область,15 лет и старше,процент,I квартал,2023-Q1,3.07
Вологодская область,15 лет и старше,процент,II квартал,2023-Q2,3.2
Вологодская область,15 лет и старше,процент,III квартал,2023-Q3,3.43
Вологодская область,15 лет и старше,процент,IV квартал,2023-Q4,2.9
Вологодская область,15 лет и старше,процент,значение показателя за год,2023,3.1
Вологодская область,15 лет и старше,процент,I квартал,2024-Q1,3.0
Вологодская область,15 лет и старше,процент,II квартал,2024-Q2,3.1
Вологодская область,15 лет и старше,процент,III квартал,2024-Q3,2.0
Вологодская область,15 лет и старше,процент,IV квартал,2024-Q4,2.0
Вологодская область,15 лет и старше,процент,значение показателя за год,2024,2.5
Вологодская область,15 лет и старше,процент,I квартал,2025-Q1,1.6
Вологодская область,15 лет и старше,процент,II квартал,2025-Q2,2.0
Вологодская область,15 лет и старше,процент,III квартал,2025-Q3,1.7
Вологодская область,15 лет и старше,процент,IV квартал,2025-Q4,1.7
Вологодская область,15 лет и старше,процент,значение показателя за год,2025,1.7
Вологодская область,15-72 лет,процент,I квартал,2013-Q1,6.9
Вологодская область,15-72 лет,процент,II квартал,2013-Q2,5.3
Вологодская область,15-72 лет,процент,III квартал,2013-Q3,6.1
Вологодская область,15-72 лет,процент,IV квартал,2013-Q4,6.1
Вологодская область,15-72 лет,процент,значение показателя за год,2013,6.1
Вологодская область,15-72 лет,процент,I квартал,2014-Q1,7.7
Вологодская область,15-72 лет,процент,II квартал,2014-Q2,4.5
Вологодская область,15-72 лет,процент,III квартал,2014-Q3,4.3
Вологодская область,15-72 лет,процент,IV квартал,2014-Q4,5.8
Вологодская область,15-72 лет,процент,значение показателя за год,2014,5.6
Вологодская область,15-72 лет,процент,I квартал,2015-Q1,6.8
Вологодская область,15-72 лет,процент,II квартал,2015-Q2,6.9
Вологодская область,15-72 лет,процент,III квартал,2015-Q3,5.6
Вологодская область,15-72 лет,процент,IV квартал,2015-Q4,8.1
Вологодская область,15-72 лет,процент,значение показателя за год,2015,6.8
Вологодская область,15-72 лет,процент,I квартал,2016-Q1,8.9
Вологодская область,15-72 лет,процент,II квартал,2016-Q2,6.8
Вологодская область,15-72 лет,процент,III квартал,2016-Q3,5.6
Вологодская область,15-72 лет,процент,IV квартал,2016-Q4,5.2
Вологодская область,15-72 лет,процент,значение показателя за год,2016,6.6
Вологодская область,15-72 лет,процент,I квартал,2017-Q1,4.6
Вологодская область,15-72 лет,процент,II квартал,2017-Q2,4.7
Вологодская область,15-72 лет,процент,III квартал,2017-Q3,5.0
Вологодская область,15-72 лет,процент,IV квартал,2017-Q4,6.8
Вологодская область,15-72 лет,процент,значение показателя за год,2017,5.3
Вологодская область,15-72 лет,процент,I квартал,2018-Q1,6.1
Вологодская область,15-72 лет,процент,II квартал,2018-Q2,5.0
Вологодская область,15-72 лет,процент,III квартал,2018-Q3,4.0
Вологодская область,15-72 лет,процент,IV квартал,2018-Q4,5.2
Вологодская область,15-72 лет,процент,значение показателя за год,2018,5.1
Вологодская область,15-72 лет,процент,I квартал,2019-Q1,6.0
Вологодская область,15-72 лет,процент,II квартал,2019-Q2,3.8
Вологодская область,15-72 лет,процент,III квартал,2019-Q3,3.7
Вологодская область,15-72 лет,процент,IV квартал,2019-Q4,4.4
Вологодская область,15-72 лет,процент,значение показателя за год,2019,4.5
Вологодская область,15-72 лет,процент,I квартал,2020-Q1,4.2
Вологодская область,15-72 лет,процент,II квартал,2020-Q2,6.4
Вологодская область,15-72 лет,процент,III квартал,2020-Q3,7.5
Вологодская область,15-72 лет,процент,IV квартал,2020-Q4,6.5
Вологодская область,15-72 лет,процент,значение показателя за год,2020,6.1
Вологодская область,15-72 лет,процент,I квартал,2021-Q1,5.3
Вологодская область,15-72 лет,процент,II квартал,2021-Q2,5.0
Вологодская область,15-72 лет,процент,III квартал,2021-Q3,4.4
Вологодская область,15-72 лет,процент,IV квартал,2021-Q4,3.9
Вологодская область,15-72 лет,процент,значение показателя за год,2021,4.6
Калининградская область,15 лет и старше,процент,I квартал,2017-Q1,5.5
Калининградская область,15 лет и старше,процент,II квартал,2017-Q2,5.3
Калининградская область,15 лет и старше,процент,III квартал,2017-Q3,5.0
Калининградская область,15 лет и старше,процент,IV квартал,2017-Q4,4.9
Калининградская область,15 лет и старше,процент,значение показателя за год,2017,5.2
Калининградская область,15 лет и старше,процент,I квартал,2018-Q1,5.0
Калининградская область,15 лет и старше,процент,II квартал,2018-Q2,4.8
Калининградская область,15 лет и старше,процент,III квартал,2018-Q3,4.3
Калининградская область,15 лет и старше,процент,IV квартал,2018-Q4,4.5
Калининградская область,15 лет и старше,процент,значение показателя за год,2018,4.6
Калининградская область,15 лет и старше,процент,I квартал,2019-Q1,4.9
Калининградская область,15 лет и старше,процент,II квартал,2019-Q2,4.8
Калининградская область,15 лет и старше,процент,III квартал,2019-Q3,4.1
Калининградская область,15 лет и старше,процент,IV квартал,2019-Q4,4.1
Калининградская область,15 лет и старше,процент,значение показателя за год,2019,4.5
Калининградская область,15 лет и старше,процент,I квартал,2020-Q1,4.3
Калининградская область,15 лет и старше,процент,II квартал,2020-Q2,5.2
Калининградская область,15 лет и старше,процент,III квартал,2020-Q3,7.1
Калининградская область,15 лет и старше,процент,IV квартал,2020-Q4,6.9
Калининградская область,15 лет и старше,процент,значение показателя за год,2020,5.9
Калининградская область,15 лет и старше,процент,I квартал,2021-Q1,5.8
Калининградская область,15 лет и старше,процент,II квартал,2021-Q2,5.2
Калининградская область,15 лет и старше,процент,III квартал,2021-Q3,4.8
Калининградская область,15 лет и старше,процент,IV квартал,2021-Q4,4.4
Калининградская область,15 лет и старше,процент,значение показателя за год,2021,5.0
Калининградская область,15 лет и старше,процент,I квартал,2022-Q1,3.3
Калининградская область,15 лет и старше,процент,II квартал,2022-Q2,3.2
Калининградская область,15 лет и старше,процент,III квартал,2022-Q3,2.9
Калининградская область,15 лет и старше,процент,IV квартал,2022-Q4,3.2
Калининградская область,15 лет и старше,процент,значение показателя за год,2022,3.1
Калининградская область,15 лет и старше,процент,I квартал,2023-Q1,3.22
Калининградская область,15 лет и старше,процент,II квартал,2023-Q2,3.0
Калининградская область,15 лет и старше,процент,III квартал,2023-Q3,2.98
Калининградская область,15 лет и старше,процент,IV квартал,2023-Q4,2.9
Калининградская область,15 лет и старше,процент,значение показателя за год,2023,3.0
Калининградская область,15 лет и старше,процент,I квартал,2024-Q1,2.8
Калининградская область,15 лет и старше,процент,II квартал,2024-Q2,2.6
Калининградская область,15 лет и старше,процент,III квартал,2024-Q3,2.3
Калининградская область,15 лет и старше,процент,IV квартал,2024-Q4,2.2
Калининградская область,15 лет и старше,процент,значение показателя за год,2024,2.5
Калининградская область,15 лет и старше,процент,I квартал,2025-Q1,2.2
Калининградская область,15 лет и старше,процент,II квартал,2025-Q2,2.0
Калининградская область,15 лет и старше,процент,III квартал,2025-Q3,1.9
Калининградская область,15 лет и старше,процент,IV квартал,2025-Q4,1.9
Калининградская область,15 лет и старше,процент,значение показателя за год,2025,2.0
Калининградская область,15-72 лет,процент,I квартал,2013-Q1,6.3
Калининградская область,15-72 лет,процент,II квартал,2013-Q2,5.7
Калининградская область,15-72 лет,процент,III квартал,2013-Q3,5.2
Калининградская область,15-72 лет,процент,IV квартал,2013-Q4,5.2
Калининградская область,15-72 лет,процент,значение показателя за год,2013,5.6
Калининградская область,15-72 лет,процент,I квартал,2014-Q1,6.0
Калининградская область,15-72 лет,процент,II квартал,2014-Q2,5.5
Калининградская область,15-72 лет,процент,III квартал,2014-Q3,5.1
Калининградская область,15-72 лет,процент,IV квартал,2014-Q4,5.0
Калининградская область,15-72 лет,процент,значение показателя за год,2014,5.4
Калининградская область,15-72 лет,процент,I квартал,2015-Q1,5.9
Калининградская область,15-72 лет,процент,II квартал,2015-Q2,6.0
Калининградская область,15-72 лет,процент,III квартал,2015-Q3,5.6
Калининградская область,15-72 лет,процент,IV квартал,2015-Q4,5.3
Калининградская область,15-72 лет,процент,значение показателя за год,2015,5.7
Калининградская область,15-72 лет,процент,I квартал,2016-Q1,5.9
Калининградская область,15-72 лет,процент,II квартал,2016-Q2,6.4
Калининградская область,15-72 лет,процент,III квартал,2016-Q3,5.9
Калининградская область,15-72 лет,процент,IV квартал,2016-Q4,5.5
Калининградская область,15-72 лет,процент,значение показателя за год,2016,5.9
Калининградская область,15-72 лет,процент,I квартал,2017-Q1,5.5
Калининградская область,15-72 лет,процент,II квартал,2017-Q2,5.3
Калининградская область,15-72 лет,процент,III квартал,2017-Q3,5.0
Калининградская область,15-72 лет,процент,IV квартал,2017-Q4,4.9
Калининградская область,15-72 лет,процент,значение показателя за год,2017,5.2
Калининградская область,15-72 лет,процент,I квартал,2018-Q1,5.0
Калининградская область,15-72 лет,процент,II квартал,2018-Q2,4.8
Калининградская область,15-72 лет,процент,III квартал,2018-Q3,4.3
Калининградская область,15-72 лет,процент,IV квартал,2018-Q4,4.4
Калининградская область,15-72 лет,процент,значение показателя за год,2018,4.6
Калининградская область,15-72 лет,процент,I квартал,2019-Q1,5.0
Калининградская область,15-72 лет,процент,II квартал,2019-Q2,4.8
Калининградская область,15-72 лет,процент,III квартал,2019-Q3,4.1
Калининградская область,15-72 лет,процент,IV квартал,2019-Q4,4.1
Калининградская область,15-72 лет,процент,значение показателя за год,2019,4.5
Калининградская область,15-72 лет,процент,I квартал,2020-Q1,4.4
Калининградская область,15-72 лет,процент,II квартал,2020-Q2,5.2
Калининградская область,15-72 лет,процент,III квартал,2020-Q3,7.1
Калининградская область,15-72 лет,процент,IV квартал,2020-Q4,7.0
Калининградская область,15-72 лет,процент,значение показателя за год,2020,5.9
Калининградская область,15-72 лет,процент,I квартал,2021-Q1,5.8
Калининградская область,15-72 лет,процент,II квартал,2021-Q2,5.2
Калининградская область,15-72 лет,процент,III квартал,2021-Q3,4.8
Калининградская область,15-72 лет,процент,IV квартал,2021-Q4,4.4
Калининградская область,15-72 лет,процент,значение показателя за год,2021,5.0
Ленинградская область,15 лет и старше,процент,I квартал,2017-Q1,4.5
Ленинградская область,15 лет и старше,процент,II квартал,2017-Q2,4.6
Ленинградская область,15 лет и старше,процент,III квартал,2017-Q3,4.5
Ленинградская область,15 лет и старше,процент,IV квартал,2017-Q4,4.7
Ленинградская область,15 лет и старше,процент,значение показателя за год,2017,4.6
Ленинградская область,15 лет и старше,процент,I квартал,2018-Q1,4.1
Ленинградская область,15 лет и старше,процент,II квартал,2018-Q2,4.4
Ленинградская область,15 лет и старше,процент,III квартал,2018-Q3,4.0
Ленинградская область,15 лет и старше,процент,IV квартал,2018-Q4,4.1
Ленинградская область,15 лет и старше,процент,значение показателя за год,2018,4.1
Ленинградская область,15 лет и старше,процент,I квартал,2019-Q1,3.8
Ленинградская область,15 лет и старше,процент,II квартал,2019-Q2,3.9
Ленинградская область,15 лет и старше,процент,III квартал,2019-Q3,4.1
Ленинградская область,15 лет и старше,процент,IV квартал,2019-Q4,3.8
Ленинградская область,15 лет и старше,процент,значение показателя за год,2019,3.9
Ленинградская область,15 лет и старше,процент,I квартал,2020-Q1,3.7
Ленинградская область,15 лет и старше,процент,II квартал,2020-Q2,5.2
Ленинградская область,15 лет и старше,процент,III квартал,2020-Q3,6.5
Ленинградская область,15 лет и старше,процент,IV квартал,2020-Q4,5.9
Ленинградская область,15 лет и старше,процент,значение показателя за год,2020,5.3
Ленинградская область,15 лет и старше,процент,I квартал,2021-Q1,4.4
Ленинградская область,15 лет и старше,процент,II квартал,2021-Q2,3.8
Ленинградская область,15 лет и старше,процент,III квартал,2021-Q3,3.6
Ленинградская область,15 лет и старше,процент,IV квартал,2021-Q4,3.1
Ленинградская область,15 лет и старше,процент,значение показателя за год,2021,3.7
Ленинградская область,15 лет и старше,процент,I квартал,2022-Q1,2.6
Ленинградская область,15 лет и старше,процент,II квартал,2022-Q2,3.0
Ленинградская область,15 лет и старше,процент,III квартал,2022-Q3,4.5
Ленинградская область,15 лет и старше,процент,IV квартал,2022-Q4,3.4
Ленинградская область,15 лет и старше,процент,значение показателя за год,2022,3.4
Ленинградская область,15 лет и старше,процент,I квартал,2023-Q1,3.03
Ленинградская область,15 лет и старше,процент,II квартал,2023-Q2,2.6
Ленинградская область,15 лет и старше,процент,III квартал,2023-Q3,2.67
Ленинградская область,15 лет и старше,процент,IV квартал,2023-Q4,2.8
Ленинградская область,15 лет и старше,процент,значение показателя за год,2023,2.8
Ленинградская область,15 лет и старше,процент,I квартал,2024-Q1,2.8
Ленинградская область,15 лет и старше,процент,II квартал,2024-Q2,2.7
Ленинградская область,15 лет и старше,процент,III квартал,2024-Q3,2.8
Ленинградская область,15 лет и старше,процент,IV квартал,2024-Q4,2.8
Ленинградская область,15 лет и старше,процент,значение показателя за год,2024,2.8
Ленинградская область,15 лет и старше,процент,I квартал,2025-Q1,2.8
Ленинградская область,15 лет и старше,процент,II квартал,2025-Q2,2.8
Ленинградская область,15 лет и старше,процент,III квартал,2025-Q3,2.8
Ленинградская область,15 лет и старше,процент,IV квартал,2025-Q4,2.8
Ленинградская область,15 лет и старше,процент,значение показателя за год,2025,2.8
Ленинградская область,15-72 лет,процент,I квартал,2013-Q1,5.1
Ленинградская область,15-72 лет,процент,II квартал,2013-Q2,3.6
Ленинградская область,15-72 лет,процент,III квартал,2013-Q3,3.6
Ленинградская область,15-72 лет,процент,IV квартал,2013-Q4,4.7
Ленинградская область,15-72 лет,процент,значение показателя за год,2013,4.3
Ленинградская область,15-72 лет,процент,I квартал,2014-Q1,5.0
Ленинградская область,15-72 лет,процент,II квартал,2014-Q2,4.3
Ленинградская область,15-72 лет,процент,III квартал,2014-Q3,4.0
Ленинградская область,15-72 лет,процент,IV квартал,2014-Q4,4.9
Ленинградская область,15-72 лет,процент,значение показателя за год,2014,4.5
Ленинградская область,15-72 лет,процент,I квартал,2015-Q1,5.9
Ленинградская область,15-72 лет,процент,II квартал,2015-Q2,4.7
Ленинградская область,15-72 лет,процент,III квартал,2015-Q3,4.8
Ленинградская область,15-72 лет,процент,IV квартал,2015-Q4,5.0
Ленинградская область,15-72 лет,процент,значение показателя за год,2015,5.1
Ленинградская область,15-72 лет,процент,I квартал,2016-Q1,4.8
Ленинградская область,15-72 лет,процент,II квартал,2016-Q2,4.8
Ленинградская область,15-72 лет,процент,III квартал,2016-Q3,4.7
Ленинградская область,15-72 лет,процент,IV квартал,2016-Q4,4.1
Ленинградская область,15-72 лет,процент,значение показателя за год,2016,4.6
Ленинградская область,15-72 лет,процент,I квартал,2017-Q1,4.5
Ленинградская область,15-72 лет,процент,II квартал,2017-Q2,4.6
Ленинградская область,15-72 лет,процент,III квартал,2017-Q3,4.5
Ленинградская область,15-72 лет,процент,IV квартал,2017-Q4,4.7
Ленинградская область,15-72 лет,процент,значение показателя за год,2017,4.6
Ленинградская область,15-72 лет,процент,I квартал,2018-Q1,4.1
Ленинградская область,15-72 лет,процент,II квартал,2018-Q2,4.4
Ленинградская область,15-72 лет,процент,III квартал,2018-Q3,4.0
Ленинградская область,15-72 лет,процент,IV квартал,2018-Q4,4.1
Ленинградская область,15-72 лет,процент,значение показателя за год,2018,4.2
Ленинградская область,15-72 лет,процент,I квартал,2019-Q1,3.8
Ленинградская область,15-72 лет,процент,II квартал,2019-Q2,3.9
Ленинградская область,15-72 лет,процент,III квартал,2019-Q3,4.1
Ленинградская область,15-72 лет,процент,IV квартал,2019-Q4,3.7
Ленинградская область,15-72 лет,процент,значение показателя за год,2019,3.9
Ленинградская область,15-72 лет,процент,I квартал,2020-Q1,3.7
Ленинградская область,15-72 лет,процент,II квартал,2020-Q2,5.2
Ленинградская область,15-72 лет,процент,III квартал,2020-Q3,6.5
Ленинградская область,15-72 лет,процент,IV квартал,2020-Q4,5.9
Ленинградская область,15-72 лет,процент,значение показателя за год,2020,5.3
Ленинградская область,15-72 лет,процент,I квартал,2021-Q1,4.4
Ленинградская область,15-72 лет,процент,II квартал,2021-Q2,3.8
Ленинградская область,15-72 лет,процент,III квартал,2021-Q3,3.6
Ленинградская область,15-72 лет,процент,IV квартал,2021-Q4,3.1
Ленинградская область,15-72 лет,процент,значение показателя за год,2021,3.7
Мурманская область,15 лет и старше,процент,I квартал,2017-Q1,7.5
Мурманская область,15 лет и старше,процент,II квартал,2017-Q2,6.8
Мурманская область,15 лет и старше,процент,III квартал,2017-Q3,7.1
Мурманская область,15 лет и старше,процент,IV квартал,2017-Q4,6.4
Мурманская область,15 лет и старше,процент,значение показателя за год,2017,6.9
Мурманская область,15 лет и старше,процент,I квартал,2018-Q1,5.9
Мурманская область,15 лет и старше,процент,II квартал,2018-Q2,6.8
Мурманская область,15 лет и старше,процент,III квартал,2018-Q3,6.5
Мурманская область,15 лет и старше,процент,IV квартал,2018-Q4,7.8
Мурманская область,15 лет и старше,процент,значение показателя за год,2018,6.7
Мурманская область,15 лет и старше,процент,I квартал,2019-Q1,6.9
Мурманская область,15 лет и старше,процент,II квартал,2019-Q2,4.6
Мурманская область,15 лет и старше,процент,III квартал,2019-Q3,4.4
Мурманская область,15 лет и старше,процент,IV квартал,2019-Q4,5.5
Мурманская область,15 лет и старше,процент,значение показателя за год,2019,5.3
Мурманская область,15 лет и старше,процент,I квартал,2020-Q1,6.5
Мурманская область,15 лет и старше,процент,II квартал,2020-Q2,8.1
Мурманская область,15 лет и старше,процент,III квартал,2020-Q3,8.2
Мурманская область,15 лет и старше,процент,IV квартал,2020-Q4,7.6
Мурманская область,15 лет и старше,процент,значение показателя за год,2020,7.6
Мурманская область,15 лет и старше,процент,I квартал,2021-Q1,7.5
Мурманская область,15 лет и старше,процент,II квартал,2021-Q2,6.1
Мурманская область,15 лет и старше,процент,III квартал,2021-Q3,5.0
Мурманская область,15 лет и старше,процент,IV квартал,2021-Q4,4.4
Мурманская область,15 лет и старше,процент,значение показателя за год,2021,5.7
Мурманская область,15 лет и старше,процент,I квартал,2022-Q1,4.9
Мурманская область,15 лет и старше,процент,II квартал,2022-Q2,5.2
Мурманская область,15 лет и старше,процент,III квартал,2022-Q3,4.3
Мурманская область,15 лет и старше,процент,IV квартал,2022-Q4,4.4
Мурманская область,15 лет и старше,процент,значение показателя за год,2022,4.7
Мурманская область,15 лет и старше,процент,I квартал,2023-Q1,4.43
Мурманская область,15 лет и старше,процент,II квартал,2023-Q2,3.7
Мурманская область,15 лет и старше,процент,III квартал,2023-Q3,2.81
Мурманская область,15 лет и старше,процент,IV квартал,2023-Q4,2.6
Мурманская область,15 лет и старше,процент,значение показателя за год,2023,3.4
Мурманская область,15 лет и старше,процент,I квартал,2024-Q1,2.6
Мурманская область,15 лет и старше,процент,II квартал,2024-Q2,2.8
Мурманская область,15 лет и старше,процент,III квартал,2024-Q3,2.6
Мурманская область,15 лет и старше,процент,IV квартал,2024-Q4,2.5
Мурманская область,15 лет и старше,процент,значение показателя за год,2024,2.6
Мурманская область,15 лет и старше,процент,I квартал,2025-Q1,2.3
Мурманская область,15 лет и старше,процент,II квартал,2025-Q2,2.5
Мурманская область,15 лет и старше,процент,III квартал,2025-Q3,2.6
Мурманская область,15 лет и старше,процент,IV квартал,2025-Q4,2.4
Мурманская область,15 лет и старше,процент,значение показателя за год,2025,2.4
Мурманская область,15-72 лет,процент,I квартал,2013-Q1,8.0
Мурманская область,15-72 лет,процент,II квартал,2013-Q2,6.1
Мурманская область,15-72 лет,процент,III квартал,2013-Q3,6.6
Мурманская область,15-72 лет,процент,IV квартал,2013-Q4,8.2
Мурманская область,15-72 лет,процент,значение показателя за год,2013,7.2
Мурманская область,15-72 лет,процент,I квартал,2014-Q1,6.5
Мурманская область,15-72 лет,процент,II квартал,2014-Q2,6.8
Мурманская область,15-72 лет,процент,III квартал,2014-Q3,6.7
Мурманская область,15-72 лет,процент,IV квартал,2014-Q4,6.6
Мурманская область,15-72 лет,процент,значение показателя за год,2014,6.7
Мурманская область,15-72 лет,процент,I квартал,2015-Q1,7.9
Мурманская область,15-72 лет,процент,II квартал,2015-Q2,7.9
Мурманская область,15-72 лет,процент,III квартал,2015-Q3,7.0
Мурманская область,15-72 лет,процент,IV квартал,2015-Q4,7.9
Мурманская область,15-72 лет,процент,значение показателя за год,2015,7.7
Мурманская область,15-72 лет,процент,I квартал,2016-Q1,8.9
Мурманская область,15-72 лет,процент,II квартал,2016-Q2,8.2
Мурманская область,15-72 лет,процент,III квартал,2016-Q3,6.7
Мурманская область,15-72 лет,процент,IV квартал,2016-Q4,6.7
Мурманская область,15-72 лет,процент,значение показателя за год,2016,7.6
Мурманская область,15-72 лет,процент,I квартал,2017-Q1,7.5
Мурманская область,15-72 лет,процент,II квартал,2017-Q2,6.8
Мурманская область,15-72 лет,процент,III квартал,2017-Q3,7.2
Мурманская область,15-72 лет,процент,IV квартал,2017-Q4,6.4
Мурманская область,15-72 лет,процент,значение показателя за год,2017,6.9
Мурманская область,15-72 лет,процент,I квартал,2018-Q1,5.9
Мурманская область,15-72 лет,процент,II квартал,2018-Q2,6.8
Мурманская область,15-72 лет,процент,III квартал,2018-Q3,6.5
Мурманская область,15-72 лет,процент,IV квартал,2018-Q4,7.8
Мурманская область,15-72 лет,процент,значение показателя за год,2018,6.7
Мурманская область,15-72 лет,процент,I квартал,2019-Q1,6.9
Мурманская область,15-72 лет,процент,II квартал,2019-Q2,4.6
Мурманская область,15-72 лет,процент,III квартал,2019-Q3,4.4
Мурманская область,15-72 лет,процент,IV квартал,2019-Q4,5.5
Мурманская область,15-72 лет,процент,значение показателя за год,2019,5.4
Мурманская область,15-72 лет,процент,I квартал,2020-Q1,6.5
Мурманская область,15-72 лет,процент,II квартал,2020-Q2,8.0
Мурманская область,15-72 лет,процент,III квартал,2020-Q3,8.1
Мурманская область,15-72 лет,процент,IV квартал,2020-Q4,7.6
Мурманская область,15-72 лет,процент,значение показателя за год,2020,7.5
Мурманская область,15-72 лет,процент,I квартал,2021-Q1,7.5
Мурманская область,15-72 лет,процент,II квартал,2021-Q2,6.0
Мурманская область,15-72 лет,процент,III квартал,2021-Q3,5.0
Мурманская область,15-72 лет,процент,IV квартал,2021-Q4,4.4
Мурманская область,15-72 лет,процент,значение показателя за год,2021,5.7
Новгородская область,15 лет и старше,процент,I квартал,2017-Q1,4.2
Новгородская область,15 лет и старше,процент,II квартал,2017-Q2,4.6
Новгородская область,15 лет и старше,процент,III квартал,2017-Q3,4.7
Новгородская область,15 лет и старше,процент,IV квартал,2017-Q4,5.4
Новгородская область,15 лет и старше,процент,значение показателя за год,2017,4.7
Новгородская область,15 лет и старше,процент,I квартал,2018-Q1,4.1
Новгородская область,15 лет и старше,процент,II квартал,2018-Q2,4.5
Новгородская область,15 лет и старше,процент,III квартал,2018-Q3,3.7
Новгородская область,15 лет и старше,процент,IV квартал,2018-Q4,4.5
Новгородская область,15 лет и старше,процент,значение показателя за год,2018,4.2
Новгородская область,15 лет и старше,процент,I квартал,2019-Q1,3.9
Новгородская область,15 лет и старше,процент,II квартал,2019-Q2,3.1
Новгородская область,15 лет и старше,процент,III квартал,2019-Q3,3.3
Новгородская область,15 лет и старше,процент,IV квартал,2019-Q4,4.2
Новгородская область,15 лет и старше,процент,значение показателя за год,2019,3.6
Новгородская область,15 лет и старше,процент,I квартал,2020-Q1,4.1
Новгородская область,15 лет и старше,процент,II квартал,2020-Q2,5.7
Новгородская область,15 лет и старше,процент,III квартал,2020-Q3,6.0
Новгородская область,15 лет и старше,процент,IV квартал,2020-Q4,7.4
Новгородская область,15 лет и старше,процент,значение показателя за год,2020,5.8
Новгородская область,15 лет и старше,процент,I квартал,2021-Q1,5.9
Новгородская область,15 лет и старше,процент,II квартал,2021-Q2,4.2
Новгородская область,15 лет и старше,процент,III квартал,2021-Q3,3.1
Новгородская область,15 лет и старше,процент,IV квартал,2021-Q4,3.2
Новгородская область,15 лет и старше,процент,значение показателя за год,2021,4.1
Новгородская область,15 лет и старше,процент,I квартал,2022-Q1,3.4
Новгородская область,15 лет и старше,процент,II квартал,2022-Q2,3.7
Новгородская область,15 лет и старше,процент,III квартал,2022-Q3,2.7
Новгородская область,15 лет и старше,процент,IV квартал,2022-Q4,2.7
Новгородская область,15 лет и старше,процент,значение показателя за год,2022,3.1
Новгородская область,15 лет и старше,процент,I квартал,2023-Q1,3.07
Новгородская область,15 лет и старше,процент,II квартал,2023-Q2,2.8
Новгородская область,15 лет и старше,процент,III квартал,2023-Q3,1.83
Новгородская область,15 лет и старше,процент,IV квартал,2023-Q4,1.7
Новгородская область,15 лет и старше,процент,значение показателя за год,2023,2.3
Новгородская область,15 лет и старше,процент,I квартал,2024-Q1,1.7
Новгородская область,15 лет и старше,процент,II квартал,2024-Q2,1.3
Новгородская область,15 лет и старше,процент,III квартал,2024-Q3,1.4
Новгородская область,15 лет и старше,процент,IV квартал,2024-Q4,1.2
Новгородская область,15 лет и старше,процент,значение показателя за год,2024,1.4
Новгородская область,15 лет и старше,процент,I квартал,2025-Q1,1.2
Новгородская область,15 лет и старше,процент,II квартал,2025-Q2,1.1
Новгородская область,15 лет и старше,процент,III квартал,2025-Q3,0.9
Новгородская область,15 лет и старше,процент,IV квартал,2025-Q4,0.8
Новгородская область,15 лет и старше,процент,значение показателя за год,2025,1.0
Новгородская область,15-72 лет,процент,I квартал,2013-Q1,5.4
Новгородская область,15-72 лет,процент,II квартал,2013-Q2,3.8
Новгородская область,15-72 лет,процент,III квартал,2013-Q3,4.5
Новгородская область,15-72 лет,процент,IV квартал,2013-Q4,4.9
Новгородская область,15-72 лет,процент,значение показателя за год,2013,4.6
Новгородская область,15-72 лет,процент,I квартал,2014-Q1,3.7
Новгородская область,15-72 лет,процент,II квартал,2014-Q2,3.2
Новгородская область,15-72 лет,процент,III квартал,2014-Q3,3.9
Новгородская область,15-72 лет,процент,IV квартал,2014-Q4,3.9
Новгородская область,15-72 лет,процент,значение показателя за год,2014,3.7
Новгородская область,15-72 лет,процент,I квартал,2015-Q1,4.5
Новгородская область,15-72 лет,процент,II квартал,2015-Q2,3.8
Новгородская область,15-72 лет,процент,III квартал,2015-Q3,5.0
Новгородская область,15-72 лет,процент,IV квартал,2015-Q4,4.9
Новгородская область,15-72 лет,процент,значение показателя за год,2015,4.5
Новгородская область,15-72 лет,процент,I квартал,2016-Q1,5.1
Новгородская область,15-72 лет,процент,II квартал,2016-Q2,4.9
Новгородская область,15-72 лет,процент,III квартал,2016-Q3,4.4
Новгородская область,15-72 лет,процент,IV квартал,2016-Q4,5.0
Новгородская область,15-72 лет,процент,значение показателя за год,2016,4.9
Новгородская область,15-72 лет,процент,I квартал,2017-Q1,4.2
Новгородская область,15-72 лет,процент,II квартал,2017-Q2,4.6
Новгородская область,15-72 лет,процент,III квартал,2017-Q3,4.7
Новгородская область,15-72 лет,процент,IV квартал,2017-Q4,5.4
Новгородская область,15-72 лет,процент,значение показателя за год,2017,4.7
Новгородская область,15-72 лет,процент,I квартал,2018-Q1,4.2
Новгородская область,15-72 лет,процент,II квартал,2018-Q2,4.5
Новгородская область,15-72 лет,процент,III квартал,2018-Q3,3.7
Новгородская область,15-72 лет,процент,IV квартал,2018-Q4,4.5
Новгородская область,15-72 лет,процент,значение показателя за год,2018,4.2
Новгородская область,15-72 лет,процент,I квартал,2019-Q1,3.9
Новгородская область,15-72 лет,процент,II квартал,2019-Q2,3.1
Новгородская область,15-72 лет,процент,III квартал,2019-Q3,3.3
Новгородская область,15-72 лет,процент,IV квартал,2019-Q4,4.2
Новгородская область,15-72 лет,процент,значение показателя за год,2019,3.6
Новгородская область,15-72 лет,процент,I квартал,2020-Q1,4.1
Новгородская область,15-72 лет,процент,II квартал,2020-Q2,5.7
Новгородская область,15-72 лет,процент,III квартал,2020-Q3,6.0
Новгородская область,15-72 лет,процент,IV квартал,2020-Q4,7.4
Новгородская область,15-72 лет,процент,значение показателя за год,2020,5.8
Новгородская область,15-72 лет,процент,I квартал,2021-Q1,5.9
Новгородская область,15-72 лет,процент,II квартал,2021-Q2,4.2
Новгородская область,15-72 лет,процент,III квартал,2021-Q3,3.1
Новгородская область,15-72 лет,процент,IV квартал,2021-Q4,3.2
Новгородская область,15-72 лет,процент,значение показателя за год,2021,4.1
Псковская область,15 лет и старше,процент,I квартал,2017-Q1,7.0
Псковская область,15 лет и старше,процент,II квартал,2017-Q2,6.7
Псковская область,15 лет и старше,процент,III квартал,2017-Q3,6.0
Псковская область,15 лет и старше,процент,IV квартал,2017-Q4,6.4
Псковская область,15 лет и старше,процент,значение показателя за год,2017,6.5
Псковская область,15 лет и старше,процент,I квартал,2018-Q1,6.5
Псковская область,15 лет и старше,процент,II квартал,2018-Q2,6.0
Псковская область,15 лет и старше,процент,III квартал,2018-Q3,4.8
Псковская область,15 лет и старше,процент,IV квартал,2018-Q4,5.3
Псковская область,15 лет и старше,процент,значение показателя за год,2018,5.6
Псковская область,15 лет и старше,процент,I квартал,2019-Q1,4.7
Псковская область,15 лет и старше,процент,II квартал,2019-Q2,5.1
Псковская область,15 лет и старше,процент,III квартал,2019-Q3,5.1
Псковская область,15 лет и старше,процент,IV квартал,2019-Q4,5.2
Псковская область,15 лет и старше,процент,значение показателя за год,2019,5.1
Псковская область,15 лет и старше,процент,I квартал,2020-Q1,5.8
Псковская область,15 лет и старше,процент,II квартал,2020-Q2,6.5
Псковская область,15 лет и старше,процент,III квартал,2020-Q3,6.9
Псковская область,15 лет и старше,процент,IV квартал,2020-Q4,5.9
Псковская область,15 лет и старше,процент,значение показателя за год,2020,6.3
Псковская область,15 лет и старше,процент,I квартал,2021-Q1,6.5
Псковская область,15 лет и старше,процент,II квартал,2021-Q2,4.6
Псковская область,15 лет и старше,процент,III квартал,2021-Q3,4.1
Псковская область,15 лет и старше,процент,IV квартал,2021-Q4,4.0
Псковская область,15 лет и старше,процент,значение показателя за год,2021,4.7
Псковская область,15 лет и старше,процент,I квартал,2022-Q1,4.1
Псковская область,15 лет и старше,процент,II квартал,2022-Q2,4.0
Псковская область,15 лет и старше,процент,III квартал,2022-Q3,4.0
Псковская область,15 лет и старше,процент,IV квартал,2022-Q4,3.7
Псковская область,15 лет и старше,процент,значение показателя за год,2022,3.9
Псковская область,15 лет и старше,процент,I квартал,2023-Q1,3.44
Псковская область,15 лет и старше,процент,II квартал,2023-Q2,3.2
Псковская область,15 лет и старше,процент,III квартал,2023-Q3,2.57
Псковская область,15 лет и старше,процент,IV квартал,2023-Q4,2.6
Псковская область,15 лет и старше,процент,значение показателя за год,2023,2.9
Псковская область,15 лет и старше,процент,I квартал,2024-Q1,2.4
Псковская область,15 лет и старше,процент,II квартал,2024-Q2,2.2
Псковская область,15 лет и старше,процент,III квартал,2024-Q3,2.3
Псковская область,15 лет и старше,процент,IV квартал,2024-Q4,2.3
Псковская область,15 лет и старше,процент,значение показателя за год,2024,2.3
Псковская область,15 лет и старше,процент,I квартал,2025-Q1,2.2
Псковская область,15 лет и старше,процент,II квартал,2025-Q2,2.1
Псковская область,15 лет и старше,процент,III квартал,2025-Q3,2.0
Псковская область,15 лет и старше,процент,IV квартал,2025-Q4,2.1
Псковская область,15 лет и старше,процент,значение показателя за год,2025,2.1
Псковская область,15-72 лет,процент,I квартал,2013-Q1,7.7
Псковская область,15-72 лет,процент,II квартал,2013-Q2,5.7
Псковская область,15-72 лет,процент,III квартал,2013-Q3,6.8
Псковская область,15-72 лет,процент,IV квартал,2013-Q4,7.6
Псковская область,15-72 лет,процент,значение показателя за год,2013,7.0
Псковская область,15-72 лет,процент,I квартал,2014-Q1,7.7
Псковская область,15-72 лет,процент,II квартал,2014-Q2,7.8
Псковская область,15-72 лет,процент,III квартал,2014-Q3,4.6
Псковская область,15-72 лет,процент,IV квартал,2014-Q4,6.1
Псковская область,15-72 лет,процент,значение показателя за год,2014,6.5
Псковская область,15-72 лет,процент,I квартал,2015-Q1,7.9
Псковская область,15-72 лет,процент,II квартал,2015-Q2,6.6
Псковская область,15-72 лет,процент,III квартал,2015-Q3,7.0
Псковская область,15-72 лет,процент,IV квартал,2015-Q4,6.2
Псковская область,15-72 лет,процент,значение показателя за год,2015,6.9
Псковская область,15-72 лет,процент,I квартал,2016-Q1,7.7
Псковская область,15-72 лет,процент,II квартал,2016-Q2,7.5
Псковская область,15-72 лет,процент,III квартал,2016-Q3,5.9
Псковская область,15-72 лет,процент,IV квартал,2016-Q4,5.7
Псковская область,15-72 лет,процент,значение показателя за год,2016,6.7
Псковская область,15-72 лет,процент,I квартал,2017-Q1,7.0
Псковская область,15-72 лет,процент,II квартал,2017-Q2,6.7
Псковская область,15-72 лет,процент,III квартал,2017-Q3,6.1
Псковская область,15-72 лет,процент,IV квартал,2017-Q4,6.4
Псковская область,15-72 лет,процент,значение показателя за год,2017,6.5
Псковская область,15-72 лет,процент,I квартал,2018-Q1,6.5
Псковская область,15-72 лет,процент,II квартал,2018-Q2,6.0
Псковская область,15-72 лет,процент,III квартал,2018-Q3,4.9
Псковская область,15-72 лет,процент,IV квартал,2018-Q4,5.3
Псковская область,15-72 лет,процент,значение показателя за год,2018,5.6
Псковская область,15-72 лет,процент,I квартал,2019-Q1,4.7
Псковская область,15-72 лет,процент,II квартал,2019-Q2,5.1
Псковская область,15-72 лет,процент,III квартал,2019-Q3,5.1
Псковская область,15-72 лет,процент,IV квартал,2019-Q4,5.2
Псковская область,15-72 лет,процент,значение показателя за год,2019,5.1
Псковская область,15-72 лет,процент,I квартал,2020-Q1,5.8
Псковская область,15-72 лет,процент,II квартал,2020-Q2,6.2
Псковская область,15-72 лет,процент,III квартал,2020-Q3,6.8
Псковская область,15-72 лет,процент,IV квартал,2020-Q4,5.9
Псковская область,15-72 лет,процент,значение показателя за год,2020,6.2
Псковская область,15-72 лет,процент,I квартал,2021-Q1,6.5
Псковская область,15-72 лет,процент,II квартал,2021-Q2,4.6
Псковская область,15-72 лет,процент,III квартал,2021-Q3,4.1
Псковская область,15-72 лет,процент,IV квартал,2021-Q4,4.0
Псковская область,15-72 лет,процент,значение показателя за год,2021,4.7
Город Санкт-Петербург город федерального значения,15 лет и старше,процент,I квартал,2017-Q1,1.7
Город Санкт-Петербург город федерального значения,15 лет и старше,процент,II квартал,2017-Q2,1.6
Город Санкт-Петербург город федерального значения,15 лет и старше,процент,III квартал,2017-Q3,1.8
Город Санкт-Петербург город федерального значения,15 лет и старше,процент,IV квартал,2017-Q4,1.5
Город Санкт-Петербург город федерального значения,15 лет и старше,процент,значение показателя за год,2017,1.6
Город Санкт-Петербург город федерального значения,15 лет и старше,процент,I квартал,2018-Q1,1.5
Город Санкт-Петербург город федерального значения,15 лет и старше,процент,II квартал,2018-Q2,1.4
Город Санкт-Петербург город федерального значения,15 лет и старше,процент,III квартал,2018-Q3,1.5
Город Санкт-Петербург город федерального значения,15 лет и старше,процент,IV квартал,2018-Q4,1.5
Город Санкт-Петербург город федерального значения,15 лет и старше,процент,значение показателя за год,2018,1.5
Город Санкт-Петербург город федерального значения,15 лет и старше,процент,I квартал,2019-Q1,1.3
Город Санкт-Петербург город федерального значения,15 лет и старше,процент,II квартал,2019-Q2,1.4
Город Санкт-Петербург город федерального значения,15 лет и старше,процент,III квартал,2019-Q3,1.4
Город Санкт-Петербург город федерального значения,15 лет и старше,процент,IV квартал,2019-Q4,1.5
Город Санкт-Петербург город федерального значения,15 лет и старше,процент,значение показателя за год,2019,1.4
Город Санкт-Петербург город федерального значения,15 лет и старше,процент,I квартал,2020-Q1,1.6
Город Санкт-Петербург город федерального значения,15 лет и старше,процент,II квартал,2020-Q2,2.8
Город Санкт-Петербург город федерального значения,15 лет и старше,процент,III квартал,2020-Q3,3.9
Город Санкт-Петербург город федерального значения,15 лет и старше,процент,IV квартал,2020-Q4,3.7
Город Санкт-Петербург город федерального значения,15 лет и старше,процент,значение показателя за год,2020,3.0
Город Санкт-Петербург город федерального значения,15 лет и старше,процент,I квартал,2021-Q1,3.0
Город Санкт-Петербург город федерального значения,15 лет и старше,процент,II квартал,2021-Q2,2.4
Город Санкт-Петербург город федерального значения,15 лет и старше,процент,III квартал,2021-Q3,1.9
Город Санкт-Петербург город федерального значения,15 лет и старше,процент,IV квартал,2021-Q4,1.7
Город Санкт-Петербург город федерального значения,15 лет и старше,процент,значение показателя за год,2021,2.3
Город Санкт-Петербург город федерального значения,15 лет и старше,процент,I квартал,2022-Q1,1.7
Город Санкт-Петербург город федерального значения,15 лет и старше,процент,II квартал,2022-Q2,1.5
Город Санкт-Петербург город федерального значения,15 лет и старше,процент,III квартал,2022-Q3,2.6
Город Санкт-Петербург город федерального значения,15 лет и старше,процент,IV квартал,2022-Q4,2.3
Город Санкт-Петербург город федерального значения,15 лет и старше,процент,значение показателя за год,2022,2.0
Город Санкт-Петербург город федерального значения,15 лет и старше,процент,I квартал,2023-Q1,1.67
Город Санкт-Петербург город федерального значения,15 лет и старше,процент,II квартал,2023-Q2,1.6
Город Санкт-Петербург город федерального значения,15 лет и старше,процент,III квартал,2023-Q3,1.55
Город Санкт-Петербург город федерального значения,15 лет и старше,процент,IV квартал,2023-Q4,1.5
Город Санкт-Петербург город федерального значения,15 лет и старше,процент,значение показателя за год,2023,1.6
Город Санкт-Петербург город федерального значения,15 лет и старше,процент,I квартал,2024-Q1,1.5
Город Санкт-Петербург город федерального значения,15 лет и старше,процент,II квартал,2024-Q2,1.5
Город Санкт-Петербург город федерального значения,15 лет и старше,процент,III квартал,2024-Q3,1.5
Город Санкт-Петербург город федерального значения,15 лет и старше,процент,IV квартал,2024-Q4,1.5
Город Санкт-Петербург город федерального значения,15 лет и старше,процент,значение показателя за год,2024,1.5
Город Санкт-Петербург город федерального значения,15 лет и старше,процент,I квартал,2025-Q1,1.5
Город Санкт-Петербург город федерального значения,15 лет и старше,процент,II квартал,2025-Q2,1.5
Город Санкт-Петербург город федерального значения,15 лет и старше,процент,III квартал,2025-Q3,1.5
Город Санкт-Петербург город федерального значения,15 лет и старше,процент,IV квартал,2025-Q4,1.5
Город Санкт-Петербург город федерального значения,15 лет и старше,процент,значение показателя за год,2025,1.5
Город Санкт-Петербург город федерального значения,15-72 лет,процент,I квартал,2013-Q1,1.1
Город Санкт-Петербург город федерального значения,15-72 лет,процент,II квартал,2013-Q2,1.4
Город Санкт-Петербург город федерального значения,15-72 лет,процент,III квартал,2013-Q3,1.6
Город Санкт-Петербург город федерального значения,15-72 лет,процент,IV квартал,2013-Q4,2.0
Город Санкт-Петербург город федерального значения,15-72 лет,процент,значение показателя за год,2013,1.5
Город Санкт-Петербург город федерального значения,15-72 лет,процент,I квартал,2014-Q1,1.7
Город Санкт-Петербург город федерального значения,15-72 лет,процент,II квартал,2014-Q2,1.2
Город Санкт-Петербург город федерального значения,15-72 лет,процент,III квартал,2014-Q3,1.2
Город Санкт-Петербург город федерального значения,15-72 лет,процент,IV квартал,2014-Q4,1.3
Город Санкт-Петербург город федерального значения,15-72 лет,процент,значение показателя за год,2014,1.3
Город Санкт-Петербург город федерального значения,15-72 лет,процент,I квартал,2015-Q1,1.9
Город Санкт-Петербург город федерального значения,15-72 лет,процент,II квартал,2015-Q2,2.6
Город Санкт-Петербург город федерального значения,15-72 лет,процент,III квартал,2015-Q3,1.9
Город Санкт-Петербург город федерального значения,15-72 лет,процент,IV квартал,2015-Q4,1.9
Город Санкт-Петербург город федерального значения,15-72 лет,процент,значение показателя за год,2015,2.1
Город Санкт-Петербург город федерального значения,15-72 лет,процент,I квартал,2016-Q1,1.8
Город Санкт-Петербург город федерального значения,15-72 лет,процент,II квартал,2016-Q2,1.6
Город Санкт-Петербург город федерального значения,15-72 лет,процент,III квартал,2016-Q3,1.6
Город Санкт-Петербург город федерального значения,15-72 лет,процент,IV квартал,2016-Q4,1.6
Город Санкт-Петербург город федерального значения,15-72 лет,процент,значение показателя за год,2016,1.6
Город Санкт-Петербург город федерального значения,15-72 лет,процент,I квартал,2017-Q1,1.7
Город Санкт-Петербург город федерального значения,15-72 лет,процент,II квартал,2017-Q2,1.6
Город Санкт-Петербург город федерального значения,15-72 лет,процент,III квартал,2017-Q3,1.8
Город Санкт-Петербург город федерального значения,15-72 лет,процент,IV квартал,2017-Q4,1.6
Город Санкт-Петербург город федерального значения,15-72 лет,процент,значение показателя за год,2017,1.7
Город Санкт-Петербург город федерального значения,15-72 лет,процент,I квартал,2018-Q1,1.5
Город Санкт-Петербург город федерального значения,15-72 лет,процент,II квартал,2018-Q2,1.4
Город Санкт-Петербург город федерального значения,15-72 лет,процент,III квартал,2018-Q3,1.5
Город Санкт-Петербург город федерального значения,15-72 лет,процент,IV квартал,2018-Q4,1.5
Город Санкт-Петербург город федерального значения,15-72 лет,процент,значение показателя за год,2018,1.5
Город Санкт-Петербург город федерального значения,15-72 лет,процент,I квартал,2019-Q1,1.3
Город Санкт-Петербург город федерального значения,15-72 лет,процент,II квартал,2019-Q2,1.4
Город Санкт-Петербург город федерального значения,15-72 лет,процент,III квартал,2019-Q3,1.4
Город Санкт-Петербург город федерального значения,15-72 лет,процент,IV квартал,2019-Q4,1.5
Город Санкт-Петербург город федерального значения,15-72 лет,процент,значение показателя за год,2019,1.4
Город Санкт-Петербург город федерального значения,15-72 лет,процент,I квартал,2020-Q1,1.6
Город Санкт-Петербург город федерального значения,15-72 лет,процент,II квартал,2020-Q2,2.8
Город Санкт-Петербург город федерального значения,15-72 лет,процент,III квартал,2020-Q3,3.9
Город Санкт-Петербург город федерального значения,15-72 лет,процент,IV квартал,2020-Q4,3.7
Город Санкт-Петербург город федерального значения,15-72 лет,процент,значение показателя за год,2020,3.0
Город Санкт-Петербург город федерального значения,15-72 лет,процент,I квартал,2021-Q1,3.0
Город Санкт-Петербург город федерального значения,15-72 лет,процент,II квартал,2021-Q2,2.4
Город Санкт-Петербург город федерального значения,15-72 лет,процент,III квартал,2021-Q3,1.9
Город Санкт-Петербург город федерального значения,15-72 лет,процент,IV квартал,2021-Q4,1.7
Город Санкт-Петербург город федерального значения,15-72 лет,процент,значение показателя за год,2021,2.3
Южный федеральный округ,15 лет и старше,процент,I квартал,2017-Q1,6.5
Южный федеральный округ,15 лет и старше,процент,II квартал,2017-Q2,6.0
Южный федеральный округ,15 лет и старше,процент,III квартал,2017-Q3,5.7
Южный федеральный округ,15 лет и старше,процент,IV квартал,2017-Q4,5.8
Южный федеральный округ,15 лет и старше,процент,значение показателя за год,2017,6.0
Южный федеральный округ,15 лет и старше,процент,I квартал,2018-Q1,5.9
Южный федеральный округ,15 лет и старше,процент,II квартал,2018-Q2,5.6
Южный федеральный округ,15 лет и старше,процент,III квартал,2018-Q3,5.3
Южный федеральный округ,15 лет и старше,процент,IV квартал,2018-Q4,5.4
Южный федеральный округ,15 лет и старше,процент,значение показателя за год,2018,5.6
Южный федеральный округ,15 лет и старше,процент,I квартал,2019-Q1,5.5
Южный федеральный округ,15 лет и старше,процент,II квартал,2019-Q2,5.3
Южный федеральный округ,15 лет и старше,процент,III квартал,2019-Q3,5.1
Южный федеральный округ,15 лет и старше,процент,IV квартал,2019-Q4,5.3
Южный федеральный округ,15 лет и старше,процент,значение показателя за год,2019,5.3
Южный федеральный округ,15 лет и старше,процент,I квартал,2020-Q1,5.3
Южный федеральный округ,15 лет и старше,процент,II квартал,2020-Q2,6.6
Южный федеральный округ,15 лет и старше,процент,III квартал,2020-Q3,6.4
Южный федеральный округ,15 лет и старше,процент,IV квартал,2020-Q4,6.2
Южный федеральный округ,15 лет и старше,процент,значение показателя за год,2020,6.1
Южный федеральный округ,15 лет и старше,процент,I квартал,2021-Q1,5.7
Южный федеральный округ,15 лет и старше,процент,II квартал,2021-Q2,5.2
Южный федеральный округ,15 лет и старше,процент,III квартал,2021-Q3,4.8
Южный федеральный округ,15 лет и старше,процент,IV квартал,2021-Q4,4.8
Южный федеральный округ,15 лет и старше,процент,значение показателя за год,2021,5.1
Южный федеральный округ,15 лет и старше,процент,I квартал,2022-Q1,4.5
Южный федеральный округ,15 лет и старше,процент,II квартал,2022-Q2,4.3
Южный федеральный округ,15 лет и старше,процент,III квартал,2022-Q3,3.9
Южный федеральный округ,15 лет и старше,процент,IV квартал,2022-Q4,3.7
Южный федеральный округ,15 лет и старше,процент,значение показателя за год,2022,4.1
Южный федеральный округ,15 лет и старше,процент,I квартал,2023-Q1,3.28
Южный федеральный округ,15 лет и старше,процент,II квартал,2023-Q2,2.9
Южный федеральный округ,15 лет и старше,процент,III квартал,2023-Q3,2.7
Южный федеральный округ,15 лет и старше,процент,IV квартал,2023-Q4,2.7
Южный федеральный округ,15 лет и старше,процент,значение показателя за год,2023,2.9
Южный федеральный округ,15 лет и старше,процент,I квартал,2024-Q1,2.6
Южный федеральный округ,15 лет и старше,процент,II квартал,2024-Q2,2.4
Южный федеральный округ,15 лет и старше,процент,III квартал,2024-Q3,2.3
Южный федеральный округ,15 лет и старше,процент,IV квартал,2024-Q4,2.2
Южный федеральный округ,15 лет и старше,процент,значение показателя за год,2024,2.4
Южный федеральный округ,15 лет и старше,процент,I квартал,2025-Q1,2.2
Южный федеральный округ,15 лет и старше,процент,II квартал,2025-Q2,2.1
Южный федеральный округ,15 лет и старше,процент,III квартал,2025-Q3,2.0
Южный федеральный округ,15 лет и старше,процент,IV квартал,2025-Q4,2.0
Южный федеральный округ,15 лет и старше,процент,значение показателя за год,2025,2.1
Южный федеральный округ,15-72 лет,процент,I квартал,2013-Q1,7.0
Южный федеральный округ,15-72 лет,процент,II квартал,2013-Q2,6.5
Южный федеральный округ,15-72 лет,процент,III квартал,2013-Q3,6.3
Южный федеральный округ,15-72 лет,процент,IV квартал,2013-Q4,6.1
Южный федеральный округ,15-72 лет,процент,значение показателя за год,2013,6.5
Южный федеральный округ,15-72 лет,процент,I квартал,2014-Q1,6.7
Южный федеральный округ,15-72 лет,процент,II квартал,2014-Q2,6.0
Южный федеральный округ,15-72 лет,процент,III квартал,2014-Q3,6.0
Южный федеральный округ,15-72 лет,процент,IV квартал,2014-Q4,6.2
Южный федеральный округ,15-72 лет,процент,значение показателя за год,2014,6.2
Южный федеральный округ,15-72 лет,процент,I квартал,2015-Q1,7.0
Южный федеральный округ,15-72 лет,процент,II квартал,2015-Q2,6.8
Южный федеральный округ,15-72 лет,процент,III квартал,2015-Q3,6.4
Южный федеральный округ,15-72 лет,процент,IV квартал,2015-Q4,6.6
Южный федеральный округ,15-72 лет,процент,значение показателя за год,2015,6.7
Южный федеральный округ,15-72 лет,процент,I квартал,2016-Q1,6.8
Южный федеральный округ,15-72 лет,процент,II квартал,2016-Q2,6.3
Южный федеральный округ,15-72 лет,процент,III квартал,2016-Q3,6.1
Южный федеральный округ,15-72 лет,процент,IV квартал,2016-Q4,6.2
Южный федеральный округ,15-72 лет,процент,значение показателя за год,2016,6.4
Южный федеральный округ,15-72 лет,процент,I квартал,2017-Q1,6.5
Южный федеральный округ,15-72 лет,процент,II квартал,2017-Q2,6.0
Южный федеральный округ,15-72 лет,процент,III квартал,2017-Q3,5.7
Южный федеральный округ,15-72 лет,процент,IV квартал,2017-Q4,5.9
Южный федеральный округ,15-72 лет,процент,значение показателя за год,2017,6.0
Южный федеральный округ,15-72 лет,процент,I квартал,2018-Q1,6.0
Южный федеральный округ,15-72 лет,процент,II квартал,2018-Q2,5.6
Южный федеральный округ,15-72 лет,процент,III квартал,2018-Q3,5.4
Южный федеральный округ,15-72 лет,процент,IV квартал,2018-Q4,5.4
Южный федеральный округ,15-72 лет,процент,значение показателя за год,2018,5.6
Южный федеральный округ,15-72 лет,процент,I квартал,2019-Q1,5.5
Южный федеральный округ,15-72 лет,процент,II квартал,2019-Q2,5.3
Южный федеральный округ,15-72 лет,процент,III квартал,2019-Q3,5.1
Южный федеральный округ,15-72 лет,процент,IV квартал,2019-Q4,5.3
Южный федеральный округ,15-72 лет,процент,значение показателя за год,2019,5.3
Южный федеральный округ,15-72 лет,процент,I квартал,2020-Q1,5.3
Южный федеральный округ,15-72 лет,процент,II квартал,2020-Q2,6.6
Южный федеральный округ,15-72 лет,процент,III квартал,2020-Q3,6.4
Южный федеральный округ,15-72 лет,процент,IV квартал,2020-Q4,6.2
Южный федеральный округ,15-72 лет,процент,значение показателя за год,2020,6.1
Южный федеральный округ,15-72 лет,процент,I квартал,2021-Q1,5.7
Южный федеральный округ,15-72 лет,процент,II квартал,2021-Q2,5.2
Южный федеральный округ,15-72 лет,процент,III квартал,2021-Q3,4.8
Южный федеральный округ,15-72 лет,процент,IV квартал,2021-Q4,4.8
Южный федеральный округ,15-72 лет,процент,значение показателя за год,2021,5.1
Республика Адыгея (Адыгея),15 лет и старше,процент,I квартал,2017-Q1,8.7
Республика Адыгея (Адыгея),15 лет и старше,процент,II квартал,2017-Q2,8.4
Республика Адыгея (Адыгея),15 лет и старше,процент,III квартал,2017-Q3,8.4
Республика Адыгея (Адыгея),15 лет и старше,процент,IV квартал,2017-Q4,8.5
Республика Адыгея (Адыгея),15 лет и старше,процент,значение показателя за год,2017,8.5
Республика Адыгея (Адыгея),15 лет и старше,процент,I квартал,2018-Q1,8.8
Республика Адыгея (Адыгея),15 лет и старше,процент,II квартал,2018-Q2,8.8
Республика Адыгея (Адыгея),15 лет и старше,процент,III квартал,2018-Q3,8.6
Республика Адыгея (Адыгея),15 лет и старше,процент,IV квартал,2018-Q4,8.0
Республика Адыгея (Адыгея),15 лет и старше,процент,значение показателя за год,2018,8.6
Республика Адыгея (Адыгея),15 лет и старше,процент,I квартал,2019-Q1,8.2
Республика Адыгея (Адыгея),15 лет и старше,процент,II квартал,2019-Q2,8.1
Республика Адыгея (Адыгея),15 лет и старше,процент,III квартал,2019-Q3,8.3
Республика Адыгея (Адыгея),15 лет и старше,процент,IV квартал,2019-Q4,8.1
Республика Адыгея (Адыгея),15 лет и старше,процент,значение показателя за год,2019,8.2
Республика Адыгея (Адыгея),15 лет и старше,процент,I квартал,2020-Q1,8.0
Республика Адыгея (Адыгея),15 лет и старше,процент,II квартал,2020-Q2,8.7
Республика Адыгея (Адыгея),15 лет и старше,процент,III квартал,2020-Q3,8.3
Республика Адыгея (Адыгея),15 лет и старше,процент,IV квартал,2020-Q4,8.5
Республика Адыгея (Адыгея),15 лет и старше,процент,значение показателя за год,2020,8.4
Республика Адыгея (Адыгея),15 лет и старше,процент,I квартал,2021-Q1,8.5
Республика Адыгея (Адыгея),15 лет и старше,процент,II квартал,2021-Q2,8.3
Республика Адыгея (Адыгея),15 лет и старше,процент,III квартал,2021-Q3,8.1
Республика Адыгея (Адыгея),15 лет и старше,процент,IV квартал,2021-Q4,8.2
Республика Адыгея (Адыгея),15 лет и старше,процент,значение показателя за год,2021,8.3
Республика Адыгея (Адыгея),15 лет и старше,процент,I квартал,2022-Q1,8.3
Республика Адыгея (Адыгея),15 лет и старше,процент,II квартал,2022-Q2,8.2
Республика Адыгея (Адыгея),15 лет и старше,процент,III квартал,2022-Q3,7.9
Республика Адыгея (Адыгея),15 лет и старше,процент,IV квартал,2022-Q4,4.1
Республика Адыгея (Адыгея),15 лет и старше,процент,значение показателя за год,2022,7.1
Республика Адыгея (Адыгея),15 лет и старше,процент,I квартал,2023-Q1,4.6
Республика Адыгея (Адыгея),15 лет и старше,процент,II квартал,2023-Q2,3.9
Республика Адыгея (Адыгея),15 лет и старше,процент,III квартал,2023-Q3,3.6
Республика Адыгея (Адыгея),15 лет и старше,процент,IV квартал,2023-Q4,3.7
Республика Адыгея (Адыгея),15 лет и старше,процент,значение показателя за год,2023,4.0
Республика Адыгея (Адыгея),15 лет и старше,процент,I квартал,2024-Q1,3.2
Республика Адыгея (Адыгея),15 лет и старше,процент,II квартал,2024-Q2,2.7
Республика Адыгея (Адыгея),15 лет и старше,процент,III квартал,2024-Q3,2.3
Республика Адыгея (Адыгея),15 лет и старше,процент,IV квартал,2024-Q4,2.1
Республика Адыгея (Адыгея),15 лет и старше,процент,значение показателя за год,2024,2.6
Республика Адыгея (Адыгея),15 лет и старше,процент,I квартал,2025-Q1,2.0
Республика Адыгея (Адыгея),15 лет и старше,процент,II квартал,2025-Q2,2.0
Республика Адыгея (Адыгея),15 лет и старше,процент,III квартал,2025-Q3,2.0
Республика Адыгея (Адыгея),15 лет и старше,процент,IV квартал,2025-Q4,2.0
Республика Адыгея (Адыгея),15 лет и старше,процент,значение показателя за год,2025,2.0
Республика Адыгея (Адыгея),15-72 лет,процент,I квартал,2013-Q1,7.7
Республика Адыгея (Адыгея),15-72 лет,процент,II квартал,2013-Q2,7.7
Республика Адыгея (Адыгея),15-72 лет,процент,III квартал,2013-Q3,7.8
Республика Адыгея (Адыгея),15-72 лет,процент,IV квартал,2013-Q4,8.1
Республика Адыгея (Адыгея),15-72 лет,процент,значение показателя за год,2013,7.8
Республика Адыгея (Адыгея),15-72 лет,процент,I квартал,2014-Q1,8.6
Республика Адыгея (Адыгея),15-72 лет,процент,II квартал,2014-Q2,8.4
Республика Адыгея (Адыгея),15-72 лет,процент,III квартал,2014-Q3,8.3
Республика Адыгея (Адыгея),15-72 лет,процент,IV квартал,2014-Q4,8.7
Республика Адыгея (Адыгея),15-72 лет,процент,значение показателя за год,2014,8.5
Республика Адыгея (Адыгея),15-72 лет,процент,I квартал,2015-Q1,8.9
Республика Адыгея (Адыгея),15-72 лет,процент,II квартал,2015-Q2,8.6
Республика Адыгея (Адыгея),15-72 лет,процент,III квартал,2015-Q3,8.6
Республика Адыгея (Адыгея),15-72 лет,процент,IV квартал,2015-Q4,8.5
Республика Адыгея (Адыгея),15-72 лет,процент,значение показателя за год,2015,8.6
Республика Адыгея (Адыгея),15-72 лет,процент,I квартал,2016-Q1,8.8
Республика Адыгея (Адыгея),15-72 лет,процент,II квартал,2016-Q2,9.0
Республика Адыгея (Адыгея),15-72 лет,процент,III квартал,2016-Q3,8.9
Республика Адыгея (Адыгея),15-72 лет,процент,IV квартал,2016-Q4,8.8
Республика Адыгея (Адыгея),15-72 лет,процент,значение показателя за год,2016,8.9
Республика Адыгея (Адыгея),15-72 лет,процент,I квартал,2017-Q1,8.7
Республика Адыгея (Адыгея),15-72 лет,процент,II квартал,2017-Q2,8.4
Республика Адыгея (Адыгея),15-72 лет,процент,III квартал,2017-Q3,8.4
Республика Адыгея (Адыгея),15-72 лет,процент,IV квартал,2017-Q4,8.5
Республика Адыгея (Адыгея),15-72 лет,процент,значение показателя за год,2017,8.5
Республика Адыгея (Адыгея),15-72 лет,процент,I квартал,2018-Q1,8.8
Республика Адыгея (Адыгея),15-72 лет,процент,II квартал,2018-Q2,8.8
Республика Адыгея (Адыгея),15-72 лет,процент,III квартал,2018-Q3,8.6
Республика Адыгея (Адыгея),15-72 лет,процент,IV квартал,2018-Q4,8.0
Республика Адыгея (Адыгея),15-72 лет,процент,значение показателя за год,2018,8.6
Республика Адыгея (Адыгея),15-72 лет,процент,I квартал,2019-Q1,8.2
Республика Адыгея (Адыгея),15-72 лет,процент,II квартал,2019-Q2,8.1
Республика Адыгея (Адыгея),15-72 лет,процент,III квартал,2019-Q3,8.3
Республика Адыгея (Адыгея),15-72 лет,процент,IV квартал,2019-Q4,8.1
Республика Адыгея (Адыгея),15-72 лет,процент,значение показателя за год,2019,8.2
Республика Адыгея (Адыгея),15-72 лет,процент,I квартал,2020-Q1,8.0
Республика Адыгея (Адыгея),15-72 лет,процент,II квартал,2020-Q2,8.7
Республика Адыгея (Адыгея),15-72 лет,процент,III квартал,2020-Q3,8.3
Республика Адыгея (Адыгея),15-72 лет,процент,IV квартал,2020-Q4,8.5
Республика Адыгея (Адыгея),15-72 лет,процент,значение показателя за год,2020,8.4
Республика Адыгея (Адыгея),15-72 лет,процент,I квартал,2021-Q1,8.5
Республика Адыгея (Адыгея),15-72 лет,процент,II квартал,2021-Q2,8.3
Республика Адыгея (Адыгея),15-72 лет,процент,III квартал,2021-Q3,8.1
Республика Адыгея (Адыгея),15-72 лет,процент,IV квартал,2021-Q4,8.2
Республика Адыгея (Адыгея),15-72 лет,процент,значение показателя за год,2021,8.3
Республика Калмыкия,15 лет и старше,процент,I квартал,2017-Q1,9.7
Республика Калмыкия,15 лет и старше,процент,II квартал,2017-Q2,8.8
Республика Калмыкия,15 лет и старше,процент,III квартал,2017-Q3,11.0
Республика Калмыкия,15 лет и старше,процент,IV квартал,2017-Q4,10.2
Республика Калмыкия,15 лет и старше,процент,значение показателя за год,2017,9.9
Республика Калмыкия,15 лет и старше,процент,I квартал,2018-Q1,10.7
Республика Калмыкия,15 лет и старше,процент,II квартал,2018-Q2,10.8
Республика Калмыкия,15 лет и старше,процент,III квартал,2018-Q3,9.7
Республика Калмыкия,15 лет и старше,процент,IV квартал,2018-Q4,7.8
Республика Калмыкия,15 лет и старше,процент,значение показателя за год,2018,9.7
Республика Калмыкия,15 лет и старше,процент,I квартал,2019-Q1,8.5
Республика Калмыкия,15 лет и старше,процент,II квартал,2019-Q2,9.8
Республика Калмыкия,15 лет и старше,процент,III квартал,2019-Q3,9.4
Республика Калмыкия,15 лет и старше,процент,IV квартал,2019-Q4,9.2
Республика Калмыкия,15 лет и старше,процент,значение показателя за год,2019,9.2
Республика Калмыкия,15 лет и старше,процент,I квартал,2020-Q1,8.7
Республика Калмыкия,15 лет и старше,процент,II квартал,2020-Q2,10.0
Республика Калмыкия,15 лет и старше,процент,III квартал,2020-Q3,10.3
Республика Калмыкия,15 лет и старше,процент,IV квартал,2020-Q4,9.1
Республика Калмыкия,15 лет и старше,процент,значение показателя за год,2020,9.5
Республика Калмыкия,15 лет и старше,процент,I квартал,2021-Q1,8.8
Республика Калмыкия,15 лет и старше,процент,II квартал,2021-Q2,9.3
Республика Калмыкия,15 лет и старше,процент,III квартал,2021-Q3,9.0
Республика Калмыкия,15 лет и старше,процент,IV квартал,2021-Q4,8.7
Республика Калмыкия,15 лет и старше,процент,значение показателя за год,2021,9.0
Республика Калмыкия,15 лет и старше,процент,I квартал,2022-Q1,8.4
Республика Калмыкия,15 лет и старше,процент,II квартал,2022-Q2,8.3
Республика Калмыкия,15 лет и старше,процент,III квартал,2022-Q3,7.8
Республика Калмыкия,15 лет и старше,процент,IV квартал,2022-Q4,7.9
Республика Калмыкия,15 лет и старше,процент,значение показателя за год,2022,8.1
Республика Калмыкия,15 лет и старше,процент,I квартал,2023-Q1,7.01
Республика Калмыкия,15 лет и старше,процент,II квартал,2023-Q2,6.8
Республика Калмыкия,15 лет и старше,процент,III квартал,2023-Q3,6.5
Республика Калмыкия,15 лет и старше,процент,IV квартал,2023-Q4,5.9
Республика Калмыкия,15 лет и старше,процент,значение показателя за год,2023,6.5
Республика Калмыкия,15 лет и старше,процент,I квартал,2024-Q1,5.5
Республика Калмыкия,15 лет и старше,процент,II квартал,2024-Q2,5.3
Республика Калмыкия,15 лет и старше,процент,III квартал,2024-Q3,5.2
Республика Калмыкия,15 лет и старше,процент,IV квартал,2024-Q4,4.2
Республика Калмыкия,15 лет и старше,процент,значение показателя за год,2024,5.1
Республика Калмыкия,15 лет и старше,процент,I квартал,2025-Q1,3.8
Республика Калмыкия,15 лет и старше,процент,II квартал,2025-Q2,3.3
Республика Калмыкия,15 лет и старше,процент,III квартал,2025-Q3,3.3
Республика Калмыкия,15 лет и старше,процент,IV квартал,2025-Q4,3.0
Республика Калмыкия,15 лет и старше,процент,значение показателя за год,2025,3.4
Республика Калмыкия,15-72 лет,процент,I квартал,2013-Q1,11.7
Республика Калмыкия,15-72 лет,процент,II квартал,2013-Q2,12.3
Республика Калмыкия,15-72 лет,процент,III квартал,2013-Q3,13.3
Республика Калмыкия,15-72 лет,процент,IV квартал,2013-Q4,12.6
Республика Калмыкия,15-72 лет,процент,значение показателя за год,2013,12.5
Республика Калмыкия,15-72 лет,процент,I квартал,2014-Q1,12.7
Республика Калмыкия,15-72 лет,процент,II квартал,2014-Q2,10.6
Республика Калмыкия,15-72 лет,процент,III квартал,2014-Q3,10.5
Республика Калмыкия,15-72 лет,процент,IV квартал,2014-Q4,9.9
Республика Калмыкия,15-72 лет,процент,значение показателя за год,2014,10.9
Республика Калмыкия,15-72 лет,процент,I квартал,2015-Q1,11.5
Республика Калмыкия,15-72 лет,процент,II квартал,2015-Q2,11.1
Республика Калмыкия,15-72 лет,процент,III квартал,2015-Q3,10.7
Республика Калмыкия,15-72 лет,процент,IV квартал,2015-Q4,9.4
Республика Калмыкия,15-72 лет,процент,значение показателя за год,2015,10.7
Республика Калмыкия,15-72 лет,процент,I квартал,2016-Q1,12.2
Республика Калмыкия,15-72 лет,процент,II квартал,2016-Q2,9.6
Республика Калмыкия,15-72 лет,процент,III квартал,2016-Q3,11.6
Республика Калмыкия,15-72 лет,процент,IV квартал,2016-Q4,9.0
Республика Калмыкия,15-72 лет,процент,значение показателя за год,2016,10.6
Республика Калмыкия,15-72 лет,процент,I квартал,2017-Q1,9.7
Республика Калмыкия,15-72 лет,процент,II квартал,2017-Q2,8.8
Республика Калмыкия,15-72 лет,процент,III квартал,2017-Q3,11.0
Республика Калмыкия,15-72 лет,процент,IV квартал,2017-Q4,10.2
Республика Калмыкия,15-72 лет,процент,значение показателя за год,2017,10.0
Республика Калмыкия,15-72 лет,процент,I квартал,2018-Q1,10.7
Республика Калмыкия,15-72 лет,процент,II квартал,2018-Q2,10.8
Республика Калмыкия,15-72 лет,процент,III квартал,2018-Q3,9.7
Республика Калмыкия,15-72 лет,процент,IV квартал,2018-Q4,7.8
Республика Калмыкия,15-72 лет,процент,значение показателя за год,2018,9.7
Республика Калмыкия,15-72 лет,процент,I квартал,2019-Q1,8.5
Республика Калмыкия,15-72 лет,процент,II квартал,2019-Q2,9.8
Республика Калмыкия,15-72 лет,процент,III квартал,2019-Q3,9.4
Республика Калмыкия,15-72 лет,процент,IV квартал,2019-Q4,9.2
Республика Калмыкия,15-72 лет,процент,значение показателя за год,2019,9.2
Республика Калмыкия,15-72 лет,процент,I квартал,2020-Q1,8.7
Республика Калмыкия,15-72 лет,процент,II квартал,2020-Q2,10.0
Республика Калмыкия,15-72 лет,процент,III квартал,2020-Q3,10.3
Республика Калмыкия,15-72 лет,процент,IV квартал,2020-Q4,9.1
Республика Калмыкия,15-72 лет,процент,значение показателя за год,2020,9.5
Республика Калмыкия,15-72 лет,процент,I квартал,2021-Q1,8.8
Республика Калмыкия,15-72 лет,процент,II квартал,2021-Q2,9.4
Республика Калмыкия,15-72 лет,процент,III квартал,2021-Q3,8.9
Республика Калмыкия,15-72 лет,процент,IV квартал,2021-Q4,8.7
Республика Калмыкия,15-72 лет,процент,значение показателя за год,2021,8.9
Республика Крым,15 лет и старше,процент,I квартал,2017-Q1,7.3
Республика Крым,15 лет и старше,процент,II квартал,2017-Q2,6.4
Республика Крым,15 лет и старше,процент,III квартал,2017-Q3,5.4
Республика Крым,15 лет и старше,процент,IV квартал,2017-Q4,6.5
Республика Крым,15 лет и старше,процент,значение показателя за год,2017,6.4
Республика Крым,15 лет и старше,процент,I квартал,2018-Q1,6.9
Республика Крым,15 лет и старше,процент,II квартал,2018-Q2,5.9
Республика Крым,15 лет и старше,процент,III квартал,2018-Q3,5.3
Республика Крым,15 лет и старше,процент,IV квартал,2018-Q4,5.7
Республика Крым,15 лет и старше,процент,значение показателя за год,2018,6.0
Республика Крым,15 лет и старше,процент,I квартал,2019-Q1,6.2
Республика Крым,15 лет и старше,процент,II квартал,2019-Q2,5.6
Республика Крым,15 лет и старше,процент,III квартал,2019-Q3,5.1
Республика Крым,15 лет и старше,процент,IV квартал,2019-Q4,5.6
Республика Крым,15 лет и старше,процент,значение показателя за год,2019,5.6
Республика Крым,15 лет и старше,процент,I квартал,2020-Q1,5.8
Республика Крым,15 лет и старше,процент,II квартал,2020-Q2,6.8
Республика Крым,15 лет и старше,процент,III квартал,2020-Q3,6.3
Республика Крым,15 лет и старше,процент,IV квартал,2020-Q4,6.4
Республика Крым,15 лет и старше,процент,значение показателя за год,2020,6.3
Республика Крым,15 лет и старше,процент,I квартал,2021-Q1,6.1
Республика Крым,15 лет и старше,процент,II квартал,2021-Q2,5.9
Республика Крым,15 лет и старше,процент,III квартал,2021-Q3,5.2
Республика Крым,15 лет и старше,процент,IV квартал,2021-Q4,5.9
Республика Крым,15 лет и старше,процент,значение показателя за год,2021,5.8
Республика Крым,15 лет и старше,процент,I квартал,2022-Q1,6.7
Республика Крым,15 лет и старше,процент,II квартал,2022-Q2,5.5
Республика Крым,15 лет и старше,процент,III квартал,2022-Q3,4.0
Республика Крым,15 лет и старше,процент,IV квартал,2022-Q4,4.2
Республика Крым,15 лет и старше,процент,значение показателя за год,2022,5.0
Республика Крым,15 лет и старше,процент,I квартал,2023-Q1,3.98
Республика Крым,15 лет и старше,процент,II квартал,2023-Q2,3.9
Республика Крым,15 лет и старше,процент,III квартал,2023-Q3,3.33
Республика Крым,15 лет и старше,процент,IV квартал,2023-Q4,3.3
Республика Крым,15 лет и старше,процент,значение показателя за год,2023,3.6
Республика Крым,15 лет и старше,процент,I квартал,2024-Q1,3.4
Республика Крым,15 лет и старше,процент,II квартал,2024-Q2,2.8
Республика Крым,15 лет и старше,процент,III квартал,2024-Q3,2.2
Республика Крым,15 лет и старше,процент,IV квартал,2024-Q4,2.6
Республика Крым,15 лет и старше,процент,значение показателя за год,2024,2.7
Республика Крым,15 лет и старше,процент,I квартал,2025-Q1,2.3
Республика Крым,15 лет и старше,процент,II квартал,2025-Q2,2.1
Республика Крым,15 лет и старше,процент,III квартал,2025-Q3,1.7
Республика Крым,15 лет и старше,процент,IV квартал,2025-Q4,2.2
Республика Крым,15 лет и старше,процент,значение показателя за год,2025,2.1
Республика Крым,15-72 лет,процент,I квартал,2013-Q1,0.0
Республика Крым,15-72 лет,процент,II квартал,2013-Q2,0.0
Республика Крым,15-72 лет,процент,III квартал,2013-Q3,0.0
Республика Крым,15-72 лет,процент,IV квартал,2013-Q4,0.0
Республика Крым,15-72 лет,процент,значение показателя за год,2013,0.0
Республика Крым,15-72 лет,процент,I квартал,2014-Q1,0.0
Республика Крым,15-72 лет,процент,II квартал,2014-Q2,0.0
Республика Крым,15-72 лет,процент,III квартал,2014-Q3,0.0
Республика Крым,15-72 лет,процент,IV квартал,2014-Q4,0.0
Республика Крым,15-72 лет,процент,значение показателя за год,2014,0.0
Республика Крым,15-72 лет,процент,I квартал,2015-Q1,9.2
Республика Крым,15-72 лет,процент,II квартал,2015-Q2,7.1
Республика Крым,15-72 лет,процент,III квартал,2015-Q3,5.8
Республика Крым,15-72 лет,процент,IV квартал,2015-Q4,7.0
Республика Крым,15-72 лет,процент,значение показателя за год,2015,7.2
Республика Крым,15-72 лет,процент,I квартал,2016-Q1,8.6
Республика Крым,15-72 лет,процент,II квартал,2016-Q2,6.5
Республика Крым,15-72 лет,процент,III квартал,2016-Q3,5.8
Республика Крым,15-72 лет,процент,IV квартал,2016-Q4,6.6
Республика Крым,15-72 лет,процент,значение показателя за год,2016,6.8
Республика Крым,15-72 лет,процент,I квартал,2017-Q1,7.3
Республика Крым,15-72 лет,процент,II квартал,2017-Q2,6.4
Республика Крым,15-72 лет,процент,III квартал,2017-Q3,5.4
Республика Крым,15-72 лет,процент,IV квартал,2017-Q4,6.5
Республика Крым,15-72 лет,процент,значение показателя за год,2017,6.4
Республика Крым,15-72 лет,процент,I квартал,2018-Q1,6.9
Республика Крым,15-72 лет,процент,II квартал,2018-Q2,5.9
Республика Крым,15-72 лет,процент,III квартал,2018-Q3,5.3
Республика Крым,15-72 лет,процент,IV квартал,2018-Q4,5.7
Республика Крым,15-72 лет,процент,значение показателя за год,2018,6.0
Республика Крым,15-72 лет,процент,I квартал,2019-Q1,6.2
Республика Крым,15-72 лет,процент,II квартал,2019-Q2,5.6
Республика Крым,15-72 лет,процент,III квартал,2019-Q3,5.1
Республика Крым,15-72 лет,процент,IV квартал,2019-Q4,5.6
Республика Крым,15-72 лет,процент,значение показателя за год,2019,5.6
Республика Крым,15-72 лет,процент,I квартал,2020-Q1,5.8
Республика Крым,15-72 лет,процент,II квартал,2020-Q2,6.9
Республика Крым,15-72 лет,процент,III квартал,2020-Q3,6.3
Республика Крым,15-72 лет,процент,IV квартал,2020-Q4,6.4
Республика Крым,15-72 лет,процент,значение показателя за год,2020,6.3
Республика Крым,15-72 лет,процент,I квартал,2021-Q1,6.1
Республика Крым,15-72 лет,процент,II квартал,2021-Q2,5.9
Республика Крым,15-72 лет,процент,III квартал,2021-Q3,5.2
Республика Крым,15-72 лет,процент,IV квартал,2021-Q4,5.9
Республика Крым,15-72 лет,процент,значение показателя за год,2021,5.8
Краснодарский край,15 лет и старше,процент,I квартал,2017-Q1,5.9
Краснодарский край,15 лет и старше,процент,II квартал,2017-Q2,5.8
Краснодарский край,15 лет и старше,процент,III квартал,2017-Q3,5.5
Краснодарский край,15 лет и старше,процент,IV квартал,2017-Q4,5.6
Краснодарский край,15 лет и старше,процент,значение показателя за год,2017,5.7
Краснодарский край,15 лет и старше,процент,I квартал,2018-Q1,5.6
Краснодарский край,15 лет и старше,процент,II квартал,2018-Q2,5.3
Краснодарский край,15 лет и старше,процент,III квартал,2018-Q3,4.9
Краснодарский край,15 лет и старше,процент,IV квартал,2018-Q4,4.9
Краснодарский край,15 лет и старше,процент,значение показателя за год,2018,5.2
Краснодарский край,15 лет и старше,процент,I квартал,2019-Q1,5.0
Краснодарский край,15 лет и старше,процент,II квартал,2019-Q2,4.8
Краснодарский край,15 лет и старше,процент,III квартал,2019-Q3,4.7
Краснодарский край,15 лет и старше,процент,IV квартал,2019-Q4,4.9
Краснодарский край,15 лет и старше,процент,значение показателя за год,2019,4.8
Краснодарский край,15 лет и старше,процент,I квартал,2020-Q1,4.8
Краснодарский край,15 лет и старше,процент,II квартал,2020-Q2,6.3
Краснодарский край,15 лет и старше,процент,III квартал,2020-Q3,5.9
Краснодарский край,15 лет и старше,процент,IV квартал,2020-Q4,5.7
Краснодарский край,15 лет и старше,процент,значение показателя за год,2020,5.7
Краснодарский край,15 лет и старше,процент,I квартал,2021-Q1,5.6
Краснодарский край,15 лет и старше,процент,II квартал,2021-Q2,5.3
Краснодарский край,15 лет и старше,процент,III квартал,2021-Q3,4.8
Краснодарский край,15 лет и старше,процент,IV квартал,2021-Q4,4.6
Краснодарский край,15 лет и старше,процент,значение показателя за год,2021,5.1
Краснодарский край,15 лет и старше,процент,I квартал,2022-Q1,3.6
Краснодарский край,15 лет и старше,процент,II квартал,2022-Q2,3.9
Краснодарский край,15 лет и старше,процент,III квартал,2022-Q3,3.4
Краснодарский край,15 лет и старше,процент,IV квартал,2022-Q4,3.2
Краснодарский край,15 лет и старше,процент,значение показателя за год,2022,3.6
Краснодарский край,15 лет и старше,процент,I квартал,2023-Q1,2.34
Краснодарский край,15 лет и старше,процент,II квартал,2023-Q2,1.7
Краснодарский край,15 лет и старше,процент,III квартал,2023-Q3,1.81
Краснодарский край,15 лет и старше,процент,IV квартал,2023-Q4,2.1
Краснодарский край,15 лет и старше,процент,значение показателя за год,2023,2.0
Краснодарский край,15 лет и старше,процент,I квартал,2024-Q1,2.1
Краснодарский край,15 лет и старше,процент,II квартал,2024-Q2,2.0
Краснодарский край,15 лет и старше,процент,III квартал,2024-Q3,2.0
Краснодарский край,15 лет и старше,процент,IV квартал,2024-Q4,1.9
Краснодарский край,15 лет и старше,процент,значение показателя за год,2024,2.0
Краснодарский край,15 лет и старше,процент,I квартал,2025-Q1,2.1
Краснодарский край,15 лет и старше,процент,II квартал,2025-Q2,2.0
Краснодарский край,15 лет и старше,процент,III квартал,2025-Q3,2.0
Краснодарский край,15 лет и старше,процент,IV квартал,2025-Q4,2.0
Краснодарский край,15 лет и старше,процент,значение показателя за год,2025,2.0
Краснодарский край,15-72 лет,процент,I квартал,2013-Q1,7.0
Краснодарский край,15-72 лет,процент,II квартал,2013-Q2,5.9
Краснодарский край,15-72 лет,процент,III квартал,2013-Q3,5.7
Краснодарский край,15-72 лет,процент,IV квартал,2013-Q4,5.9
Краснодарский край,15-72 лет,процент,значение показателя за год,2013,6.1
Краснодарский край,15-72 лет,процент,I квартал,2014-Q1,5.9
Краснодарский край,15-72 лет,процент,II квартал,2014-Q2,5.4
Краснодарский край,15-72 лет,процент,III квартал,2014-Q3,5.7
Краснодарский край,15-72 лет,процент,IV квартал,2014-Q4,5.7
Краснодарский край,15-72 лет,процент,значение показателя за год,2014,5.7
Краснодарский край,15-72 лет,процент,I квартал,2015-Q1,5.9
Краснодарский край,15-72 лет,процент,II квартал,2015-Q2,6.1
Краснодарский край,15-72 лет,процент,III квартал,2015-Q3,6.2
Краснодарский край,15-72 лет,процент,IV квартал,2015-Q4,5.9
Краснодарский край,15-72 лет,процент,значение показателя за год,2015,6.0
Краснодарский край,15-72 лет,процент,I квартал,2016-Q1,5.9
Краснодарский край,15-72 лет,процент,II квартал,2016-Q2,5.9
Краснодарский край,15-72 лет,процент,III квартал,2016-Q3,5.7
Краснодарский край,15-72 лет,процент,IV квартал,2016-Q4,5.8
Краснодарский край,15-72 лет,процент,значение показателя за год,2016,5.8
Краснодарский край,15-72 лет,процент,I квартал,2017-Q1,5.8
Краснодарский край,15-72 лет,процент,II квартал,2017-Q2,5.8
Краснодарский край,15-72 лет,процент,III квартал,2017-Q3,5.4
Краснодарский край,15-72 лет,процент,IV квартал,2017-Q4,5.6
Краснодарский край,15-72 лет,процент,значение показателя за год,2017,5.7
Краснодарский край,15-72 лет,процент,I квартал,2018-Q1,5.6
Краснодарский край,15-72 лет,процент,II квартал,2018-Q2,5.3
Краснодарский край,15-72 лет,процент,III квартал,2018-Q3,4.9
Краснодарский край,15-72 лет,процент,IV квартал,2018-Q4,4.9
Краснодарский край,15-72 лет,процент,значение показателя за год,2018,5.2
Краснодарский край,15-72 лет,процент,I квартал,2019-Q1,5.0
Краснодарский край,15-72 лет,процент,II квартал,2019-Q2,4.8
Краснодарский край,15-72 лет,процент,III квартал,2019-Q3,4.8
Краснодарский край,15-72 лет,процент,IV квартал,2019-Q4,4.8
Краснодарский край,15-72 лет,процент,значение показателя за год,2019,4.8
Краснодарский край,15-72 лет,процент,I квартал,2020-Q1,4.8
Краснодарский край,15-72 лет,процент,II квартал,2020-Q2,6.3
Краснодарский край,15-72 лет,процент,III квартал,2020-Q3,5.9
Краснодарский край,15-72 лет,процент,IV квартал,2020-Q4,5.7
Краснодарский край,15-72 лет,процент,значение показателя за год,2020,5.7
Краснодарский край,15-72 лет,процент,I квартал,2021-Q1,5.6
Краснодарский край,15-72 лет,процент,II квартал,2021-Q2,5.3
Краснодарский край,15-72 лет,процент,III квартал,2021-Q3,4.8
Краснодарский край,15-72 лет,процент,IV квартал,2021-Q4,4.6
Краснодарский край,15-72 лет,процент,значение показателя за год,2021,5.0
Астраханская область,15 лет и старше,процент,I квартал,2017-Q1,8.3
Астраханская область,15 лет и старше,процент,II квартал,2017-Q2,7.2
Астраханская область,15 лет и старше,процент,III квартал,2017-Q3,7.2
Астраханская область,15 лет и старше,процент,IV квартал,2017-Q4,7.1
Астраханская область,15 лет и старше,процент,значение показателя за год,2017,7.5
Астраханская область,15 лет и старше,процент,I квартал,2018-Q1,7.8
Астраханская область,15 лет и старше,процент,II квартал,2018-Q2,7.3
Астраханская область,15 лет и старше,процент,III квартал,2018-Q3,7.3
Астраханская область,15 лет и старше,процент,IV квартал,2018-Q4,7.7
Астраханская область,15 лет и старше,процент,значение показателя за год,2018,7.5
Астраханская область,15 лет и старше,процент,I квартал,2019-Q1,8.2
Астраханская область,15 лет и старше,процент,II квартал,2019-Q2,7.9
Астраханская область,15 лет и старше,процент,III квартал,2019-Q3,7.3
Астраханская область,15 лет и старше,процент,IV квартал,2019-Q4,7.2
Астраханская область,15 лет и старше,процент,значение показателя за год,2019,7.7
Астраханская область,15 лет и старше,процент,I квартал,2020-Q1,7.5
Астраханская область,15 лет и старше,процент,II квартал,2020-Q2,8.0
Астраханская область,15 лет и старше,процент,III квартал,2020-Q3,8.0
Астраханская область,15 лет и старше,процент,IV квартал,2020-Q4,8.4
Астраханская область,15 лет и старше,процент,значение показателя за год,2020,7.9
Астраханская область,15 лет и старше,процент,I квартал,2021-Q1,8.2
Астраханская область,15 лет и старше,процент,II квартал,2021-Q2,7.9
Астраханская область,15 лет и старше,процент,III квартал,2021-Q3,7.7
Астраханская область,15 лет и старше,процент,IV квартал,2021-Q4,7.4
Астраханская область,15 лет и старше,процент,значение показателя за год,2021,7.8
Астраханская область,15 лет и старше,процент,I квартал,2022-Q1,7.4
Астраханская область,15 лет и старше,процент,II квартал,2022-Q2,7.1
Астраханская область,15 лет и старше,процент,III квартал,2022-Q3,7.2
Астраханская область,15 лет и старше,процент,IV квартал,2022-Q4,6.8
Астраханская область,15 лет и старше,процент,значение показателя за год,2022,7.1
Астраханская область,15 лет и старше,процент,I квартал,2023-Q1,5.63
Астраханская область,15 лет и старше,процент,II квартал,2023-Q2,4.8
Астраханская область,15 лет и старше,процент,III квартал,2023-Q3,3.75
Астраханская область,15 лет и старше,процент,IV квартал,2023-Q4,3.3
Астраханская область,15 лет и старше,процент,значение показателя за год,2023,4.4
Астраханская область,15 лет и старше,процент,I квартал,2024-Q1,3.1
Астраханская область,15 лет и старше,процент,II квартал,2024-Q2,2.8
Астраханская область,15 лет и старше,процент,III квартал,2024-Q3,2.5
Астраханская область,15 лет и старше,процент,IV квартал,2024-Q4,2.4
Астраханская область,15 лет и старше,процент,значение показателя за год,2024,2.7
Астраханская область,15 лет и старше,процент,I квартал,2025-Q1,2.3
Астраханская область,15 лет и старше,процент,II квартал,2025-Q2,2.1
Астраханская область,15 лет и старше,процент,III квартал,2025-Q3,2.2
Астраханская область,15 лет и старше,процент,IV квартал,2025-Q4,2.1
Астраханская область,15 лет и старше,процент,значение показателя за год,2025,2.2
Астраханская область,15-72 лет,процент,I квартал,2013-Q1,7.8
Астраханская область,15-72 лет,процент,II квартал,2013-Q2,7.4
Астраханская область,15-72 лет,процент,III квартал,2013-Q3,6.9
Астраханская область,15-72 лет,процент,IV квартал,2013-Q4,7.6
Астраханская область,15-72 лет,процент,значение показателя за год,2013,7.5
Астраханская область,15-72 лет,процент,I квартал,2014-Q1,8.0
Астраханская область,15-72 лет,процент,II квартал,2014-Q2,7.6
Астраханская область,15-72 лет,процент,III квартал,2014-Q3,6.8
Астраханская область,15-72 лет,процент,IV квартал,2014-Q4,7.5
Астраханская область,15-72 лет,процент,значение показателя за год,2014,7.5
Астраханская область,15-72 лет,процент,I квартал,2015-Q1,8.0
Астраханская область,15-72 лет,процент,II квартал,2015-Q2,7.5
Астраханская область,15-72 лет,процент,III квартал,2015-Q3,6.8
Астраханская область,15-72 лет,процент,IV квартал,2015-Q4,7.8
Астраханская область,15-72 лет,процент,значение показателя за год,2015,7.5
Астраханская область,15-72 лет,процент,I квартал,2016-Q1,8.2
Астраханская область,15-72 лет,процент,II квартал,2016-Q2,8.0
Астраханская область,15-72 лет,процент,III квартал,2016-Q3,7.2
Астраханская область,15-72 лет,процент,IV квартал,2016-Q4,7.3
Астраханская область,15-72 лет,процент,значение показателя за год,2016,7.7
Астраханская область,15-72 лет,процент,I квартал,2017-Q1,8.4
Астраханская область,15-72 лет,процент,II квартал,2017-Q2,7.2
Астраханская область,15-72 лет,процент,III квартал,2017-Q3,7.2
Астраханская область,15-72 лет,процент,IV квартал,2017-Q4,7.1
Астраханская область,15-72 лет,процент,значение показателя за год,2017,7.5
Астраханская область,15-72 лет,процент,I квартал,2018-Q1,7.9
Астраханская область,15-72 лет,процент,II квартал,2018-Q2,7.3
Астраханская область,15-72 лет,процент,III квартал,2018-Q3,7.3
Астраханская область,15-72 лет,процент,IV квартал,2018-Q4,7.7
Астраханская область,15-72 лет,процент,значение показателя за год,2018,7.5
Астраханская область,15-72 лет,процент,I квартал,2019-Q1,8.2
Астраханская область,15-72 лет,процент,II квартал,2019-Q2,7.8
Астраханская область,15-72 лет,процент,III квартал,2019-Q3,7.4
Астраханская область,15-72 лет,процент,IV квартал,2019-Q4,7.2
Астраханская область,15-72 лет,процент,значение показателя за год,2019,7.6
Астраханская область,15-72 лет,процент,I квартал,2020-Q1,7.5
Астраханская область,15-72 лет,процент,II квартал,2020-Q2,8.0
Астраханская область,15-72 лет,процент,III квартал,2020-Q3,7.9
Астраханская область,15-72 лет,процент,IV квартал,2020-Q4,8.4
Астраханская область,15-72 лет,процент,значение показателя за год,2020,7.9
Астраханская область,15-72 лет,процент,I квартал,2021-Q1,8.2
Астраханская область,15-72 лет,процент,II квартал,2021-Q2,7.9
Астраханская область,15-72 лет,процент,III квартал,2021-Q3,7.7
Астраханская область,15-72 лет,процент,IV квартал,2021-Q4,7.4
Астраханская область,15-72 лет,процент,значение показателя за год,2021,7.8
Волгоградская область,15 лет и старше,процент,I квартал,2017-Q1,6.8
Волгоградская область,15 лет и старше,процент,II квартал,2017-Q2,6.1
Волгоградская область,15 лет и старше,процент,III квартал,2017-Q3,5.4
Волгоградская область,15 лет и старше,процент,IV квартал,2017-Q4,5.7
Волгоградская область,15 лет и старше,процент,значение показателя за год,2017,6.0
Волгоградская область,15 лет и старше,процент,I квартал,2018-Q1,5.7
Волгоградская область,15 лет и старше,процент,II квартал,2018-Q2,5.4
Волгоградская область,15 лет и старше,процент,III квартал,2018-Q3,5.5
Волгоградская область,15 лет и старше,процент,IV квартал,2018-Q4,5.7
Волгоградская область,15 лет и старше,процент,значение показателя за год,2018,5.6
Волгоградская область,15 лет и старше,процент,I квартал,2019-Q1,5.8
Волгоградская область,15 лет и старше,процент,II квартал,2019-Q2,5.4
Волгоградская область,15 лет и старше,процент,III квартал,2019-Q3,4.8
Волгоградская область,15 лет и старше,процент,IV квартал,2019-Q4,5.4
Волгоградская область,15 лет и старше,процент,значение показателя за год,2019,5.3
Волгоградская область,15 лет и старше,процент,I квартал,2020-Q1,5.8
Волгоградская область,15 лет и старше,процент,II квартал,2020-Q2,8.1
Волгоградская область,15 лет и старше,процент,III квартал,2020-Q3,9.1
Волгоградская область,15 лет и старше,процент,IV квартал,2020-Q4,7.2
Волгоградская область,15 лет и старше,процент,значение показателя за год,2020,7.6
Волгоградская область,15 лет и старше,процент,I квартал,2021-Q1,5.6
Волгоградская область,15 лет и старше,процент,II квартал,2021-Q2,5.3
Волгоградская область,15 лет и старше,процент,III квартал,2021-Q3,4.7
Волгоградская область,15 лет и старше,процент,IV квартал,2021-Q4,4.3
Волгоградская область,15 лет и старше,процент,значение показателя за год,2021,5.0
Волгоградская область,15 лет и старше,процент,I квартал,2022-Q1,4.5
Волгоградская область,15 лет и старше,процент,II квартал,2022-Q2,3.4
Волгоградская область,15 лет и старше,процент,III квартал,2022-Q3,3.0
Волгоградская область,15 лет и старше,процент,IV квартал,2022-Q4,3.2
Волгоградская область,15 лет и старше,процент,значение показателя за год,2022,3.5
Волгоградская область,15 лет и старше,процент,I квартал,2023-Q1,3.11
Волгоградская область,15 лет и старше,процент,II квартал,2023-Q2,2.9
Волгоградская область,15 лет и старше,процент,III квартал,2023-Q3,2.74
Волгоградская область,15 лет и старше,процент,IV квартал,2023-Q4,2.7
Волгоградская область,15 лет и старше,процент,значение показателя за год,2023,2.9
Волгоградская область,15 лет и старше,процент,I квартал,2024-Q1,2.7
Волгоградская область,15 лет и старше,процент,II квартал,2024-Q2,2.5
Волгоградская область,15 лет и старше,процент,III квартал,2024-Q3,2.3
Волгоградская область,15 лет и старше,процент,IV квартал,2024-Q4,2.2
Волгоградская область,15 лет и старше,процент,значение показателя за год,2024,2.4
Волгоградская область,15 лет и старше,процент,I квартал,2025-Q1,2.1
Волгоградская область,15 лет и старше,процент,II квартал,2025-Q2,1.9
Волгоградская область,15 лет и старше,процент,III квартал,2025-Q3,1.9
Волгоградская область,15 лет и старше,процент,IV квартал,2025-Q4,1.8
Волгоградская область,15 лет и старше,процент,значение показателя за год,2025,1.9
Волгоградская область,15-72 лет,процент,I квартал,2013-Q1,6.6
Волгоградская область,15-72 лет,процент,II квартал,2013-Q2,6.3
Волгоградская область,15-72 лет,процент,III квартал,2013-Q3,6.0
Волгоградская область,15-72 лет,процент,IV квартал,2013-Q4,7.6
Волгоградская область,15-72 лет,процент,значение показателя за год,2013,6.6
Волгоградская область,15-72 лет,процент,I квартал,2014-Q1,7.6
Волгоградская область,15-72 лет,процент,II квартал,2014-Q2,6.1
Волгоградская область,15-72 лет,процент,III квартал,2014-Q3,6.1
Волгоградская область,15-72 лет,процент,IV квартал,2014-Q4,6.6
Волгоградская область,15-72 лет,процент,значение показателя за год,2014,6.6
Волгоградская область,15-72 лет,процент,I квартал,2015-Q1,7.3
Волгоградская область,15-72 лет,процент,II квартал,2015-Q2,7.8
Волгоградская область,15-72 лет,процент,III квартал,2015-Q3,6.5
Волгоградская область,15-72 лет,процент,IV квартал,2015-Q4,7.4
Волгоградская область,15-72 лет,процент,значение показателя за год,2015,7.2
Волгоградская область,15-72 лет,процент,I квартал,2016-Q1,7.4
Волгоградская область,15-72 лет,процент,II квартал,2016-Q2,6.3
Волгоградская область,15-72 лет,процент,III квартал,2016-Q3,6.5
Волгоградская область,15-72 лет,процент,IV квартал,2016-Q4,7.1
Волгоградская область,15-72 лет,процент,значение показателя за год,2016,6.8
Волгоградская область,15-72 лет,процент,I квартал,2017-Q1,6.8
Волгоградская область,15-72 лет,процент,II квартал,2017-Q2,6.1
Волгоградская область,15-72 лет,процент,III квартал,2017-Q3,5.5
Волгоградская область,15-72 лет,процент,IV квартал,2017-Q4,5.7
Волгоградская область,15-72 лет,процент,значение показателя за год,2017,6.0
Волгоградская область,15-72 лет,процент,I квартал,2018-Q1,5.7
Волгоградская область,15-72 лет,процент,II квартал,2018-Q2,5.4
Волгоградская область,15-72 лет,процент,III квартал,2018-Q3,5.5
Волгоградская область,15-72 лет,процент,IV квартал,2018-Q4,5.7
Волгоградская область,15-72 лет,процент,значение показателя за год,2018,5.6
Волгоградская область,15-72 лет,процент,I квартал,2019-Q1,5.8
Волгоградская область,15-72 лет,процент,II квартал,2019-Q2,5.4
Волгоградская область,15-72 лет,процент,III квартал,2019-Q3,4.8
Волгоградская область,15-72 лет,процент,IV квартал,2019-Q4,5.4
Волгоградская область,15-72 лет,процент,значение показателя за год,2019,5.4
Волгоградская область,15-72 лет,процент,I квартал,2020-Q1,5.9
Волгоградская область,15-72 лет,процент,II квартал,2020-Q2,8.1
Волгоградская область,15-72 лет,процент,III квартал,2020-Q3,9.1
Волгоградская область,15-72 лет,процент,IV квартал,2020-Q4,7.2
Волгоградская область,15-72 лет,процент,значение показателя за год,2020,7.6
Волгоградская область,15-72 лет,процент,I квартал,2021-Q1,5.6
Волгоградская область,15-72 лет,процент,II квартал,2021-Q2,5.3
Волгоградская область,15-72 лет,процент,III квартал,2021-Q3,4.8
Волгоградская область,15-72 лет,процент,IV квартал,2021-Q4,4.3
Волгоградская область,15-72 лет,процент,значение показателя за год,2021,5.0
Ростовская область,15 лет и старше,процент,I квартал,2017-Q1,6.0
Ростовская область,15 лет и старше,процент,II квартал,2017-Q2,5.7
Ростовская область,15 лет и старше,процент,III квартал,2017-Q3,5.6
Ростовская область,15 лет и старше,процент,IV квартал,2017-Q4,5.3
Ростовская область,15 лет и старше,процент,значение показателя за год,2017,5.6
Ростовская область,15 лет и старше,процент,I квартал,2018-Q1,5.3
Ростовская область,15 лет и старше,процент,II квартал,2018-Q2,5.2
Ростовская область,15 лет и старше,процент,III квартал,2018-Q3,5.0
Ростовская область,15 лет и старше,процент,IV квартал,2018-Q4,5.0
Ростовская область,15 лет и старше,процент,значение показателя за год,2018,5.1
Ростовская область,15 лет и старше,процент,I квартал,2019-Q1,4.8
Ростовская область,15 лет и старше,процент,II квартал,2019-Q2,4.9
Ростовская область,15 лет и старше,процент,III квартал,2019-Q3,4.9
Ростовская область,15 лет и старше,процент,IV квартал,2019-Q4,4.8
Ростовская область,15 лет и старше,процент,значение показателя за год,2019,4.8
Ростовская область,15 лет и старше,процент,I квартал,2020-Q1,4.5
Ростовская область,15 лет и старше,процент,II квартал,2020-Q2,5.3
Ростовская область,15 лет и старше,процент,III квартал,2020-Q3,5.0
Ростовская область,15 лет и старше,процент,IV квартал,2020-Q4,5.4
Ростовская область,15 лет и старше,процент,значение показателя за год,2020,5.0
Ростовская область,15 лет и старше,процент,I квартал,2021-Q1,4.9
Ростовская область,15 лет и старше,процент,II квартал,2021-Q2,3.8
Ростовская область,15 лет и старше,процент,III квартал,2021-Q3,3.7
Ростовская область,15 лет и старше,процент,IV квартал,2021-Q4,3.8
Ростовская область,15 лет и старше,процент,значение показателя за год,2021,4.0
Ростовская область,15 лет и старше,процент,I квартал,2022-Q1,3.6
Ростовская область,15 лет и старше,процент,II квартал,2022-Q2,3.6
Ростовская область,15 лет и старше,процент,III квартал,2022-Q3,3.5
Ростовская область,15 лет и старше,процент,IV квартал,2022-Q4,3.4
Ростовская область,15 лет и старше,процент,значение показателя за год,2022,3.5
Ростовская область,15 лет и старше,процент,I квартал,2023-Q1,3.35
Ростовская область,15 лет и старше,процент,II квартал,2023-Q2,3.2
Ростовская область,15 лет и старше,процент,III квартал,2023-Q3,3.03
Ростовская область,15 лет и старше,процент,IV квартал,2023-Q4,2.8
Ростовская область,15 лет и старше,процент,значение показателя за год,2023,3.1
Ростовская область,15 лет и старше,процент,I квартал,2024-Q1,2.7
Ростовская область,15 лет и старше,процент,II квартал,2024-Q2,2.4
Ростовская область,15 лет и старше,процент,III квартал,2024-Q3,2.3
Ростовская область,15 лет и старше,процент,IV квартал,2024-Q4,2.3
Ростовская область,15 лет и старше,процент,значение показателя за год,2024,2.4
Ростовская область,15 лет и старше,процент,I квартал,2025-Q1,2.2
Ростовская область,15 лет и старше,процент,II квартал,2025-Q2,2.2
Ростовская область,15 лет и старше,процент,III квартал,2025-Q3,2.0
Ростовская область,15 лет и старше,процент,IV квартал,2025-Q4,2.1
Ростовская область,15 лет и старше,процент,значение показателя за год,2025,2.1
Ростовская область,15-72 лет,процент,I квартал,2013-Q1,6.5
Ростовская область,15-72 лет,процент,II квартал,2013-Q2,6.6
Ростовская область,15-72 лет,процент,III квартал,2013-Q3,6.4
Ростовская область,15-72 лет,процент,IV квартал,2013-Q4,4.4
Ростовская область,15-72 лет,процент,значение показателя за год,2013,6.0
Ростовская область,15-72 лет,процент,I квартал,2014-Q1,6.2
Ростовская область,15-72 лет,процент,II квартал,2014-Q2,5.9
Ростовская область,15-72 лет,процент,III квартал,2014-Q3,5.7
Ростовская область,15-72 лет,процент,IV квартал,2014-Q4,5.7
Ростовская область,15-72 лет,процент,значение показателя за год,2014,5.9
Ростовская область,15-72 лет,процент,I квартал,2015-Q1,6.2
Ростовская область,15-72 лет,процент,II квартал,2015-Q2,6.2
Ростовская область,15-72 лет,процент,III квартал,2015-Q3,6.0
Ростовская область,15-72 лет,процент,IV квартал,2015-Q4,6.2
Ростовская область,15-72 лет,процент,значение показателя за год,2015,6.1
Ростовская область,15-72 лет,процент,I квартал,2016-Q1,6.2
Ростовская область,15-72 лет,процент,II квартал,2016-Q2,6.0
Ростовская область,15-72 лет,процент,III квартал,2016-Q3,5.7
Ростовская область,15-72 лет,процент,IV квартал,2016-Q4,5.2
Ростовская область,15-72 лет,процент,значение показателя за год,2016,5.8
Ростовская область,15-72 лет,процент,I квартал,2017-Q1,6.0
Ростовская область,15-72 лет,процент,II квартал,2017-Q2,5.7
Ростовская область,15-72 лет,процент,III квартал,2017-Q3,5.6
Ростовская область,15-72 лет,процент,IV квартал,2017-Q4,5.3
Ростовская область,15-72 лет,процент,значение показателя за год,2017,5.6
Ростовская область,15-72 лет,процент,I квартал,2018-Q1,5.3
Ростовская область,15-72 лет,процент,II квартал,2018-Q2,5.2
Ростовская область,15-72 лет,процент,III квартал,2018-Q3,5.0
Ростовская область,15-72 лет,процент,IV квартал,2018-Q4,5.0
Ростовская область,15-72 лет,процент,значение показателя за год,2018,5.1
Ростовская область,15-72 лет,процент,I квартал,2019-Q1,4.8
Ростовская область,15-72 лет,процент,II квартал,2019-Q2,4.9
Ростовская область,15-72 лет,процент,III квартал,2019-Q3,4.9
Ростовская область,15-72 лет,процент,IV квартал,2019-Q4,4.8
Ростовская область,15-72 лет,процент,значение показателя за год,2019,4.8
Ростовская область,15-72 лет,процент,I квартал,2020-Q1,4.5
Ростовская область,15-72 лет,процент,II квартал,2020-Q2,5.3
Ростовская область,15-72 лет,процент,III квартал,2020-Q3,5.0
Ростовская область,15-72 лет,процент,IV квартал,2020-Q4,5.4
Ростовская область,15-72 лет,процент,значение показателя за год,2020,5.0
Ростовская область,15-72 лет,процент,I квартал,2021-Q1,4.9
Ростовская область,15-72 лет,процент,II квартал,2021-Q2,3.8
Ростовская область,15-72 лет,процент,III квартал,2021-Q3,3.7
Ростовская область,15-72 лет,процент,IV квартал,2021-Q4,3.8
Ростовская область,15-72 лет,процент,значение показателя за год,2021,4.0
Город федерального значения Севастополь,15 лет и старше,процент,I квартал,2017-Q1,5.4
Город федерального значения Севастополь,15 лет и старше,процент,II квартал,2017-Q2,4.2
Город федерального значения Севастополь,15 лет и старше,процент,III квартал,2017-Q3,4.4
Город федерального значения Севастополь,15 лет и старше,процент,IV квартал,2017-Q4,4.1
Город федерального значения Севастополь,15 лет и старше,процент,значение показателя за год,2017,4.5
Город федерального значения Севастополь,15 лет и старше,процент,I квартал,2018-Q1,4.3
Город федерального значения Севастополь,15 лет и старше,процент,II квартал,2018-Q2,4.2
Город федерального значения Севастополь,15 лет и старше,процент,III квартал,2018-Q3,3.9
Город федерального значения Севастополь,15 лет и старше,процент,IV квартал,2018-Q4,4.6
Город федерального значения Севастополь,15 лет и старше,процент,значение показателя за год,2018,4.2
Город федерального значения Севастополь,15 лет и старше,процент,I квартал,2019-Q1,4.2
Город федерального значения Севастополь,15 лет и старше,процент,II квартал,2019-Q2,3.8
Город федерального значения Севастополь,15 лет и старше,процент,III квартал,2019-Q3,3.8
Город федерального значения Севастополь,15 лет и старше,процент,IV квартал,2019-Q4,3.8
Город федерального значения Севастополь,15 лет и старше,процент,значение показателя за год,2019,3.9
Город федерального значения Севастополь,15 лет и старше,процент,I квартал,2020-Q1,4.1
Город федерального значения Севастополь,15 лет и старше,процент,II квартал,2020-Q2,5.1
Город федерального значения Севастополь,15 лет и старше,процент,III квартал,2020-Q3,4.6
Город федерального значения Севастополь,15 лет и старше,процент,IV квартал,2020-Q4,4.7
Город федерального значения Севастополь,15 лет и старше,процент,значение показателя за год,2020,4.6
Город федерального значения Севастополь,15 лет и старше,процент,I квартал,2021-Q1,4.7
Город федерального значения Севастополь,15 лет и старше,процент,II квартал,2021-Q2,4.2
Город федерального значения Севастополь,15 лет и старше,процент,III квартал,2021-Q3,3.8
Город федерального значения Севастополь,15 лет и старше,процент,IV квартал,2021-Q4,4.3
Город федерального значения Севастополь,15 лет и старше,процент,значение показателя за год,2021,4.3
Город федерального значения Севастополь,15 лет и старше,процент,I квартал,2022-Q1,4.4
Город федерального значения Севастополь,15 лет и старше,процент,II квартал,2022-Q2,4.0
Город федерального значения Севастополь,15 лет и старше,процент,III квартал,2022-Q3,3.6
Город федерального значения Севастополь,15 лет и старше,процент,IV квартал,2022-Q4,4.2
Город федерального значения Севастополь,15 лет и старше,процент,значение показателя за год,2022,4.0
Город федерального значения Севастополь,15 лет и старше,процент,I квартал,2023-Q1,4.12
Город федерального значения Севастополь,15 лет и старше,процент,II квартал,2023-Q2,3.7
Город федерального значения Севастополь,15 лет и старше,процент,III квартал,2023-Q3,2.71
Город федерального значения Севастополь,15 лет и старше,процент,IV квартал,2023-Q4,2.8
Город федерального значения Севастополь,15 лет и старше,процент,значение показателя за год,2023,3.3
Город федерального значения Севастополь,15 лет и старше,процент,I квартал,2024-Q1,2.9
Город федерального значения Севастополь,15 лет и старше,процент,II квартал,2024-Q2,2.7
Город федерального значения Севастополь,15 лет и старше,процент,III квартал,2024-Q3,2.3
Город федерального значения Севастополь,15 лет и старше,процент,IV квартал,2024-Q4,2.5
Город федерального значения Севастополь,15 лет и старше,процент,значение показателя за год,2024,2.6
Город федерального значения Севастополь,15 лет и старше,процент,I квартал,2025-Q1,2.6
Город федерального значения Севастополь,15 лет и старше,процент,II квартал,2025-Q2,2.1
Город федерального значения Севастополь,15 лет и старше,процент,III квартал,2025-Q3,1.7
Город федерального значения Севастополь,15 лет и старше,процент,IV квартал,2025-Q4,1.9
Город федерального значения Севастополь,15 лет и старше,процент,значение показателя за год,2025,2.1
Город федерального значения Севастополь,15-72 лет,процент,I квартал,2013-Q1,0.0
Город федерального значения Севастополь,15-72 лет,процент,II квартал,2013-Q2,0.0
Город федерального значения Севастополь,15-72 лет,процент,III квартал,2013-Q3,0.0
Город федерального значения Севастополь,15-72 лет,процент,IV квартал,2013-Q4,0.0
Город федерального значения Севастополь,15-72 лет,процент,значение показателя за год,2013,0.0
Город федерального значения Севастополь,15-72 лет,процент,I квартал,2014-Q1,0.0
Город федерального значения Севастополь,15-72 лет,процент,II квартал,2014-Q2,0.0
Город федерального значения Севастополь,15-72 лет,процент,III квартал,2014-Q3,0.0
Город федерального значения Севастополь,15-72 лет,процент,IV квартал,2014-Q4,0.0
Город федерального значения Севастополь,15-72 лет,процент,значение показателя за год,2014,0.0
Город федерального значения Севастополь,15-72 лет,процент,I квартал,2015-Q1,12.6
Город федерального значения Севастополь,15-72 лет,процент,II квартал,2015-Q2,7.3
Город федерального значения Севастополь,15-72 лет,процент,III квартал,2015-Q3,8.2
Город федерального значения Севастополь,15-72 лет,процент,IV квартал,2015-Q4,5.8
Город федерального значения Севастополь,15-72 лет,процент,значение показателя за год,2015,8.4
Город федерального значения Севастополь,15-72 лет,процент,I квартал,2016-Q1,5.3
Город федерального значения Севастополь,15-72 лет,процент,II квартал,2016-Q2,5.4
Город федерального значения Севастополь,15-72 лет,процент,III квартал,2016-Q3,5.4
Город федерального значения Севастополь,15-72 лет,процент,IV квартал,2016-Q4,8.7
Город федерального значения Севастополь,15-72 лет,процент,значение показателя за год,2016,6.2
Город федерального значения Севастополь,15-72 лет,процент,I квартал,2017-Q1,5.4
Город федерального значения Севастополь,15-72 лет,процент,II квартал,2017-Q2,4.2
Город федерального значения Севастополь,15-72 лет,процент,III квартал,2017-Q3,4.4
Город федерального значения Севастополь,15-72 лет,процент,IV квартал,2017-Q4,4.1
Город федерального значения Севастополь,15-72 лет,процент,значение показателя за год,2017,4.5
Город федерального значения Севастополь,15-72 лет,процент,I квартал,2018-Q1,4.3
Город федерального значения Севастополь,15-72 лет,процент,II квартал,2018-Q2,4.2
Город федерального значения Севастополь,15-72 лет,процент,III квартал,2018-Q3,3.9
Город федерального значения Севастополь,15-72 лет,процент,IV квартал,2018-Q4,4.6
Город федерального значения Севастополь,15-72 лет,процент,значение показателя за год,2018,4.2
Город федерального значения Севастополь,15-72 лет,процент,I квартал,2019-Q1,4.2
Город федерального значения Севастополь,15-72 лет,процент,II квартал,2019-Q2,3.8
Город федерального значения Севастополь,15-72 лет,процент,III квартал,2019-Q3,3.8
Город федерального значения Севастополь,15-72 лет,процент,IV квартал,2019-Q4,3.8
Город федерального значения Севастополь,15-72 лет,процент,значение показателя за год,2019,3.9
Город федерального значения Севастополь,15-72 лет,процент,I квартал,2020-Q1,4.1
Город федерального значения Севастополь,15-72 лет,процент,II квартал,2020-Q2,5.2
Город федерального значения Севастополь,15-72 лет,процент,III квартал,2020-Q3,4.5
Город федерального значения Севастополь,15-72 лет,процент,IV квартал,2020-Q4,4.7
Город федерального значения Севастополь,15-72 лет,процент,значение показателя за год,2020,4.6
Город федерального значения Севастополь,15-72 лет,процент,I квартал,2021-Q1,4.7
Город федерального значения Севастополь,15-72 лет,процент,II квартал,2021-Q2,4.2
Город федерального значения Севастополь,15-72 лет,процент,III квартал,2021-Q3,3.8
Город федерального значения Севастополь,15-72 лет,процент,IV квартал,2021-Q4,4.3
Город федерального значения Севастополь,15-72 лет,процент,значение показателя за год,2021,4.3
Северо-Кавказский федеральный округ,15 лет и старше,процент,I квартал,2017-Q1,11.3
Северо-Кавказский федеральный округ,15 лет и старше,процент,II квартал,2017-Q2,11.1
Северо-Кавказский федеральный округ,15 лет и старше,процент,III квартал,2017-Q3,10.4
Северо-Кавказский федеральный округ,15 лет и старше,процент,IV квартал,2017-Q4,10.9
Северо-Кавказский федеральный округ,15 лет и старше,процент,значение показателя за год,2017,10.9
Северо-Кавказский федеральный округ,15 лет и старше,процент,I квартал,2018-Q1,11.1
Северо-Кавказский федеральный округ,15 лет и старше,процент,II квартал,2018-Q2,10.3
Северо-Кавказский федеральный округ,15 лет и старше,процент,III квартал,2018-Q3,9.9
Северо-Кавказский федеральный округ,15 лет и старше,процент,IV квартал,2018-Q4,10.6
Северо-Кавказский федеральный округ,15 лет и старше,процент,значение показателя за год,2018,10.5
Северо-Кавказский федеральный округ,15 лет и старше,процент,I квартал,2019-Q1,11.5
Северо-Кавказский федеральный округ,15 лет и старше,процент,II квартал,2019-Q2,11.0
Северо-Кавказский федеральный округ,15 лет и старше,процент,III квартал,2019-Q3,10.4
Северо-Кавказский федеральный округ,15 лет и старше,процент,IV квартал,2019-Q4,11.1
Северо-Кавказский федеральный округ,15 лет и старше,процент,значение показателя за год,2019,11.0
Северо-Кавказский федеральный округ,15 лет и старше,процент,I квартал,2020-Q1,11.4
Северо-Кавказский федеральный округ,15 лет и старше,процент,II квартал,2020-Q2,14.3
Северо-Кавказский федеральный округ,15 лет и старше,процент,III квартал,2020-Q3,14.9
Северо-Кавказский федеральный округ,15 лет и старше,процент,IV квартал,2020-Q4,14.8
Северо-Кавказский федеральный округ,15 лет и старше,процент,значение показателя за год,2020,13.9
Северо-Кавказский федеральный округ,15 лет и старше,процент,I квартал,2021-Q1,14.4
Северо-Кавказский федеральный округ,15 лет и старше,процент,II квартал,2021-Q2,13.0
Северо-Кавказский федеральный округ,15 лет и старше,процент,III квартал,2021-Q3,11.4
Северо-Кавказский федеральный округ,15 лет и старше,процент,IV квартал,2021-Q4,11.0
Северо-Кавказский федеральный округ,15 лет и старше,процент,значение показателя за год,2021,12.4
Северо-Кавказский федеральный округ,15 лет и старше,процент,I квартал,2022-Q1,11.4
Северо-Кавказский федеральный округ,15 лет и старше,процент,II квартал,2022-Q2,9.8
Северо-Кавказский федеральный округ,15 лет и старше,процент,III квартал,2022-Q3,9.9
Северо-Кавказский федеральный округ,15 лет и старше,процент,IV квартал,2022-Q4,10.3
Северо-Кавказский федеральный округ,15 лет и старше,процент,значение показателя за год,2022,10.3
Северо-Кавказский федеральный округ,15 лет и старше,процент,I квартал,2023-Q1,10.3
Северо-Кавказский федеральный округ,15 лет и старше,процент,II квартал,2023-Q2,9.5
Северо-Кавказский федеральный округ,15 лет и старше,процент,III квартал,2023-Q3,9.22
Северо-Кавказский федеральный округ,15 лет и старше,процент,IV квартал,2023-Q4,9.6
Северо-Кавказский федеральный округ,15 лет и старше,процент,значение показателя за год,2023,9.7
Северо-Кавказский федеральный округ,15 лет и старше,процент,I квартал,2024-Q1,9.3
Северо-Кавказский федеральный округ,15 лет и старше,процент,II квартал,2024-Q2,8.5
Северо-Кавказский федеральный округ,15 лет и старше,процент,III квартал,2024-Q3,8.3
Северо-Кавказский федеральный округ,15 лет и старше,процент,IV квартал,2024-Q4,8.1
Северо-Кавказский федеральный округ,15 лет и старше,процент,значение показателя за год,2024,8.6
Северо-Кавказский федеральный округ,15 лет и старше,процент,I квартал,2025-Q1,8.2
Северо-Кавказский федеральный округ,15 лет и старше,процент,II квартал,2025-Q2,7.7
Северо-Кавказский федеральный округ,15 лет и старше,процент,III квартал,2025-Q3,7.1
Северо-Кавказский федеральный округ,15 лет и старше,процент,IV квартал,2025-Q4,7.4
Северо-Кавказский федеральный округ,15 лет и старше,процент,значение показателя за год,2025,7.6
Северо-Кавказский федеральный округ,15-72 лет,процент,I квартал,2013-Q1,13.4
Северо-Кавказский федеральный округ,15-72 лет,процент,II квартал,2013-Q2,13.0
Северо-Кавказский федеральный округ,15-72 лет,процент,III квартал,2013-Q3,12.7
Северо-Кавказский федеральный округ,15-72 лет,процент,IV квартал,2013-Q4,12.5
Северо-Кавказский федеральный округ,15-72 лет,процент,значение показателя за год,2013,12.9
Северо-Кавказский федеральный округ,15-72 лет,процент,I квартал,2014-Q1,11.9
Северо-Кавказский федеральный округ,15-72 лет,процент,II квартал,2014-Q2,11.4
Северо-Кавказский федеральный округ,15-72 лет,процент,III квартал,2014-Q3,10.7
Северо-Кавказский федеральный округ,15-72 лет,процент,IV квартал,2014-Q4,10.5
Северо-Кавказский федеральный округ,15-72 лет,процент,значение показателя за год,2014,11.1
Северо-Кавказский федеральный округ,15-72 лет,процент,I квартал,2015-Q1,11.3
Северо-Кавказский федеральный округ,15-72 лет,процент,II квартал,2015-Q2,10.8
Северо-Кавказский федеральный округ,15-72 лет,процент,III квартал,2015-Q3,10.6
Северо-Кавказский федеральный округ,15-72 лет,процент,IV квартал,2015-Q4,11.5
Северо-Кавказский федеральный округ,15-72 лет,процент,значение показателя за год,2015,11.1
Северо-Кавказский федеральный округ,15-72 лет,процент,I квартал,2016-Q1,11.6
Северо-Кавказский федеральный округ,15-72 лет,процент,II квартал,2016-Q2,11.2
Северо-Кавказский федеральный округ,15-72 лет,процент,III квартал,2016-Q3,10.2
Северо-Кавказский федеральный округ,15-72 лет,процент,IV квартал,2016-Q4,10.9
Северо-Кавказский федеральный округ,15-72 лет,процент,значение показателя за год,2016,11.0
Северо-Кавказский федеральный округ,15-72 лет,процент,I квартал,2017-Q1,11.4
Северо-Кавказский федеральный округ,15-72 лет,процент,II квартал,2017-Q2,11.1
Северо-Кавказский федеральный округ,15-72 лет,процент,III квартал,2017-Q3,10.5
Северо-Кавказский федеральный округ,15-72 лет,процент,IV квартал,2017-Q4,10.9
Северо-Кавказский федеральный округ,15-72 лет,процент,значение показателя за год,2017,11.0
Северо-Кавказский федеральный округ,15-72 лет,процент,I квартал,2018-Q1,11.1
Северо-Кавказский федеральный округ,15-72 лет,процент,II квартал,2018-Q2,10.4
Северо-Кавказский федеральный округ,15-72 лет,процент,III квартал,2018-Q3,9.9
Северо-Кавказский федеральный округ,15-72 лет,процент,IV квартал,2018-Q4,10.7
Северо-Кавказский федеральный округ,15-72 лет,процент,значение показателя за год,2018,10.5
Северо-Кавказский федеральный округ,15-72 лет,процент,I квартал,2019-Q1,11.6
Северо-Кавказский федеральный округ,15-72 лет,процент,II квартал,2019-Q2,11.0
Северо-Кавказский федеральный округ,15-72 лет,процент,III квартал,2019-Q3,10.4
Северо-Кавказский федеральный округ,15-72 лет,процент,IV квартал,2019-Q4,11.1
Северо-Кавказский федеральный округ,15-72 лет,процент,значение показателя за год,2019,11.0
Северо-Кавказский федеральный округ,15-72 лет,процент,I квартал,2020-Q1,11.4
Северо-Кавказский федеральный округ,15-72 лет,процент,II квартал,2020-Q2,14.4
Северо-Кавказский федеральный округ,15-72 лет,процент,III квартал,2020-Q3,15.0
Северо-Кавказский федеральный округ,15-72 лет,процент,IV квартал,2020-Q4,14.8
Северо-Кавказский федеральный округ,15-72 лет,процент,значение показателя за год,2020,13.9
Северо-Кавказский федеральный округ,15-72 лет,процент,I квартал,2021-Q1,14.4
Северо-Кавказский федеральный округ,15-72 лет,процент,II квартал,2021-Q2,13.0
Северо-Кавказский федеральный округ,15-72 лет,процент,III квартал,2021-Q3,11.4
Северо-Кавказский федеральный округ,15-72 лет,процент,IV квартал,2021-Q4,11.0
Северо-Кавказский федеральный округ,15-72 лет,процент,значение показателя за год,2021,12.5
Республика Дагестан,15 лет и старше,процент,I квартал,2017-Q1,12.6
Республика Дагестан,15 лет и старше,процент,II квартал,2017-Q2,12.3
Республика Дагестан,15 лет и старше,процент,III квартал,2017-Q3,11.1
Республика Дагестан,15 лет и старше,процент,IV квартал,2017-Q4,12.1
Республика Дагестан,15 лет и старше,процент,значение показателя за год,2017,12.0
Республика Дагестан,15 лет и старше,процент,I квартал,2018-Q1,12.0
Республика Дагестан,15 лет и старше,процент,II квартал,2018-Q2,11.0
Республика Дагестан,15 лет и старше,процент,III квартал,2018-Q3,10.7
Республика Дагестан,15 лет и старше,процент,IV квартал,2018-Q4,12.6
Республика Дагестан,15 лет и старше,процент,значение показателя за год,2018,11.5
Республика Дагестан,15 лет и старше,процент,I квартал,2019-Q1,14.3
Республика Дагестан,15 лет и старше,процент,II квартал,2019-Q2,13.1
Республика Дагестан,15 лет и старше,процент,III квартал,2019-Q3,11.6
Республика Дагестан,15 лет и старше,процент,IV квартал,2019-Q4,13.1
Республика Дагестан,15 лет и старше,процент,значение показателя за год,2019,13.0
Республика Дагестан,15 лет и старше,процент,I квартал,2020-Q1,14.0
Республика Дагестан,15 лет и старше,процент,II квартал,2020-Q2,17.6
Республика Дагестан,15 лет и старше,процент,III квартал,2020-Q3,15.8
Республика Дагестан,15 лет и старше,процент,IV квартал,2020-Q4,15.9
Республика Дагестан,15 лет и старше,процент,значение показателя за год,2020,15.8
Республика Дагестан,15 лет и старше,процент,I квартал,2021-Q1,16.4
Республика Дагестан,15 лет и старше,процент,II квартал,2021-Q2,16.0
Республика Дагестан,15 лет и старше,процент,III квартал,2021-Q3,14.6
Республика Дагестан,15 лет и старше,процент,IV квартал,2021-Q4,13.6
Республика Дагестан,15 лет и старше,процент,значение показателя за год,2021,15.2
Республика Дагестан,15 лет и старше,процент,I квартал,2022-Q1,13.9
Республика Дагестан,15 лет и старше,процент,II квартал,2022-Q2,11.7
Республика Дагестан,15 лет и старше,процент,III квартал,2022-Q3,11.2
Республика Дагестан,15 лет и старше,процент,IV квартал,2022-Q4,11.7
Республика Дагестан,15 лет и старше,процент,значение показателя за год,2022,12.1
Республика Дагестан,15 лет и старше,процент,I квартал,2023-Q1,12.82
Республика Дагестан,15 лет и старше,процент,II квартал,2023-Q2,11.2
Республика Дагестан,15 лет и старше,процент,III квартал,2023-Q3,11.04
Республика Дагестан,15 лет и старше,процент,IV квартал,2023-Q4,12.5
Республика Дагестан,15 лет и старше,процент,значение показателя за год,2023,11.9
Республика Дагестан,15 лет и старше,процент,I квартал,2024-Q1,11.9
Республика Дагестан,15 лет и старше,процент,II квартал,2024-Q2,10.8
Республика Дагестан,15 лет и старше,процент,III квартал,2024-Q3,10.5
Республика Дагестан,15 лет и старше,процент,IV квартал,2024-Q4,11.5
Республика Дагестан,15 лет и старше,процент,значение показателя за год,2024,11.2
Республика Дагестан,15 лет и старше,процент,I квартал,2025-Q1,11.8
Республика Дагестан,15 лет и старше,процент,II квартал,2025-Q2,10.9
Республика Дагестан,15 лет и старше,процент,III квартал,2025-Q3,9.9
Республика Дагестан,15 лет и старше,процент,IV квартал,2025-Q4,11.2
Республика Дагестан,15 лет и старше,процент,значение показателя за год,2025,10.9
Республика Дагестан,15-72 лет,процент,I квартал,2013-Q1,12.4
Республика Дагестан,15-72 лет,процент,II квартал,2013-Q2,11.7
Республика Дагестан,15-72 лет,процент,III квартал,2013-Q3,11.7
Республика Дагестан,15-72 лет,процент,IV квартал,2013-Q4,10.5
Республика Дагестан,15-72 лет,процент,значение показателя за год,2013,11.6
Республика Дагестан,15-72 лет,процент,I квартал,2014-Q1,10.2
Республика Дагестан,15-72 лет,процент,II квартал,2014-Q2,10.1
Республика Дагестан,15-72 лет,процент,III квартал,2014-Q3,9.9
Республика Дагестан,15-72 лет,процент,IV квартал,2014-Q4,10.6
Республика Дагестан,15-72 лет,процент,значение показателя за год,2014,10.2
Республика Дагестан,15-72 лет,процент,I квартал,2015-Q1,10.9
Республика Дагестан,15-72 лет,процент,II квартал,2015-Q2,10.3
Республика Дагестан,15-72 лет,процент,III квартал,2015-Q3,10.3
Республика Дагестан,15-72 лет,процент,IV квартал,2015-Q4,11.6
Республика Дагестан,15-72 лет,процент,значение показателя за год,2015,10.8
Республика Дагестан,15-72 лет,процент,I квартал,2016-Q1,11.5
Республика Дагестан,15-72 лет,процент,II квартал,2016-Q2,10.7
Республика Дагестан,15-72 лет,процент,III квартал,2016-Q3,10.2
Республика Дагестан,15-72 лет,процент,IV квартал,2016-Q4,11.3
Республика Дагестан,15-72 лет,процент,значение показателя за год,2016,10.9
Республика Дагестан,15-72 лет,процент,I квартал,2017-Q1,12.7
Республика Дагестан,15-72 лет,процент,II квартал,2017-Q2,12.3
Республика Дагестан,15-72 лет,процент,III квартал,2017-Q3,11.1
Республика Дагестан,15-72 лет,процент,IV квартал,2017-Q4,12.2
Республика Дагестан,15-72 лет,процент,значение показателя за год,2017,12.1
Республика Дагестан,15-72 лет,процент,I квартал,2018-Q1,12.0
Республика Дагестан,15-72 лет,процент,II квартал,2018-Q2,11.0
Республика Дагестан,15-72 лет,процент,III квартал,2018-Q3,10.8
Республика Дагестан,15-72 лет,процент,IV квартал,2018-Q4,12.7
Республика Дагестан,15-72 лет,процент,значение показателя за год,2018,11.6
Республика Дагестан,15-72 лет,процент,I квартал,2019-Q1,14.3
Республика Дагестан,15-72 лет,процент,II квартал,2019-Q2,13.1
Республика Дагестан,15-72 лет,процент,III квартал,2019-Q3,11.7
Республика Дагестан,15-72 лет,процент,IV квартал,2019-Q4,13.1
Республика Дагестан,15-72 лет,процент,значение показателя за год,2019,13.1
Республика Дагестан,15-72 лет,процент,I квартал,2020-Q1,14.0
Республика Дагестан,15-72 лет,процент,II квартал,2020-Q2,17.7
Республика Дагестан,15-72 лет,процент,III квартал,2020-Q3,15.8
Республика Дагестан,15-72 лет,процент,IV квартал,2020-Q4,16.0
Республика Дагестан,15-72 лет,процент,значение показателя за год,2020,15.8
Республика Дагестан,15-72 лет,процент,I квартал,2021-Q1,16.4
Республика Дагестан,15-72 лет,процент,II квартал,2021-Q2,16.1
Республика Дагестан,15-72 лет,процент,III квартал,2021-Q3,14.7
Республика Дагестан,15-72 лет,процент,IV квартал,2021-Q4,13.6
Республика Дагестан,15-72 лет,процент,значение показателя за год,2021,15.2
Республика Ингушетия,15 лет и старше,процент,I квартал,2017-Q1,27.1
Республика Ингушетия,15 лет и старше,процент,II квартал,2017-Q2,26.9
Республика Ингушетия,15 лет и старше,процент,III квартал,2017-Q3,26.9
Республика Ингушетия,15 лет и старше,процент,IV квартал,2017-Q4,26.3
Республика Ингушетия,15 лет и старше,процент,значение показателя за год,2017,26.8
Республика Ингушетия,15 лет и старше,процент,I квартал,2018-Q1,26.9
Республика Ингушетия,15 лет и старше,процент,II квартал,2018-Q2,26.9
Республика Ингушетия,15 лет и старше,процент,III квартал,2018-Q3,26.7
Республика Ингушетия,15 лет и старше,процент,IV квартал,2018-Q4,26.7
Республика Ингушетия,15 лет и старше,процент,значение показателя за год,2018,26.8
Республика Ингушетия,15 лет и старше,процент,I квартал,2019-Q1,27.7
Республика Ингушетия,15 лет и старше,процент,II квартал,2019-Q2,27.5
Республика Ингушетия,15 лет и старше,процент,III квартал,2019-Q3,27.2
Республика Ингушетия,15 лет и старше,процент,IV квартал,2019-Q4,28.3
Республика Ингушетия,15 лет и старше,процент,значение показателя за год,2019,27.7
Республика Ингушетия,15 лет и старше,процент,I квартал,2020-Q1,27.9
Республика Ингушетия,15 лет и старше,процент,II квартал,2020-Q2,31.5
Республика Ингушетия,15 лет и старше,процент,III квартал,2020-Q3,31.7
Республика Ингушетия,15 лет и старше,процент,IV квартал,2020-Q4,33.0
Республика Ингушетия,15 лет и старше,процент,значение показателя за год,2020,31.1
Республика Ингушетия,15 лет и старше,процент,I квартал,2021-Q1,33.7
Республика Ингушетия,15 лет и старше,процент,II квартал,2021-Q2,32.7
Республика Ингушетия,15 лет и старше,процент,III квартал,2021-Q3,30.9
Республика Ингушетия,15 лет и старше,процент,IV квартал,2021-Q4,31.7
Республика Ингушетия,15 лет и старше,процент,значение показателя за год,2021,32.3
Республика Ингушетия,15 лет и старше,процент,I квартал,2022-Q1,30.7
Республика Ингушетия,15 лет и старше,процент,II квартал,2022-Q2,30.2
Республика Ингушетия,15 лет и старше,процент,III квартал,2022-Q3,28.6
Республика Ингушетия,15 лет и старше,процент,IV квартал,2022-Q4,30.4
Республика Ингушетия,15 лет и старше,процент,значение показателя за год,2022,30.0
Республика Ингушетия,15 лет и старше,процент,I квартал,2023-Q1,29.35
Республика Ингушетия,15 лет и старше,процент,II квартал,2023-Q2,27.3
Республика Ингушетия,15 лет и старше,процент,III квартал,2023-Q3,27.06
Республика Ингушетия,15 лет и старше,процент,IV квартал,2023-Q4,27.4
Республика Ингушетия,15 лет и старше,процент,значение показателя за год,2023,27.8
Республика Ингушетия,15 лет и старше,процент,I квартал,2024-Q1,27.2
Республика Ингушетия,15 лет и старше,процент,II квартал,2024-Q2,26.7
Республика Ингушетия,15 лет и старше,процент,III квартал,2024-Q3,26.2
Республика Ингушетия,15 лет и старше,процент,IV квартал,2024-Q4,25.5
Республика Ингушетия,15 лет и старше,процент,значение показателя за год,2024,26.4
Республика Ингушетия,15 лет и старше,процент,I квартал,2025-Q1,25.6
Республика Ингушетия,15 лет и старше,процент,II квартал,2025-Q2,26.0
Республика Ингушетия,15 лет и старше,процент,III квартал,2025-Q3,24.4
Республика Ингушетия,15 лет и старше,процент,IV квартал,2025-Q4,25.5
Республика Ингушетия,15 лет и старше,процент,значение показателя за год,2025,25.4
Республика Ингушетия,15-72 лет,процент,I квартал,2013-Q1,46.1
Республика Ингушетия,15-72 лет,процент,II квартал,2013-Q2,44.9
Республика Ингушетия,15-72 лет,процент,III квартал,2013-Q3,44.5
Республика Ингушетия,15-72 лет,процент,IV квартал,2013-Q4,39.3
Республика Ингушетия,15-72 лет,процент,значение показателя за год,2013,43.7
Республика Ингушетия,15-72 лет,процент,I квартал,2014-Q1,36.5
Республика Ингушетия,15-72 лет,процент,II квартал,2014-Q2,36.1
Республика Ингушетия,15-72 лет,процент,III квартал,2014-Q3,31.0
Республика Ингушетия,15-72 лет,процент,IV квартал,2014-Q4,16.2
Республика Ингушетия,15-72 лет,процент,значение показателя за год,2014,29.8
Республика Ингушетия,15-72 лет,процент,I квартал,2015-Q1,29.8
Республика Ингушетия,15-72 лет,процент,II квартал,2015-Q2,30.7
Республика Ингушетия,15-72 лет,процент,III квартал,2015-Q3,31.0
Республика Ингушетия,15-72 лет,процент,IV квартал,2015-Q4,30.7
Республика Ингушетия,15-72 лет,процент,значение показателя за год,2015,30.6
Республика Ингушетия,15-72 лет,процент,I квартал,2016-Q1,31.0
Республика Ингушетия,15-72 лет,процент,II квартал,2016-Q2,30.9
Республика Ингушетия,15-72 лет,процент,III квартал,2016-Q3,30.6
Республика Ингушетия,15-72 лет,процент,IV квартал,2016-Q4,28.7
Республика Ингушетия,15-72 лет,процент,значение показателя за год,2016,30.3
Республика Ингушетия,15-72 лет,процент,I квартал,2017-Q1,27.5
Республика Ингушетия,15-72 лет,процент,II квартал,2017-Q2,27.6
Республика Ингушетия,15-72 лет,процент,III квартал,2017-Q3,27.3
Республика Ингушетия,15-72 лет,процент,IV квартал,2017-Q4,26.7
Республика Ингушетия,15-72 лет,процент,значение показателя за год,2017,27.3
Республика Ингушетия,15-72 лет,процент,I квартал,2018-Q1,27.2
Республика Ингушетия,15-72 лет,процент,II квартал,2018-Q2,27.3
Республика Ингушетия,15-72 лет,процент,III квартал,2018-Q3,26.7
Республика Ингушетия,15-72 лет,процент,IV квартал,2018-Q4,27.1
Республика Ингушетия,15-72 лет,процент,значение показателя за год,2018,27.1
Республика Ингушетия,15-72 лет,процент,I квартал,2019-Q1,28.1
Республика Ингушетия,15-72 лет,процент,II квартал,2019-Q2,28.0
Республика Ингушетия,15-72 лет,процент,III квартал,2019-Q3,27.3
Республика Ингушетия,15-72 лет,процент,IV квартал,2019-Q4,28.6
Республика Ингушетия,15-72 лет,процент,значение показателя за год,2019,28.0
Республика Ингушетия,15-72 лет,процент,I квартал,2020-Q1,28.1
Республика Ингушетия,15-72 лет,процент,II квартал,2020-Q2,31.6
Республика Ингушетия,15-72 лет,процент,III квартал,2020-Q3,31.8
Республика Ингушетия,15-72 лет,процент,IV квартал,2020-Q4,33.3
Республика Ингушетия,15-72 лет,процент,значение показателя за год,2020,31.2
Республика Ингушетия,15-72 лет,процент,I квартал,2021-Q1,33.9
Республика Ингушетия,15-72 лет,процент,II квартал,2021-Q2,32.8
Республика Ингушетия,15-72 лет,процент,III квартал,2021-Q3,31.0
Республика Ингушетия,15-72 лет,процент,IV квартал,2021-Q4,32.0
Республика Ингушетия,15-72 лет,процент,значение показателя за год,2021,32.4
Кабардино-Балкарская Республика,15 лет и старше,процент,I квартал,2017-Q1,11.6
Кабардино-Балкарская Республика,15 лет и старше,процент,II квартал,2017-Q2,9.6
Кабардино-Балкарская Республика,15 лет и старше,процент,III квартал,2017-Q3,9.6
Кабардино-Балкарская Республика,15 лет и старше,процент,IV квартал,2017-Q4,10.8
Кабардино-Балкарская Республика,15 лет и старше,процент,значение показателя за год,2017,10.4
Кабардино-Балкарская Республика,15 лет и старше,процент,I квартал,2018-Q1,11.5
Кабардино-Балкарская Республика,15 лет и старше,процент,II квартал,2018-Q2,10.1
Кабардино-Балкарская Республика,15 лет и старше,процент,III квартал,2018-Q3,9.5
Кабардино-Балкарская Республика,15 лет и старше,процент,IV квартал,2018-Q4,10.9
Кабардино-Балкарская Республика,15 лет и старше,процент,значение показателя за год,2018,10.5
Кабардино-Балкарская Республика,15 лет и старше,процент,I квартал,2019-Q1,11.9
Кабардино-Балкарская Республика,15 лет и старше,процент,II квартал,2019-Q2,10.6
Кабардино-Балкарская Республика,15 лет и старше,процент,III квартал,2019-Q3,9.6
Кабардино-Балкарская Республика,15 лет и старше,процент,IV квартал,2019-Q4,11.1
Кабардино-Балкарская Республика,15 лет и старше,процент,значение показателя за год,2019,10.8
Кабардино-Балкарская Республика,15 лет и старше,процент,I квартал,2020-Q1,11.6
Кабардино-Балкарская Республика,15 лет и старше,процент,II квартал,2020-Q2,16.1
Кабардино-Балкарская Республика,15 лет и старше,процент,III квартал,2020-Q3,15.3
Кабардино-Балкарская Республика,15 лет и старше,процент,IV квартал,2020-Q4,16.2
Кабардино-Балкарская Республика,15 лет и старше,процент,значение показателя за год,2020,14.8
Кабардино-Балкарская Республика,15 лет и старше,процент,I квартал,2021-Q1,15.4
Кабардино-Балкарская Республика,15 лет и старше,процент,II квартал,2021-Q2,12.2
Кабардино-Балкарская Республика,15 лет и старше,процент,III квартал,2021-Q3,9.9
Кабардино-Балкарская Республика,15 лет и старше,процент,IV квартал,2021-Q4,9.7
Кабардино-Балкарская Республика,15 лет и старше,процент,значение показателя за год,2021,11.8
Кабардино-Балкарская Республика,15 лет и старше,процент,I квартал,2022-Q1,11.1
Кабардино-Балкарская Республика,15 лет и старше,процент,II квартал,2022-Q2,9.5
Кабардино-Балкарская Республика,15 лет и старше,процент,III квартал,2022-Q3,9.6
Кабардино-Балкарская Республика,15 лет и старше,процент,IV квартал,2022-Q4,10.0
Кабардино-Балкарская Республика,15 лет и старше,процент,значение показателя за год,2022,10.1
Кабардино-Балкарская Республика,15 лет и старше,процент,I квартал,2023-Q1,9.6
Кабардино-Балкарская Республика,15 лет и старше,процент,II квартал,2023-Q2,9.2
Кабардино-Балкарская Республика,15 лет и старше,процент,III квартал,2023-Q3,8.99
Кабардино-Балкарская Республика,15 лет и старше,процент,IV квартал,2023-Q4,8.8
Кабардино-Балкарская Республика,15 лет и старше,процент,значение показателя за год,2023,9.1
Кабардино-Балкарская Республика,15 лет и старше,процент,I квартал,2024-Q1,8.6
Кабардино-Балкарская Республика,15 лет и старше,процент,II квартал,2024-Q2,7.2
Кабардино-Балкарская Республика,15 лет и старше,процент,III квартал,2024-Q3,5.2
Кабардино-Балкарская Республика,15 лет и старше,процент,IV квартал,2024-Q4,4.8
Кабардино-Балкарская Республика,15 лет и старше,процент,значение показателя за год,2024,6.5
Кабардино-Балкарская Республика,15 лет и старше,процент,I квартал,2025-Q1,4.4
Кабардино-Балкарская Республика,15 лет и старше,процент,II квартал,2025-Q2,3.2
Кабардино-Балкарская Республика,15 лет и старше,процент,III квартал,2025-Q3,2.6
Кабардино-Балкарская Республика,15 лет и старше,процент,IV квартал,2025-Q4,2.3
Кабардино-Балкарская Республика,15 лет и старше,процент,значение показателя за год,2025,3.1
Кабардино-Балкарская Республика,15-72 лет,процент,I квартал,2013-Q1,10.6
Кабардино-Балкарская Республика,15-72 лет,процент,II квартал,2013-Q2,10.8
Кабардино-Балкарская Республика,15-72 лет,процент,III квартал,2013-Q3,9.8
Кабардино-Балкарская Республика,15-72 лет,процент,IV квартал,2013-Q4,10.6
Кабардино-Балкарская Республика,15-72 лет,процент,значение показателя за год,2013,10.5
Кабардино-Балкарская Республика,15-72 лет,процент,I квартал,2014-Q1,9.9
Кабардино-Балкарская Республика,15-72 лет,процент,II квартал,2014-Q2,9.7
Кабардино-Балкарская Республика,15-72 лет,процент,III квартал,2014-Q3,8.4
Кабардино-Балкарская Республика,15-72 лет,процент,IV квартал,2014-Q4,9.9
Кабардино-Балкарская Республика,15-72 лет,процент,значение показателя за год,2014,9.5
Кабардино-Балкарская Республика,15-72 лет,процент,I квартал,2015-Q1,12.2
Кабардино-Балкарская Республика,15-72 лет,процент,II квартал,2015-Q2,8.9
Кабардино-Балкарская Республика,15-72 лет,процент,III квартал,2015-Q3,9.4
Кабардино-Балкарская Республика,15-72 лет,процент,IV квартал,2015-Q4,10.3
Кабардино-Балкарская Республика,15-72 лет,процент,значение показателя за год,2015,10.2
Кабардино-Балкарская Республика,15-72 лет,процент,I квартал,2016-Q1,11.3
Кабардино-Балкарская Республика,15-72 лет,процент,II квартал,2016-Q2,9.3
Кабардино-Балкарская Республика,15-72 лет,процент,III квартал,2016-Q3,9.6
Кабардино-Балкарская Республика,15-72 лет,процент,IV квартал,2016-Q4,11.1
Кабардино-Балкарская Республика,15-72 лет,процент,значение показателя за год,2016,10.3
Кабардино-Балкарская Республика,15-72 лет,процент,I квартал,2017-Q1,11.7
Кабардино-Балкарская Республика,15-72 лет,процент,II квартал,2017-Q2,9.7
Кабардино-Балкарская Республика,15-72 лет,процент,III квартал,2017-Q3,9.8
Кабардино-Балкарская Республика,15-72 лет,процент,IV квартал,2017-Q4,10.9
Кабардино-Балкарская Республика,15-72 лет,процент,значение показателя за год,2017,10.5
Кабардино-Балкарская Республика,15-72 лет,процент,I квартал,2018-Q1,11.6
Кабардино-Балкарская Республика,15-72 лет,процент,II квартал,2018-Q2,10.2
Кабардино-Балкарская Республика,15-72 лет,процент,III квартал,2018-Q3,9.6
Кабардино-Балкарская Республика,15-72 лет,процент,IV квартал,2018-Q4,10.9
Кабардино-Балкарская Республика,15-72 лет,процент,значение показателя за год,2018,10.6
Кабардино-Балкарская Республика,15-72 лет,процент,I квартал,2019-Q1,11.9
Кабардино-Балкарская Республика,15-72 лет,процент,II квартал,2019-Q2,10.7
Кабардино-Балкарская Республика,15-72 лет,процент,III квартал,2019-Q3,9.7
Кабардино-Балкарская Республика,15-72 лет,процент,IV квартал,2019-Q4,11.2
Кабардино-Балкарская Республика,15-72 лет,процент,значение показателя за год,2019,10.8
Кабардино-Балкарская Республика,15-72 лет,процент,I квартал,2020-Q1,11.6
Кабардино-Балкарская Республика,15-72 лет,процент,II квартал,2020-Q2,16.1
Кабардино-Балкарская Республика,15-72 лет,процент,III квартал,2020-Q3,15.3
Кабардино-Балкарская Республика,15-72 лет,процент,IV квартал,2020-Q4,16.2
Кабардино-Балкарская Республика,15-72 лет,процент,значение показателя за год,2020,14.9
Кабардино-Балкарская Республика,15-72 лет,процент,I квартал,2021-Q1,15.4
Кабардино-Балкарская Республика,15-72 лет,процент,II квартал,2021-Q2,12.3
Кабардино-Балкарская Республика,15-72 лет,процент,III квартал,2021-Q3,9.9
Кабардино-Балкарская Республика,15-72 лет,процент,IV квартал,2021-Q4,9.7
Кабардино-Балкарская Республика,15-72 лет,процент,значение показателя за год,2021,11.8
Карачаево-Черкесская Республика,15 лет и старше,процент,I квартал,2017-Q1,15.9
Карачаево-Черкесская Республика,15 лет и старше,процент,II квартал,2017-Q2,14.0
Карачаево-Черкесская Республика,15 лет и старше,процент,III квартал,2017-Q3,11.0
Карачаево-Черкесская Республика,15 лет и старше,процент,IV квартал,2017-Q4,13.5
Карачаево-Черкесская Республика,15 лет и старше,процент,значение показателя за год,2017,13.5
Карачаево-Черкесская Республика,15 лет и старше,процент,I квартал,2018-Q1,12.4
Карачаево-Черкесская Республика,15 лет и старше,процент,II квартал,2018-Q2,11.4
Карачаево-Черкесская Республика,15 лет и старше,процент,III квартал,2018-Q3,11.3
Карачаево-Черкесская Республика,15 лет и старше,процент,IV квартал,2018-Q4,13.3
Карачаево-Черкесская Республика,15 лет и старше,процент,значение показателя за год,2018,12.1
Карачаево-Черкесская Республика,15 лет и старше,процент,I квартал,2019-Q1,14.4
Карачаево-Черкесская Республика,15 лет и старше,процент,II квартал,2019-Q2,11.9
Карачаево-Черкесская Республика,15 лет и старше,процент,III квартал,2019-Q3,10.2
Карачаево-Черкесская Республика,15 лет и старше,процент,IV квартал,2019-Q4,10.7
Карачаево-Черкесская Республика,15 лет и старше,процент,значение показателя за год,2019,11.8
Карачаево-Черкесская Республика,15 лет и старше,процент,I квартал,2020-Q1,13.2
Карачаево-Черкесская Республика,15 лет и старше,процент,II квартал,2020-Q2,16.3
Карачаево-Черкесская Республика,15 лет и старше,процент,III квартал,2020-Q3,14.8
Карачаево-Черкесская Республика,15 лет и старше,процент,IV квартал,2020-Q4,15.0
Карачаево-Черкесская Республика,15 лет и старше,процент,значение показателя за год,2020,14.8
Карачаево-Черкесская Республика,15 лет и старше,процент,I квартал,2021-Q1,14.3
Карачаево-Черкесская Республика,15 лет и старше,процент,II квартал,2021-Q2,13.9
Карачаево-Черкесская Республика,15 лет и старше,процент,III квартал,2021-Q3,11.5
Карачаево-Черкесская Республика,15 лет и старше,процент,IV квартал,2021-Q4,10.2
Карачаево-Черкесская Республика,15 лет и старше,процент,значение показателя за год,2021,12.4
Карачаево-Черкесская Республика,15 лет и старше,процент,I квартал,2022-Q1,11.5
Карачаево-Черкесская Республика,15 лет и старше,процент,II квартал,2022-Q2,7.1
Карачаево-Черкесская Республика,15 лет и старше,процент,III квартал,2022-Q3,10.8
Карачаево-Черкесская Республика,15 лет и старше,процент,IV квартал,2022-Q4,10.3
Карачаево-Черкесская Республика,15 лет и старше,процент,значение показателя за год,2022,9.9
Карачаево-Черкесская Республика,15 лет и старше,процент,I квартал,2023-Q1,7.65
Карачаево-Черкесская Республика,15 лет и старше,процент,II квартал,2023-Q2,7.2
Карачаево-Черкесская Республика,15 лет и старше,процент,III квартал,2023-Q3,6.16
Карачаево-Черкесская Республика,15 лет и старше,процент,IV квартал,2023-Q4,8.4
Карачаево-Черкесская Республика,15 лет и старше,процент,значение показателя за год,2023,7.3
Карачаево-Черкесская Республика,15 лет и старше,процент,I квартал,2024-Q1,7.5
Карачаево-Черкесская Республика,15 лет и старше,процент,II квартал,2024-Q2,6.3
Карачаево-Черкесская Республика,15 лет и старше,процент,III квартал,2024-Q3,8.8
Карачаево-Черкесская Республика,15 лет и старше,процент,IV квартал,2024-Q4,5.3
Карачаево-Черкесская Республика,15 лет и старше,процент,значение показателя за год,2024,6.9
Карачаево-Черкесская Республика,15 лет и старше,процент,I квартал,2025-Q1,5.0
Карачаево-Черкесская Республика,15 лет и старше,процент,II квартал,2025-Q2,6.7
Карачаево-Черкесская Республика,15 лет и старше,процент,III квартал,2025-Q3,5.9
Карачаево-Черкесская Республика,15 лет и старше,процент,IV квартал,2025-Q4,7.1
Карачаево-Черкесская Республика,15 лет и старше,процент,значение показателя за год,2025,6.2
Карачаево-Черкесская Республика,15-72 лет,процент,I квартал,2013-Q1,6.6
Карачаево-Черкесская Республика,15-72 лет,процент,II квартал,2013-Q2,9.8
Карачаево-Черкесская Республика,15-72 лет,процент,III квартал,2013-Q3,11.6
Карачаево-Черкесская Республика,15-72 лет,процент,IV квартал,2013-Q4,11.5
Карачаево-Черкесская Республика,15-72 лет,процент,значение показателя за год,2013,9.8
Карачаево-Черкесская Республика,15-72 лет,процент,I квартал,2014-Q1,12.7
Карачаево-Черкесская Республика,15-72 лет,процент,II квартал,2014-Q2,12.1
Карачаево-Черкесская Республика,15-72 лет,процент,III квартал,2014-Q3,13.7
Карачаево-Черкесская Республика,15-72 лет,процент,IV квартал,2014-Q4,13.8
Карачаево-Черкесская Республика,15-72 лет,процент,значение показателя за год,2014,13.1
Карачаево-Черкесская Республика,15-72 лет,процент,I квартал,2015-Q1,14.2
Карачаево-Черкесская Республика,15-72 лет,процент,II квартал,2015-Q2,15.9
Карачаево-Черкесская Республика,15-72 лет,процент,III квартал,2015-Q3,13.2
Карачаево-Черкесская Республика,15-72 лет,процент,IV квартал,2015-Q4,17.2
Карачаево-Черкесская Республика,15-72 лет,процент,значение показателя за год,2015,15.2
Карачаево-Черкесская Республика,15-72 лет,процент,I квартал,2016-Q1,12.5
Карачаево-Черкесская Республика,15-72 лет,процент,II квартал,2016-Q2,16.2
Карачаево-Черкесская Республика,15-72 лет,процент,III квартал,2016-Q3,12.9
Карачаево-Черкесская Республика,15-72 лет,процент,IV квартал,2016-Q4,16.3
Карачаево-Черкесская Республика,15-72 лет,процент,значение показателя за год,2016,14.5
Карачаево-Черкесская Республика,15-72 лет,процент,I квартал,2017-Q1,15.9
Карачаево-Черкесская Республика,15-72 лет,процент,II квартал,2017-Q2,14.0
Карачаево-Черкесская Республика,15-72 лет,процент,III квартал,2017-Q3,11.1
Карачаево-Черкесская Республика,15-72 лет,процент,IV квартал,2017-Q4,13.6
Карачаево-Черкесская Республика,15-72 лет,процент,значение показателя за год,2017,13.6
Карачаево-Черкесская Республика,15-72 лет,процент,I квартал,2018-Q1,12.5
Карачаево-Черкесская Республика,15-72 лет,процент,II квартал,2018-Q2,11.5
Карачаево-Черкесская Республика,15-72 лет,процент,III квартал,2018-Q3,11.4
Карачаево-Черкесская Республика,15-72 лет,процент,IV квартал,2018-Q4,13.4
Карачаево-Черкесская Республика,15-72 лет,процент,значение показателя за год,2018,12.2
Карачаево-Черкесская Республика,15-72 лет,процент,I квартал,2019-Q1,14.5
Карачаево-Черкесская Республика,15-72 лет,процент,II квартал,2019-Q2,12.0
Карачаево-Черкесская Республика,15-72 лет,процент,III квартал,2019-Q3,10.2
Карачаево-Черкесская Республика,15-72 лет,процент,IV квартал,2019-Q4,10.8
Карачаево-Черкесская Республика,15-72 лет,процент,значение показателя за год,2019,11.8
Карачаево-Черкесская Республика,15-72 лет,процент,I квартал,2020-Q1,13.2
Карачаево-Черкесская Республика,15-72 лет,процент,II квартал,2020-Q2,16.5
Карачаево-Черкесская Республика,15-72 лет,процент,III квартал,2020-Q3,14.8
Карачаево-Черкесская Республика,15-72 лет,процент,IV квартал,2020-Q4,15.1
Карачаево-Черкесская Республика,15-72 лет,процент,значение показателя за год,2020,14.9
Карачаево-Черкесская Республика,15-72 лет,процент,I квартал,2021-Q1,14.4
Карачаево-Черкесская Республика,15-72 лет,процент,II квартал,2021-Q2,13.9
Карачаево-Черкесская Республика,15-72 лет,процент,III квартал,2021-Q3,11.5
Карачаево-Черкесская Республика,15-72 лет,процент,IV квартал,2021-Q4,10.2
Карачаево-Черкесская Республика,15-72 лет,процент,значение показателя за год,2021,12.4
Республика Северная Осетия-Алания,15 лет и старше,процент,I квартал,2017-Q1,12.9
Республика Северная Осетия-Алания,15 лет и старше,процент,II квартал,2017-Q2,12.0
Республика Северная Осетия-Алания,15 лет и старше,процент,III квартал,2017-Q3,10.6
Республика Северная Осетия-Алания,15 лет и старше,процент,IV квартал,2017-Q4,11.4
Республика Северная Осетия-Алания,15 лет и старше,процент,значение показателя за год,2017,11.7
Республика Северная Осетия-Алания,15 лет и старше,процент,I квартал,2018-Q1,12.2
Республика Северная Осетия-Алания,15 лет и старше,процент,II квартал,2018-Q2,10.9
Республика Северная Осетия-Алания,15 лет и старше,процент,III квартал,2018-Q3,8.4
Республика Северная Осетия-Алания,15 лет и старше,процент,IV квартал,2018-Q4,9.5
Республика Северная Осетия-Алания,15 лет и старше,процент,значение показателя за год,2018,10.2
Республика Северная Осетия-Алания,15 лет и старше,процент,I квартал,2019-Q1,11.1
Республика Северная Осетия-Алания,15 лет и старше,процент,II квартал,2019-Q2,11.7
Республика Северная Осетия-Алания,15 лет и старше,процент,III квартал,2019-Q3,12.2
Республика Северная Осетия-Алания,15 лет и старше,процент,IV квартал,2019-Q4,13.3
Республика Северная Осетия-Алания,15 лет и старше,процент,значение показателя за год,2019,12.1
Республика Северная Осетия-Алания,15 лет и старше,процент,I квартал,2020-Q1,14.1
Республика Северная Осетия-Алания,15 лет и старше,процент,II квартал,2020-Q2,17.7
Республика Северная Осетия-Алания,15 лет и старше,процент,III квартал,2020-Q3,15.2
Республика Северная Осетия-Алания,15 лет и старше,процент,IV квартал,2020-Q4,14.8
Республика Северная Осетия-Алания,15 лет и старше,процент,значение показателя за год,2020,15.4
Республика Северная Осетия-Алания,15 лет и старше,процент,I квартал,2021-Q1,14.8
Республика Северная Осетия-Алания,15 лет и старше,процент,II квартал,2021-Q2,14.1
Республика Северная Осетия-Алания,15 лет и старше,процент,III квартал,2021-Q3,12.8
Республика Северная Осетия-Алания,15 лет и старше,процент,IV квартал,2021-Q4,11.9
Республика Северная Осетия-Алания,15 лет и старше,процент,значение показателя за год,2021,13.4
Республика Северная Осетия-Алания,15 лет и старше,процент,I квартал,2022-Q1,14.7
Республика Северная Осетия-Алания,15 лет и старше,процент,II квартал,2022-Q2,9.1
Республика Северная Осетия-Алания,15 лет и старше,процент,III квартал,2022-Q3,11.8
Республика Северная Осетия-Алания,15 лет и старше,процент,IV квартал,2022-Q4,11.9
Республика Северная Осетия-Алания,15 лет и старше,процент,значение показателя за год,2022,11.9
Республика Северная Осетия-Алания,15 лет и старше,процент,I квартал,2023-Q1,11.89
Республика Северная Осетия-Алания,15 лет и старше,процент,II квартал,2023-Q2,10.3
Республика Северная Осетия-Алания,15 лет и старше,процент,III квартал,2023-Q3,9.59
Республика Северная Осетия-Алания,15 лет и старше,процент,IV квартал,2023-Q4,8.6
Республика Северная Осетия-Алания,15 лет и старше,процент,значение показателя за год,2023,10.1
Республика Северная Осетия-Алания,15 лет и старше,процент,I квартал,2024-Q1,9.4
Республика Северная Осетия-Алания,15 лет и старше,процент,II квартал,2024-Q2,9.5
Республика Северная Осетия-Алания,15 лет и старше,процент,III квартал,2024-Q3,8.8
Республика Северная Осетия-Алания,15 лет и старше,процент,IV квартал,2024-Q4,7.4
Республика Северная Осетия-Алания,15 лет и старше,процент,значение показателя за год,2024,8.8
Республика Северная Осетия-Алания,15 лет и старше,процент,I квартал,2025-Q1,6.9
Республика Северная Осетия-Алания,15 лет и старше,процент,II квартал,2025-Q2,7.4
Республика Северная Осетия-Алания,15 лет и старше,процент,III квартал,2025-Q3,7.2
Республика Северная Осетия-Алания,15 лет и старше,процент,IV квартал,2025-Q4,6.4
Республика Северная Осетия-Алания,15 лет и старше,процент,значение показателя за год,2025,7.0
Республика Северная Осетия-Алания,15-72 лет,процент,I квартал,2013-Q1,9.7
Республика Северная Осетия-Алания,15-72 лет,процент,II квартал,2013-Q2,7.3
Республика Северная Осетия-Алания,15-72 лет,процент,III квартал,2013-Q3,5.6
Республика Северная Осетия-Алания,15-72 лет,процент,IV квартал,2013-Q4,9.7
Республика Северная Осетия-Алания,15-72 лет,процент,значение показателя за год,2013,8.1
Республика Северная Осетия-Алания,15-72 лет,процент,I квартал,2014-Q1,10.5
Республика Северная Осетия-Алания,15-72 лет,процент,II квартал,2014-Q2,8.2
Республика Северная Осетия-Алания,15-72 лет,процент,III квартал,2014-Q3,5.6
Республика Северная Осетия-Алания,15-72 лет,процент,IV квартал,2014-Q4,10.0
Республика Северная Осетия-Алания,15-72 лет,процент,значение показателя за год,2014,8.6
Республика Северная Осетия-Алания,15-72 лет,процент,I квартал,2015-Q1,10.4
Республика Северная Осетия-Алания,15-72 лет,процент,II квартал,2015-Q2,9.7
Республика Северная Осетия-Алания,15-72 лет,процент,III квартал,2015-Q3,6.2
Республика Северная Осетия-Алания,15-72 лет,процент,IV квартал,2015-Q4,11.0
Республика Северная Осетия-Алания,15-72 лет,процент,значение показателя за год,2015,9.3
Республика Северная Осетия-Алания,15-72 лет,процент,I квартал,2016-Q1,12.8
Республика Северная Осетия-Алания,15-72 лет,процент,II квартал,2016-Q2,10.3
Республика Северная Осетия-Алания,15-72 лет,процент,III квартал,2016-Q3,6.8
Республика Северная Осетия-Алания,15-72 лет,процент,IV квартал,2016-Q4,9.5
Республика Северная Осетия-Алания,15-72 лет,процент,значение показателя за год,2016,9.8
Республика Северная Осетия-Алания,15-72 лет,процент,I квартал,2017-Q1,12.9
Республика Северная Осетия-Алания,15-72 лет,процент,II квартал,2017-Q2,12.1
Республика Северная Осетия-Алания,15-72 лет,процент,III квартал,2017-Q3,10.7
Республика Северная Осетия-Алания,15-72 лет,процент,IV квартал,2017-Q4,11.4
Республика Северная Осетия-Алания,15-72 лет,процент,значение показателя за год,2017,11.8
Республика Северная Осетия-Алания,15-72 лет,процент,I квартал,2018-Q1,12.3
Республика Северная Осетия-Алания,15-72 лет,процент,II квартал,2018-Q2,11.1
Республика Северная Осетия-Алания,15-72 лет,процент,III квартал,2018-Q3,8.6
Республика Северная Осетия-Алания,15-72 лет,процент,IV квартал,2018-Q4,9.7
Республика Северная Осетия-Алания,15-72 лет,процент,значение показателя за год,2018,10.4
Республика Северная Осетия-Алания,15-72 лет,процент,I квартал,2019-Q1,11.2
Республика Северная Осетия-Алания,15-72 лет,процент,II квартал,2019-Q2,11.7
Республика Северная Осетия-Алания,15-72 лет,процент,III квартал,2019-Q3,12.2
Республика Северная Осетия-Алания,15-72 лет,процент,IV квартал,2019-Q4,13.5
Республика Северная Осетия-Алания,15-72 лет,процент,значение показателя за год,2019,12.1
Республика Северная Осетия-Алания,15-72 лет,процент,I квартал,2020-Q1,14.0
Республика Северная Осетия-Алания,15-72 лет,процент,II квартал,2020-Q2,17.8
Республика Северная Осетия-Алания,15-72 лет,процент,III квартал,2020-Q3,15.2
Республика Северная Осетия-Алания,15-72 лет,процент,IV квартал,2020-Q4,14.8
Республика Северная Осетия-Алания,15-72 лет,процент,значение показателя за год,2020,15.4
Республика Северная Осетия-Алания,15-72 лет,процент,I квартал,2021-Q1,14.9
Республика Северная Осетия-Алания,15-72 лет,процент,II квартал,2021-Q2,14.1
Республика Северная Осетия-Алания,15-72 лет,процент,III квартал,2021-Q3,12.7
Республика Северная Осетия-Алания,15-72 лет,процент,IV квартал,2021-Q4,12.0
Республика Северная Осетия-Алания,15-72 лет,процент,значение показателя за год,2021,13.4
Чеченская Республика,15 лет и старше,процент,I квартал,2017-Q1,14.2
Чеченская Республика,15 лет и старше,процент,II квартал,2017-Q2,14.2
Чеченская Республика,15 лет и старше,процент,III квартал,2017-Q3,14.0
Чеченская Республика,15 лет и старше,процент,IV квартал,2017-Q4,13.8
Чеченская Республика,15 лет и старше,процент,значение показателя за год,2017,14.0
Чеченская Республика,15 лет и старше,процент,I квартал,2018-Q1,14.1
Чеченская Республика,15 лет и старше,процент,II квартал,2018-Q2,14.0
Чеченская Республика,15 лет и старше,процент,III квартал,2018-Q3,13.7
Чеченская Республика,15 лет и старше,процент,IV квартал,2018-Q4,13.1
Чеченская Республика,15 лет и старше,процент,значение показателя за год,2018,13.7
Чеченская Республика,15 лет и старше,процент,I квартал,2019-Q1,13.4
Чеченская Республика,15 лет и старше,процент,II квартал,2019-Q2,13.3
Чеченская Республика,15 лет и старше,процент,III квартал,2019-Q3,13.2
Чеченская Республика,15 лет и старше,процент,IV квартал,2019-Q4,13.4
Чеченская Республика,15 лет и старше,процент,значение показателя за год,2019,13.3
Чеченская Республика,15 лет и старше,процент,I квартал,2020-Q1,13.3
Чеченская Республика,15 лет и старше,процент,II квартал,2020-Q2,16.0
Чеченская Республика,15 лет и старше,процент,III квартал,2020-Q3,23.3
Чеченская Республика,15 лет и старше,процент,IV квартал,2020-Q4,20.9
Чеченская Республика,15 лет и старше,процент,значение показателя за год,2020,18.5
Чеченская Республика,15 лет и старше,процент,I квартал,2021-Q1,19.1
Чеченская Республика,15 лет и старше,процент,II квартал,2021-Q2,16.3
Чеченская Республика,15 лет и старше,процент,III квартал,2021-Q3,11.5
Чеченская Республика,15 лет и старше,процент,IV квартал,2021-Q4,11.2
Чеченская Республика,15 лет и старше,процент,значение показателя за год,2021,14.5
Чеченская Республика,15 лет и старше,процент,I квартал,2022-Q1,11.0
Чеченская Республика,15 лет и старше,процент,II квартал,2022-Q2,11.0
Чеченская Республика,15 лет и старше,процент,III квартал,2022-Q3,11.0
Чеченская Республика,15 лет и старше,процент,IV квартал,2022-Q4,11.0
Чеченская Республика,15 лет и старше,процент,значение показателя за год,2022,11.0
Чеченская Республика,15 лет и старше,процент,I квартал,2023-Q1,10.69
Чеченская Республика,15 лет и старше,процент,II квартал,2023-Q2,10.9
Чеченская Республика,15 лет и старше,процент,III квартал,2023-Q3,10.65
Чеченская Республика,15 лет и старше,процент,IV квартал,2023-Q4,10.4
Чеченская Республика,15 лет и старше,процент,значение показателя за год,2023,10.7
Чеченская Республика,15 лет и старше,процент,I квартал,2024-Q1,10.3
Чеченская Республика,15 лет и старше,процент,II квартал,2024-Q2,9.0
Чеченская Республика,15 лет и старше,процент,III квартал,2024-Q3,8.2
Чеченская Республика,15 лет и старше,процент,IV квартал,2024-Q4,7.5
Чеченская Республика,15 лет и старше,процент,значение показателя за год,2024,8.7
Чеченская Республика,15 лет и старше,процент,I квартал,2025-Q1,7.3
Чеченская Республика,15 лет и старше,процент,II квартал,2025-Q2,6.9
Чеченская Республика,15 лет и старше,процент,III квартал,2025-Q3,6.7
Чеченская Республика,15 лет и старше,процент,IV квартал,2025-Q4,5.8
Чеченская Республика,15 лет и старше,процент,значение показателя за год,2025,6.7
Чеченская Республика,15-72 лет,процент,I квартал,2013-Q1,27.6
Чеченская Республика,15-72 лет,процент,II квартал,2013-Q2,27.8
Чеченская Республика,15-72 лет,процент,III квартал,2013-Q3,26.6
Чеченская Республика,15-72 лет,процент,IV квартал,2013-Q4,25.7
Чеченская Республика,15-72 лет,процент,значение показателя за год,2013,26.9
Чеченская Республика,15-72 лет,процент,I квартал,2014-Q1,24.0
Чеченская Республика,15-72 лет,процент,II квартал,2014-Q2,22.3
Чеченская Республика,15-72 лет,процент,III квартал,2014-Q3,21.1
Чеченская Республика,15-72 лет,процент,IV квартал,2014-Q4,18.3
Чеченская Республика,15-72 лет,процент,значение показателя за год,2014,21.5
Чеченская Республика,15-72 лет,процент,I квартал,2015-Q1,17.6
Чеченская Республика,15-72 лет,процент,II квартал,2015-Q2,17.2
Чеченская Республика,15-72 лет,процент,III квартал,2015-Q3,17.1
Чеченская Республика,15-72 лет,процент,IV квартал,2015-Q4,16.7
Чеченская Республика,15-72 лет,процент,значение показателя за год,2015,17.1
Чеченская Республика,15-72 лет,процент,I квартал,2016-Q1,16.5
Чеченская Республика,15-72 лет,процент,II квартал,2016-Q2,16.4
Чеченская Республика,15-72 лет,процент,III квартал,2016-Q3,15.9
Чеченская Республика,15-72 лет,процент,IV квартал,2016-Q4,14.3
Чеченская Республика,15-72 лет,процент,значение показателя за год,2016,15.8
Чеченская Республика,15-72 лет,процент,I квартал,2017-Q1,14.2
Чеченская Республика,15-72 лет,процент,II квартал,2017-Q2,14.2
Чеченская Республика,15-72 лет,процент,III квартал,2017-Q3,14.0
Чеченская Республика,15-72 лет,процент,IV квартал,2017-Q4,13.8
Чеченская Республика,15-72 лет,процент,значение показателя за год,2017,14.1
Чеченская Республика,15-72 лет,процент,I квартал,2018-Q1,14.1
Чеченская Республика,15-72 лет,процент,II квартал,2018-Q2,14.0
Чеченская Республика,15-72 лет,процент,III квартал,2018-Q3,13.7
Чеченская Республика,15-72 лет,процент,IV квартал,2018-Q4,13.1
Чеченская Республика,15-72 лет,процент,значение показателя за год,2018,13.7
Чеченская Республика,15-72 лет,процент,I квартал,2019-Q1,13.4
Чеченская Республика,15-72 лет,процент,II квартал,2019-Q2,13.4
Чеченская Республика,15-72 лет,процент,III квартал,2019-Q3,13.3
Чеченская Республика,15-72 лет,процент,IV квартал,2019-Q4,13.0
Чеченская Республика,15-72 лет,процент,значение показателя за год,2019,13.3
Чеченская Республика,15-72 лет,процент,I квартал,2020-Q1,13.3
Чеченская Республика,15-72 лет,процент,II квартал,2020-Q2,16.0
Чеченская Республика,15-72 лет,процент,III квартал,2020-Q3,23.3
Чеченская Республика,15-72 лет,процент,IV квартал,2020-Q4,20.9
Чеченская Республика,15-72 лет,процент,значение показателя за год,2020,18.5
Чеченская Республика,15-72 лет,процент,I квартал,2021-Q1,19.1
Чеченская Республика,15-72 лет,процент,II квартал,2021-Q2,16.4
Чеченская Республика,15-72 лет,процент,III квартал,2021-Q3,11.5
Чеченская Республика,15-72 лет,процент,IV квартал,2021-Q4,11.0
Чеченская Республика,15-72 лет,процент,значение показателя за год,2021,14.5
Ставропольский край,15 лет и старше,процент,I квартал,2017-Q1,5.0
Ставропольский край,15 лет и старше,процент,II квартал,2017-Q2,5.6
Ставропольский край,15 лет и старше,процент,III квартал,2017-Q3,5.3
Ставропольский край,15 лет и старше,процент,IV квартал,2017-Q4,4.8
Ставропольский край,15 лет и старше,процент,значение показателя за год,2017,5.2
Ставропольский край,15 лет и старше,процент,I квартал,2018-Q1,5.2
Ставропольский край,15 лет и старше,процент,II квартал,2018-Q2,5.0
Ставропольский край,15 лет и старше,процент,III квартал,2018-Q3,5.0
Ставропольский край,15 лет и старше,процент,IV квартал,2018-Q4,4.8
Ставропольский край,15 лет и старше,процент,значение показателя за год,2018,5.0
Ставропольский край,15 лет и старше,процент,I квартал,2019-Q1,4.8
Ставропольский край,15 лет и старше,процент,II квартал,2019-Q2,4.9
Ставропольский край,15 лет и старше,процент,III квартал,2019-Q3,4.8
Ставропольский край,15 лет и старше,процент,IV квартал,2019-Q4,4.7
Ставропольский край,15 лет и старше,процент,значение показателя за год,2019,4.8
Ставропольский край,15 лет и старше,процент,I квартал,2020-Q1,4.3
Ставропольский край,15 лет и старше,процент,II квартал,2020-Q2,6.1
Ставропольский край,15 лет и старше,процент,III квартал,2020-Q3,7.1
Ставропольский край,15 лет и старше,процент,IV квартал,2020-Q4,7.1
Ставропольский край,15 лет и старше,процент,значение показателя за год,2020,6.2
Ставропольский край,15 лет и старше,процент,I квартал,2021-Q1,6.4
Ставропольский край,15 лет и старше,процент,II квартал,2021-Q2,4.9
Ставропольский край,15 лет и старше,процент,III квартал,2021-Q3,4.8
Ставропольский край,15 лет и старше,процент,IV квартал,2021-Q4,4.9
Ставропольский край,15 лет и старше,процент,значение показателя за год,2021,5.3
Ставропольский край,15 лет и старше,процент,I квартал,2022-Q1,4.6
Ставропольский край,15 лет и старше,процент,II квартал,2022-Q2,4.2
Ставропольский край,15 лет и старше,процент,III квартал,2022-Q3,4.1
Ставропольский край,15 лет и старше,процент,IV квартал,2022-Q4,4.5
Ставропольский край,15 лет и старше,процент,значение показателя за год,2022,4.3
Ставропольский край,15 лет и старше,процент,I квартал,2023-Q1,4.11
Ставропольский край,15 лет и старше,процент,II квартал,2023-Q2,3.9
Ставропольский край,15 лет и старше,процент,III квартал,2023-Q3,3.67
Ставропольский край,15 лет и старше,процент,IV квартал,2023-Q4,3.6
Ставропольский край,15 лет и старше,процент,значение показателя за год,2023,3.8
Ставропольский край,15 лет и старше,процент,I квартал,2024-Q1,3.6
Ставропольский край,15 лет и старше,процент,II квартал,2024-Q2,3.2
Ставропольский край,15 лет и старше,процент,III квартал,2024-Q3,3.5
Ставропольский край,15 лет и старше,процент,IV квартал,2024-Q4,3.4
Ставропольский край,15 лет и старше,процент,значение показателя за год,2024,3.4
Ставропольский край,15 лет и старше,процент,I квартал,2025-Q1,3.5
Ставропольский край,15 лет и старше,процент,II квартал,2025-Q2,3.1
Ставропольский край,15 лет и старше,процент,III квартал,2025-Q3,2.8
Ставропольский край,15 лет и старше,процент,IV квартал,2025-Q4,2.7
Ставропольский край,15 лет и старше,процент,значение показателя за год,2025,3.0
Ставропольский край,15-72 лет,процент,I квартал,2013-Q1,5.9
Ставропольский край,15-72 лет,процент,II квартал,2013-Q2,5.4
Ставропольский край,15-72 лет,процент,III квартал,2013-Q3,5.4
Ставропольский край,15-72 лет,процент,IV квартал,2013-Q4,5.9
Ставропольский край,15-72 лет,процент,значение показателя за год,2013,5.6
Ставропольский край,15-72 лет,процент,I квартал,2014-Q1,5.0
Ставропольский край,15-72 лет,процент,II квартал,2014-Q2,5.1
Ставропольский край,15-72 лет,процент,III квартал,2014-Q3,5.1
Ставропольский край,15-72 лет,процент,IV квартал,2014-Q4,6.0
Ставропольский край,15-72 лет,процент,значение показателя за год,2014,5.3
Ставропольский край,15-72 лет,процент,I квартал,2015-Q1,5.7
Ставропольский край,15-72 лет,процент,II квартал,2015-Q2,5.5
Ставропольский край,15-72 лет,процент,III квартал,2015-Q3,5.6
Ставропольский край,15-72 лет,процент,IV квартал,2015-Q4,5.7
Ставропольский край,15-72 лет,процент,значение показателя за год,2015,5.6
Ставропольский край,15-72 лет,процент,I квартал,2016-Q1,6.0
Ставропольский край,15-72 лет,процент,II квартал,2016-Q2,6.0
Ставропольский край,15-72 лет,процент,III квартал,2016-Q3,5.0
Ставропольский край,15-72 лет,процент,IV квартал,2016-Q4,5.7
Ставропольский край,15-72 лет,процент,значение показателя за год,2016,5.7
Ставропольский край,15-72 лет,процент,I квартал,2017-Q1,5.0
Ставропольский край,15-72 лет,процент,II квартал,2017-Q2,5.6
Ставропольский край,15-72 лет,процент,III квартал,2017-Q3,5.3
Ставропольский край,15-72 лет,процент,IV квартал,2017-Q4,4.8
Ставропольский край,15-72 лет,процент,значение показателя за год,2017,5.2
Ставропольский край,15-72 лет,процент,I квартал,2018-Q1,5.3
Ставропольский край,15-72 лет,процент,II квартал,2018-Q2,5.0
Ставропольский край,15-72 лет,процент,III квартал,2018-Q3,5.0
Ставропольский край,15-72 лет,процент,IV квартал,2018-Q4,4.8
Ставропольский край,15-72 лет,процент,значение показателя за год,2018,5.0
Ставропольский край,15-72 лет,процент,I квартал,2019-Q1,4.8
Ставропольский край,15-72 лет,процент,II квартал,2019-Q2,4.9
Ставропольский край,15-72 лет,процент,III квартал,2019-Q3,4.8
Ставропольский край,15-72 лет,процент,IV квартал,2019-Q4,4.8
Ставропольский край,15-72 лет,процент,значение показателя за год,2019,4.8
Ставропольский край,15-72 лет,процент,I квартал,2020-Q1,4.3
Ставропольский край,15-72 лет,процент,II квартал,2020-Q2,6.1
Ставропольский край,15-72 лет,процент,III квартал,2020-Q3,7.1
Ставропольский край,15-72 лет,процент,IV квартал,2020-Q4,7.2
Ставропольский край,15-72 лет,процент,значение показателя за год,2020,6.2
Ставропольский край,15-72 лет,процент,I квартал,2021-Q1,6.4
Ставропольский край,15-72 лет,процент,II квартал,2021-Q2,4.9
Ставропольский край,15-72 лет,процент,III квартал,2021-Q3,4.8
Ставропольский край,15-72 лет,процент,IV квартал,2021-Q4,4.8
Ставропольский край,15-72 лет,процент,значение показателя за год,2021,5.2
Приволжский федеральный округ,15 лет и старше,процент,I квартал,2017-Q1,5.0
Приволжский федеральный округ,15 лет и старше,процент,II квартал,2017-Q2,4.8
Приволжский федеральный округ,15 лет и старше,процент,III квартал,2017-Q3,4.5
Приволжский федеральный округ,15 лет и старше,процент,IV квартал,2017-Q4,4.5
Приволжский федеральный округ,15 лет и старше,процент,значение показателя за год,2017,4.7
Приволжский федеральный округ,15 лет и старше,процент,I квартал,2018-Q1,4.7
Приволжский федеральный округ,15 лет и старше,процент,II квартал,2018-Q2,4.4
Приволжский федеральный округ,15 лет и старше,процент,III квартал,2018-Q3,4.1
Приволжский федеральный округ,15 лет и старше,процент,IV квартал,2018-Q4,4.4
Приволжский федеральный округ,15 лет и старше,процент,значение показателя за год,2018,4.4
Приволжский федеральный округ,15 лет и старше,процент,I квартал,2019-Q1,4.4
Приволжский федеральный округ,15 лет и старше,процент,II квартал,2019-Q2,4.2
Приволжский федеральный округ,15 лет и старше,процент,III квартал,2019-Q3,4.1
Приволжский федеральный округ,15 лет и старше,процент,IV квартал,2019-Q4,4.1
Приволжский федеральный округ,15 лет и старше,процент,значение показателя за год,2019,4.2
Приволжский федеральный округ,15 лет и старше,процент,I квартал,2020-Q1,4.2
Приволжский федеральный округ,15 лет и старше,процент,II квартал,2020-Q2,5.5
Приволжский федеральный округ,15 лет и старше,процент,III квартал,2020-Q3,5.6
Приволжский федеральный округ,15 лет и старше,процент,IV квартал,2020-Q4,5.2
Приволжский федеральный округ,15 лет и старше,процент,значение показателя за год,2020,5.1
Приволжский федеральный округ,15 лет и старше,процент,I квартал,2021-Q1,4.9
Приволжский федеральный округ,15 лет и старше,процент,II квартал,2021-Q2,4.2
Приволжский федеральный округ,15 лет и старше,процент,III квартал,2021-Q3,3.7
Приволжский федеральный округ,15 лет и старше,процент,IV квартал,2021-Q4,3.6
Приволжский федеральный округ,15 лет и старше,процент,значение показателя за год,2021,4.1
Приволжский федеральный округ,15 лет и старше,процент,I квартал,2022-Q1,3.6
Приволжский федеральный округ,15 лет и старше,процент,II квартал,2022-Q2,3.4
Приволжский федеральный округ,15 лет и старше,процент,III квартал,2022-Q3,3.1
Приволжский федеральный округ,15 лет и старше,процент,IV квартал,2022-Q4,3.1
Приволжский федеральный округ,15 лет и старше,процент,значение показателя за год,2022,3.3
Приволжский федеральный округ,15 лет и старше,процент,I квартал,2023-Q1,2.82
Приволжский федеральный округ,15 лет и старше,процент,II квартал,2023-Q2,2.5
Приволжский федеральный округ,15 лет и старше,процент,III квартал,2023-Q3,2.19
Приволжский федеральный округ,15 лет и старше,процент,IV квартал,2023-Q4,2.1
Приволжский федеральный округ,15 лет и старше,процент,значение показателя за год,2023,2.4
Приволжский федеральный округ,15 лет и старше,процент,I квартал,2024-Q1,2.1
Приволжский федеральный округ,15 лет и старше,процент,II квартал,2024-Q2,1.9
Приволжский федеральный округ,15 лет и старше,процент,III квартал,2024-Q3,1.8
Приволжский федеральный округ,15 лет и старше,процент,IV квартал,2024-Q4,1.7
Приволжский федеральный округ,15 лет и старше,процент,значение показателя за год,2024,1.9
Приволжский федеральный округ,15 лет и старше,процент,I квартал,2025-Q1,1.6
Приволжский федеральный округ,15 лет и старше,процент,II квартал,2025-Q2,1.6
Приволжский федеральный округ,15 лет и старше,процент,III квартал,2025-Q3,1.6
Приволжский федеральный округ,15 лет и старше,процент,IV квартал,2025-Q4,1.5
Приволжский федеральный округ,15 лет и старше,процент,значение показателя за год,2025,1.6
Приволжский федеральный округ,15-72 лет,процент,I квартал,2013-Q1,5.4
Приволжский федеральный округ,15-72 лет,процент,II квартал,2013-Q2,4.8
Приволжский федеральный округ,15-72 лет,процент,III квартал,2013-Q3,4.5
Приволжский федеральный округ,15-72 лет,процент,IV квартал,2013-Q4,4.9
Приволжский федеральный округ,15-72 лет,процент,значение показателя за год,2013,4.9
Приволжский федеральный округ,15-72 лет,процент,I квартал,2014-Q1,5.0
Приволжский федеральный округ,15-72 лет,процент,II квартал,2014-Q2,4.3
Приволжский федеральный округ,15-72 лет,процент,III квартал,2014-Q3,4.2
Приволжский федеральный округ,15-72 лет,процент,IV квартал,2014-Q4,4.6
Приволжский федеральный округ,15-72 лет,процент,значение показателя за год,2014,4.5
Приволжский федеральный округ,15-72 лет,процент,I квартал,2015-Q1,5.2
Приволжский федеральный округ,15-72 лет,процент,II квартал,2015-Q2,4.8
Приволжский федеральный округ,15-72 лет,процент,III квартал,2015-Q3,4.5
Приволжский федеральный округ,15-72 лет,процент,IV квартал,2015-Q4,4.7
Приволжский федеральный округ,15-72 лет,процент,значение показателя за год,2015,4.8
Приволжский федеральный округ,15-72 лет,процент,I квартал,2016-Q1,5.1
Приволжский федеральный округ,15-72 лет,процент,II квартал,2016-Q2,5.0
Приволжский федеральный округ,15-72 лет,процент,III квартал,2016-Q3,4.6
Приволжский федеральный округ,15-72 лет,процент,IV квартал,2016-Q4,4.6
Приволжский федеральный округ,15-72 лет,процент,значение показателя за год,2016,4.8
Приволжский федеральный округ,15-72 лет,процент,I квартал,2017-Q1,5.0
Приволжский федеральный округ,15-72 лет,процент,II квартал,2017-Q2,4.8
Приволжский федеральный округ,15-72 лет,процент,III квартал,2017-Q3,4.5
Приволжский федеральный округ,15-72 лет,процент,IV квартал,2017-Q4,4.5
Приволжский федеральный округ,15-72 лет,процент,значение показателя за год,2017,4.7
Приволжский федеральный округ,15-72 лет,процент,I квартал,2018-Q1,4.7
Приволжский федеральный округ,15-72 лет,процент,II квартал,2018-Q2,4.4
Приволжский федеральный округ,15-72 лет,процент,III квартал,2018-Q3,4.1
Приволжский федеральный округ,15-72 лет,процент,IV квартал,2018-Q4,4.4
Приволжский федеральный округ,15-72 лет,процент,значение показателя за год,2018,4.4
Приволжский федеральный округ,15-72 лет,процент,I квартал,2019-Q1,4.4
Приволжский федеральный округ,15-72 лет,процент,II квартал,2019-Q2,4.2
Приволжский федеральный округ,15-72 лет,процент,III квартал,2019-Q3,4.1
Приволжский федеральный округ,15-72 лет,процент,IV квартал,2019-Q4,4.1
Приволжский федеральный округ,15-72 лет,процент,значение показателя за год,2019,4.2
Приволжский федеральный округ,15-72 лет,процент,I квартал,2020-Q1,4.2
Приволжский федеральный округ,15-72 лет,процент,II квартал,2020-Q2,5.5
Приволжский федеральный округ,15-72 лет,процент,III квартал,2020-Q3,5.6
Приволжский федеральный округ,15-72 лет,процент,IV квартал,2020-Q4,5.2
Приволжский федеральный округ,15-72 лет,процент,значение показателя за год,2020,5.1
Приволжский федеральный округ,15-72 лет,процент,I квартал,2021-Q1,4.8
Приволжский федеральный округ,15-72 лет,процент,II квартал,2021-Q2,4.2
Приволжский федеральный округ,15-72 лет,процент,III квартал,2021-Q3,3.7
Приволжский федеральный округ,15-72 лет,процент,IV квартал,2021-Q4,3.6
Приволжский федеральный округ,15-72 лет,процент,значение показателя за год,2021,4.1
Республика Башкортостан,15 лет и старше,процент,I квартал,2017-Q1,6.0
Республика Башкортостан,15 лет и старше,процент,II квартал,2017-Q2,5.5
Республика Башкортостан,15 лет и старше,процент,III квартал,2017-Q3,5.5
Республика Башкортостан,15 лет и старше,процент,IV квартал,2017-Q4,5.6
Республика Башкортостан,15 лет и старше,процент,значение показателя за год,2017,5.6
Республика Башкортостан,15 лет и старше,процент,I квартал,2018-Q1,5.4
Республика Башкортостан,15 лет и старше,процент,II квартал,2018-Q2,4.8
Республика Башкортостан,15 лет и старше,процент,III квартал,2018-Q3,4.9
Республика Башкортостан,15 лет и старше,процент,IV квартал,2018-Q4,4.7
Республика Башкортостан,15 лет и старше,процент,значение показателя за год,2018,4.9
Республика Башкортостан,15 лет и старше,процент,I квартал,2019-Q1,4.6
Республика Башкортостан,15 лет и старше,процент,II квартал,2019-Q2,4.5
Республика Башкортостан,15 лет и старше,процент,III квартал,2019-Q3,4.2
Республика Башкортостан,15 лет и старше,процент,IV квартал,2019-Q4,4.4
Республика Башкортостан,15 лет и старше,процент,значение показателя за год,2019,4.4
Республика Башкортостан,15 лет и старше,процент,I квартал,2020-Q1,4.7
Республика Башкортостан,15 лет и старше,процент,II квартал,2020-Q2,6.2
Республика Башкортостан,15 лет и старше,процент,III квартал,2020-Q3,6.5
Республика Башкортостан,15 лет и старше,процент,IV квартал,2020-Q4,6.1
Республика Башкортостан,15 лет и старше,процент,значение показателя за год,2020,5.9
Республика Башкортостан,15 лет и старше,процент,I квартал,2021-Q1,5.0
Республика Башкортостан,15 лет и старше,процент,II квартал,2021-Q2,4.6
Республика Башкортостан,15 лет и старше,процент,III квартал,2021-Q3,4.0
Республика Башкортостан,15 лет и старше,процент,IV квартал,2021-Q4,3.9
Республика Башкортостан,15 лет и старше,процент,значение показателя за год,2021,4.4
Республика Башкортостан,15 лет и старше,процент,I квартал,2022-Q1,3.6
Республика Башкортостан,15 лет и старше,процент,II квартал,2022-Q2,4.1
Республика Башкортостан,15 лет и старше,процент,III квартал,2022-Q3,3.1
Республика Башкортостан,15 лет и старше,процент,IV квартал,2022-Q4,2.9
Республика Башкортостан,15 лет и старше,процент,значение показателя за год,2022,3.4
Республика Башкортостан,15 лет и старше,процент,I квартал,2023-Q1,2.44
Республика Башкортостан,15 лет и старше,процент,II квартал,2023-Q2,2.3
Республика Башкортостан,15 лет и старше,процент,III квартал,2023-Q3,2.2
Республика Башкортостан,15 лет и старше,процент,IV квартал,2023-Q4,2.3
Республика Башкортостан,15 лет и старше,процент,значение показателя за год,2023,2.3
Республика Башкортостан,15 лет и старше,процент,I квартал,2024-Q1,2.2
Республика Башкортостан,15 лет и старше,процент,II квартал,2024-Q2,1.5
Республика Башкортостан,15 лет и старше,процент,III квартал,2024-Q3,1.8
Республика Башкортостан,15 лет и старше,процент,IV квартал,2024-Q4,1.4
Республика Башкортостан,15 лет и старше,процент,значение показателя за год,2024,1.8
Республика Башкортостан,15 лет и старше,процент,I квартал,2025-Q1,1.5
Республика Башкортостан,15 лет и старше,процент,II квартал,2025-Q2,1.6
Республика Башкортостан,15 лет и старше,процент,III квартал,2025-Q3,1.7
Республика Башкортостан,15 лет и старше,процент,IV квартал,2025-Q4,1.5
Республика Башкортостан,15 лет и старше,процент,значение показателя за год,2025,1.6
Республика Башкортостан,15-72 лет,процент,I квартал,2013-Q1,6.7
Республика Башкортостан,15-72 лет,процент,II квартал,2013-Q2,5.2
Республика Башкортостан,15-72 лет,процент,III квартал,2013-Q3,5.3
Республика Башкортостан,15-72 лет,процент,IV квартал,2013-Q4,6.1
Республика Башкортостан,15-72 лет,процент,значение показателя за год,2013,5.8
Республика Башкортостан,15-72 лет,процент,I квартал,2014-Q1,5.8
Республика Башкортостан,15-72 лет,процент,II квартал,2014-Q2,4.9
Республика Башкортостан,15-72 лет,процент,III квартал,2014-Q3,5.4
Республика Башкортостан,15-72 лет,процент,IV квартал,2014-Q4,5.2
Республика Башкортостан,15-72 лет,процент,значение показателя за год,2014,5.3
Республика Башкортостан,15-72 лет,процент,I квартал,2015-Q1,6.5
Республика Башкортостан,15-72 лет,процент,II квартал,2015-Q2,5.8
Республика Башкортостан,15-72 лет,процент,III квартал,2015-Q3,6.0
Республика Башкортостан,15-72 лет,процент,IV квартал,2015-Q4,6.1
Республика Башкортостан,15-72 лет,процент,значение показателя за год,2015,6.1
Республика Башкортостан,15-72 лет,процент,I квартал,2016-Q1,6.0
Республика Башкортостан,15-72 лет,процент,II квартал,2016-Q2,5.7
Республика Башкортостан,15-72 лет,процент,III квартал,2016-Q3,5.7
Республика Башкортостан,15-72 лет,процент,IV квартал,2016-Q4,5.7
Республика Башкортостан,15-72 лет,процент,значение показателя за год,2016,5.8
Республика Башкортостан,15-72 лет,процент,I квартал,2017-Q1,6.0
Республика Башкортостан,15-72 лет,процент,II квартал,2017-Q2,5.5
Республика Башкортостан,15-72 лет,процент,III квартал,2017-Q3,5.5
Республика Башкортостан,15-72 лет,процент,IV квартал,2017-Q4,5.6
Республика Башкортостан,15-72 лет,процент,значение показателя за год,2017,5.6
Республика Башкортостан,15-72 лет,процент,I квартал,2018-Q1,5.4
Республика Башкортостан,15-72 лет,процент,II квартал,2018-Q2,4.8
Республика Башкортостан,15-72 лет,процент,III квартал,2018-Q3,4.9
Республика Башкортостан,15-72 лет,процент,IV квартал,2018-Q4,4.7
Республика Башкортостан,15-72 лет,процент,значение показателя за год,2018,4.9
Республика Башкортостан,15-72 лет,процент,I квартал,2019-Q1,4.6
Республика Башкортостан,15-72 лет,процент,II квартал,2019-Q2,4.5
Республика Башкортостан,15-72 лет,процент,III квартал,2019-Q3,4.2
Республика Башкортостан,15-72 лет,процент,IV квартал,2019-Q4,4.4
Республика Башкортостан,15-72 лет,процент,значение показателя за год,2019,4.4
Республика Башкортостан,15-72 лет,процент,I квартал,2020-Q1,4.7
Республика Башкортостан,15-72 лет,процент,II квартал,2020-Q2,6.2
Республика Башкортостан,15-72 лет,процент,III квартал,2020-Q3,6.5
Республика Башкортостан,15-72 лет,процент,IV квартал,2020-Q4,6.1
Республика Башкортостан,15-72 лет,процент,значение показателя за год,2020,5.9
Республика Башкортостан,15-72 лет,процент,I квартал,2021-Q1,5.0
Республика Башкортостан,15-72 лет,процент,II квартал,2021-Q2,4.6
Республика Башкортостан,15-72 лет,процент,III квартал,2021-Q3,4.0
Республика Башкортостан,15-72 лет,процент,IV квартал,2021-Q4,3.9
Республика Башкортостан,15-72 лет,процент,значение показателя за год,2021,4.4
Республика Марий Эл,15 лет и старше,процент,I квартал,2017-Q1,6.6
Республика Марий Эл,15 лет и старше,процент,II квартал,2017-Q2,6.2
Республика Марий Эл,15 лет и старше,процент,III квартал,2017-Q3,7.0
Республика Марий Эл,15 лет и старше,процент,IV квартал,2017-Q4,4.6
Республика Марий Эл,15 лет и старше,процент,значение показателя за год,2017,6.1
Республика Марий Эл,15 лет и старше,процент,I квартал,2018-Q1,7.0
Республика Марий Эл,15 лет и старше,процент,II квартал,2018-Q2,4.0
Республика Марий Эл,15 лет и старше,процент,III квартал,2018-Q3,3.5
Республика Марий Эл,15 лет и старше,процент,IV квартал,2018-Q4,5.7
Республика Марий Эл,15 лет и старше,процент,значение показателя за год,2018,5.0
Республика Марий Эл,15 лет и старше,процент,I квартал,2019-Q1,5.0
Республика Марий Эл,15 лет и старше,процент,II квартал,2019-Q2,4.1
Республика Марий Эл,15 лет и старше,процент,III квартал,2019-Q3,5.0
Республика Марий Эл,15 лет и старше,процент,IV квартал,2019-Q4,4.1
Республика Марий Эл,15 лет и старше,процент,значение показателя за год,2019,4.6
Республика Марий Эл,15 лет и старше,процент,I квартал,2020-Q1,5.6
Республика Марий Эл,15 лет и старше,процент,II квартал,2020-Q2,7.3
Республика Марий Эл,15 лет и старше,процент,III квартал,2020-Q3,7.1
Республика Марий Эл,15 лет и старше,процент,IV квартал,2020-Q4,7.1
Республика Марий Эл,15 лет и старше,процент,значение показателя за год,2020,6.8
Республика Марий Эл,15 лет и старше,процент,I квартал,2021-Q1,6.4
Республика Марий Эл,15 лет и старше,процент,II квартал,2021-Q2,5.6
Республика Марий Эл,15 лет и старше,процент,III квартал,2021-Q3,4.9
Республика Марий Эл,15 лет и старше,процент,IV квартал,2021-Q4,4.5
Республика Марий Эл,15 лет и старше,процент,значение показателя за год,2021,5.3
Республика Марий Эл,15 лет и старше,процент,I квартал,2022-Q1,4.6
Республика Марий Эл,15 лет и старше,процент,II квартал,2022-Q2,3.0
Республика Марий Эл,15 лет и старше,процент,III квартал,2022-Q3,3.3
Республика Марий Эл,15 лет и старше,процент,IV квартал,2022-Q4,3.3
Республика Марий Эл,15 лет и старше,процент,значение показателя за год,2022,3.6
Республика Марий Эл,15 лет и старше,процент,I квартал,2023-Q1,3.84
Республика Марий Эл,15 лет и старше,процент,II квартал,2023-Q2,3.5
Республика Марий Эл,15 лет и старше,процент,III квартал,2023-Q3,3.14
Республика Марий Эл,15 лет и старше,процент,IV квартал,2023-Q4,3.0
Республика Марий Эл,15 лет и старше,процент,значение показателя за год,2023,3.4
Республика Марий Эл,15 лет и старше,процент,I квартал,2024-Q1,2.7
Республика Марий Эл,15 лет и старше,процент,II квартал,2024-Q2,2.4
Республика Марий Эл,15 лет и старше,процент,III квартал,2024-Q3,2.3
Республика Марий Эл,15 лет и старше,процент,IV квартал,2024-Q4,2.0
Республика Марий Эл,15 лет и старше,процент,значение показателя за год,2024,2.3
Республика Марий Эл,15 лет и старше,процент,I квартал,2025-Q1,2.0
Республика Марий Эл,15 лет и старше,процент,II квартал,2025-Q2,1.9
Республика Марий Эл,15 лет и старше,процент,III квартал,2025-Q3,1.8
Республика Марий Эл,15 лет и старше,процент,IV квартал,2025-Q4,1.8
Республика Марий Эл,15 лет и старше,процент,значение показателя за год,2025,1.9
Республика Марий Эл,15-72 лет,процент,I квартал,2013-Q1,6.2
Республика Марий Эл,15-72 лет,процент,II квартал,2013-Q2,5.5
Республика Марий Эл,15-72 лет,процент,III квартал,2013-Q3,4.0
Республика Марий Эл,15-72 лет,процент,IV квартал,2013-Q4,5.2
Республика Марий Эл,15-72 лет,процент,значение показателя за год,2013,5.2
Республика Марий Эл,15-72 лет,процент,I квартал,2014-Q1,4.9
Республика Марий Эл,15-72 лет,процент,II квартал,2014-Q2,4.1
Республика Марий Эл,15-72 лет,процент,III квартал,2014-Q3,4.5
Республика Марий Эл,15-72 лет,процент,IV квартал,2014-Q4,5.9
Республика Марий Эл,15-72 лет,процент,значение показателя за год,2014,4.8
Республика Марий Эл,15-72 лет,процент,I квартал,2015-Q1,5.2
Республика Марий Эл,15-72 лет,процент,II квартал,2015-Q2,5.2
Республика Марий Эл,15-72 лет,процент,III квартал,2015-Q3,5.5
Республика Марий Эл,15-72 лет,процент,IV квартал,2015-Q4,5.2
Республика Марий Эл,15-72 лет,процент,значение показателя за год,2015,5.3
Республика Марий Эл,15-72 лет,процент,I квартал,2016-Q1,6.1
Республика Марий Эл,15-72 лет,процент,II квартал,2016-Q2,4.4
Республика Марий Эл,15-72 лет,процент,III квартал,2016-Q3,5.9
Республика Марий Эл,15-72 лет,процент,IV квартал,2016-Q4,7.7
Республика Марий Эл,15-72 лет,процент,значение показателя за год,2016,6.0
Республика Марий Эл,15-72 лет,процент,I квартал,2017-Q1,6.6
Республика Марий Эл,15-72 лет,процент,II квартал,2017-Q2,6.2
Республика Марий Эл,15-72 лет,процент,III квартал,2017-Q3,7.0
Республика Марий Эл,15-72 лет,процент,IV квартал,2017-Q4,4.7
Республика Марий Эл,15-72 лет,процент,значение показателя за год,2017,6.1
Республика Марий Эл,15-72 лет,процент,I квартал,2018-Q1,7.0
Республика Марий Эл,15-72 лет,процент,II квартал,2018-Q2,4.0
Республика Марий Эл,15-72 лет,процент,III квартал,2018-Q3,3.5
Республика Марий Эл,15-72 лет,процент,IV квартал,2018-Q4,5.7
Республика Марий Эл,15-72 лет,процент,значение показателя за год,2018,5.0
Республика Марий Эл,15-72 лет,процент,I квартал,2019-Q1,5.0
Республика Марий Эл,15-72 лет,процент,II квартал,2019-Q2,4.2
Республика Марий Эл,15-72 лет,процент,III квартал,2019-Q3,5.0
Республика Марий Эл,15-72 лет,процент,IV квартал,2019-Q4,4.1
Республика Марий Эл,15-72 лет,процент,значение показателя за год,2019,4.6
Республика Марий Эл,15-72 лет,процент,I квартал,2020-Q1,5.6
Республика Марий Эл,15-72 лет,процент,II квартал,2020-Q2,7.3
Республика Марий Эл,15-72 лет,процент,III квартал,2020-Q3,7.1
Республика Марий Эл,15-72 лет,процент,IV квартал,2020-Q4,6.9
Республика Марий Эл,15-72 лет,процент,значение показателя за год,2020,6.7
Республика Марий Эл,15-72 лет,процент,I квартал,2021-Q1,6.5
Республика Марий Эл,15-72 лет,процент,II квартал,2021-Q2,5.6
Республика Марий Эл,15-72 лет,процент,III квартал,2021-Q3,4.9
Республика Марий Эл,15-72 лет,процент,IV квартал,2021-Q4,4.4
Республика Марий Эл,15-72 лет,процент,значение показателя за год,2021,5.3
Республика Мордовия,15 лет и старше,процент,I квартал,2017-Q1,4.8
Республика Мордовия,15 лет и старше,процент,II квартал,2017-Q2,4.2
Республика Мордовия,15 лет и старше,процент,III квартал,2017-Q3,3.8
Республика Мордовия,15 лет и старше,процент,IV квартал,2017-Q4,4.2
Республика Мордовия,15 лет и старше,процент,значение показателя за год,2017,4.2
Республика Мордовия,15 лет и старше,процент,I квартал,2018-Q1,4.4
Республика Мордовия,15 лет и старше,процент,II квартал,2018-Q2,4.2
Республика Мордовия,15 лет и старше,процент,III квартал,2018-Q3,3.8
Республика Мордовия,15 лет и старше,процент,IV квартал,2018-Q4,4.4
Республика Мордовия,15 лет и старше,процент,значение показателя за год,2018,4.2
Республика Мордовия,15 лет и старше,процент,I квартал,2019-Q1,4.7
Республика Мордовия,15 лет и старше,процент,II квартал,2019-Q2,4.1
Республика Мордовия,15 лет и старше,процент,III квартал,2019-Q3,3.9
Республика Мордовия,15 лет и старше,процент,IV квартал,2019-Q4,4.3
Республика Мордовия,15 лет и старше,процент,значение показателя за год,2019,4.2
Республика Мордовия,15 лет и старше,процент,I квартал,2020-Q1,5.1
Республика Мордовия,15 лет и старше,процент,II квартал,2020-Q2,5.8
Республика Мордовия,15 лет и старше,процент,III квартал,2020-Q3,4.9
Республика Мордовия,15 лет и старше,процент,IV квартал,2020-Q4,5.7
Республика Мордовия,15 лет и старше,процент,значение показателя за год,2020,5.4
Республика Мордовия,15 лет и старше,процент,I квартал,2021-Q1,5.4
Республика Мордовия,15 лет и старше,процент,II квартал,2021-Q2,4.1
Республика Мордовия,15 лет и старше,процент,III квартал,2021-Q3,3.1
Республика Мордовия,15 лет и старше,процент,IV квартал,2021-Q4,4.2
Республика Мордовия,15 лет и старше,процент,значение показателя за год,2021,4.2
Республика Мордовия,15 лет и старше,процент,I квартал,2022-Q1,3.6
Республика Мордовия,15 лет и старше,процент,II квартал,2022-Q2,3.3
Республика Мордовия,15 лет и старше,процент,III квартал,2022-Q3,4.0
Республика Мордовия,15 лет и старше,процент,IV квартал,2022-Q4,3.3
Республика Мордовия,15 лет и старше,процент,значение показателя за год,2022,3.6
Республика Мордовия,15 лет и старше,процент,I квартал,2023-Q1,2.95
Республика Мордовия,15 лет и старше,процент,II квартал,2023-Q2,2.5
Республика Мордовия,15 лет и старше,процент,III квартал,2023-Q3,2.35
Республика Мордовия,15 лет и старше,процент,IV квартал,2023-Q4,2.3
Республика Мордовия,15 лет и старше,процент,значение показателя за год,2023,2.5
Республика Мордовия,15 лет и старше,процент,I квартал,2024-Q1,2.1
Республика Мордовия,15 лет и старше,процент,II квартал,2024-Q2,2.0
Республика Мордовия,15 лет и старше,процент,III квартал,2024-Q3,1.9
Республика Мордовия,15 лет и старше,процент,IV квартал,2024-Q4,1.9
Республика Мордовия,15 лет и старше,процент,значение показателя за год,2024,2.0
Республика Мордовия,15 лет и старше,процент,I квартал,2025-Q1,1.9
Республика Мордовия,15 лет и старше,процент,II квартал,2025-Q2,1.9
Республика Мордовия,15 лет и старше,процент,III квартал,2025-Q3,1.9
Республика Мордовия,15 лет и старше,процент,IV квартал,2025-Q4,1.9
Республика Мордовия,15 лет и старше,процент,значение показателя за год,2025,1.9
Республика Мордовия,15-72 лет,процент,I квартал,2013-Q1,4.5
Республика Мордовия,15-72 лет,процент,II квартал,2013-Q2,4.5
Республика Мордовия,15-72 лет,процент,III квартал,2013-Q3,4.3
Республика Мордовия,15-72 лет,процент,IV квартал,2013-Q4,4.3
Республика Мордовия,15-72 лет,процент,значение показателя за год,2013,4.4
Республика Мордовия,15-72 лет,процент,I квартал,2014-Q1,4.4
Республика Мордовия,15-72 лет,процент,II квартал,2014-Q2,4.2
Республика Мордовия,15-72 лет,процент,III квартал,2014-Q3,3.9
Республика Мордовия,15-72 лет,процент,IV квартал,2014-Q4,4.2
Республика Мордовия,15-72 лет,процент,значение показателя за год,2014,4.2
Республика Мордовия,15-72 лет,процент,I квартал,2015-Q1,4.5
Республика Мордовия,15-72 лет,процент,II квартал,2015-Q2,4.2
Республика Мордовия,15-72 лет,процент,III квартал,2015-Q3,3.8
Республика Мордовия,15-72 лет,процент,IV квартал,2015-Q4,4.4
Республика Мордовия,15-72 лет,процент,значение показателя за год,2015,4.2
Республика Мордовия,15-72 лет,процент,I квартал,2016-Q1,4.8
Республика Мордовия,15-72 лет,процент,II квартал,2016-Q2,4.2
Республика Мордовия,15-72 лет,процент,III квартал,2016-Q3,3.8
Республика Мордовия,15-72 лет,процент,IV квартал,2016-Q4,4.1
Республика Мордовия,15-72 лет,процент,значение показателя за год,2016,4.2
Республика Мордовия,15-72 лет,процент,I квартал,2017-Q1,4.8
Республика Мордовия,15-72 лет,процент,II квартал,2017-Q2,4.2
Республика Мордовия,15-72 лет,процент,III квартал,2017-Q3,3.8
Республика Мордовия,15-72 лет,процент,IV квартал,2017-Q4,4.2
Республика Мордовия,15-72 лет,процент,значение показателя за год,2017,4.2
Республика Мордовия,15-72 лет,процент,I квартал,2018-Q1,4.4
Республика Мордовия,15-72 лет,процент,II квартал,2018-Q2,4.2
Республика Мордовия,15-72 лет,процент,III квартал,2018-Q3,3.8
Республика Мордовия,15-72 лет,процент,IV квартал,2018-Q4,4.4
Республика Мордовия,15-72 лет,процент,значение показателя за год,2018,4.2
Республика Мордовия,15-72 лет,процент,I квартал,2019-Q1,4.7
Республика Мордовия,15-72 лет,процент,II квартал,2019-Q2,4.1
Республика Мордовия,15-72 лет,процент,III квартал,2019-Q3,3.9
Республика Мордовия,15-72 лет,процент,IV квартал,2019-Q4,4.3
Республика Мордовия,15-72 лет,процент,значение показателя за год,2019,4.2
Республика Мордовия,15-72 лет,процент,I квартал,2020-Q1,5.1
Республика Мордовия,15-72 лет,процент,II квартал,2020-Q2,5.8
Республика Мордовия,15-72 лет,процент,III квартал,2020-Q3,4.9
Республика Мордовия,15-72 лет,процент,IV квартал,2020-Q4,5.8
Республика Мордовия,15-72 лет,процент,значение показателя за год,2020,5.4
Республика Мордовия,15-72 лет,процент,I квартал,2021-Q1,5.4
Республика Мордовия,15-72 лет,процент,II квартал,2021-Q2,4.1
Республика Мордовия,15-72 лет,процент,III квартал,2021-Q3,3.1
Республика Мордовия,15-72 лет,процент,IV квартал,2021-Q4,4.1
Республика Мордовия,15-72 лет,процент,значение показателя за год,2021,4.2
Республика Татарстан (Татарстан),15 лет и старше,процент,I квартал,2017-Q1,3.9
Республика Татарстан (Татарстан),15 лет и старше,процент,II квартал,2017-Q2,3.7
Республика Татарстан (Татарстан),15 лет и старше,процент,III квартал,2017-Q3,3.0
Республика Татарстан (Татарстан),15 лет и старше,процент,IV квартал,2017-Q4,3.3
Республика Татарстан (Татарстан),15 лет и старше,процент,значение показателя за год,2017,3.5
Республика Татарстан (Татарстан),15 лет и старше,процент,I квартал,2018-Q1,3.4
Республика Татарстан (Татарстан),15 лет и старше,процент,II квартал,2018-Q2,3.3
Республика Татарстан (Татарстан),15 лет и старше,процент,III квартал,2018-Q3,3.2
Республика Татарстан (Татарстан),15 лет и старше,процент,IV квартал,2018-Q4,3.4
Республика Татарстан (Татарстан),15 лет и старше,процент,значение показателя за год,2018,3.3
Республика Татарстан (Татарстан),15 лет и старше,процент,I квартал,2019-Q1,3.4
Республика Татарстан (Татарстан),15 лет и старше,процент,II квартал,2019-Q2,3.3
Республика Татарстан (Татарстан),15 лет и старше,процент,III квартал,2019-Q3,3.2
Республика Татарстан (Татарстан),15 лет и старше,процент,IV квартал,2019-Q4,3.3
Республика Татарстан (Татарстан),15 лет и старше,процент,значение показателя за год,2019,3.3
Республика Татарстан (Татарстан),15 лет и старше,процент,I квартал,2020-Q1,3.2
Республика Татарстан (Татарстан),15 лет и старше,процент,II квартал,2020-Q2,3.9
Республика Татарстан (Татарстан),15 лет и старше,процент,III квартал,2020-Q3,4.0
Республика Татарстан (Татарстан),15 лет и старше,процент,IV квартал,2020-Q4,3.5
Республика Татарстан (Татарстан),15 лет и старше,процент,значение показателя за год,2020,3.6
Республика Татарстан (Татарстан),15 лет и старше,процент,I квартал,2021-Q1,2.9
Республика Татарстан (Татарстан),15 лет и старше,процент,II квартал,2021-Q2,2.7
Республика Татарстан (Татарстан),15 лет и старше,процент,III квартал,2021-Q3,2.6
Республика Татарстан (Татарстан),15 лет и старше,процент,IV квартал,2021-Q4,2.4
Республика Татарстан (Татарстан),15 лет и старше,процент,значение показателя за год,2021,2.7
Республика Татарстан (Татарстан),15 лет и старше,процент,I квартал,2022-Q1,2.3
Республика Татарстан (Татарстан),15 лет и старше,процент,II квартал,2022-Q2,2.4
Республика Татарстан (Татарстан),15 лет и старше,процент,III квартал,2022-Q3,2.2
Республика Татарстан (Татарстан),15 лет и старше,процент,IV квартал,2022-Q4,2.2
Республика Татарстан (Татарстан),15 лет и старше,процент,значение показателя за год,2022,2.3
Республика Татарстан (Татарстан),15 лет и старше,процент,I квартал,2023-Q1,2.21
Республика Татарстан (Татарстан),15 лет и старше,процент,II квартал,2023-Q2,2.1
Республика Татарстан (Татарстан),15 лет и старше,процент,III квартал,2023-Q3,2.03
Республика Татарстан (Татарстан),15 лет и старше,процент,IV квартал,2023-Q4,2.0
Республика Татарстан (Татарстан),15 лет и старше,процент,значение показателя за год,2023,2.1
Республика Татарстан (Татарстан),15 лет и старше,процент,I квартал,2024-Q1,1.9
Республика Татарстан (Татарстан),15 лет и старше,процент,II квартал,2024-Q2,1.9
Республика Татарстан (Татарстан),15 лет и старше,процент,III квартал,2024-Q3,1.8
Республика Татарстан (Татарстан),15 лет и старше,процент,IV квартал,2024-Q4,1.8
Республика Татарстан (Татарстан),15 лет и старше,процент,значение показателя за год,2024,1.8
Республика Татарстан (Татарстан),15 лет и старше,процент,I квартал,2025-Q1,1.7
Республика Татарстан (Татарстан),15 лет и старше,процент,II квартал,2025-Q2,1.7
Республика Татарстан (Татарстан),15 лет и старше,процент,III квартал,2025-Q3,1.7
Республика Татарстан (Татарстан),15 лет и старше,процент,IV квартал,2025-Q4,1.7
Республика Татарстан (Татарстан),15 лет и старше,процент,значение показателя за год,2025,1.7
Республика Татарстан (Татарстан),15-72 лет,процент,I квартал,2013-Q1,4.7
Республика Татарстан (Татарстан),15-72 лет,процент,II квартал,2013-Q2,3.7
Республика Татарстан (Татарстан),15-72 лет,процент,III квартал,2013-Q3,3.3
Республика Татарстан (Татарстан),15-72 лет,процент,IV квартал,2013-Q4,4.2
Республика Татарстан (Татарстан),15-72 лет,процент,значение показателя за год,2013,4.0
Республика Татарстан (Татарстан),15-72 лет,процент,I квартал,2014-Q1,4.6
Республика Татарстан (Татарстан),15-72 лет,процент,II квартал,2014-Q2,3.7
Республика Татарстан (Татарстан),15-72 лет,процент,III квартал,2014-Q3,3.3
Республика Татарстан (Татарстан),15-72 лет,процент,IV квартал,2014-Q4,4.1
Республика Татарстан (Татарстан),15-72 лет,процент,значение показателя за год,2014,3.9
Республика Татарстан (Татарстан),15-72 лет,процент,I квартал,2015-Q1,4.8
Республика Татарстан (Татарстан),15-72 лет,процент,II квартал,2015-Q2,3.9
Республика Татарстан (Татарстан),15-72 лет,процент,III квартал,2015-Q3,3.7
Республика Татарстан (Татарстан),15-72 лет,процент,IV квартал,2015-Q4,3.4
Республика Татарстан (Татарстан),15-72 лет,процент,значение показателя за год,2015,4.0
Республика Татарстан (Татарстан),15-72 лет,процент,I квартал,2016-Q1,3.7
Республика Татарстан (Татарстан),15-72 лет,процент,II квартал,2016-Q2,3.9
Республика Татарстан (Татарстан),15-72 лет,процент,III квартал,2016-Q3,3.8
Республика Татарстан (Татарстан),15-72 лет,процент,IV квартал,2016-Q4,3.6
Республика Татарстан (Татарстан),15-72 лет,процент,значение показателя за год,2016,3.8
Республика Татарстан (Татарстан),15-72 лет,процент,I квартал,2017-Q1,3.9
Республика Татарстан (Татарстан),15-72 лет,процент,II квартал,2017-Q2,3.7
Республика Татарстан (Татарстан),15-72 лет,процент,III квартал,2017-Q3,3.0
Республика Татарстан (Татарстан),15-72 лет,процент,IV квартал,2017-Q4,3.3
Республика Татарстан (Татарстан),15-72 лет,процент,значение показателя за год,2017,3.5
Республика Татарстан (Татарстан),15-72 лет,процент,I квартал,2018-Q1,3.4
Республика Татарстан (Татарстан),15-72 лет,процент,II квартал,2018-Q2,3.3
Республика Татарстан (Татарстан),15-72 лет,процент,III квартал,2018-Q3,3.2
Республика Татарстан (Татарстан),15-72 лет,процент,IV квартал,2018-Q4,3.5
Республика Татарстан (Татарстан),15-72 лет,процент,значение показателя за год,2018,3.3
Республика Татарстан (Татарстан),15-72 лет,процент,I квартал,2019-Q1,3.4
Республика Татарстан (Татарстан),15-72 лет,процент,II квартал,2019-Q2,3.3
Республика Татарстан (Татарстан),15-72 лет,процент,III квартал,2019-Q3,3.2
Республика Татарстан (Татарстан),15-72 лет,процент,IV квартал,2019-Q4,3.3
Республика Татарстан (Татарстан),15-72 лет,процент,значение показателя за год,2019,3.3
Республика Татарстан (Татарстан),15-72 лет,процент,I квартал,2020-Q1,3.2
Республика Татарстан (Татарстан),15-72 лет,процент,II квартал,2020-Q2,3.9
Республика Татарстан (Татарстан),15-72 лет,процент,III квартал,2020-Q3,4.0
Республика Татарстан (Татарстан),15-72 лет,процент,IV квартал,2020-Q4,3.5
Республика Татарстан (Татарстан),15-72 лет,процент,значение показателя за год,2020,3.7
Республика Татарстан (Татарстан),15-72 лет,процент,I квартал,2021-Q1,2.9
Республика Татарстан (Татарстан),15-72 лет,процент,II квартал,2021-Q2,2.8
Республика Татарстан (Татарстан),15-72 лет,процент,III квартал,2021-Q3,2.6
Республика Татарстан (Татарстан),15-72 лет,процент,IV квартал,2021-Q4,2.4
Республика Татарстан (Татарстан),15-72 лет,процент,значение показателя за год,2021,2.7
Удмуртская Республика,15 лет и старше,процент,I квартал,2017-Q1,4.8
Удмуртская Республика,15 лет и старше,процент,II квартал,2017-Q2,5.3
Удмуртская Республика,15 лет и старше,процент,III квартал,2017-Q3,4.7
Удмуртская Республика,15 лет и старше,процент,IV квартал,2017-Q4,4.7
Удмуртская Республика,15 лет и старше,процент,значение показателя за год,2017,4.9
Удмуртская Республика,15 лет и старше,процент,I квартал,2018-Q1,5.1
Удмуртская Республика,15 лет и старше,процент,II квартал,2018-Q2,4.8
Удмуртская Республика,15 лет и старше,процент,III квартал,2018-Q3,4.7
Удмуртская Республика,15 лет и старше,процент,IV квартал,2018-Q4,4.7
Удмуртская Республика,15 лет и старше,процент,значение показателя за год,2018,4.8
Удмуртская Республика,15 лет и старше,процент,I квартал,2019-Q1,5.2
Удмуртская Республика,15 лет и старше,процент,II квартал,2019-Q2,4.6
Удмуртская Республика,15 лет и старше,процент,III квартал,2019-Q3,3.7
Удмуртская Республика,15 лет и старше,процент,IV квартал,2019-Q4,3.7
Удмуртская Республика,15 лет и старше,процент,значение показателя за год,2019,4.3
Удмуртская Республика,15 лет и старше,процент,I квартал,2020-Q1,5.1
Удмуртская Республика,15 лет и старше,процент,II квартал,2020-Q2,7.4
Удмуртская Республика,15 лет и старше,процент,III квартал,2020-Q3,6.6
Удмуртская Республика,15 лет и старше,процент,IV квартал,2020-Q4,6.1
Удмуртская Республика,15 лет и старше,процент,значение показателя за год,2020,6.3
Удмуртская Республика,15 лет и старше,процент,I квартал,2021-Q1,5.5
Удмуртская Республика,15 лет и старше,процент,II квартал,2021-Q2,4.7
Удмуртская Республика,15 лет и старше,процент,III квартал,2021-Q3,4.2
Удмуртская Республика,15 лет и старше,процент,IV квартал,2021-Q4,3.7
Удмуртская Республика,15 лет и старше,процент,значение показателя за год,2021,4.5
Удмуртская Республика,15 лет и старше,процент,I квартал,2022-Q1,3.1
Удмуртская Республика,15 лет и старше,процент,II квартал,2022-Q2,3.0
Удмуртская Республика,15 лет и старше,процент,III квартал,2022-Q3,2.4
Удмуртская Республика,15 лет и старше,процент,IV квартал,2022-Q4,3.2
Удмуртская Республика,15 лет и старше,процент,значение показателя за год,2022,2.9
Удмуртская Республика,15 лет и старше,процент,I квартал,2023-Q1,2.9
Удмуртская Республика,15 лет и старше,процент,II квартал,2023-Q2,2.9
Удмуртская Республика,15 лет и старше,процент,III квартал,2023-Q3,2.09
Удмуртская Республика,15 лет и старше,процент,IV квартал,2023-Q4,2.2
Удмуртская Республика,15 лет и старше,процент,значение показателя за год,2023,2.5
Удмуртская Республика,15 лет и старше,процент,I квартал,2024-Q1,2.0
Удмуртская Республика,15 лет и старше,процент,II квартал,2024-Q2,1.7
Удмуртская Республика,15 лет и старше,процент,III квартал,2024-Q3,1.5
Удмуртская Республика,15 лет и старше,процент,IV квартал,2024-Q4,1.4
Удмуртская Республика,15 лет и старше,процент,значение показателя за год,2024,1.7
Удмуртская Республика,15 лет и старше,процент,I квартал,2025-Q1,1.4
Удмуртская Республика,15 лет и старше,процент,II квартал,2025-Q2,1.4
Удмуртская Республика,15 лет и старше,процент,III квартал,2025-Q3,1.3
Удмуртская Республика,15 лет и старше,процент,IV квартал,2025-Q4,1.4
Удмуртская Республика,15 лет и старше,процент,значение показателя за год,2025,1.4
Удмуртская Республика,15-72 лет,процент,I квартал,2013-Q1,5.3
Удмуртская Республика,15-72 лет,процент,II квартал,2013-Q2,5.9
Удмуртская Республика,15-72 лет,процент,III квартал,2013-Q3,5.2
Удмуртская Республика,15-72 лет,процент,IV квартал,2013-Q4,6.2
Удмуртская Республика,15-72 лет,процент,значение показателя за год,2013,5.7
Удмуртская Республика,15-72 лет,процент,I квартал,2014-Q1,6.2
Удмуртская Республика,15-72 лет,процент,II квартал,2014-Q2,5.3
Удмуртская Республика,15-72 лет,процент,III квартал,2014-Q3,5.1
Удмуртская Республика,15-72 лет,процент,IV квартал,2014-Q4,3.8
Удмуртская Республика,15-72 лет,процент,значение показателя за год,2014,5.1
Удмуртская Республика,15-72 лет,процент,I квартал,2015-Q1,4.9
Удмуртская Республика,15-72 лет,процент,II квартал,2015-Q2,4.4
Удмуртская Республика,15-72 лет,процент,III квартал,2015-Q3,4.7
Удмуртская Республика,15-72 лет,процент,IV квартал,2015-Q4,6.0
Удмуртская Республика,15-72 лет,процент,значение показателя за год,2015,5.0
Удмуртская Республика,15-72 лет,процент,I квартал,2016-Q1,5.7
Удмуртская Республика,15-72 лет,процент,II квартал,2016-Q2,5.0
Удмуртская Республика,15-72 лет,процент,III квартал,2016-Q3,5.0
Удмуртская Республика,15-72 лет,процент,IV квартал,2016-Q4,5.4
Удмуртская Республика,15-72 лет,процент,значение показателя за год,2016,5.3
Удмуртская Республика,15-72 лет,процент,I квартал,2017-Q1,4.8
Удмуртская Республика,15-72 лет,процент,II квартал,2017-Q2,5.3
Удмуртская Республика,15-72 лет,процент,III квартал,2017-Q3,4.7
Удмуртская Республика,15-72 лет,процент,IV квартал,2017-Q4,4.7
Удмуртская Республика,15-72 лет,процент,значение показателя за год,2017,4.9
Удмуртская Республика,15-72 лет,процент,I квартал,2018-Q1,5.1
Удмуртская Республика,15-72 лет,процент,II квартал,2018-Q2,4.8
Удмуртская Республика,15-72 лет,процент,III квартал,2018-Q3,4.7
Удмуртская Республика,15-72 лет,процент,IV квартал,2018-Q4,4.7
Удмуртская Республика,15-72 лет,процент,значение показателя за год,2018,4.8
Удмуртская Республика,15-72 лет,процент,I квартал,2019-Q1,5.2
Удмуртская Республика,15-72 лет,процент,II квартал,2019-Q2,4.6
Удмуртская Республика,15-72 лет,процент,III квартал,2019-Q3,3.7
Удмуртская Республика,15-72 лет,процент,IV квартал,2019-Q4,3.7
Удмуртская Республика,15-72 лет,процент,значение показателя за год,2019,4.3
Удмуртская Республика,15-72 лет,процент,I квартал,2020-Q1,5.1
Удмуртская Республика,15-72 лет,процент,II квартал,2020-Q2,7.4
Удмуртская Республика,15-72 лет,процент,III квартал,2020-Q3,6.6
Удмуртская Республика,15-72 лет,процент,IV квартал,2020-Q4,6.1
Удмуртская Республика,15-72 лет,процент,значение показателя за год,2020,6.3
Удмуртская Республика,15-72 лет,процент,I квартал,2021-Q1,5.5
Удмуртская Республика,15-72 лет,процент,II квартал,2021-Q2,4.7
Удмуртская Республика,15-72 лет,процент,III квартал,2021-Q3,4.2
Удмуртская Республика,15-72 лет,процент,IV квартал,2021-Q4,3.7
Удмуртская Республика,15-72 лет,процент,значение показателя за год,2021,4.5
Чувашская Республика - Чувашия,15 лет и старше,процент,I квартал,2017-Q1,5.4
Чувашская Республика - Чувашия,15 лет и старше,процент,II квартал,2017-Q2,5.1
Чувашская Республика - Чувашия,15 лет и старше,процент,III квартал,2017-Q3,4.6
Чувашская Республика - Чувашия,15 лет и старше,процент,IV квартал,2017-Q4,5.1
Чувашская Республика - Чувашия,15 лет и старше,процент,значение показателя за год,2017,5.1
Чувашская Республика - Чувашия,15 лет и старше,процент,I квартал,2018-Q1,5.5
Чувашская Республика - Чувашия,15 лет и старше,процент,II квартал,2018-Q2,4.9
Чувашская Республика - Чувашия,15 лет и старше,процент,III квартал,2018-Q3,4.8
Чувашская Республика - Чувашия,15 лет и старше,процент,IV квартал,2018-Q4,4.9
Чувашская Республика - Чувашия,15 лет и старше,процент,значение показателя за год,2018,5.0
Чувашская Республика - Чувашия,15 лет и старше,процент,I квартал,2019-Q1,5.1
Чувашская Республика - Чувашия,15 лет и старше,процент,II квартал,2019-Q2,4.9
Чувашская Республика - Чувашия,15 лет и старше,процент,III квартал,2019-Q3,4.2
Чувашская Республика - Чувашия,15 лет и старше,процент,IV квартал,2019-Q4,4.3
Чувашская Республика - Чувашия,15 лет и старше,процент,значение показателя за год,2019,4.6
Чувашская Республика - Чувашия,15 лет и старше,процент,I квартал,2020-Q1,4.7
Чувашская Республика - Чувашия,15 лет и старше,процент,II квартал,2020-Q2,7.4
Чувашская Республика - Чувашия,15 лет и старше,процент,III квартал,2020-Q3,6.1
Чувашская Республика - Чувашия,15 лет и старше,процент,IV квартал,2020-Q4,5.9
Чувашская Республика - Чувашия,15 лет и старше,процент,значение показателя за год,2020,6.0
Чувашская Республика - Чувашия,15 лет и старше,процент,I квартал,2021-Q1,5.4
Чувашская Республика - Чувашия,15 лет и старше,процент,II квартал,2021-Q2,4.8
Чувашская Республика - Чувашия,15 лет и старше,процент,III квартал,2021-Q3,4.3
Чувашская Республика - Чувашия,15 лет и старше,процент,IV квартал,2021-Q4,4.3
Чувашская Республика - Чувашия,15 лет и старше,процент,значение показателя за год,2021,4.7
Чувашская Республика - Чувашия,15 лет и старше,процент,I квартал,2022-Q1,3.6
Чувашская Республика - Чувашия,15 лет и старше,процент,II квартал,2022-Q2,3.8
Чувашская Республика - Чувашия,15 лет и старше,процент,III квартал,2022-Q3,2.8
Чувашская Республика - Чувашия,15 лет и старше,процент,IV квартал,2022-Q4,2.7
Чувашская Республика - Чувашия,15 лет и старше,процент,значение показателя за год,2022,3.2
Чувашская Республика - Чувашия,15 лет и старше,процент,I квартал,2023-Q1,2.51
Чувашская Республика - Чувашия,15 лет и старше,процент,II квартал,2023-Q2,2.5
Чувашская Республика - Чувашия,15 лет и старше,процент,III квартал,2023-Q3,2.28
Чувашская Республика - Чувашия,15 лет и старше,процент,IV квартал,2023-Q4,2.3
Чувашская Республика - Чувашия,15 лет и старше,процент,значение показателя за год,2023,2.4
Чувашская Республика - Чувашия,15 лет и старше,процент,I квартал,2024-Q1,2.4
Чувашская Республика - Чувашия,15 лет и старше,процент,II квартал,2024-Q2,2.2
Чувашская Республика - Чувашия,15 лет и старше,процент,III квартал,2024-Q3,2.0
Чувашская Республика - Чувашия,15 лет и старше,процент,IV квартал,2024-Q4,1.9
Чувашская Республика - Чувашия,15 лет и старше,процент,значение показателя за год,2024,2.1
Чувашская Республика - Чувашия,15 лет и старше,процент,I квартал,2025-Q1,1.8
Чувашская Республика - Чувашия,15 лет и старше,процент,II квартал,2025-Q2,1.7
Чувашская Республика - Чувашия,15 лет и старше,процент,III квартал,2025-Q3,1.7
Чувашская Республика - Чувашия,15 лет и старше,процент,IV квартал,2025-Q4,1.7
Чувашская Республика - Чувашия,15 лет и старше,процент,значение показателя за год,2025,1.7
Чувашская Республика - Чувашия,15-72 лет,процент,I квартал,2013-Q1,6.9
Чувашская Республика - Чувашия,15-72 лет,процент,II квартал,2013-Q2,5.8
Чувашская Республика - Чувашия,15-72 лет,процент,III квартал,2013-Q3,5.3
Чувашская Республика - Чувашия,15-72 лет,процент,IV квартал,2013-Q4,4.9
Чувашская Республика - Чувашия,15-72 лет,процент,значение показателя за год,2013,5.7
Чувашская Республика - Чувашия,15-72 лет,процент,I квартал,2014-Q1,5.6
Чувашская Республика - Чувашия,15-72 лет,процент,II квартал,2014-Q2,4.6
Чувашская Республика - Чувашия,15-72 лет,процент,III квартал,2014-Q3,4.2
Чувашская Республика - Чувашия,15-72 лет,процент,IV квартал,2014-Q4,5.4
Чувашская Республика - Чувашия,15-72 лет,процент,значение показателя за год,2014,5.0
Чувашская Республика - Чувашия,15-72 лет,процент,I квартал,2015-Q1,5.7
Чувашская Республика - Чувашия,15-72 лет,процент,II квартал,2015-Q2,4.8
Чувашская Республика - Чувашия,15-72 лет,процент,III квартал,2015-Q3,4.1
Чувашская Республика - Чувашия,15-72 лет,процент,IV квартал,2015-Q4,5.1
Чувашская Республика - Чувашия,15-72 лет,процент,значение показателя за год,2015,4.9
Чувашская Республика - Чувашия,15-72 лет,процент,I квартал,2016-Q1,6.1
Чувашская Республика - Чувашия,15-72 лет,процент,II квартал,2016-Q2,5.3
Чувашская Республика - Чувашия,15-72 лет,процент,III квартал,2016-Q3,5.0
Чувашская Республика - Чувашия,15-72 лет,процент,IV квартал,2016-Q4,4.5
Чувашская Республика - Чувашия,15-72 лет,процент,значение показателя за год,2016,5.2
Чувашская Республика - Чувашия,15-72 лет,процент,I квартал,2017-Q1,5.4
Чувашская Республика - Чувашия,15-72 лет,процент,II квартал,2017-Q2,5.1
Чувашская Республика - Чувашия,15-72 лет,процент,III квартал,2017-Q3,4.6
Чувашская Республика - Чувашия,15-72 лет,процент,IV квартал,2017-Q4,5.1
Чувашская Республика - Чувашия,15-72 лет,процент,значение показателя за год,2017,5.1
Чувашская Республика - Чувашия,15-72 лет,процент,I квартал,2018-Q1,5.5
Чувашская Республика - Чувашия,15-72 лет,процент,II квартал,2018-Q2,4.9
Чувашская Республика - Чувашия,15-72 лет,процент,III квартал,2018-Q3,4.8
Чувашская Республика - Чувашия,15-72 лет,процент,IV квартал,2018-Q4,4.9
Чувашская Республика - Чувашия,15-72 лет,процент,значение показателя за год,2018,5.0
Чувашская Республика - Чувашия,15-72 лет,процент,I квартал,2019-Q1,5.1
Чувашская Республика - Чувашия,15-72 лет,процент,II квартал,2019-Q2,4.9
Чувашская Республика - Чувашия,15-72 лет,процент,III квартал,2019-Q3,4.2
Чувашская Республика - Чувашия,15-72 лет,процент,IV квартал,2019-Q4,4.4
Чувашская Республика - Чувашия,15-72 лет,процент,значение показателя за год,2019,4.7
Чувашская Республика - Чувашия,15-72 лет,процент,I квартал,2020-Q1,4.7
Чувашская Республика - Чувашия,15-72 лет,процент,II квартал,2020-Q2,7.4
Чувашская Республика - Чувашия,15-72 лет,процент,III квартал,2020-Q3,6.1
Чувашская Республика - Чувашия,15-72 лет,процент,IV квартал,2020-Q4,6.0
Чувашская Республика - Чувашия,15-72 лет,процент,значение показателя за год,2020,6.0
Чувашская Республика - Чувашия,15-72 лет,процент,I квартал,2021-Q1,5.4
Чувашская Республика - Чувашия,15-72 лет,процент,II квартал,2021-Q2,4.8
Чувашская Республика - Чувашия,15-72 лет,процент,III квартал,2021-Q3,4.3
Чувашская Республика - Чувашия,15-72 лет,процент,IV квартал,2021-Q4,4.3
Чувашская Республика - Чувашия,15-72 лет,процент,значение показателя за год,2021,4.7
Пермский край,15 лет и старше,процент,I квартал,2017-Q1,6.6
Пермский край,15 лет и старше,процент,II квартал,2017-Q2,6.5
Пермский край,15 лет и старше,процент,III квартал,2017-Q3,5.8
Пермский край,15 лет и старше,процент,IV квартал,2017-Q4,5.2
Пермский край,15 лет и старше,процент,значение показателя за год,2017,6.0
Пермский край,15 лет и старше,процент,I квартал,2018-Q1,6.0
Пермский край,15 лет и старше,процент,II квартал,2018-Q2,5.1
Пермский край,15 лет и старше,процент,III квартал,2018-Q3,5.0
Пермский край,15 лет и старше,процент,IV квартал,2018-Q4,5.4
Пермский край,15 лет и старше,процент,значение показателя за год,2018,5.4
Пермский край,15 лет и старше,процент,I квартал,2019-Q1,5.3
Пермский край,15 лет и старше,процент,II квартал,2019-Q2,5.0
Пермский край,15 лет и старше,процент,III квартал,2019-Q3,4.9
Пермский край,15 лет и старше,процент,IV квартал,2019-Q4,5.3
Пермский край,15 лет и старше,процент,значение показателя за год,2019,5.1
Пермский край,15 лет и старше,процент,I квартал,2020-Q1,5.3
Пермский край,15 лет и старше,процент,II квартал,2020-Q2,6.7
Пермский край,15 лет и старше,процент,III квартал,2020-Q3,5.9
Пермский край,15 лет и старше,процент,IV квартал,2020-Q4,5.0
Пермский край,15 лет и старше,процент,значение показателя за год,2020,5.7
Пермский край,15 лет и старше,процент,I квартал,2021-Q1,5.4
Пермский край,15 лет и старше,процент,II квартал,2021-Q2,4.6
Пермский край,15 лет и старше,процент,III квартал,2021-Q3,4.2
Пермский край,15 лет и старше,процент,IV квартал,2021-Q4,4.1
Пермский край,15 лет и старше,процент,значение показателя за год,2021,4.6
Пермский край,15 лет и старше,процент,I квартал,2022-Q1,3.8
Пермский край,15 лет и старше,процент,II квартал,2022-Q2,3.5
Пермский край,15 лет и старше,процент,III квартал,2022-Q3,3.2
Пермский край,15 лет и старше,процент,IV квартал,2022-Q4,3.2
Пермский край,15 лет и старше,процент,значение показателя за год,2022,3.4
Пермский край,15 лет и старше,процент,I квартал,2023-Q1,3.29
Пермский край,15 лет и старше,процент,II квартал,2023-Q2,2.9
Пермский край,15 лет и старше,процент,III квартал,2023-Q3,2.57
Пермский край,15 лет и старше,процент,IV квартал,2023-Q4,2.3
Пермский край,15 лет и старше,процент,значение показателя за год,2023,2.8
Пермский край,15 лет и старше,процент,I квартал,2024-Q1,2.4
Пермский край,15 лет и старше,процент,II квартал,2024-Q2,2.3
Пермский край,15 лет и старше,процент,III квартал,2024-Q3,2.1
Пермский край,15 лет и старше,процент,IV квартал,2024-Q4,1.9
Пермский край,15 лет и старше,процент,значение показателя за год,2024,2.2
Пермский край,15 лет и старше,процент,I квартал,2025-Q1,1.7
Пермский край,15 лет и старше,процент,II квартал,2025-Q2,1.7
Пермский край,15 лет и старше,процент,III квартал,2025-Q3,1.8
Пермский край,15 лет и старше,процент,IV квартал,2025-Q4,1.7
Пермский край,15 лет и старше,процент,значение показателя за год,2025,1.7
Пермский край,15-72 лет,процент,I квартал,2013-Q1,7.1
Пермский край,15-72 лет,процент,II квартал,2013-Q2,6.0
Пермский край,15-72 лет,процент,III квартал,2013-Q3,6.2
Пермский край,15-72 лет,процент,IV квартал,2013-Q4,6.6
Пермский край,15-72 лет,процент,значение показателя за год,2013,6.5
Пермский край,15-72 лет,процент,I квартал,2014-Q1,6.0
Пермский край,15-72 лет,процент,II квартал,2014-Q2,4.6
Пермский край,15-72 лет,процент,III квартал,2014-Q3,6.0
Пермский край,15-72 лет,процент,IV квартал,2014-Q4,6.5
Пермский край,15-72 лет,процент,значение показателя за год,2014,5.8
Пермский край,15-72 лет,процент,I квартал,2015-Q1,6.0
Пермский край,15-72 лет,процент,II квартал,2015-Q2,7.0
Пермский край,15-72 лет,процент,III квартал,2015-Q3,6.2
Пермский край,15-72 лет,процент,IV квартал,2015-Q4,5.9
Пермский край,15-72 лет,процент,значение показателя за год,2015,6.2
Пермский край,15-72 лет,процент,I квартал,2016-Q1,6.7
Пермский край,15-72 лет,процент,II квартал,2016-Q2,6.5
Пермский край,15-72 лет,процент,III квартал,2016-Q3,5.3
Пермский край,15-72 лет,процент,IV квартал,2016-Q4,4.8
Пермский край,15-72 лет,процент,значение показателя за год,2016,5.8
Пермский край,15-72 лет,процент,I квартал,2017-Q1,6.6
Пермский край,15-72 лет,процент,II квартал,2017-Q2,6.5
Пермский край,15-72 лет,процент,III квартал,2017-Q3,5.8
Пермский край,15-72 лет,процент,IV квартал,2017-Q4,5.2
Пермский край,15-72 лет,процент,значение показателя за год,2017,6.1
Пермский край,15-72 лет,процент,I квартал,2018-Q1,6.0
Пермский край,15-72 лет,процент,II квартал,2018-Q2,5.1
Пермский край,15-72 лет,процент,III квартал,2018-Q3,4.9
Пермский край,15-72 лет,процент,IV квартал,2018-Q4,5.4
Пермский край,15-72 лет,процент,значение показателя за год,2018,5.4
Пермский край,15-72 лет,процент,I квартал,2019-Q1,5.3
Пермский край,15-72 лет,процент,II квартал,2019-Q2,5.0
Пермский край,15-72 лет,процент,III квартал,2019-Q3,4.9
Пермский край,15-72 лет,процент,IV квартал,2019-Q4,5.3
Пермский край,15-72 лет,процент,значение показателя за год,2019,5.1
Пермский край,15-72 лет,процент,I квартал,2020-Q1,5.3
Пермский край,15-72 лет,процент,II квартал,2020-Q2,6.7
Пермский край,15-72 лет,процент,III квартал,2020-Q3,5.9
Пермский край,15-72 лет,процент,IV квартал,2020-Q4,5.0
Пермский край,15-72 лет,процент,значение показателя за год,2020,5.7
Пермский край,15-72 лет,процент,I квартал,2021-Q1,5.3
Пермский край,15-72 лет,процент,II квартал,2021-Q2,4.7
Пермский край,15-72 лет,процент,III квартал,2021-Q3,4.2
Пермский край,15-72 лет,процент,IV квартал,2021-Q4,4.1
Пермский край,15-72 лет,процент,значение показателя за год,2021,4.6
Кировская область,15 лет и старше,процент,I квартал,2017-Q1,5.4
Кировская область,15 лет и старше,процент,II квартал,2017-Q2,5.3
Кировская область,15 лет и старше,процент,III квартал,2017-Q3,5.1
Кировская область,15 лет и старше,процент,IV квартал,2017-Q4,5.2
Кировская область,15 лет и старше,процент,значение показателя за год,2017,5.2
Кировская область,15 лет и старше,процент,I квартал,2018-Q1,5.2
Кировская область,15 лет и старше,процент,II квартал,2018-Q2,5.2
Кировская область,15 лет и старше,процент,III квартал,2018-Q3,4.9
Кировская область,15 лет и старше,процент,IV квартал,2018-Q4,4.9
Кировская область,15 лет и старше,процент,значение показателя за год,2018,5.0
Кировская область,15 лет и старше,процент,I квартал,2019-Q1,5.0
Кировская область,15 лет и старше,процент,II квартал,2019-Q2,4.9
Кировская область,15 лет и старше,процент,III квартал,2019-Q3,4.5
Кировская область,15 лет и старше,процент,IV квартал,2019-Q4,4.4
Кировская область,15 лет и старше,процент,значение показателя за год,2019,4.7
Кировская область,15 лет и старше,процент,I квартал,2020-Q1,4.5
Кировская область,15 лет и старше,процент,II квартал,2020-Q2,6.0
Кировская область,15 лет и старше,процент,III квартал,2020-Q3,5.4
Кировская область,15 лет и старше,процент,IV квартал,2020-Q4,5.4
Кировская область,15 лет и старше,процент,значение показателя за год,2020,5.3
Кировская область,15 лет и старше,процент,I квартал,2021-Q1,5.6
Кировская область,15 лет и старше,процент,II квартал,2021-Q2,5.1
Кировская область,15 лет и старше,процент,III квартал,2021-Q3,4.5
Кировская область,15 лет и старше,процент,IV квартал,2021-Q4,4.1
Кировская область,15 лет и старше,процент,значение показателя за год,2021,4.8
Кировская область,15 лет и старше,процент,I квартал,2022-Q1,4.0
Кировская область,15 лет и старше,процент,II квартал,2022-Q2,3.6
Кировская область,15 лет и старше,процент,III квартал,2022-Q3,3.8
Кировская область,15 лет и старше,процент,IV квартал,2022-Q4,3.8
Кировская область,15 лет и старше,процент,значение показателя за год,2022,3.8
Кировская область,15 лет и старше,процент,I квартал,2023-Q1,3.84
Кировская область,15 лет и старше,процент,II квартал,2023-Q2,3.4
Кировская область,15 лет и старше,процент,III квартал,2023-Q3,2.98
Кировская область,15 лет и старше,процент,IV квартал,2023-Q4,2.5
Кировская область,15 лет и старше,процент,значение показателя за год,2023,3.2
Кировская область,15 лет и старше,процент,I квартал,2024-Q1,2.2
Кировская область,15 лет и старше,процент,II квартал,2024-Q2,2.1
Кировская область,15 лет и старше,процент,III квартал,2024-Q3,2.0
Кировская область,15 лет и старше,процент,IV квартал,2024-Q4,1.8
Кировская область,15 лет и старше,процент,значение показателя за год,2024,2.0
Кировская область,15 лет и старше,процент,I квартал,2025-Q1,1.7
Кировская область,15 лет и старше,процент,II квартал,2025-Q2,1.7
Кировская область,15 лет и старше,процент,III квартал,2025-Q3,1.6
Кировская область,15 лет и старше,процент,IV квартал,2025-Q4,1.5
Кировская область,15 лет и старше,процент,значение показателя за год,2025,1.6
Кировская область,15-72 лет,процент,I квартал,2013-Q1,6.2
Кировская область,15-72 лет,процент,II квартал,2013-Q2,5.8
Кировская область,15-72 лет,процент,III квартал,2013-Q3,5.3
Кировская область,15-72 лет,процент,IV квартал,2013-Q4,5.2
Кировская область,15-72 лет,процент,значение показателя за год,2013,5.6
Кировская область,15-72 лет,процент,I квартал,2014-Q1,5.2
Кировская область,15-72 лет,процент,II квартал,2014-Q2,5.1
Кировская область,15-72 лет,процент,III квартал,2014-Q3,5.0
Кировская область,15-72 лет,процент,IV квартал,2014-Q4,4.9
Кировская область,15-72 лет,процент,значение показателя за год,2014,5.0
Кировская область,15-72 лет,процент,I квартал,2015-Q1,5.2
Кировская область,15-72 лет,процент,II квартал,2015-Q2,5.3
Кировская область,15-72 лет,процент,III квартал,2015-Q3,5.4
Кировская область,15-72 лет,процент,IV квартал,2015-Q4,5.4
Кировская область,15-72 лет,процент,значение показателя за год,2015,5.3
Кировская область,15-72 лет,процент,I квартал,2016-Q1,5.3
Кировская область,15-72 лет,процент,II квартал,2016-Q2,5.5
Кировская область,15-72 лет,процент,III квартал,2016-Q3,5.4
Кировская область,15-72 лет,процент,IV квартал,2016-Q4,5.3
Кировская область,15-72 лет,процент,значение показателя за год,2016,5.4
Кировская область,15-72 лет,процент,I квартал,2017-Q1,5.4
Кировская область,15-72 лет,процент,II квартал,2017-Q2,5.3
Кировская область,15-72 лет,процент,III квартал,2017-Q3,5.1
Кировская область,15-72 лет,процент,IV квартал,2017-Q4,5.2
Кировская область,15-72 лет,процент,значение показателя за год,2017,5.3
Кировская область,15-72 лет,процент,I квартал,2018-Q1,5.2
Кировская область,15-72 лет,процент,II квартал,2018-Q2,5.2
Кировская область,15-72 лет,процент,III квартал,2018-Q3,4.9
Кировская область,15-72 лет,процент,IV квартал,2018-Q4,4.9
Кировская область,15-72 лет,процент,значение показателя за год,2018,5.1
Кировская область,15-72 лет,процент,I квартал,2019-Q1,5.0
Кировская область,15-72 лет,процент,II квартал,2019-Q2,5.0
Кировская область,15-72 лет,процент,III квартал,2019-Q3,4.5
Кировская область,15-72 лет,процент,IV квартал,2019-Q4,4.4
Кировская область,15-72 лет,процент,значение показателя за год,2019,4.7
Кировская область,15-72 лет,процент,I квартал,2020-Q1,4.5
Кировская область,15-72 лет,процент,II квартал,2020-Q2,6.0
Кировская область,15-72 лет,процент,III квартал,2020-Q3,5.4
Кировская область,15-72 лет,процент,IV квартал,2020-Q4,5.4
Кировская область,15-72 лет,процент,значение показателя за год,2020,5.3
Кировская область,15-72 лет,процент,I квартал,2021-Q1,5.6
Кировская область,15-72 лет,процент,II квартал,2021-Q2,5.1
Кировская область,15-72 лет,процент,III квартал,2021-Q3,4.5
Кировская область,15-72 лет,процент,IV квартал,2021-Q4,4.1
Кировская область,15-72 лет,процент,значение показателя за год,2021,4.8
Нижегородская область,15 лет и старше,процент,I квартал,2017-Q1,4.3
Нижегородская область,15 лет и старше,процент,II квартал,2017-Q2,4.2
Нижегородская область,15 лет и старше,процент,III квартал,2017-Q3,4.2
Нижегородская область,15 лет и старше,процент,IV квартал,2017-Q4,4.2
Нижегородская область,15 лет и старше,процент,значение показателя за год,2017,4.2
Нижегородская область,15 лет и старше,процент,I квартал,2018-Q1,4.2
Нижегородская область,15 лет и старше,процент,II квартал,2018-Q2,4.1
Нижегородская область,15 лет и старше,процент,III квартал,2018-Q3,4.0
Нижегородская область,15 лет и старше,процент,IV квартал,2018-Q4,4.1
Нижегородская область,15 лет и старше,процент,значение показателя за год,2018,4.1
Нижегородская область,15 лет и старше,процент,I квартал,2019-Q1,4.1
Нижегородская область,15 лет и старше,процент,II квартал,2019-Q2,4.0
Нижегородская область,15 лет и старше,процент,III квартал,2019-Q3,4.0
Нижегородская область,15 лет и старше,процент,IV квартал,2019-Q4,4.1
Нижегородская область,15 лет и старше,процент,значение показателя за год,2019,4.0
Нижегородская область,15 лет и старше,процент,I квартал,2020-Q1,4.1
Нижегородская область,15 лет и старше,процент,II квартал,2020-Q2,4.6
Нижегородская область,15 лет и старше,процент,III квартал,2020-Q3,4.8
Нижегородская область,15 лет и старше,процент,IV квартал,2020-Q4,4.7
Нижегородская область,15 лет и старше,процент,значение показателя за год,2020,4.6
Нижегородская область,15 лет и старше,процент,I квартал,2021-Q1,4.7
Нижегородская область,15 лет и старше,процент,II квартал,2021-Q2,4.5
Нижегородская область,15 лет и старше,процент,III квартал,2021-Q3,3.8
Нижегородская область,15 лет и старше,процент,IV квартал,2021-Q4,3.8
Нижегородская область,15 лет и старше,процент,значение показателя за год,2021,4.2
Нижегородская область,15 лет и старше,процент,I квартал,2022-Q1,4.0
Нижегородская область,15 лет и старше,процент,II квартал,2022-Q2,4.2
Нижегородская область,15 лет и старше,процент,III квартал,2022-Q3,4.3
Нижегородская область,15 лет и старше,процент,IV квартал,2022-Q4,3.8
Нижегородская область,15 лет и старше,процент,значение показателя за год,2022,4.1
Нижегородская область,15 лет и старше,процент,I квартал,2023-Q1,2.54
Нижегородская область,15 лет и старше,процент,II квартал,2023-Q2,2.2
Нижегородская область,15 лет и старше,процент,III квартал,2023-Q3,1.48
Нижегородская область,15 лет и старше,процент,IV квартал,2023-Q4,1.5
Нижегородская область,15 лет и старше,процент,значение показателя за год,2023,1.9
Нижегородская область,15 лет и старше,процент,I квартал,2024-Q1,1.4
Нижегородская область,15 лет и старше,процент,II квартал,2024-Q2,1.3
Нижегородская область,15 лет и старше,процент,III квартал,2024-Q3,1.3
Нижегородская область,15 лет и старше,процент,IV квартал,2024-Q4,1.2
Нижегородская область,15 лет и старше,процент,значение показателя за год,2024,1.3
Нижегородская область,15 лет и старше,процент,I квартал,2025-Q1,1.1
Нижегородская область,15 лет и старше,процент,II квартал,2025-Q2,1.0
Нижегородская область,15 лет и старше,процент,III квартал,2025-Q3,1.0
Нижегородская область,15 лет и старше,процент,IV квартал,2025-Q4,1.0
Нижегородская область,15 лет и старше,процент,значение показателя за год,2025,1.1
Нижегородская область,15-72 лет,процент,I квартал,2013-Q1,4.2
Нижегородская область,15-72 лет,процент,II квартал,2013-Q2,4.3
Нижегородская область,15-72 лет,процент,III квартал,2013-Q3,4.2
Нижегородская область,15-72 лет,процент,IV квартал,2013-Q4,4.4
Нижегородская область,15-72 лет,процент,значение показателя за год,2013,4.3
Нижегородская область,15-72 лет,процент,I квартал,2014-Q1,4.4
Нижегородская область,15-72 лет,процент,II квартал,2014-Q2,4.3
Нижегородская область,15-72 лет,процент,III квартал,2014-Q3,4.1
Нижегородская область,15-72 лет,процент,IV квартал,2014-Q4,4.1
Нижегородская область,15-72 лет,процент,значение показателя за год,2014,4.2
Нижегородская область,15-72 лет,процент,I квартал,2015-Q1,4.1
Нижегородская область,15-72 лет,процент,II квартал,2015-Q2,4.4
Нижегородская область,15-72 лет,процент,III квартал,2015-Q3,4.3
Нижегородская область,15-72 лет,процент,IV квартал,2015-Q4,4.2
Нижегородская область,15-72 лет,процент,значение показателя за год,2015,4.2
Нижегородская область,15-72 лет,процент,I квартал,2016-Q1,4.3
Нижегородская область,15-72 лет,процент,II квартал,2016-Q2,4.4
Нижегородская область,15-72 лет,процент,III квартал,2016-Q3,4.2
Нижегородская область,15-72 лет,процент,IV квартал,2016-Q4,4.3
Нижегородская область,15-72 лет,процент,значение показателя за год,2016,4.3
Нижегородская область,15-72 лет,процент,I квартал,2017-Q1,4.3
Нижегородская область,15-72 лет,процент,II квартал,2017-Q2,4.2
Нижегородская область,15-72 лет,процент,III квартал,2017-Q3,4.2
Нижегородская область,15-72 лет,процент,IV квартал,2017-Q4,4.2
Нижегородская область,15-72 лет,процент,значение показателя за год,2017,4.2
Нижегородская область,15-72 лет,процент,I квартал,2018-Q1,4.2
Нижегородская область,15-72 лет,процент,II квартал,2018-Q2,4.1
Нижегородская область,15-72 лет,процент,III квартал,2018-Q3,4.0
Нижегородская область,15-72 лет,процент,IV квартал,2018-Q4,4.1
Нижегородская область,15-72 лет,процент,значение показателя за год,2018,4.1
Нижегородская область,15-72 лет,процент,I квартал,2019-Q1,4.1
Нижегородская область,15-72 лет,процент,II квартал,2019-Q2,4.0
Нижегородская область,15-72 лет,процент,III квартал,2019-Q3,4.0
Нижегородская область,15-72 лет,процент,IV квартал,2019-Q4,4.1
Нижегородская область,15-72 лет,процент,значение показателя за год,2019,4.0
Нижегородская область,15-72 лет,процент,I квартал,2020-Q1,4.1
Нижегородская область,15-72 лет,процент,II квартал,2020-Q2,4.6
Нижегородская область,15-72 лет,процент,III квартал,2020-Q3,4.8
Нижегородская область,15-72 лет,процент,IV квартал,2020-Q4,4.7
Нижегородская область,15-72 лет,процент,значение показателя за год,2020,4.6
Нижегородская область,15-72 лет,процент,I квартал,2021-Q1,4.7
Нижегородская область,15-72 лет,процент,II квартал,2021-Q2,4.5
Нижегородская область,15-72 лет,процент,III квартал,2021-Q3,3.9
Нижегородская область,15-72 лет,процент,IV квартал,2021-Q4,3.8
Нижегородская область,15-72 лет,процент,значение показателя за год,2021,4.2
Оренбургская область,15 лет и старше,процент,I квартал,2017-Q1,5.1
Оренбургская область,15 лет и старше,процент,II квартал,2017-Q2,4.4
Оренбургская область,15 лет и старше,процент,III квартал,2017-Q3,4.0
Оренбургская область,15 лет и старше,процент,IV квартал,2017-Q4,4.4
Оренбургская область,15 лет и старше,процент,значение показателя за год,2017,4.5
Оренбургская область,15 лет и старше,процент,I квартал,2018-Q1,4.9
Оренбургская область,15 лет и старше,процент,II квартал,2018-Q2,4.1
Оренбургская область,15 лет и старше,процент,III квартал,2018-Q3,3.8
Оренбургская область,15 лет и старше,процент,IV квартал,2018-Q4,4.9
Оренбургская область,15 лет и старше,процент,значение показателя за год,2018,4.4
Оренбургская область,15 лет и старше,процент,I квартал,2019-Q1,4.9
Оренбургская область,15 лет и старше,процент,II квартал,2019-Q2,3.8
Оренбургская область,15 лет и старше,процент,III квартал,2019-Q3,4.6
Оренбургская область,15 лет и старше,процент,IV квартал,2019-Q4,4.4
Оренбургская область,15 лет и старше,процент,значение показателя за год,2019,4.4
Оренбургская область,15 лет и старше,процент,I квартал,2020-Q1,4.4
Оренбургская область,15 лет и старше,процент,II квартал,2020-Q2,5.3
Оренбургская область,15 лет и старше,процент,III квартал,2020-Q3,7.0
Оренбургская область,15 лет и старше,процент,IV квартал,2020-Q4,6.9
Оренбургская область,15 лет и старше,процент,значение показателя за год,2020,5.9
Оренбургская область,15 лет и старше,процент,I квартал,2021-Q1,5.9
Оренбургская область,15 лет и старше,процент,II квартал,2021-Q2,4.4
Оренбургская область,15 лет и старше,процент,III квартал,2021-Q3,4.1
Оренбургская область,15 лет и старше,процент,IV квартал,2021-Q4,4.3
Оренбургская область,15 лет и старше,процент,значение показателя за год,2021,4.7
Оренбургская область,15 лет и старше,процент,I квартал,2022-Q1,4.9
Оренбургская область,15 лет и старше,процент,II квартал,2022-Q2,3.2
Оренбургская область,15 лет и старше,процент,III квартал,2022-Q3,2.8
Оренбургская область,15 лет и старше,процент,IV квартал,2022-Q4,3.1
Оренбургская область,15 лет и старше,процент,значение показателя за год,2022,3.5
Оренбургская область,15 лет и старше,процент,I квартал,2023-Q1,3.28
Оренбургская область,15 лет и старше,процент,II квартал,2023-Q2,2.8
Оренбургская область,15 лет и старше,процент,III квартал,2023-Q3,2.41
Оренбургская область,15 лет и старше,процент,IV квартал,2023-Q4,1.9
Оренбургская область,15 лет и старше,процент,значение показателя за год,2023,2.6
Оренбургская область,15 лет и старше,процент,I квартал,2024-Q1,1.8
Оренбургская область,15 лет и старше,процент,II квартал,2024-Q2,1.6
Оренбургская область,15 лет и старше,процент,III квартал,2024-Q3,1.5
Оренбургская область,15 лет и старше,процент,IV квартал,2024-Q4,1.5
Оренбургская область,15 лет и старше,процент,значение показателя за год,2024,1.6
Оренбургская область,15 лет и старше,процент,I квартал,2025-Q1,1.5
Оренбургская область,15 лет и старше,процент,II квартал,2025-Q2,1.5
Оренбургская область,15 лет и старше,процент,III квартал,2025-Q3,1.4
Оренбургская область,15 лет и старше,процент,IV квартал,2025-Q4,1.5
Оренбургская область,15 лет и старше,процент,значение показателя за год,2025,1.5
Оренбургская область,15-72 лет,процент,I квартал,2013-Q1,5.4
Оренбургская область,15-72 лет,процент,II квартал,2013-Q2,5.0
Оренбургская область,15-72 лет,процент,III квартал,2013-Q3,4.2
Оренбургская область,15-72 лет,процент,IV квартал,2013-Q4,5.1
Оренбургская область,15-72 лет,процент,значение показателя за год,2013,4.9
Оренбургская область,15-72 лет,процент,I квартал,2014-Q1,5.2
Оренбургская область,15-72 лет,процент,II квартал,2014-Q2,4.2
Оренбургская область,15-72 лет,процент,III квартал,2014-Q3,3.9
Оренбургская область,15-72 лет,процент,IV квартал,2014-Q4,4.5
Оренбургская область,15-72 лет,процент,значение показателя за год,2014,4.4
Оренбургская область,15-72 лет,процент,I квартал,2015-Q1,5.8
Оренбургская область,15-72 лет,процент,II квартал,2015-Q2,4.3
Оренбургская область,15-72 лет,процент,III квартал,2015-Q3,4.5
Оренбургская область,15-72 лет,процент,IV квартал,2015-Q4,4.8
Оренбургская область,15-72 лет,процент,значение показателя за год,2015,4.8
Оренбургская область,15-72 лет,процент,I квартал,2016-Q1,5.1
Оренбургская область,15-72 лет,процент,II квартал,2016-Q2,4.8
Оренбургская область,15-72 лет,процент,III квартал,2016-Q3,4.6
Оренбургская область,15-72 лет,процент,IV квартал,2016-Q4,5.2
Оренбургская область,15-72 лет,процент,значение показателя за год,2016,4.9
Оренбургская область,15-72 лет,процент,I квартал,2017-Q1,5.1
Оренбургская область,15-72 лет,процент,II квартал,2017-Q2,4.4
Оренбургская область,15-72 лет,процент,III квартал,2017-Q3,4.1
Оренбургская область,15-72 лет,процент,IV квартал,2017-Q4,4.5
Оренбургская область,15-72 лет,процент,значение показателя за год,2017,4.5
Оренбургская область,15-72 лет,процент,I квартал,2018-Q1,5.0
Оренбургская область,15-72 лет,процент,II квартал,2018-Q2,4.1
Оренбургская область,15-72 лет,процент,III квартал,2018-Q3,3.8
Оренбургская область,15-72 лет,процент,IV квартал,2018-Q4,4.9
Оренбургская область,15-72 лет,процент,значение показателя за год,2018,4.4
Оренбургская область,15-72 лет,процент,I квартал,2019-Q1,4.9
Оренбургская область,15-72 лет,процент,II квартал,2019-Q2,3.9
Оренбургская область,15-72 лет,процент,III квартал,2019-Q3,4.6
Оренбургская область,15-72 лет,процент,IV квартал,2019-Q4,4.4
Оренбургская область,15-72 лет,процент,значение показателя за год,2019,4.4
Оренбургская область,15-72 лет,процент,I квартал,2020-Q1,4.5
Оренбургская область,15-72 лет,процент,II квартал,2020-Q2,5.3
Оренбургская область,15-72 лет,процент,III квартал,2020-Q3,7.0
Оренбургская область,15-72 лет,процент,IV квартал,2020-Q4,6.9
Оренбургская область,15-72 лет,процент,значение показателя за год,2020,5.9
Оренбургская область,15-72 лет,процент,I квартал,2021-Q1,5.9
Оренбургская область,15-72 лет,процент,II квартал,2021-Q2,4.4
Оренбургская область,15-72 лет,процент,III квартал,2021-Q3,4.1
Оренбургская область,15-72 лет,процент,IV квартал,2021-Q4,4.3
Оренбургская область,15-72 лет,процент,значение показателя за год,2021,4.7
Пензенская область,15 лет и старше,процент,I квартал,2017-Q1,4.7
Пензенская область,15 лет и старше,процент,II квартал,2017-Q2,4.5
Пензенская область,15 лет и старше,процент,III квартал,2017-Q3,4.5
Пензенская область,15 лет и старше,процент,IV квартал,2017-Q4,4.5
Пензенская область,15 лет и старше,процент,значение показателя за год,2017,4.6
Пензенская область,15 лет и старше,процент,I квартал,2018-Q1,4.5
Пензенская область,15 лет и старше,процент,II квартал,2018-Q2,4.4
Пензенская область,15 лет и старше,процент,III квартал,2018-Q3,4.5
Пензенская область,15 лет и старше,процент,IV квартал,2018-Q4,4.3
Пензенская область,15 лет и старше,процент,значение показателя за год,2018,4.4
Пензенская область,15 лет и старше,процент,I квартал,2019-Q1,4.5
Пензенская область,15 лет и старше,процент,II квартал,2019-Q2,4.1
Пензенская область,15 лет и старше,процент,III квартал,2019-Q3,4.3
Пензенская область,15 лет и старше,процент,IV квартал,2019-Q4,4.2
Пензенская область,15 лет и старше,процент,значение показателя за год,2019,4.3
Пензенская область,15 лет и старше,процент,I квартал,2020-Q1,4.2
Пензенская область,15 лет и старше,процент,II квартал,2020-Q2,5.6
Пензенская область,15 лет и старше,процент,III квартал,2020-Q3,5.5
Пензенская область,15 лет и старше,процент,IV квартал,2020-Q4,4.5
Пензенская область,15 лет и старше,процент,значение показателя за год,2020,4.9
Пензенская область,15 лет и старше,процент,I квартал,2021-Q1,4.4
Пензенская область,15 лет и старше,процент,II квартал,2021-Q2,4.1
Пензенская область,15 лет и старше,процент,III квартал,2021-Q3,4.1
Пензенская область,15 лет и старше,процент,IV квартал,2021-Q4,4.3
Пензенская область,15 лет и старше,процент,значение показателя за год,2021,4.2
Пензенская область,15 лет и старше,процент,I квартал,2022-Q1,4.7
Пензенская область,15 лет и старше,процент,II квартал,2022-Q2,3.7
Пензенская область,15 лет и старше,процент,III квартал,2022-Q3,2.9
Пензенская область,15 лет и старше,процент,IV квартал,2022-Q4,3.6
Пензенская область,15 лет и старше,процент,значение показателя за год,2022,3.7
Пензенская область,15 лет и старше,процент,I квартал,2023-Q1,3.55
Пензенская область,15 лет и старше,процент,II квартал,2023-Q2,3.0
Пензенская область,15 лет и старше,процент,III квартал,2023-Q3,2.7
Пензенская область,15 лет и старше,процент,IV квартал,2023-Q4,2.5
Пензенская область,15 лет и старше,процент,значение показателя за год,2023,2.9
Пензенская область,15 лет и старше,процент,I квартал,2024-Q1,2.5
Пензенская область,15 лет и старше,процент,II квартал,2024-Q2,2.3
Пензенская область,15 лет и старше,процент,III квартал,2024-Q3,2.2
Пензенская область,15 лет и старше,процент,IV квартал,2024-Q4,1.7
Пензенская область,15 лет и старше,процент,значение показателя за год,2024,2.2
Пензенская область,15 лет и старше,процент,I квартал,2025-Q1,1.7
Пензенская область,15 лет и старше,процент,II квартал,2025-Q2,1.6
Пензенская область,15 лет и старше,процент,III квартал,2025-Q3,1.5
Пензенская область,15 лет и старше,процент,IV квартал,2025-Q4,1.5
Пензенская область,15 лет и старше,процент,значение показателя за год,2025,1.6
Пензенская область,15-72 лет,процент,I квартал,2013-Q1,4.9
Пензенская область,15-72 лет,процент,II квартал,2013-Q2,4.7
Пензенская область,15-72 лет,процент,III квартал,2013-Q3,4.7
Пензенская область,15-72 лет,процент,IV квартал,2013-Q4,4.8
Пензенская область,15-72 лет,процент,значение показателя за год,2013,4.8
Пензенская область,15-72 лет,процент,I квартал,2014-Q1,4.7
Пензенская область,15-72 лет,процент,II квартал,2014-Q2,4.5
Пензенская область,15-72 лет,процент,III квартал,2014-Q3,4.5
Пензенская область,15-72 лет,процент,IV квартал,2014-Q4,4.6
Пензенская область,15-72 лет,процент,значение показателя за год,2014,4.6
Пензенская область,15-72 лет,процент,I квартал,2015-Q1,4.7
Пензенская область,15-72 лет,процент,II квартал,2015-Q2,4.7
Пензенская область,15-72 лет,процент,III квартал,2015-Q3,4.7
Пензенская область,15-72 лет,процент,IV квартал,2015-Q4,4.6
Пензенская область,15-72 лет,процент,значение показателя за год,2015,4.7
Пензенская область,15-72 лет,процент,I квартал,2016-Q1,4.7
Пензенская область,15-72 лет,процент,II квартал,2016-Q2,4.5
Пензенская область,15-72 лет,процент,III квартал,2016-Q3,4.5
Пензенская область,15-72 лет,процент,IV квартал,2016-Q4,4.6
Пензенская область,15-72 лет,процент,значение показателя за год,2016,4.6
Пензенская область,15-72 лет,процент,I квартал,2017-Q1,4.7
Пензенская область,15-72 лет,процент,II квартал,2017-Q2,4.6
Пензенская область,15-72 лет,процент,III квартал,2017-Q3,4.5
Пензенская область,15-72 лет,процент,IV квартал,2017-Q4,4.5
Пензенская область,15-72 лет,процент,значение показателя за год,2017,4.6
Пензенская область,15-72 лет,процент,I квартал,2018-Q1,4.5
Пензенская область,15-72 лет,процент,II квартал,2018-Q2,4.4
Пензенская область,15-72 лет,процент,III квартал,2018-Q3,4.5
Пензенская область,15-72 лет,процент,IV квартал,2018-Q4,4.3
Пензенская область,15-72 лет,процент,значение показателя за год,2018,4.4
Пензенская область,15-72 лет,процент,I квартал,2019-Q1,4.5
Пензенская область,15-72 лет,процент,II квартал,2019-Q2,4.1
Пензенская область,15-72 лет,процент,III квартал,2019-Q3,4.3
Пензенская область,15-72 лет,процент,IV квартал,2019-Q4,4.2
Пензенская область,15-72 лет,процент,значение показателя за год,2019,4.3
Пензенская область,15-72 лет,процент,I квартал,2020-Q1,4.2
Пензенская область,15-72 лет,процент,II квартал,2020-Q2,5.6
Пензенская область,15-72 лет,процент,III квартал,2020-Q3,5.6
Пензенская область,15-72 лет,процент,IV квартал,2020-Q4,4.5
Пензенская область,15-72 лет,процент,значение показателя за год,2020,5.0
Пензенская область,15-72 лет,процент,I квартал,2021-Q1,4.4
Пензенская область,15-72 лет,процент,II квартал,2021-Q2,4.1
Пензенская область,15-72 лет,процент,III квартал,2021-Q3,4.1
Пензенская область,15-72 лет,процент,IV квартал,2021-Q4,4.3
Пензенская область,15-72 лет,процент,значение показателя за год,2021,4.2
Самарская область,15 лет и старше,процент,I квартал,2017-Q1,4.5
Самарская область,15 лет и старше,процент,II квартал,2017-Q2,4.1
Самарская область,15 лет и старше,процент,III квартал,2017-Q3,4.1
Самарская область,15 лет и старше,процент,IV квартал,2017-Q4,4.1
Самарская область,15 лет и старше,процент,значение показателя за год,2017,4.2
Самарская область,15 лет и старше,процент,I квартал,2018-Q1,3.7
Самарская область,15 лет и старше,процент,II квартал,2018-Q2,4.0
Самарская область,15 лет и старше,процент,III квартал,2018-Q3,3.4
Самарская область,15 лет и старше,процент,IV квартал,2018-Q4,3.7
Самарская область,15 лет и старше,процент,значение показателя за год,2018,3.7
Самарская область,15 лет и старше,процент,I квартал,2019-Q1,3.7
Самарская область,15 лет и старше,процент,II квартал,2019-Q2,3.7
Самарская область,15 лет и старше,процент,III квартал,2019-Q3,4.1
Самарская область,15 лет и старше,процент,IV квартал,2019-Q4,4.1
Самарская область,15 лет и старше,процент,значение показателя за год,2019,3.9
Самарская область,15 лет и старше,процент,I квартал,2020-Q1,3.1
Самарская область,15 лет и старше,процент,II квартал,2020-Q2,4.9
Самарская область,15 лет и старше,процент,III квартал,2020-Q3,5.2
Самарская область,15 лет и старше,процент,IV квартал,2020-Q4,4.5
Самарская область,15 лет и старше,процент,значение показателя за год,2020,4.4
Самарская область,15 лет и старше,процент,I квартал,2021-Q1,4.7
Самарская область,15 лет и старше,процент,II квартал,2021-Q2,3.3
Самарская область,15 лет и старше,процент,III квартал,2021-Q3,2.9
Самарская область,15 лет и старше,процент,IV квартал,2021-Q4,3.0
Самарская область,15 лет и старше,процент,значение показателя за год,2021,3.5
Самарская область,15 лет и старше,процент,I квартал,2022-Q1,2.9
Самарская область,15 лет и старше,процент,II квартал,2022-Q2,2.5
Самарская область,15 лет и старше,процент,III квартал,2022-Q3,2.9
Самарская область,15 лет и старше,процент,IV квартал,2022-Q4,2.4
Самарская область,15 лет и старше,процент,значение показателя за год,2022,2.7
Самарская область,15 лет и старше,процент,I квартал,2023-Q1,2.22
Самарская область,15 лет и старше,процент,II квартал,2023-Q2,1.9
Самарская область,15 лет и старше,процент,III квартал,2023-Q3,1.89
Самарская область,15 лет и старше,процент,IV квартал,2023-Q4,1.9
Самарская область,15 лет и старше,процент,значение показателя за год,2023,2.0
Самарская область,15 лет и старше,процент,I квартал,2024-Q1,2.0
Самарская область,15 лет и старше,процент,II квартал,2024-Q2,2.1
Самарская область,15 лет и старше,процент,III квартал,2024-Q3,2.0
Самарская область,15 лет и старше,процент,IV квартал,2024-Q4,1.9
Самарская область,15 лет и старше,процент,значение показателя за год,2024,2.0
Самарская область,15 лет и старше,процент,I квартал,2025-Q1,1.9
Самарская область,15 лет и старше,процент,II квартал,2025-Q2,1.9
Самарская область,15 лет и старше,процент,III квартал,2025-Q3,1.7
Самарская область,15 лет и старше,процент,IV квартал,2025-Q4,1.7
Самарская область,15 лет и старше,процент,значение показателя за год,2025,1.8
Самарская область,15-72 лет,процент,I квартал,2013-Q1,3.5
Самарская область,15-72 лет,процент,II квартал,2013-Q2,3.5
Самарская область,15-72 лет,процент,III квартал,2013-Q3,3.1
Самарская область,15-72 лет,процент,IV квартал,2013-Q4,2.7
Самарская область,15-72 лет,процент,значение показателя за год,2013,3.2
Самарская область,15-72 лет,процент,I квартал,2014-Q1,2.8
Самарская область,15-72 лет,процент,II квартал,2014-Q2,3.1
Самарская область,15-72 лет,процент,III квартал,2014-Q3,2.3
Самарская область,15-72 лет,процент,IV квартал,2014-Q4,3.9
Самарская область,15-72 лет,процент,значение показателя за год,2014,3.0
Самарская область,15-72 лет,процент,I квартал,2015-Q1,4.3
Самарская область,15-72 лет,процент,II квартал,2015-Q2,3.7
Самарская область,15-72 лет,процент,III квартал,2015-Q3,2.4
Самарская область,15-72 лет,процент,IV квартал,2015-Q4,3.3
Самарская область,15-72 лет,процент,значение показателя за год,2015,3.4
Самарская область,15-72 лет,процент,I квартал,2016-Q1,4.5
Самарская область,15-72 лет,процент,II квартал,2016-Q2,4.8
Самарская область,15-72 лет,процент,III квартал,2016-Q3,3.6
Самарская область,15-72 лет,процент,IV квартал,2016-Q4,3.4
Самарская область,15-72 лет,процент,значение показателя за год,2016,4.1
Самарская область,15-72 лет,процент,I квартал,2017-Q1,4.5
Самарская область,15-72 лет,процент,II квартал,2017-Q2,4.1
Самарская область,15-72 лет,процент,III квартал,2017-Q3,4.1
Самарская область,15-72 лет,процент,IV квартал,2017-Q4,4.1
Самарская область,15-72 лет,процент,значение показателя за год,2017,4.2
Самарская область,15-72 лет,процент,I квартал,2018-Q1,3.7
Самарская область,15-72 лет,процент,II квартал,2018-Q2,4.0
Самарская область,15-72 лет,процент,III квартал,2018-Q3,3.4
Самарская область,15-72 лет,процент,IV квартал,2018-Q4,3.8
Самарская область,15-72 лет,процент,значение показателя за год,2018,3.7
Самарская область,15-72 лет,процент,I квартал,2019-Q1,3.7
Самарская область,15-72 лет,процент,II квартал,2019-Q2,3.7
Самарская область,15-72 лет,процент,III квартал,2019-Q3,4.1
Самарская область,15-72 лет,процент,IV квартал,2019-Q4,4.1
Самарская область,15-72 лет,процент,значение показателя за год,2019,3.9
Самарская область,15-72 лет,процент,I квартал,2020-Q1,3.1
Самарская область,15-72 лет,процент,II квартал,2020-Q2,4.9
Самарская область,15-72 лет,процент,III квартал,2020-Q3,5.2
Самарская область,15-72 лет,процент,IV квартал,2020-Q4,4.5
Самарская область,15-72 лет,процент,значение показателя за год,2020,4.4
Самарская область,15-72 лет,процент,I квартал,2021-Q1,4.7
Самарская область,15-72 лет,процент,II квартал,2021-Q2,3.3
Самарская область,15-72 лет,процент,III квартал,2021-Q3,2.9
Самарская область,15-72 лет,процент,IV квартал,2021-Q4,3.0
Самарская область,15-72 лет,процент,значение показателя за год,2021,3.5
Саратовская область,15 лет и старше,процент,I квартал,2017-Q1,5.1
Саратовская область,15 лет и старше,процент,II квартал,2017-Q2,4.8
Саратовская область,15 лет и старше,процент,III квартал,2017-Q3,4.4
Саратовская область,15 лет и старше,процент,IV квартал,2017-Q4,4.8
Саратовская область,15 лет и старше,процент,значение показателя за год,2017,4.8
Саратовская область,15 лет и старше,процент,I квартал,2018-Q1,5.1
Саратовская область,15 лет и старше,процент,II квартал,2018-Q2,5.4
Саратовская область,15 лет и старше,процент,III квартал,2018-Q3,4.8
Саратовская область,15 лет и старше,процент,IV квартал,2018-Q4,4.7
Саратовская область,15 лет и старше,процент,значение показателя за год,2018,5.0
Саратовская область,15 лет и старше,процент,I квартал,2019-Q1,4.6
Саратовская область,15 лет и старше,процент,II квартал,2019-Q2,4.6
Саратовская область,15 лет и старше,процент,III квартал,2019-Q3,4.0
Саратовская область,15 лет и старше,процент,IV квартал,2019-Q4,4.0
Саратовская область,15 лет и старше,процент,значение показателя за год,2019,4.3
Саратовская область,15 лет и старше,процент,I квартал,2020-Q1,4.5
Саратовская область,15 лет и старше,процент,II квартал,2020-Q2,5.2
Саратовская область,15 лет и старше,процент,III квартал,2020-Q3,6.3
Саратовская область,15 лет и старше,процент,IV квартал,2020-Q4,6.3
Саратовская область,15 лет и старше,процент,значение показателя за год,2020,5.6
Саратовская область,15 лет и старше,процент,I квартал,2021-Q1,5.7
Саратовская область,15 лет и старше,процент,II квартал,2021-Q2,4.7
Саратовская область,15 лет и старше,процент,III квартал,2021-Q3,3.9
Саратовская область,15 лет и старше,процент,IV квартал,2021-Q4,3.7
Саратовская область,15 лет и старше,процент,значение показателя за год,2021,4.5
Саратовская область,15 лет и старше,процент,I квартал,2022-Q1,3.6
Саратовская область,15 лет и старше,процент,II квартал,2022-Q2,3.2
Саратовская область,15 лет и старше,процент,III квартал,2022-Q3,3.3
Саратовская область,15 лет и старше,процент,IV квартал,2022-Q4,3.6
Саратовская область,15 лет и старше,процент,значение показателя за год,2022,3.4
Саратовская область,15 лет и старше,процент,I квартал,2023-Q1,3.47
Саратовская область,15 лет и старше,процент,II квартал,2023-Q2,2.7
Саратовская область,15 лет и старше,процент,III квартал,2023-Q3,2.26
Саратовская область,15 лет и старше,процент,IV квартал,2023-Q4,2.2
Саратовская область,15 лет и старше,процент,значение показателя за год,2023,2.7
Саратовская область,15 лет и старше,процент,I квартал,2024-Q1,2.2
Саратовская область,15 лет и старше,процент,II квартал,2024-Q2,2.0
Саратовская область,15 лет и старше,процент,III квартал,2024-Q3,1.5
Саратовская область,15 лет и старше,процент,IV квартал,2024-Q4,1.6
Саратовская область,15 лет и старше,процент,значение показателя за год,2024,1.8
Саратовская область,15 лет и старше,процент,I квартал,2025-Q1,1.8
Саратовская область,15 лет и старше,процент,II квартал,2025-Q2,1.7
Саратовская область,15 лет и старше,процент,III квартал,2025-Q3,1.4
Саратовская область,15 лет и старше,процент,IV квартал,2025-Q4,1.4
Саратовская область,15 лет и старше,процент,значение показателя за год,2025,1.6
Саратовская область,15-72 лет,процент,I квартал,2013-Q1,5.8
Саратовская область,15-72 лет,процент,II квартал,2013-Q2,5.3
Саратовская область,15-72 лет,процент,III квартал,2013-Q3,4.7
Саратовская область,15-72 лет,процент,IV квартал,2013-Q4,5.1
Саратовская область,15-72 лет,процент,значение показателя за год,2013,5.2
Саратовская область,15-72 лет,процент,I квартал,2014-Q1,5.6
Саратовская область,15-72 лет,процент,II квартал,2014-Q2,4.7
Саратовская область,15-72 лет,процент,III квартал,2014-Q3,3.9
Саратовская область,15-72 лет,процент,IV квартал,2014-Q4,4.4
Саратовская область,15-72 лет,процент,значение показателя за год,2014,4.6
Саратовская область,15-72 лет,процент,I квартал,2015-Q1,5.1
Саратовская область,15-72 лет,процент,II квартал,2015-Q2,5.0
Саратовская область,15-72 лет,процент,III квартал,2015-Q3,4.0
Саратовская область,15-72 лет,процент,IV квартал,2015-Q4,4.6
Саратовская область,15-72 лет,процент,значение показателя за год,2015,4.7
Саратовская область,15-72 лет,процент,I квартал,2016-Q1,5.8
Саратовская область,15-72 лет,процент,II квартал,2016-Q2,5.5
Саратовская область,15-72 лет,процент,III квартал,2016-Q3,4.5
Саратовская область,15-72 лет,процент,IV квартал,2016-Q4,4.6
Саратовская область,15-72 лет,процент,значение показателя за год,2016,5.1
Саратовская область,15-72 лет,процент,I квартал,2017-Q1,5.1
Саратовская область,15-72 лет,процент,II квартал,2017-Q2,4.8
Саратовская область,15-72 лет,процент,III квартал,2017-Q3,4.4
Саратовская область,15-72 лет,процент,IV квартал,2017-Q4,4.8
Саратовская область,15-72 лет,процент,значение показателя за год,2017,4.8
Саратовская область,15-72 лет,процент,I квартал,2018-Q1,5.1
Саратовская область,15-72 лет,процент,II квартал,2018-Q2,5.4
Саратовская область,15-72 лет,процент,III квартал,2018-Q3,4.8
Саратовская область,15-72 лет,процент,IV квартал,2018-Q4,4.7
Саратовская область,15-72 лет,процент,значение показателя за год,2018,5.0
Саратовская область,15-72 лет,процент,I квартал,2019-Q1,4.6
Саратовская область,15-72 лет,процент,II квартал,2019-Q2,4.7
Саратовская область,15-72 лет,процент,III квартал,2019-Q3,4.0
Саратовская область,15-72 лет,процент,IV квартал,2019-Q4,4.0
Саратовская область,15-72 лет,процент,значение показателя за год,2019,4.3
Саратовская область,15-72 лет,процент,I квартал,2020-Q1,4.5
Саратовская область,15-72 лет,процент,II квартал,2020-Q2,5.2
Саратовская область,15-72 лет,процент,III квартал,2020-Q3,6.3
Саратовская область,15-72 лет,процент,IV квартал,2020-Q4,6.3
Саратовская область,15-72 лет,процент,значение показателя за год,2020,5.6
Саратовская область,15-72 лет,процент,I квартал,2021-Q1,5.7
Саратовская область,15-72 лет,процент,II квартал,2021-Q2,4.7
Саратовская область,15-72 лет,процент,III квартал,2021-Q3,3.9
Саратовская область,15-72 лет,процент,IV квартал,2021-Q4,3.7
Саратовская область,15-72 лет,процент,значение показателя за год,2021,4.5
Ульяновская область,15 лет и старше,процент,I квартал,2017-Q1,4.6
Ульяновская область,15 лет и старше,процент,II квартал,2017-Q2,4.4
Ульяновская область,15 лет и старше,процент,III квартал,2017-Q3,4.6
Ульяновская область,15 лет и старше,процент,IV квартал,2017-Q4,4.0
Ульяновская область,15 лет и старше,процент,значение показателя за год,2017,4.4
Ульяновская область,15 лет и старше,процент,I квартал,2018-Q1,4.2
Ульяновская область,15 лет и старше,процент,II квартал,2018-Q2,3.7
Ульяновская область,15 лет и старше,процент,III квартал,2018-Q3,3.5
Ульяновская область,15 лет и старше,процент,IV квартал,2018-Q4,3.5
Ульяновская область,15 лет и старше,процент,значение показателя за год,2018,3.7
Ульяновская область,15 лет и старше,процент,I квартал,2019-Q1,3.8
Ульяновская область,15 лет и старше,процент,II квартал,2019-Q2,3.6
Ульяновская область,15 лет и старше,процент,III квартал,2019-Q3,3.8
Ульяновская область,15 лет и старше,процент,IV квартал,2019-Q4,3.8
Ульяновская область,15 лет и старше,процент,значение показателя за год,2019,3.8
Ульяновская область,15 лет и старше,процент,I квартал,2020-Q1,4.0
Ульяновская область,15 лет и старше,процент,II квартал,2020-Q2,5.5
Ульяновская область,15 лет и старше,процент,III квартал,2020-Q3,5.2
Ульяновская область,15 лет и старше,процент,IV квартал,2020-Q4,4.9
Ульяновская область,15 лет и старше,процент,значение показателя за год,2020,4.9
Ульяновская область,15 лет и старше,процент,I квартал,2021-Q1,4.6
Ульяновская область,15 лет и старше,процент,II квартал,2021-Q2,4.6
Ульяновская область,15 лет и старше,процент,III квартал,2021-Q3,4.1
Ульяновская область,15 лет и старше,процент,IV квартал,2021-Q4,3.9
Ульяновская область,15 лет и старше,процент,значение показателя за год,2021,4.3
Ульяновская область,15 лет и старше,процент,I квартал,2022-Q1,4.4
Ульяновская область,15 лет и старше,процент,II квартал,2022-Q2,4.3
Ульяновская область,15 лет и старше,процент,III квартал,2022-Q3,4.2
Ульяновская область,15 лет и старше,процент,IV квартал,2022-Q4,3.9
Ульяновская область,15 лет и старше,процент,значение показателя за год,2022,4.2
Ульяновская область,15 лет и старше,процент,I квартал,2023-Q1,3.49
Ульяновская область,15 лет и старше,процент,II квартал,2023-Q2,3.3
Ульяновская область,15 лет и старше,процент,III квартал,2023-Q3,2.3
Ульяновская область,15 лет и старше,процент,IV квартал,2023-Q4,2.3
Ульяновская область,15 лет и старше,процент,значение показателя за год,2023,2.8
Ульяновская область,15 лет и старше,процент,I квартал,2024-Q1,2.2
Ульяновская область,15 лет и старше,процент,II квартал,2024-Q2,2.2
Ульяновская область,15 лет и старше,процент,III квартал,2024-Q3,2.2
Ульяновская область,15 лет и старше,процент,IV квартал,2024-Q4,1.8
Ульяновская область,15 лет и старше,процент,значение показателя за год,2024,2.1
Ульяновская область,15 лет и старше,процент,I квартал,2025-Q1,1.6
Ульяновская область,15 лет и старше,процент,II квартал,2025-Q2,1.6
Ульяновская область,15 лет и старше,процент,III квартал,2025-Q3,1.6
Ульяновская область,15 лет и старше,процент,IV квартал,2025-Q4,1.5
Ульяновская область,15 лет и старше,процент,значение показателя за год,2025,1.6
Ульяновская область,15-72 лет,процент,I квартал,2013-Q1,6.1
Ульяновская область,15-72 лет,процент,II квартал,2013-Q2,5.6
Ульяновская область,15-72 лет,процент,III квартал,2013-Q3,5.1
Ульяновская область,15-72 лет,процент,IV квартал,2013-Q4,5.1
Ульяновская область,15-72 лет,процент,значение показателя за год,2013,5.5
Ульяновская область,15-72 лет,процент,I квартал,2014-Q1,5.1
Ульяновская область,15-72 лет,процент,II квартал,2014-Q2,4.6
Ульяновская область,15-72 лет,процент,III квартал,2014-Q3,4.7
Ульяновская область,15-72 лет,процент,IV квартал,2014-Q4,4.6
Ульяновская область,15-72 лет,процент,значение показателя за год,2014,4.8
Ульяновская область,15-72 лет,процент,I квартал,2015-Q1,5.5
Ульяновская область,15-72 лет,процент,II квартал,2015-Q2,5.4
Ульяновская область,15-72 лет,процент,III квартал,2015-Q3,4.4
Ульяновская область,15-72 лет,процент,IV квартал,2015-Q4,4.3
Ульяновская область,15-72 лет,процент,значение показателя за год,2015,4.9
Ульяновская область,15-72 лет,процент,I квартал,2016-Q1,5.1
Ульяновская область,15-72 лет,процент,II квартал,2016-Q2,4.6
Ульяновская область,15-72 лет,процент,III квартал,2016-Q3,4.3
Ульяновская область,15-72 лет,процент,IV квартал,2016-Q4,4.3
Ульяновская область,15-72 лет,процент,значение показателя за год,2016,4.6
Ульяновская область,15-72 лет,процент,I квартал,2017-Q1,4.6
Ульяновская область,15-72 лет,процент,II квартал,2017-Q2,4.4
Ульяновская область,15-72 лет,процент,III квартал,2017-Q3,4.6
Ульяновская область,15-72 лет,процент,IV квартал,2017-Q4,4.0
Ульяновская область,15-72 лет,процент,значение показателя за год,2017,4.4
Ульяновская область,15-72 лет,процент,I квартал,2018-Q1,4.2
Ульяновская область,15-72 лет,процент,II квартал,2018-Q2,3.7
Ульяновская область,15-72 лет,процент,III квартал,2018-Q3,3.5
Ульяновская область,15-72 лет,процент,IV квартал,2018-Q4,3.5
Ульяновская область,15-72 лет,процент,значение показателя за год,2018,3.7
Ульяновская область,15-72 лет,процент,I квартал,2019-Q1,3.8
Ульяновская область,15-72 лет,процент,II квартал,2019-Q2,3.6
Ульяновская область,15-72 лет,процент,III квартал,2019-Q3,3.8
Ульяновская область,15-72 лет,процент,IV квартал,2019-Q4,3.8
Ульяновская область,15-72 лет,процент,значение показателя за год,2019,3.8
Ульяновская область,15-72 лет,процент,I квартал,2020-Q1,4.0
Ульяновская область,15-72 лет,процент,II квартал,2020-Q2,5.5
Ульяновская область,15-72 лет,процент,III квартал,2020-Q3,5.2
Ульяновская область,15-72 лет,процент,IV квартал,2020-Q4,4.9
Ульяновская область,15-72 лет,процент,значение показателя за год,2020,4.9
Ульяновская область,15-72 лет,процент,I квартал,2021-Q1,4.6
Ульяновская область,15-72 лет,процент,II квартал,2021-Q2,4.6
Ульяновская область,15-72 лет,процент,III квартал,2021-Q3,4.1
Ульяновская область,15-72 лет,процент,IV квартал,2021-Q4,3.9
Ульяновская область,15-72 лет,процент,значение показателя за год,2021,4.3
Уральский федеральный округ,15 лет и старше,процент,I квартал,2017-Q1,6.2
Уральский федеральный округ,15 лет и старше,процент,II квартал,2017-Q2,5.7
Уральский федеральный округ,15 лет и старше,процент,III квартал,2017-Q3,5.3
Уральский федеральный округ,15 лет и старше,процент,IV квартал,2017-Q4,5.1
Уральский федеральный округ,15 лет и старше,процент,значение показателя за год,2017,5.6
Уральский федеральный округ,15 лет и старше,процент,I квартал,2018-Q1,5.0
Уральский федеральный округ,15 лет и старше,процент,II квартал,2018-Q2,4.6
Уральский федеральный округ,15 лет и старше,процент,III квартал,2018-Q3,4.6
Уральский федеральный округ,15 лет и старше,процент,IV квартал,2018-Q4,4.7
Уральский федеральный округ,15 лет и старше,процент,значение показателя за год,2018,4.7
Уральский федеральный округ,15 лет и старше,процент,I квартал,2019-Q1,4.5
Уральский федеральный округ,15 лет и старше,процент,II квартал,2019-Q2,4.3
Уральский федеральный округ,15 лет и старше,процент,III квартал,2019-Q3,4.2
Уральский федеральный округ,15 лет и старше,процент,IV квартал,2019-Q4,4.1
Уральский федеральный округ,15 лет и старше,процент,значение показателя за год,2019,4.3
Уральский федеральный округ,15 лет и старше,процент,I квартал,2020-Q1,4.4
Уральский федеральный округ,15 лет и старше,процент,II квартал,2020-Q2,5.9
Уральский федеральный округ,15 лет и старше,процент,III квартал,2020-Q3,6.2
Уральский федеральный округ,15 лет и старше,процент,IV квартал,2020-Q4,5.7
Уральский федеральный округ,15 лет и старше,процент,значение показателя за год,2020,5.5
Уральский федеральный округ,15 лет и старше,процент,I квартал,2021-Q1,5.2
Уральский федеральный округ,15 лет и старше,процент,II квартал,2021-Q2,4.4
Уральский федеральный округ,15 лет и старше,процент,III квартал,2021-Q3,3.8
Уральский федеральный округ,15 лет и старше,процент,IV квартал,2021-Q4,3.6
Уральский федеральный округ,15 лет и старше,процент,значение показателя за год,2021,4.3
Уральский федеральный округ,15 лет и старше,процент,I квартал,2022-Q1,3.6
Уральский федеральный округ,15 лет и старше,процент,II квартал,2022-Q2,3.3
Уральский федеральный округ,15 лет и старше,процент,III квартал,2022-Q3,3.3
Уральский федеральный округ,15 лет и старше,процент,IV квартал,2022-Q4,3.0
Уральский федеральный округ,15 лет и старше,процент,значение показателя за год,2022,3.3
Уральский федеральный округ,15 лет и старше,процент,I квартал,2023-Q1,2.8
Уральский федеральный округ,15 лет и старше,процент,II квартал,2023-Q2,2.4
Уральский федеральный округ,15 лет и старше,процент,III квартал,2023-Q3,2.39
Уральский федеральный округ,15 лет и старше,процент,IV квартал,2023-Q4,2.3
Уральский федеральный округ,15 лет и старше,процент,значение показателя за год,2023,2.5
Уральский федеральный округ,15 лет и старше,процент,I квартал,2024-Q1,2.2
Уральский федеральный округ,15 лет и старше,процент,II квартал,2024-Q2,1.9
Уральский федеральный округ,15 лет и старше,процент,III квартал,2024-Q3,1.8
Уральский федеральный округ,15 лет и старше,процент,IV квартал,2024-Q4,1.5
Уральский федеральный округ,15 лет и старше,процент,значение показателя за год,2024,1.9
Уральский федеральный округ,15 лет и старше,процент,I квартал,2025-Q1,1.6
Уральский федеральный округ,15 лет и старше,процент,II квартал,2025-Q2,1.5
Уральский федеральный округ,15 лет и старше,процент,III квартал,2025-Q3,1.5
Уральский федеральный округ,15 лет и старше,процент,IV квартал,2025-Q4,1.5
Уральский федеральный округ,15 лет и старше,процент,значение показателя за год,2025,1.5
Уральский федеральный округ,15-72 лет,процент,I квартал,2013-Q1,5.8
Уральский федеральный округ,15-72 лет,процент,II квартал,2013-Q2,5.7
Уральский федеральный округ,15-72 лет,процент,III квартал,2013-Q3,5.6
Уральский федеральный округ,15-72 лет,процент,IV квартал,2013-Q4,5.8
Уральский федеральный округ,15-72 лет,процент,значение показателя за год,2013,5.7
Уральский федеральный округ,15-72 лет,процент,I квартал,2014-Q1,6.0
Уральский федеральный округ,15-72 лет,процент,II квартал,2014-Q2,5.6
Уральский федеральный округ,15-72 лет,процент,III квартал,2014-Q3,5.6
Уральский федеральный округ,15-72 лет,процент,IV квартал,2014-Q4,5.9
Уральский федеральный округ,15-72 лет,процент,значение показателя за год,2014,5.8
Уральский федеральный округ,15-72 лет,процент,I квартал,2015-Q1,6.4
Уральский федеральный округ,15-72 лет,процент,II квартал,2015-Q2,6.2
Уральский федеральный округ,15-72 лет,процент,III квартал,2015-Q3,6.0
Уральский федеральный округ,15-72 лет,процент,IV квартал,2015-Q4,6.4
Уральский федеральный округ,15-72 лет,процент,значение показателя за год,2015,6.2
Уральский федеральный округ,15-72 лет,процент,I квартал,2016-Q1,6.5
Уральский федеральный округ,15-72 лет,процент,II квартал,2016-Q2,5.9
Уральский федеральный округ,15-72 лет,процент,III квартал,2016-Q3,5.8
Уральский федеральный округ,15-72 лет,процент,IV квартал,2016-Q4,6.1
Уральский федеральный округ,15-72 лет,процент,значение показателя за год,2016,6.1
Уральский федеральный округ,15-72 лет,процент,I квартал,2017-Q1,6.2
Уральский федеральный округ,15-72 лет,процент,II квартал,2017-Q2,5.7
Уральский федеральный округ,15-72 лет,процент,III квартал,2017-Q3,5.3
Уральский федеральный округ,15-72 лет,процент,IV квартал,2017-Q4,5.1
Уральский федеральный округ,15-72 лет,процент,значение показателя за год,2017,5.6
Уральский федеральный округ,15-72 лет,процент,I квартал,2018-Q1,5.0
Уральский федеральный округ,15-72 лет,процент,II квартал,2018-Q2,4.7
Уральский федеральный округ,15-72 лет,процент,III квартал,2018-Q3,4.7
Уральский федеральный округ,15-72 лет,процент,IV квартал,2018-Q4,4.7
Уральский федеральный округ,15-72 лет,процент,значение показателя за год,2018,4.7
Уральский федеральный округ,15-72 лет,процент,I квартал,2019-Q1,4.5
Уральский федеральный округ,15-72 лет,процент,II квартал,2019-Q2,4.3
Уральский федеральный округ,15-72 лет,процент,III квартал,2019-Q3,4.3
Уральский федеральный округ,15-72 лет,процент,IV квартал,2019-Q4,4.1
Уральский федеральный округ,15-72 лет,процент,значение показателя за год,2019,4.3
Уральский федеральный округ,15-72 лет,процент,I квартал,2020-Q1,4.4
Уральский федеральный округ,15-72 лет,процент,II квартал,2020-Q2,5.9
Уральский федеральный округ,15-72 лет,процент,III квартал,2020-Q3,6.2
Уральский федеральный округ,15-72 лет,процент,IV квартал,2020-Q4,5.7
Уральский федеральный округ,15-72 лет,процент,значение показателя за год,2020,5.6
Уральский федеральный округ,15-72 лет,процент,I квартал,2021-Q1,5.2
Уральский федеральный округ,15-72 лет,процент,II квартал,2021-Q2,4.4
Уральский федеральный округ,15-72 лет,процент,III квартал,2021-Q3,3.8
Уральский федеральный округ,15-72 лет,процент,IV квартал,2021-Q4,3.6
Уральский федеральный округ,15-72 лет,процент,значение показателя за год,2021,4.3
Курганская область,15 лет и старше,процент,I квартал,2017-Q1,10.3
Курганская область,15 лет и старше,процент,II квартал,2017-Q2,8.7
Курганская область,15 лет и старше,процент,III квартал,2017-Q3,8.1
Курганская область,15 лет и старше,процент,IV квартал,2017-Q4,8.8
Курганская область,15 лет и старше,процент,значение показателя за год,2017,9.0
Курганская область,15 лет и старше,процент,I квартал,2018-Q1,8.7
Курганская область,15 лет и старше,процент,II квартал,2018-Q2,7.5
Курганская область,15 лет и старше,процент,III квартал,2018-Q3,7.1
Курганская область,15 лет и старше,процент,IV квартал,2018-Q4,8.1
Курганская область,15 лет и старше,процент,значение показателя за год,2018,7.9
Курганская область,15 лет и старше,процент,I квартал,2019-Q1,8.2
Курганская область,15 лет и старше,процент,II квартал,2019-Q2,7.7
Курганская область,15 лет и старше,процент,III квартал,2019-Q3,7.2
Курганская область,15 лет и старше,процент,IV квартал,2019-Q4,7.6
Курганская область,15 лет и старше,процент,значение показателя за год,2019,7.7
Курганская область,15 лет и старше,процент,I квартал,2020-Q1,7.9
Курганская область,15 лет и старше,процент,II квартал,2020-Q2,8.3
Курганская область,15 лет и старше,процент,III квартал,2020-Q3,8.2
Курганская область,15 лет и старше,процент,IV квартал,2020-Q4,8.1
Курганская область,15 лет и старше,процент,значение показателя за год,2020,8.1
Курганская область,15 лет и старше,процент,I квартал,2021-Q1,8.0
Курганская область,15 лет и старше,процент,II квартал,2021-Q2,7.7
Курганская область,15 лет и старше,процент,III квартал,2021-Q3,7.3
Курганская область,15 лет и старше,процент,IV квартал,2021-Q4,7.3
Курганская область,15 лет и старше,процент,значение показателя за год,2021,7.6
Курганская область,15 лет и старше,процент,I квартал,2022-Q1,6.9
Курганская область,15 лет и старше,процент,II квартал,2022-Q2,6.5
Курганская область,15 лет и старше,процент,III квартал,2022-Q3,6.1
Курганская область,15 лет и старше,процент,IV квартал,2022-Q4,5.8
Курганская область,15 лет и старше,процент,значение показателя за год,2022,6.3
Курганская область,15 лет и старше,процент,I квартал,2023-Q1,5.32
Курганская область,15 лет и старше,процент,II квартал,2023-Q2,4.9
Курганская область,15 лет и старше,процент,III квартал,2023-Q3,4.55
Курганская область,15 лет и старше,процент,IV квартал,2023-Q4,4.0
Курганская область,15 лет и старше,процент,значение показателя за год,2023,4.7
Курганская область,15 лет и старше,процент,I квартал,2024-Q1,3.4
Курганская область,15 лет и старше,процент,II квартал,2024-Q2,3.0
Курганская область,15 лет и старше,процент,III квартал,2024-Q3,2.5
Курганская область,15 лет и старше,процент,IV квартал,2024-Q4,2.2
Курганская область,15 лет и старше,процент,значение показателя за год,2024,2.8
Курганская область,15 лет и старше,процент,I квартал,2025-Q1,2.1
Курганская область,15 лет и старше,процент,II квартал,2025-Q2,2.0
Курганская область,15 лет и старше,процент,III квартал,2025-Q3,1.9
Курганская область,15 лет и старше,процент,IV квартал,2025-Q4,1.9
Курганская область,15 лет и старше,процент,значение показателя за год,2025,2.0
Курганская область,15-72 лет,процент,I квартал,2013-Q1,7.4
Курганская область,15-72 лет,процент,II квартал,2013-Q2,7.6
Курганская область,15-72 лет,процент,III квартал,2013-Q3,7.1
Курганская область,15-72 лет,процент,IV квартал,2013-Q4,8.0
Курганская область,15-72 лет,процент,значение показателя за год,2013,7.5
Курганская область,15-72 лет,процент,I квартал,2014-Q1,8.0
Курганская область,15-72 лет,процент,II квартал,2014-Q2,7.0
Курганская область,15-72 лет,процент,III квартал,2014-Q3,6.0
Курганская область,15-72 лет,процент,IV квартал,2014-Q4,7.0
Курганская область,15-72 лет,процент,значение показателя за год,2014,7.0
Курганская область,15-72 лет,процент,I квартал,2015-Q1,7.7
Курганская область,15-72 лет,процент,II квартал,2015-Q2,6.6
Курганская область,15-72 лет,процент,III квартал,2015-Q3,7.4
Курганская область,15-72 лет,процент,IV квартал,2015-Q4,8.2
Курганская область,15-72 лет,процент,значение показателя за год,2015,7.5
Курганская область,15-72 лет,процент,I квартал,2016-Q1,7.8
Курганская область,15-72 лет,процент,II квартал,2016-Q2,8.1
Курганская область,15-72 лет,процент,III квартал,2016-Q3,8.8
Курганская область,15-72 лет,процент,IV квартал,2016-Q4,8.7
Курганская область,15-72 лет,процент,значение показателя за год,2016,8.3
Курганская область,15-72 лет,процент,I квартал,2017-Q1,10.4
Курганская область,15-72 лет,процент,II квартал,2017-Q2,8.7
Курганская область,15-72 лет,процент,III квартал,2017-Q3,8.1
Курганская область,15-72 лет,процент,IV квартал,2017-Q4,8.8
Курганская область,15-72 лет,процент,значение показателя за год,2017,9.0
Курганская область,15-72 лет,процент,I квартал,2018-Q1,8.8
Курганская область,15-72 лет,процент,II квартал,2018-Q2,7.5
Курганская область,15-72 лет,процент,III квартал,2018-Q3,7.1
Курганская область,15-72 лет,процент,IV квартал,2018-Q4,8.1
Курганская область,15-72 лет,процент,значение показателя за год,2018,7.9
Курганская область,15-72 лет,процент,I квартал,2019-Q1,8.2
Курганская область,15-72 лет,процент,II квартал,2019-Q2,7.7
Курганская область,15-72 лет,процент,III квартал,2019-Q3,7.3
Курганская область,15-72 лет,процент,IV квартал,2019-Q4,7.6
Курганская область,15-72 лет,процент,значение показателя за год,2019,7.7
Курганская область,15-72 лет,процент,I квартал,2020-Q1,7.9
Курганская область,15-72 лет,процент,II квартал,2020-Q2,8.4
Курганская область,15-72 лет,процент,III квартал,2020-Q3,8.2
Курганская область,15-72 лет,процент,IV квартал,2020-Q4,8.1
Курганская область,15-72 лет,процент,значение показателя за год,2020,8.2
Курганская область,15-72 лет,процент,I квартал,2021-Q1,8.0
Курганская область,15-72 лет,процент,II квартал,2021-Q2,7.7
Курганская область,15-72 лет,процент,III квартал,2021-Q3,7.4
Курганская область,15-72 лет,процент,IV квартал,2021-Q4,7.3
Курганская область,15-72 лет,процент,значение показателя за год,2021,7.6
Свердловская область,15 лет и старше,процент,I квартал,2017-Q1,6.2
Свердловская область,15 лет и старше,процент,II квартал,2017-Q2,5.8
Свердловская область,15 лет и старше,процент,III квартал,2017-Q3,4.9
Свердловская область,15 лет и старше,процент,IV квартал,2017-Q4,5.0
Свердловская область,15 лет и старше,процент,значение показателя за год,2017,5.5
Свердловская область,15 лет и старше,процент,I квартал,2018-Q1,4.9
Свердловская область,15 лет и старше,процент,II квартал,2018-Q2,4.6
Свердловская область,15 лет и старше,процент,III квартал,2018-Q3,5.0
Свердловская область,15 лет и старше,процент,IV квартал,2018-Q4,4.7
Свердловская область,15 лет и старше,процент,значение показателя за год,2018,4.8
Свердловская область,15 лет и старше,процент,I квартал,2019-Q1,4.6
Свердловская область,15 лет и старше,процент,II квартал,2019-Q2,4.1
Свердловская область,15 лет и старше,процент,III квартал,2019-Q3,4.1
Свердловская область,15 лет и старше,процент,IV квартал,2019-Q4,4.0
Свердловская область,15 лет и старше,процент,значение показателя за год,2019,4.2
Свердловская область,15 лет и старше,процент,I квартал,2020-Q1,4.6
Свердловская область,15 лет и старше,процент,II квартал,2020-Q2,6.8
Свердловская область,15 лет и старше,процент,III квартал,2020-Q3,6.2
Свердловская область,15 лет и старше,процент,IV квартал,2020-Q4,5.6
Свердловская область,15 лет и старше,процент,значение показателя за год,2020,5.8
Свердловская область,15 лет и старше,процент,I квартал,2021-Q1,4.7
Свердловская область,15 лет и старше,процент,II квартал,2021-Q2,4.1
Свердловская область,15 лет и старше,процент,III квартал,2021-Q3,3.7
Свердловская область,15 лет и старше,процент,IV квартал,2021-Q4,3.8
Свердловская область,15 лет и старше,процент,значение показателя за год,2021,4.1
Свердловская область,15 лет и старше,процент,I квартал,2022-Q1,3.9
Свердловская область,15 лет и старше,процент,II квартал,2022-Q2,3.2
Свердловская область,15 лет и старше,процент,III квартал,2022-Q3,3.5
Свердловская область,15 лет и старше,процент,IV квартал,2022-Q4,3.2
Свердловская область,15 лет и старше,процент,значение показателя за год,2022,3.5
Свердловская область,15 лет и старше,процент,I квартал,2023-Q1,2.89
Свердловская область,15 лет и старше,процент,II квартал,2023-Q2,1.9
Свердловская область,15 лет и старше,процент,III квартал,2023-Q3,2.24
Свердловская область,15 лет и старше,процент,IV квартал,2023-Q4,2.4
Свердловская область,15 лет и старше,процент,значение показателя за год,2023,2.4
Свердловская область,15 лет и старше,процент,I квартал,2024-Q1,2.4
Свердловская область,15 лет и старше,процент,II квартал,2024-Q2,1.8
Свердловская область,15 лет и старше,процент,III квартал,2024-Q3,1.7
Свердловская область,15 лет и старше,процент,IV квартал,2024-Q4,1.4
Свердловская область,15 лет и старше,процент,значение показателя за год,2024,1.8
Свердловская область,15 лет и старше,процент,I квартал,2025-Q1,1.7
Свердловская область,15 лет и старше,процент,II квартал,2025-Q2,1.5
Свердловская область,15 лет и старше,процент,III квартал,2025-Q3,1.3
Свердловская область,15 лет и старше,процент,IV квартал,2025-Q4,1.3
Свердловская область,15 лет и старше,процент,значение показателя за год,2025,1.4
Свердловская область,15-72 лет,процент,I квартал,2013-Q1,6.1
Свердловская область,15-72 лет,процент,II квартал,2013-Q2,5.7
Свердловская область,15-72 лет,процент,III квартал,2013-Q3,5.6
Свердловская область,15-72 лет,процент,IV квартал,2013-Q4,6.1
Свердловская область,15-72 лет,процент,значение показателя за год,2013,5.9
Свердловская область,15-72 лет,процент,I квартал,2014-Q1,6.2
Свердловская область,15-72 лет,процент,II квартал,2014-Q2,5.4
Свердловская область,15-72 лет,процент,III квартал,2014-Q3,6.1
Свердловская область,15-72 лет,процент,IV квартал,2014-Q4,6.5
Свердловская область,15-72 лет,процент,значение показателя за год,2014,6.1
Свердловская область,15-72 лет,процент,I квартал,2015-Q1,6.8
Свердловская область,15-72 лет,процент,II квартал,2015-Q2,6.6
Свердловская область,15-72 лет,процент,III квартал,2015-Q3,5.8
Свердловская область,15-72 лет,процент,IV квартал,2015-Q4,6.8
Свердловская область,15-72 лет,процент,значение показателя за год,2015,6.5
Свердловская область,15-72 лет,процент,I квартал,2016-Q1,6.8
Свердловская область,15-72 лет,процент,II квартал,2016-Q2,5.8
Свердловская область,15-72 лет,процент,III квартал,2016-Q3,5.8
Свердловская область,15-72 лет,процент,IV квартал,2016-Q4,6.3
Свердловская область,15-72 лет,процент,значение показателя за год,2016,6.2
Свердловская область,15-72 лет,процент,I квартал,2017-Q1,6.1
Свердловская область,15-72 лет,процент,II квартал,2017-Q2,5.8
Свердловская область,15-72 лет,процент,III квартал,2017-Q3,4.9
Свердловская область,15-72 лет,процент,IV квартал,2017-Q4,5.0
Свердловская область,15-72 лет,процент,значение показателя за год,2017,5.5
Свердловская область,15-72 лет,процент,I квартал,2018-Q1,5.0
Свердловская область,15-72 лет,процент,II квартал,2018-Q2,4.6
Свердловская область,15-72 лет,процент,III квартал,2018-Q3,5.0
Свердловская область,15-72 лет,процент,IV квартал,2018-Q4,4.7
Свердловская область,15-72 лет,процент,значение показателя за год,2018,4.8
Свердловская область,15-72 лет,процент,I квартал,2019-Q1,4.6
Свердловская область,15-72 лет,процент,II квартал,2019-Q2,4.2
Свердловская область,15-72 лет,процент,III квартал,2019-Q3,4.1
Свердловская область,15-72 лет,процент,IV квартал,2019-Q4,4.0
Свердловская область,15-72 лет,процент,значение показателя за год,2019,4.2
Свердловская область,15-72 лет,процент,I квартал,2020-Q1,4.6
Свердловская область,15-72 лет,процент,II квартал,2020-Q2,6.8
Свердловская область,15-72 лет,процент,III квартал,2020-Q3,6.2
Свердловская область,15-72 лет,процент,IV квартал,2020-Q4,5.6
Свердловская область,15-72 лет,процент,значение показателя за год,2020,5.8
Свердловская область,15-72 лет,процент,I квартал,2021-Q1,4.7
Свердловская область,15-72 лет,процент,II квартал,2021-Q2,4.1
Свердловская область,15-72 лет,процент,III квартал,2021-Q3,3.7
Свердловская область,15-72 лет,процент,IV квартал,2021-Q4,3.8
Свердловская область,15-72 лет,процент,значение показателя за год,2021,4.1
Тюменская область,15 лет и старше,процент,I квартал,2017-Q1,4.4
Тюменская область,15 лет и старше,процент,II квартал,2017-Q2,3.9
Тюменская область,15 лет и старше,процент,III квартал,2017-Q3,3.9
Тюменская область,15 лет и старше,процент,IV квартал,2017-Q4,3.6
Тюменская область,15 лет и старше,процент,значение показателя за год,2017,3.9
Тюменская область,15 лет и старше,процент,I квартал,2018-Q1,3.4
Тюменская область,15 лет и старше,процент,II квартал,2018-Q2,3.2
Тюменская область,15 лет и старше,процент,III квартал,2018-Q3,2.9
Тюменская область,15 лет и старше,процент,IV квартал,2018-Q4,3.1
Тюменская область,15 лет и старше,процент,значение показателя за год,2018,3.2
Тюменская область,15 лет и старше,процент,I квартал,2019-Q1,3.0
Тюменская область,15 лет и старше,процент,II квартал,2019-Q2,3.2
Тюменская область,15 лет и старше,процент,III квартал,2019-Q3,3.1
Тюменская область,15 лет и старше,процент,IV квартал,2019-Q4,2.8
Тюменская область,15 лет и старше,процент,значение показателя за год,2019,3.0
Тюменская область,15 лет и старше,процент,I квартал,2020-Q1,3.0
Тюменская область,15 лет и старше,процент,II квартал,2020-Q2,3.6
Тюменская область,15 лет и старше,процент,III квартал,2020-Q3,4.0
Тюменская область,15 лет и старше,процент,IV квартал,2020-Q4,3.8
Тюменская область,15 лет и старше,процент,значение показателя за год,2020,3.6
Тюменская область,15 лет и старше,процент,I квартал,2021-Q1,3.9
Тюменская область,15 лет и старше,процент,II квартал,2021-Q2,3.4
Тюменская область,15 лет и старше,процент,III квартал,2021-Q3,3.0
Тюменская область,15 лет и старше,процент,IV квартал,2021-Q4,2.6
Тюменская область,15 лет и старше,процент,значение показателя за год,2021,3.2
Тюменская область,15 лет и старше,процент,I квартал,2022-Q1,2.9
Тюменская область,15 лет и старше,процент,II квартал,2022-Q2,2.7
Тюменская область,15 лет и старше,процент,III квартал,2022-Q3,2.8
Тюменская область,15 лет и старше,процент,IV квартал,2022-Q4,2.4
Тюменская область,15 лет и старше,процент,значение показателя за год,2022,2.7
Тюменская область,15 лет и старше,процент,I квартал,2023-Q1,2.49
Тюменская область,15 лет и старше,процент,II квартал,2023-Q2,2.3
Тюменская область,15 лет и старше,процент,III квартал,2023-Q3,2.17
Тюменская область,15 лет и старше,процент,IV квартал,2023-Q4,2.1
Тюменская область,15 лет и старше,процент,значение показателя за год,2023,2.3
Тюменская область,15 лет и старше,процент,I квартал,2024-Q1,2.0
Тюменская область,15 лет и старше,процент,II квартал,2024-Q2,1.8
Тюменская область,15 лет и старше,процент,III квартал,2024-Q3,1.6
Тюменская область,15 лет и старше,процент,IV квартал,2024-Q4,1.5
Тюменская область,15 лет и старше,процент,значение показателя за год,2024,1.7
Тюменская область,15 лет и старше,процент,I квартал,2025-Q1,1.4
Тюменская область,15 лет и старше,процент,II квартал,2025-Q2,1.3
Тюменская область,15 лет и старше,процент,III квартал,2025-Q3,1.3
Тюменская область,15 лет и старше,процент,IV квартал,2025-Q4,1.4
Тюменская область,15 лет и старше,процент,значение показателя за год,2025,1.4
Тюменская область,15-72 лет,процент,I квартал,2013-Q1,4.8
Тюменская область,15-72 лет,процент,II квартал,2013-Q2,4.8
Тюменская область,15-72 лет,процент,III квартал,2013-Q3,4.7
Тюменская область,15-72 лет,процент,IV квартал,2013-Q4,4.6
Тюменская область,15-72 лет,процент,значение показателя за год,2013,4.7
Тюменская область,15-72 лет,процент,I квартал,2014-Q1,4.9
Тюменская область,15-72 лет,процент,II квартал,2014-Q2,4.8
Тюменская область,15-72 лет,процент,III квартал,2014-Q3,4.3
Тюменская область,15-72 лет,процент,IV квартал,2014-Q4,4.7
Тюменская область,15-72 лет,процент,значение показателя за год,2014,4.7
Тюменская область,15-72 лет,процент,I квартал,2015-Q1,5.1
Тюменская область,15-72 лет,процент,II квартал,2015-Q2,4.9
Тюменская область,15-72 лет,процент,III квартал,2015-Q3,4.9
Тюменская область,15-72 лет,процент,IV квартал,2015-Q4,4.9
Тюменская область,15-72 лет,процент,значение показателя за год,2015,4.9
Тюменская область,15-72 лет,процент,I квартал,2016-Q1,5.1
Тюменская область,15-72 лет,процент,II квартал,2016-Q2,4.6
Тюменская область,15-72 лет,процент,III квартал,2016-Q3,4.2
Тюменская область,15-72 лет,процент,IV квартал,2016-Q4,4.6
Тюменская область,15-72 лет,процент,значение показателя за год,2016,4.6
Тюменская область,15-72 лет,процент,I квартал,2017-Q1,4.4
Тюменская область,15-72 лет,процент,II квартал,2017-Q2,3.9
Тюменская область,15-72 лет,процент,III квартал,2017-Q3,3.9
Тюменская область,15-72 лет,процент,IV квартал,2017-Q4,3.6
Тюменская область,15-72 лет,процент,значение показателя за год,2017,3.9
Тюменская область,15-72 лет,процент,I квартал,2018-Q1,3.4
Тюменская область,15-72 лет,процент,II квартал,2018-Q2,3.2
Тюменская область,15-72 лет,процент,III квартал,2018-Q3,2.9
Тюменская область,15-72 лет,процент,IV квартал,2018-Q4,3.2
Тюменская область,15-72 лет,процент,значение показателя за год,2018,3.2
Тюменская область,15-72 лет,процент,I квартал,2019-Q1,3.0
Тюменская область,15-72 лет,процент,II квартал,2019-Q2,3.2
Тюменская область,15-72 лет,процент,III квартал,2019-Q3,3.1
Тюменская область,15-72 лет,процент,IV квартал,2019-Q4,2.8
Тюменская область,15-72 лет,процент,значение показателя за год,2019,3.0
Тюменская область,15-72 лет,процент,I квартал,2020-Q1,3.0
Тюменская область,15-72 лет,процент,II квартал,2020-Q2,3.6
Тюменская область,15-72 лет,процент,III квартал,2020-Q3,4.0
Тюменская область,15-72 лет,процент,IV квартал,2020-Q4,3.8
Тюменская область,15-72 лет,процент,значение показателя за год,2020,3.6
Тюменская область,15-72 лет,процент,I квартал,2021-Q1,3.9
Тюменская область,15-72 лет,процент,II квартал,2021-Q2,3.4
Тюменская область,15-72 лет,процент,III квартал,2021-Q3,3.0
Тюменская область,15-72 лет,процент,IV квартал,2021-Q4,2.6
Тюменская область,15-72 лет,процент,значение показателя за год,2021,3.2
Ханты-Мансийский автономный округ - Югра (Тюменская область),15 лет и старше,процент,I квартал,2017-Q1,3.9
Ханты-Мансийский автономный округ - Югра (Тюменская область),15 лет и старше,процент,II квартал,2017-Q2,3.2
Ханты-Мансийский автономный округ - Югра (Тюменская область),15 лет и старше,процент,III квартал,2017-Q3,3.1
Ханты-Мансийский автономный округ - Югра (Тюменская область),15 лет и старше,процент,IV квартал,2017-Q4,3.0
Ханты-Мансийский автономный округ - Югра (Тюменская область),15 лет и старше,процент,значение показателя за год,2017,3.3
Ханты-Мансийский автономный округ - Югра (Тюменская область),15 лет и старше,процент,I квартал,2018-Q1,2.7
Ханты-Мансийский автономный округ - Югра (Тюменская область),15 лет и старше,процент,II квартал,2018-Q2,2.7
Ханты-Мансийский автономный округ - Югра (Тюменская область),15 лет и старше,процент,III квартал,2018-Q3,2.3
Ханты-Мансийский автономный округ - Югра (Тюменская область),15 лет и старше,процент,IV квартал,2018-Q4,2.5
Ханты-Мансийский автономный округ - Югра (Тюменская область),15 лет и старше,процент,значение показателя за год,2018,2.5
Ханты-Мансийский автономный округ - Югра (Тюменская область),15 лет и старше,процент,I квартал,2019-Q1,2.3
Ханты-Мансийский автономный округ - Югра (Тюменская область),15 лет и старше,процент,II квартал,2019-Q2,2.6
Ханты-Мансийский автономный округ - Югра (Тюменская область),15 лет и старше,процент,III квартал,2019-Q3,2.7
Ханты-Мансийский автономный округ - Югра (Тюменская область),15 лет и старше,процент,IV квартал,2019-Q4,2.4
Ханты-Мансийский автономный округ - Югра (Тюменская область),15 лет и старше,процент,значение показателя за год,2019,2.5
Ханты-Мансийский автономный округ - Югра (Тюменская область),15 лет и старше,процент,I квартал,2020-Q1,2.5
Ханты-Мансийский автономный округ - Югра (Тюменская область),15 лет и старше,процент,II квартал,2020-Q2,2.8
Ханты-Мансийский автономный округ - Югра (Тюменская область),15 лет и старше,процент,III квартал,2020-Q3,3.4
Ханты-Мансийский автономный округ - Югра (Тюменская область),15 лет и старше,процент,IV квартал,2020-Q4,3.3
Ханты-Мансийский автономный округ - Югра (Тюменская область),15 лет и старше,процент,значение показателя за год,2020,3.0
Ханты-Мансийский автономный округ - Югра (Тюменская область),15 лет и старше,процент,I квартал,2021-Q1,3.2
Ханты-Мансийский автономный округ - Югра (Тюменская область),15 лет и старше,процент,II квартал,2021-Q2,2.8
Ханты-Мансийский автономный округ - Югра (Тюменская область),15 лет и старше,процент,III квартал,2021-Q3,2.5
Ханты-Мансийский автономный округ - Югра (Тюменская область),15 лет и старше,процент,IV квартал,2021-Q4,2.1
Ханты-Мансийский автономный округ - Югра (Тюменская область),15 лет и старше,процент,значение показателя за год,2021,2.6
Ханты-Мансийский автономный округ - Югра (Тюменская область),15 лет и старше,процент,I квартал,2022-Q1,2.2
Ханты-Мансийский автономный округ - Югра (Тюменская область),15 лет и старше,процент,II квартал,2022-Q2,1.9
Ханты-Мансийский автономный округ - Югра (Тюменская область),15 лет и старше,процент,III квартал,2022-Q3,2.2
Ханты-Мансийский автономный округ - Югра (Тюменская область),15 лет и старше,процент,IV квартал,2022-Q4,2.0
Ханты-Мансийский автономный округ - Югра (Тюменская область),15 лет и старше,процент,значение показателя за год,2022,2.0
Ханты-Мансийский автономный округ - Югра (Тюменская область),15 лет и старше,процент,I квартал,2023-Q1,1.94
Ханты-Мансийский автономный округ - Югра (Тюменская область),15 лет и старше,процент,II квартал,2023-Q2,1.8
Ханты-Мансийский автономный округ - Югра (Тюменская область),15 лет и старше,процент,III квартал,2023-Q3,1.66
Ханты-Мансийский автономный округ - Югра (Тюменская область),15 лет и старше,процент,IV квартал,2023-Q4,1.8
Ханты-Мансийский автономный округ - Югра (Тюменская область),15 лет и старше,процент,значение показателя за год,2023,1.8
Ханты-Мансийский автономный округ - Югра (Тюменская область),15 лет и старше,процент,I квартал,2024-Q1,1.6
Ханты-Мансийский автономный округ - Югра (Тюменская область),15 лет и старше,процент,II квартал,2024-Q2,1.4
Ханты-Мансийский автономный округ - Югра (Тюменская область),15 лет и старше,процент,III квартал,2024-Q3,1.2
Ханты-Мансийский автономный округ - Югра (Тюменская область),15 лет и старше,процент,IV квартал,2024-Q4,1.1
Ханты-Мансийский автономный округ - Югра (Тюменская область),15 лет и старше,процент,значение показателя за год,2024,1.3
Ханты-Мансийский автономный округ - Югра (Тюменская область),15 лет и старше,процент,I квартал,2025-Q1,1.1
Ханты-Мансийский автономный округ - Югра (Тюменская область),15 лет и старше,процент,II квартал,2025-Q2,1.0
Ханты-Мансийский автономный округ - Югра (Тюменская область),15 лет и старше,процент,III квартал,2025-Q3,1.0
Ханты-Мансийский автономный округ - Югра (Тюменская область),15 лет и старше,процент,IV квартал,2025-Q4,1.0
Ханты-Мансийский автономный округ - Югра (Тюменская область),15 лет и старше,процент,значение показателя за год,2025,1.0
Ханты-Мансийский автономный округ - Югра (Тюменская область),15-72 лет,процент,I квартал,2013-Q1,4.9
Ханты-Мансийский автономный округ - Югра (Тюменская область),15-72 лет,процент,II квартал,2013-Q2,5.3
Ханты-Мансийский автономный округ - Югра (Тюменская область),15-72 лет,процент,III квартал,2013-Q3,4.9
Ханты-Мансийский автономный округ - Югра (Тюменская область),15-72 лет,процент,IV квартал,2013-Q4,4.4
Ханты-Мансийский автономный округ - Югра (Тюменская область),15-72 лет,процент,значение показателя за год,2013,4.9
Ханты-Мансийский автономный округ - Югра (Тюменская область),15-72 лет,процент,I квартал,2014-Q1,4.9
Ханты-Мансийский автономный округ - Югра (Тюменская область),15-72 лет,процент,II квартал,2014-Q2,5.0
Ханты-Мансийский автономный округ - Югра (Тюменская область),15-72 лет,процент,III квартал,2014-Q3,4.0
Ханты-Мансийский автономный округ - Югра (Тюменская область),15-72 лет,процент,IV квартал,2014-Q4,4.6
Ханты-Мансийский автономный округ - Югра (Тюменская область),15-72 лет,процент,значение показателя за год,2014,4.6
Ханты-Мансийский автономный округ - Югра (Тюменская область),15-72 лет,процент,I квартал,2015-Q1,4.4
Ханты-Мансийский автономный округ - Югра (Тюменская область),15-72 лет,процент,II квартал,2015-Q2,4.3
Ханты-Мансийский автономный округ - Югра (Тюменская область),15-72 лет,процент,III квартал,2015-Q3,4.5
Ханты-Мансийский автономный округ - Югра (Тюменская область),15-72 лет,процент,IV квартал,2015-Q4,4.6
Ханты-Мансийский автономный округ - Югра (Тюменская область),15-72 лет,процент,значение показателя за год,2015,4.5
Ханты-Мансийский автономный округ - Югра (Тюменская область),15-72 лет,процент,I квартал,2016-Q1,4.6
Ханты-Мансийский автономный округ - Югра (Тюменская область),15-72 лет,процент,II квартал,2016-Q2,4.2
Ханты-Мансийский автономный округ - Югра (Тюменская область),15-72 лет,процент,III квартал,2016-Q3,4.4
Ханты-Мансийский автономный округ - Югра (Тюменская область),15-72 лет,процент,IV квартал,2016-Q4,5.2
Ханты-Мансийский автономный округ - Югра (Тюменская область),15-72 лет,процент,значение показателя за год,2016,4.6
Ханты-Мансийский автономный округ - Югра (Тюменская область),15-72 лет,процент,I квартал,2017-Q1,3.9
Ханты-Мансийский автономный округ - Югра (Тюменская область),15-72 лет,процент,II квартал,2017-Q2,3.2
Ханты-Мансийский автономный округ - Югра (Тюменская область),15-72 лет,процент,III квартал,2017-Q3,3.1
Ханты-Мансийский автономный округ - Югра (Тюменская область),15-72 лет,процент,IV квартал,2017-Q4,3.0
Ханты-Мансийский автономный округ - Югра (Тюменская область),15-72 лет,процент,значение показателя за год,2017,3.3
Ханты-Мансийский автономный округ - Югра (Тюменская область),15-72 лет,процент,I квартал,2018-Q1,2.7
Ханты-Мансийский автономный округ - Югра (Тюменская область),15-72 лет,процент,II квартал,2018-Q2,2.7
Ханты-Мансийский автономный округ - Югра (Тюменская область),15-72 лет,процент,III квартал,2018-Q3,2.3
Ханты-Мансийский автономный округ - Югра (Тюменская область),15-72 лет,процент,IV квартал,2018-Q4,2.5
Ханты-Мансийский автономный округ - Югра (Тюменская область),15-72 лет,процент,значение показателя за год,2018,2.5
Ханты-Мансийский автономный округ - Югра (Тюменская область),15-72 лет,процент,I квартал,2019-Q1,2.3
Ханты-Мансийский автономный округ - Югра (Тюменская область),15-72 лет,процент,II квартал,2019-Q2,2.6
Ханты-Мансийский автономный округ - Югра (Тюменская область),15-72 лет,процент,III квартал,2019-Q3,2.7
Ханты-Мансийский автономный округ - Югра (Тюменская область),15-72 лет,процент,IV квартал,2019-Q4,2.4
Ханты-Мансийский автономный округ - Югра (Тюменская область),15-72 лет,процент,значение показателя за год,2019,2.5
Ханты-Мансийский автономный округ - Югра (Тюменская область),15-72 лет,процент,I квартал,2020-Q1,2.5
Ханты-Мансийский автономный округ - Югра (Тюменская область),15-72 лет,процент,II квартал,2020-Q2,2.8
Ханты-Мансийский автономный округ - Югра (Тюменская область),15-72 лет,процент,III квартал,2020-Q3,3.4
Ханты-Мансийский автономный округ - Югра (Тюменская область),15-72 лет,процент,IV квартал,2020-Q4,3.3
Ханты-Мансийский автономный округ - Югра (Тюменская область),15-72 лет,процент,значение показателя за год,2020,3.0
Ханты-Мансийский автономный округ - Югра (Тюменская область),15-72 лет,процент,I квартал,2021-Q1,3.2
Ханты-Мансийский автономный округ - Югра (Тюменская область),15-72 лет,процент,II квартал,2021-Q2,2.8
Ханты-Мансийский автономный округ - Югра (Тюменская область),15-72 лет,процент,III квартал,2021-Q3,2.5
Ханты-Мансийский автономный округ - Югра (Тюменская область),15-72 лет,процент,IV квартал,2021-Q4,2.1
Ханты-Мансийский автономный округ - Югра (Тюменская область),15-72 лет,процент,значение показателя за год,2021,2.6
Ямало-Ненецкий автономный округ (Тюменская область),15 лет и старше,процент,I квартал,2017-Q1,3.9
Ямало-Ненецкий автономный округ (Тюменская область),15 лет и старше,процент,II квартал,2017-Q2,3.5
Ямало-Ненецкий автономный округ (Тюменская область),15 лет и старше,процент,III квартал,2017-Q3,3.3
Ямало-Ненецкий автономный округ (Тюменская область),15 лет и старше,процент,IV квартал,2017-Q4,2.4
Ямало-Ненецкий автономный округ (Тюменская область),15 лет и старше,процент,значение показателя за год,2017,3.3
Ямало-Ненецкий автономный округ (Тюменская область),15 лет и старше,процент,I квартал,2018-Q1,2.3
Ямало-Ненецкий автономный округ (Тюменская область),15 лет и старше,процент,II квартал,2018-Q2,2.0
Ямало-Ненецкий автономный округ (Тюменская область),15 лет и старше,процент,III квартал,2018-Q3,2.0
Ямало-Ненецкий автономный округ (Тюменская область),15 лет и старше,процент,IV квартал,2018-Q4,2.3
Ямало-Ненецкий автономный округ (Тюменская область),15 лет и старше,процент,значение показателя за год,2018,2.1
Ямало-Ненецкий автономный округ (Тюменская область),15 лет и старше,процент,I квартал,2019-Q1,2.0
Ямало-Ненецкий автономный округ (Тюменская область),15 лет и старше,процент,II квартал,2019-Q2,2.0
Ямало-Ненецкий автономный округ (Тюменская область),15 лет и старше,процент,III квартал,2019-Q3,2.0
Ямало-Ненецкий автономный округ (Тюменская область),15 лет и старше,процент,IV квартал,2019-Q4,1.9
Ямало-Ненецкий автономный округ (Тюменская область),15 лет и старше,процент,значение показателя за год,2019,2.0
Ямало-Ненецкий автономный округ (Тюменская область),15 лет и старше,процент,I квартал,2020-Q1,1.9
Ямало-Ненецкий автономный округ (Тюменская область),15 лет и старше,процент,II квартал,2020-Q2,2.4
Ямало-Ненецкий автономный округ (Тюменская область),15 лет и старше,процент,III квартал,2020-Q3,2.7
Ямало-Ненецкий автономный округ (Тюменская область),15 лет и старше,процент,IV квартал,2020-Q4,2.6
Ямало-Ненецкий автономный округ (Тюменская область),15 лет и старше,процент,значение показателя за год,2020,2.4
Ямало-Ненецкий автономный округ (Тюменская область),15 лет и старше,процент,I квартал,2021-Q1,2.4
Ямало-Ненецкий автономный округ (Тюменская область),15 лет и старше,процент,II квартал,2021-Q2,2.2
Ямало-Ненецкий автономный округ (Тюменская область),15 лет и старше,процент,III квартал,2021-Q3,1.9
Ямало-Ненецкий автономный округ (Тюменская область),15 лет и старше,процент,IV квартал,2021-Q4,1.8
Ямало-Ненецкий автономный округ (Тюменская область),15 лет и старше,процент,значение показателя за год,2021,2.1
Ямало-Ненецкий автономный округ (Тюменская область),15 лет и старше,процент,I квартал,2022-Q1,1.6
Ямало-Ненецкий автономный округ (Тюменская область),15 лет и старше,процент,II квартал,2022-Q2,1.6
Ямало-Ненецкий автономный округ (Тюменская область),15 лет и старше,процент,III квартал,2022-Q3,1.7
Ямало-Ненецкий автономный округ (Тюменская область),15 лет и старше,процент,IV квартал,2022-Q4,1.6
Ямало-Ненецкий автономный округ (Тюменская область),15 лет и старше,процент,значение показателя за год,2022,1.6
Ямало-Ненецкий автономный округ (Тюменская область),15 лет и старше,процент,I квартал,2023-Q1,1.66
Ямало-Ненецкий автономный округ (Тюменская область),15 лет и старше,процент,II квартал,2023-Q2,1.5
Ямало-Ненецкий автономный округ (Тюменская область),15 лет и старше,процент,III квартал,2023-Q3,1.51
Ямало-Ненецкий автономный округ (Тюменская область),15 лет и старше,процент,IV квартал,2023-Q4,1.5
Ямало-Ненецкий автономный округ (Тюменская область),15 лет и старше,процент,значение показателя за год,2023,1.5
Ямало-Ненецкий автономный округ (Тюменская область),15 лет и старше,процент,I квартал,2024-Q1,1.4
Ямало-Ненецкий автономный округ (Тюменская область),15 лет и старше,процент,II квартал,2024-Q2,1.4
Ямало-Ненецкий автономный округ (Тюменская область),15 лет и старше,процент,III квартал,2024-Q3,1.3
Ямало-Ненецкий автономный округ (Тюменская область),15 лет и старше,процент,IV квартал,2024-Q4,1.2
Ямало-Ненецкий автономный округ (Тюменская область),15 лет и старше,процент,значение показателя за год,2024,1.3
Ямало-Ненецкий автономный округ (Тюменская область),15 лет и старше,процент,I квартал,2025-Q1,1.1
Ямало-Ненецкий автономный округ (Тюменская область),15 лет и старше,процент,II квартал,2025-Q2,1.0
Ямало-Ненецкий автономный округ (Тюменская область),15 лет и старше,процент,III квартал,2025-Q3,0.9
Ямало-Ненецкий автономный округ (Тюменская область),15 лет и старше,процент,IV квартал,2025-Q4,1.0
Ямало-Ненецкий автономный округ (Тюменская область),15 лет и старше,процент,значение показателя за год,2025,1.0
Ямало-Ненецкий автономный округ (Тюменская область),15-72 лет,процент,I квартал,2013-Q1,3.6
Ямало-Ненецкий автономный округ (Тюменская область),15-72 лет,процент,II квартал,2013-Q2,2.9
Ямало-Ненецкий автономный округ (Тюменская область),15-72 лет,процент,III квартал,2013-Q3,2.8
Ямало-Ненецкий автономный округ (Тюменская область),15-72 лет,процент,IV квартал,2013-Q4,3.5
Ямало-Ненецкий автономный округ (Тюменская область),15-72 лет,процент,значение показателя за год,2013,3.2
Ямало-Ненецкий автономный округ (Тюменская область),15-72 лет,процент,I квартал,2014-Q1,3.3
Ямало-Ненецкий автономный округ (Тюменская область),15-72 лет,процент,II квартал,2014-Q2,3.4
Ямало-Ненецкий автономный округ (Тюменская область),15-72 лет,процент,III квартал,2014-Q3,3.0
Ямало-Ненецкий автономный округ (Тюменская область),15-72 лет,процент,IV квартал,2014-Q4,2.9
Ямало-Ненецкий автономный округ (Тюменская область),15-72 лет,процент,значение показателя за год,2014,3.2
Ямало-Ненецкий автономный округ (Тюменская область),15-72 лет,процент,I квартал,2015-Q1,4.2
Ямало-Ненецкий автономный округ (Тюменская область),15-72 лет,процент,II квартал,2015-Q2,4.1
Ямало-Ненецкий автономный округ (Тюменская область),15-72 лет,процент,III квартал,2015-Q3,3.1
Ямало-Ненецкий автономный округ (Тюменская область),15-72 лет,процент,IV квартал,2015-Q4,3.0
Ямало-Ненецкий автономный округ (Тюменская область),15-72 лет,процент,значение показателя за год,2015,3.6
Ямало-Ненецкий автономный округ (Тюменская область),15-72 лет,процент,I квартал,2016-Q1,3.5
Ямало-Ненецкий автономный округ (Тюменская область),15-72 лет,процент,II квартал,2016-Q2,3.2
Ямало-Ненецкий автономный округ (Тюменская область),15-72 лет,процент,III квартал,2016-Q3,1.9
Ямало-Ненецкий автономный округ (Тюменская область),15-72 лет,процент,IV квартал,2016-Q4,2.0
Ямало-Ненецкий автономный округ (Тюменская область),15-72 лет,процент,значение показателя за год,2016,2.7
Ямало-Ненецкий автономный округ (Тюменская область),15-72 лет,процент,I квартал,2017-Q1,3.9
Ямало-Ненецкий автономный округ (Тюменская область),15-72 лет,процент,II квартал,2017-Q2,3.5
Ямало-Ненецкий автономный округ (Тюменская область),15-72 лет,процент,III квартал,2017-Q3,3.3
Ямало-Ненецкий автономный округ (Тюменская область),15-72 лет,процент,IV квартал,2017-Q4,2.4
Ямало-Ненецкий автономный округ (Тюменская область),15-72 лет,процент,значение показателя за год,2017,3.3
Ямало-Ненецкий автономный округ (Тюменская область),15-72 лет,процент,I квартал,2018-Q1,2.3
Ямало-Ненецкий автономный округ (Тюменская область),15-72 лет,процент,II квартал,2018-Q2,2.0
Ямало-Ненецкий автономный округ (Тюменская область),15-72 лет,процент,III квартал,2018-Q3,2.0
Ямало-Ненецкий автономный округ (Тюменская область),15-72 лет,процент,IV квартал,2018-Q4,2.3
Ямало-Ненецкий автономный округ (Тюменская область),15-72 лет,процент,значение показателя за год,2018,2.1
Ямало-Ненецкий автономный округ (Тюменская область),15-72 лет,процент,I квартал,2019-Q1,2.0
Ямало-Ненецкий автономный округ (Тюменская область),15-72 лет,процент,II квартал,2019-Q2,2.0
Ямало-Ненецкий автономный округ (Тюменская область),15-72 лет,процент,III квартал,2019-Q3,2.0
Ямало-Ненецкий автономный округ (Тюменская область),15-72 лет,процент,IV квартал,2019-Q4,1.9
Ямало-Ненецкий автономный округ (Тюменская область),15-72 лет,процент,значение показателя за год,2019,2.0
Ямало-Ненецкий автономный округ (Тюменская область),15-72 лет,процент,I квартал,2020-Q1,1.9
Ямало-Ненецкий автономный округ (Тюменская область),15-72 лет,процент,II квартал,2020-Q2,2.4
Ямало-Ненецкий автономный округ (Тюменская область),15-72 лет,процент,III квартал,2020-Q3,2.7
Ямало-Ненецкий автономный округ (Тюменская область),15-72 лет,процент,IV квартал,2020-Q4,2.6
Ямало-Ненецкий автономный округ (Тюменская область),15-72 лет,процент,значение показателя за год,2020,2.4
Ямало-Ненецкий автономный округ (Тюменская область),15-72 лет,процент,I квартал,2021-Q1,2.4
Ямало-Ненецкий автономный округ (Тюменская область),15-72 лет,процент,II квартал,2021-Q2,2.2
Ямало-Ненецкий автономный округ (Тюменская область),15-72 лет,процент,III квартал,2021-Q3,1.9
Ямало-Ненецкий автономный округ (Тюменская область),15-72 лет,процент,IV квартал,2021-Q4,1.8
Ямало-Ненецкий автономный округ (Тюменская область),15-72 лет,процент,значение показателя за год,2021,2.1
Тюменская область (кроме Ханты-Мансийского автономного округа-Югры и Ямало-Ненецкого автономного округа),15 лет и старше,процент,I квартал,2017-Q1,5.1
Тюменская область (кроме Ханты-Мансийского автономного округа-Югры и Ямало-Ненецкого автономного округа),15 лет и старше,процент,II квартал,2017-Q2,5.1
Тюменская область (кроме Ханты-Мансийского автономного округа-Югры и Ямало-Ненецкого автономного округа),15 лет и старше,процент,III квартал,2017-Q3,5.1
Тюменская область (кроме Ханты-Мансийского автономного округа-Югры и Ямало-Ненецкого автономного округа),15 лет и старше,процент,IV квартал,2017-Q4,4.8
Тюменская область (кроме Ханты-Мансийского автономного округа-Югры и Ямало-Ненецкого автономного округа),15 лет и старше,процент,значение показателя за год,2017,5.0
Тюменская область (кроме Ханты-Мансийского автономного округа-Югры и Ямало-Ненецкого автономного округа),15 лет и старше,процент,I квартал,2018-Q1,4.8
Тюменская область (кроме Ханты-Мансийского автономного округа-Югры и Ямало-Ненецкого автономного округа),15 лет и старше,процент,II квартал,2018-Q2,4.5
Тюменская область (кроме Ханты-Мансийского автономного округа-Югры и Ямало-Ненецкого автономного округа),15 лет и старше,процент,III квартал,2018-Q3,4.1
Тюменская область (кроме Ханты-Мансийского автономного округа-Югры и Ямало-Ненецкого автономного округа),15 лет и старше,процент,IV квартал,2018-Q4,4.3
Тюменская область (кроме Ханты-Мансийского автономного округа-Югры и Ямало-Ненецкого автономного округа),15 лет и старше,процент,значение показателя за год,2018,4.4
Тюменская область (кроме Ханты-Мансийского автономного округа-Югры и Ямало-Ненецкого автономного округа),15 лет и старше,процент,I квартал,2019-Q1,4.2
Тюменская область (кроме Ханты-Мансийского автономного округа-Югры и Ямало-Ненецкого автономного округа),15 лет и старше,процент,II квартал,2019-Q2,4.3
Тюменская область (кроме Ханты-Мансийского автономного округа-Югры и Ямало-Ненецкого автономного округа),15 лет и старше,процент,III квартал,2019-Q3,4.0
Тюменская область (кроме Ханты-Мансийского автономного округа-Югры и Ямало-Ненецкого автономного округа),15 лет и старше,процент,IV квартал,2019-Q4,3.7
Тюменская область (кроме Ханты-Мансийского автономного округа-Югры и Ямало-Ненецкого автономного округа),15 лет и старше,процент,значение показателя за год,2019,4.1
Тюменская область (кроме Ханты-Мансийского автономного округа-Югры и Ямало-Ненецкого автономного округа),15 лет и старше,процент,I квартал,2020-Q1,4.2
Тюменская область (кроме Ханты-Мансийского автономного округа-Югры и Ямало-Ненецкого автономного округа),15 лет и старше,процент,II квартал,2020-Q2,5.0
Тюменская область (кроме Ханты-Мансийского автономного округа-Югры и Ямало-Ненецкого автономного округа),15 лет и старше,процент,III квартал,2020-Q3,5.3
Тюменская область (кроме Ханты-Мансийского автономного округа-Югры и Ямало-Ненецкого автономного округа),15 лет и старше,процент,IV квартал,2020-Q4,4.9
Тюменская область (кроме Ханты-Мансийского автономного округа-Югры и Ямало-Ненецкого автономного округа),15 лет и старше,процент,значение показателя за год,2020,4.8
Тюменская область (кроме Ханты-Мансийского автономного округа-Югры и Ямало-Ненецкого автономного округа),15 лет и старше,процент,I квартал,2021-Q1,5.3
Тюменская область (кроме Ханты-Мансийского автономного округа-Югры и Ямало-Ненецкого автономного округа),15 лет и старше,процент,II квартал,2021-Q2,4.6
Тюменская область (кроме Ханты-Мансийского автономного округа-Югры и Ямало-Ненецкого автономного округа),15 лет и старше,процент,III квартал,2021-Q3,4.0
Тюменская область (кроме Ханты-Мансийского автономного округа-Югры и Ямало-Ненецкого автономного округа),15 лет и старше,процент,IV квартал,2021-Q4,3.6
Тюменская область (кроме Ханты-Мансийского автономного округа-Югры и Ямало-Ненецкого автономного округа),15 лет и старше,процент,значение показателя за год,2021,4.4
Тюменская область (кроме Ханты-Мансийского автономного округа-Югры и Ямало-Ненецкого автономного округа),15 лет и старше,процент,I квартал,2022-Q1,4.2
Тюменская область (кроме Ханты-Мансийского автономного округа-Югры и Ямало-Ненецкого автономного округа),15 лет и старше,процент,II квартал,2022-Q2,4.2
Тюменская область (кроме Ханты-Мансийского автономного округа-Югры и Ямало-Ненецкого автономного округа),15 лет и старше,процент,III квартал,2022-Q3,4.1
Тюменская область (кроме Ханты-Мансийского автономного округа-Югры и Ямало-Ненецкого автономного округа),15 лет и старше,процент,IV квартал,2022-Q4,3.3
Тюменская область (кроме Ханты-Мансийского автономного округа-Югры и Ямало-Ненецкого автономного округа),15 лет и старше,процент,значение показателя за год,2022,4.0
Тюменская область (кроме Ханты-Мансийского автономного округа-Югры и Ямало-Ненецкого автономного округа),15 лет и старше,процент,I квартал,2023-Q1,3.53
Тюменская область (кроме Ханты-Мансийского автономного округа-Югры и Ямало-Ненецкого автономного округа),15 лет и старше,процент,II квартал,2023-Q2,3.1
Тюменская область (кроме Ханты-Мансийского автономного округа-Югры и Ямало-Ненецкого автономного округа),15 лет и старше,процент,III квартал,2023-Q3,3.06
Тюменская область (кроме Ханты-Мансийского автономного округа-Югры и Ямало-Ненецкого автономного округа),15 лет и старше,процент,IV квартал,2023-Q4,2.9
Тюменская область (кроме Ханты-Мансийского автономного округа-Югры и Ямало-Ненецкого автономного округа),15 лет и старше,процент,значение показателя за год,2023,3.1
Тюменская область (кроме Ханты-Мансийского автономного округа-Югры и Ямало-Ненецкого автономного округа),15 лет и старше,процент,I квартал,2024-Q1,2.7
Тюменская область (кроме Ханты-Мансийского автономного округа-Югры и Ямало-Ненецкого автономного округа),15 лет и старше,процент,II квартал,2024-Q2,2.4
Тюменская область (кроме Ханты-Мансийского автономного округа-Югры и Ямало-Ненецкого автономного округа),15 лет и старше,процент,III квартал,2024-Q3,2.2
Тюменская область (кроме Ханты-Мансийского автономного округа-Югры и Ямало-Ненецкого автономного округа),15 лет и старше,процент,IV квартал,2024-Q4,2.0
Тюменская область (кроме Ханты-Мансийского автономного округа-Югры и Ямало-Ненецкого автономного округа),15 лет и старше,процент,значение показателя за год,2024,2.4
Тюменская область (кроме Ханты-Мансийского автономного округа-Югры и Ямало-Ненецкого автономного округа),15 лет и старше,процент,I квартал,2025-Q1,1.9
Тюменская область (кроме Ханты-Мансийского автономного округа-Югры и Ямало-Ненецкого автономного округа),15 лет и старше,процент,II квартал,2025-Q2,1.8
Тюменская область (кроме Ханты-Мансийского автономного округа-Югры и Ямало-Ненецкого автономного округа),15 лет и старше,процент,III квартал,2025-Q3,1.9
Тюменская область (кроме Ханты-Мансийского автономного округа-Югры и Ямало-Ненецкого автономного округа),15 лет и старше,процент,IV квартал,2025-Q4,2.0
Тюменская область (кроме Ханты-Мансийского автономного округа-Югры и Ямало-Ненецкого автономного округа),15 лет и старше,процент,значение показателя за год,2025,1.9
Тюменская область (кроме Ханты-Мансийского автономного округа-Югры и Ямало-Ненецкого автономного округа),15-72 лет,процент,I квартал,2013-Q1,5.2
Тюменская область (кроме Ханты-Мансийского автономного округа-Югры и Ямало-Ненецкого автономного округа),15-72 лет,процент,II квартал,2013-Q2,5.0
Тюменская область (кроме Ханты-Мансийского автономного округа-Югры и Ямало-Ненецкого автономного округа),15-72 лет,процент,III квартал,2013-Q3,5.3
Тюменская область (кроме Ханты-Мансийского автономного округа-Югры и Ямало-Ненецкого автономного округа),15-72 лет,процент,IV квартал,2013-Q4,5.4
Тюменская область (кроме Ханты-Мансийского автономного округа-Югры и Ямало-Ненецкого автономного округа),15-72 лет,процент,значение показателя за год,2013,5.2
Тюменская область (кроме Ханты-Мансийского автономного округа-Югры и Ямало-Ненецкого автономного округа),15-72 лет,процент,I квартал,2014-Q1,5.6
Тюменская область (кроме Ханты-Мансийского автономного округа-Югры и Ямало-Ненецкого автономного округа),15-72 лет,процент,II квартал,2014-Q2,5.3
Тюменская область (кроме Ханты-Мансийского автономного округа-Югры и Ямало-Ненецкого автономного округа),15-72 лет,процент,III квартал,2014-Q3,5.3
Тюменская область (кроме Ханты-Мансийского автономного округа-Югры и Ямало-Ненецкого автономного округа),15-72 лет,процент,IV квартал,2014-Q4,5.6
Тюменская область (кроме Ханты-Мансийского автономного округа-Югры и Ямало-Ненецкого автономного округа),15-72 лет,процент,значение показателя за год,2014,5.5
Тюменская область (кроме Ханты-Мансийского автономного округа-Югры и Ямало-Ненецкого автономного округа),15-72 лет,процент,I квартал,2015-Q1,6.4
Тюменская область (кроме Ханты-Мансийского автономного округа-Югры и Ямало-Ненецкого автономного округа),15-72 лет,процент,II квартал,2015-Q2,6.0
Тюменская область (кроме Ханты-Мансийского автономного округа-Югры и Ямало-Ненецкого автономного округа),15-72 лет,процент,III квартал,2015-Q3,6.2
Тюменская область (кроме Ханты-Мансийского автономного округа-Югры и Ямало-Ненецкого автономного округа),15-72 лет,процент,IV квартал,2015-Q4,6.1
Тюменская область (кроме Ханты-Мансийского автономного округа-Югры и Ямало-Ненецкого автономного округа),15-72 лет,процент,значение показателя за год,2015,6.2
Тюменская область (кроме Ханты-Мансийского автономного округа-Югры и Ямало-Ненецкого автономного округа),15-72 лет,процент,I квартал,2016-Q1,6.5
Тюменская область (кроме Ханты-Мансийского автономного округа-Югры и Ямало-Ненецкого автономного округа),15-72 лет,процент,II квартал,2016-Q2,5.6
Тюменская область (кроме Ханты-Мансийского автономного округа-Югры и Ямало-Ненецкого автономного округа),15-72 лет,процент,III квартал,2016-Q3,5.0
Тюменская область (кроме Ханты-Мансийского автономного округа-Югры и Ямало-Ненецкого автономного округа),15-72 лет,процент,IV квартал,2016-Q4,5.1
Тюменская область (кроме Ханты-Мансийского автономного округа-Югры и Ямало-Ненецкого автономного округа),15-72 лет,процент,значение показателя за год,2016,5.5
Тюменская область (кроме Ханты-Мансийского автономного округа-Югры и Ямало-Ненецкого автономного округа),15-72 лет,процент,I квартал,2017-Q1,5.1
Тюменская область (кроме Ханты-Мансийского автономного округа-Югры и Ямало-Ненецкого автономного округа),15-72 лет,процент,II квартал,2017-Q2,5.1
Тюменская область (кроме Ханты-Мансийского автономного округа-Югры и Ямало-Ненецкого автономного округа),15-72 лет,процент,III квартал,2017-Q3,5.1
Тюменская область (кроме Ханты-Мансийского автономного округа-Югры и Ямало-Ненецкого автономного округа),15-72 лет,процент,IV квартал,2017-Q4,4.8
Тюменская область (кроме Ханты-Мансийского автономного округа-Югры и Ямало-Ненецкого автономного округа),15-72 лет,процент,значение показателя за год,2017,5.0
Тюменская область (кроме Ханты-Мансийского автономного округа-Югры и Ямало-Ненецкого автономного округа),15-72 лет,процент,I квартал,2018-Q1,4.8
Тюменская область (кроме Ханты-Мансийского автономного округа-Югры и Ямало-Ненецкого автономного округа),15-72 лет,процент,II квартал,2018-Q2,4.5
Тюменская область (кроме Ханты-Мансийского автономного округа-Югры и Ямало-Ненецкого автономного округа),15-72 лет,процент,III квартал,2018-Q3,4.2
Тюменская область (кроме Ханты-Мансийского автономного округа-Югры и Ямало-Ненецкого автономного округа),15-72 лет,процент,IV квартал,2018-Q4,4.3
Тюменская область (кроме Ханты-Мансийского автономного округа-Югры и Ямало-Ненецкого автономного округа),15-72 лет,процент,значение показателя за год,2018,4.4
Тюменская область (кроме Ханты-Мансийского автономного округа-Югры и Ямало-Ненецкого автономного округа),15-72 лет,процент,I квартал,2019-Q1,4.2
Тюменская область (кроме Ханты-Мансийского автономного округа-Югры и Ямало-Ненецкого автономного округа),15-72 лет,процент,II квартал,2019-Q2,4.3
Тюменская область (кроме Ханты-Мансийского автономного округа-Югры и Ямало-Ненецкого автономного округа),15-72 лет,процент,III квартал,2019-Q3,4.0
Тюменская область (кроме Ханты-Мансийского автономного округа-Югры и Ямало-Ненецкого автономного округа),15-72 лет,процент,IV квартал,2019-Q4,3.7
Тюменская область (кроме Ханты-Мансийского автономного округа-Югры и Ямало-Ненецкого автономного округа),15-72 лет,процент,значение показателя за год,2019,4.1
Тюменская область (кроме Ханты-Мансийского автономного округа-Югры и Ямало-Ненецкого автономного округа),15-72 лет,процент,I квартал,2020-Q1,4.2
Тюменская область (кроме Ханты-Мансийского автономного округа-Югры и Ямало-Ненецкого автономного округа),15-72 лет,процент,II квартал,2020-Q2,5.0
Тюменская область (кроме Ханты-Мансийского автономного округа-Югры и Ямало-Ненецкого автономного округа),15-72 лет,процент,III квартал,2020-Q3,5.3
Тюменская область (кроме Ханты-Мансийского автономного округа-Югры и Ямало-Ненецкого автономного округа),15-72 лет,процент,IV квартал,2020-Q4,4.9
Тюменская область (кроме Ханты-Мансийского автономного округа-Югры и Ямало-Ненецкого автономного округа),15-72 лет,процент,значение показателя за год,2020,4.8
Тюменская область (кроме Ханты-Мансийского автономного округа-Югры и Ямало-Ненецкого автономного округа),15-72 лет,процент,I квартал,2021-Q1,5.3
Тюменская область (кроме Ханты-Мансийского автономного округа-Югры и Ямало-Ненецкого автономного округа),15-72 лет,процент,II квартал,2021-Q2,4.6
Тюменская область (кроме Ханты-Мансийского автономного округа-Югры и Ямало-Ненецкого автономного округа),15-72 лет,процент,III квартал,2021-Q3,4.0
Тюменская область (кроме Ханты-Мансийского автономного округа-Югры и Ямало-Ненецкого автономного округа),15-72 лет,процент,IV квартал,2021-Q4,3.6
Тюменская область (кроме Ханты-Мансийского автономного округа-Югры и Ямало-Ненецкого автономного округа),15-72 лет,процент,значение показателя за год,2021,4.4
Челябинская область,15 лет и старше,процент,I квартал,2017-Q1,7.2
Челябинская область,15 лет и старше,процент,II квартал,2017-Q2,6.9
Челябинская область,15 лет и старше,процент,III квартал,2017-Q3,6.5
Челябинская область,15 лет и старше,процент,IV квартал,2017-Q4,6.0
Челябинская область,15 лет и старше,процент,значение показателя за год,2017,6.6
Челябинская область,15 лет и старше,процент,I квартал,2018-Q1,5.8
Челябинская область,15 лет и старше,процент,II квартал,2018-Q2,5.7
Челябинская область,15 лет и старше,процент,III квартал,2018-Q3,5.6
Челябинская область,15 лет и старше,процент,IV квартал,2018-Q4,5.5
Челябинская область,15 лет и старше,процент,значение показателя за год,2018,5.6
Челябинская область,15 лет и старше,процент,I квартал,2019-Q1,5.3
Челябинская область,15 лет и старше,процент,II квартал,2019-Q2,5.1
Челябинская область,15 лет и старше,процент,III квартал,2019-Q3,5.1
Челябинская область,15 лет и старше,процент,IV квартал,2019-Q4,4.9
Челябинская область,15 лет и старше,процент,значение показателя за год,2019,5.1
Челябинская область,15 лет и старше,процент,I квартал,2020-Q1,4.9
Челябинская область,15 лет и старше,процент,II квартал,2020-Q2,6.8
Челябинская область,15 лет и старше,процент,III квартал,2020-Q3,8.0
Челябинская область,15 лет и старше,процент,IV квартал,2020-Q4,7.5
Челябинская область,15 лет и старше,процент,значение показателя за год,2020,6.8
Челябинская область,15 лет и старше,процент,I квартал,2021-Q1,6.7
Челябинская область,15 лет и старше,процент,II квартал,2021-Q2,5.3
Челябинская область,15 лет и старше,процент,III квартал,2021-Q3,4.0
Челябинская область,15 лет и старше,процент,IV квартал,2021-Q4,3.8
Челябинская область,15 лет и старше,процент,значение показателя за год,2021,4.9
Челябинская область,15 лет и старше,процент,I квартал,2022-Q1,3.4
Челябинская область,15 лет и старше,процент,II квартал,2022-Q2,3.3
Челябинская область,15 лет и старше,процент,III квартал,2022-Q3,2.9
Челябинская область,15 лет и старше,процент,IV квартал,2022-Q4,2.9
Челябинская область,15 лет и старше,процент,значение показателя за год,2022,3.1
Челябинская область,15 лет и старше,процент,I квартал,2023-Q1,2.53
Челябинская область,15 лет и старше,процент,II квартал,2023-Q2,2.4
Челябинская область,15 лет и старше,процент,III квартал,2023-Q3,2.37
Челябинская область,15 лет и старше,процент,IV квартал,2023-Q4,2.2
Челябинская область,15 лет и старше,процент,значение показателя за год,2023,2.4
Челябинская область,15 лет и старше,процент,I квартал,2024-Q1,2.1
Челябинская область,15 лет и старше,процент,II квартал,2024-Q2,1.9
Челябинская область,15 лет и старше,процент,III квартал,2024-Q3,1.9
Челябинская область,15 лет и старше,процент,IV квартал,2024-Q4,1.7
Челябинская область,15 лет и старше,процент,значение показателя за год,2024,1.9
Челябинская область,15 лет и старше,процент,I квартал,2025-Q1,1.6
Челябинская область,15 лет и старше,процент,II квартал,2025-Q2,1.6
Челябинская область,15 лет и старше,процент,III квартал,2025-Q3,1.7
Челябинская область,15 лет и старше,процент,IV квартал,2025-Q4,1.7
Челябинская область,15 лет и старше,процент,значение показателя за год,2025,1.6
Челябинская область,15-72 лет,процент,I квартал,2013-Q1,6.2
Челябинская область,15-72 лет,процент,II квартал,2013-Q2,6.0
Челябинская область,15-72 лет,процент,III квартал,2013-Q3,6.0
Челябинская область,15-72 лет,процент,IV квартал,2013-Q4,6.0
Челябинская область,15-72 лет,процент,значение показателя за год,2013,6.0
Челябинская область,15-72 лет,процент,I квартал,2014-Q1,6.2
Челябинская область,15-72 лет,процент,II квартал,2014-Q2,6.3
Челябинская область,15-72 лет,процент,III квартал,2014-Q3,6.2
Челябинская область,15-72 лет,процент,IV квартал,2014-Q4,6.3
Челябинская область,15-72 лет,процент,значение показателя за год,2014,6.2
Челябинская область,15-72 лет,процент,I квартал,2015-Q1,6.9
Челябинская область,15-72 лет,процент,II квартал,2015-Q2,7.0
Челябинская область,15-72 лет,процент,III квартал,2015-Q3,7.0
Челябинская область,15-72 лет,процент,IV квартал,2015-Q4,7.1
Челябинская область,15-72 лет,процент,значение показателя за год,2015,7.0
Челябинская область,15-72 лет,процент,I квартал,2016-Q1,7.3
Челябинская область,15-72 лет,процент,II квартал,2016-Q2,7.0
Челябинская область,15-72 лет,процент,III квартал,2016-Q3,6.9
Челябинская область,15-72 лет,процент,IV квартал,2016-Q4,7.0
Челябинская область,15-72 лет,процент,значение показателя за год,2016,7.1
Челябинская область,15-72 лет,процент,I квартал,2017-Q1,7.2
Челябинская область,15-72 лет,процент,II квартал,2017-Q2,6.9
Челябинская область,15-72 лет,процент,III квартал,2017-Q3,6.5
Челябинская область,15-72 лет,процент,IV квартал,2017-Q4,6.0
Челябинская область,15-72 лет,процент,значение показателя за год,2017,6.6
Челябинская область,15-72 лет,процент,I квартал,2018-Q1,5.8
Челябинская область,15-72 лет,процент,II квартал,2018-Q2,5.7
Челябинская область,15-72 лет,процент,III квартал,2018-Q3,5.6
Челябинская область,15-72 лет,процент,IV квартал,2018-Q4,5.5
Челябинская область,15-72 лет,процент,значение показателя за год,2018,5.6
Челябинская область,15-72 лет,процент,I квартал,2019-Q1,5.3
Челябинская область,15-72 лет,процент,II квартал,2019-Q2,5.1
Челябинская область,15-72 лет,процент,III квартал,2019-Q3,5.1
Челябинская область,15-72 лет,процент,IV квартал,2019-Q4,5.0
Челябинская область,15-72 лет,процент,значение показателя за год,2019,5.1
Челябинская область,15-72 лет,процент,I квартал,2020-Q1,4.9
Челябинская область,15-72 лет,процент,II квартал,2020-Q2,6.8
Челябинская область,15-72 лет,процент,III квартал,2020-Q3,8.0
Челябинская область,15-72 лет,процент,IV квартал,2020-Q4,7.5
Челябинская область,15-72 лет,процент,значение показателя за год,2020,6.8
Челябинская область,15-72 лет,процент,I квартал,2021-Q1,6.7
Челябинская область,15-72 лет,процент,II квартал,2021-Q2,5.3
Челябинская область,15-72 лет,процент,III квартал,2021-Q3,4.0
Челябинская область,15-72 лет,процент,IV квартал,2021-Q4,3.8
Челябинская область,15-72 лет,процент,значение показателя за год,2021,4.9
Сибирский федеральный округ,15 лет и старше,процент,I квартал,2017-Q1,7.3
Сибирский федеральный округ,15 лет и старше,процент,II квартал,2017-Q2,6.8
Сибирский федеральный округ,15 лет и старше,процент,III квартал,2017-Q3,6.9
Сибирский федеральный округ,15 лет и старше,процент,IV квартал,2017-Q4,6.9
Сибирский федеральный округ,15 лет и старше,процент,значение показателя за год,2017,7.0
Сибирский федеральный округ,15 лет и старше,процент,I квартал,2018-Q1,6.6
Сибирский федеральный округ,15 лет и старше,процент,II квартал,2018-Q2,6.3
Сибирский федеральный округ,15 лет и старше,процент,III квартал,2018-Q3,6.4
Сибирский федеральный округ,15 лет и старше,процент,IV квартал,2018-Q4,6.5
Сибирский федеральный округ,15 лет и старше,процент,значение показателя за год,2018,6.4
Сибирский федеральный округ,15 лет и старше,процент,I квартал,2019-Q1,6.5
Сибирский федеральный округ,15 лет и старше,процент,II квартал,2019-Q2,5.8
Сибирский федеральный округ,15 лет и старше,процент,III квартал,2019-Q3,5.6
Сибирский федеральный округ,15 лет и старше,процент,IV квартал,2019-Q4,5.8
Сибирский федеральный округ,15 лет и старше,процент,значение показателя за год,2019,5.9
Сибирский федеральный округ,15 лет и старше,процент,I квартал,2020-Q1,5.8
Сибирский федеральный округ,15 лет и старше,процент,II квартал,2020-Q2,7.8
Сибирский федеральный округ,15 лет и старше,процент,III квартал,2020-Q3,8.3
Сибирский федеральный округ,15 лет и старше,процент,IV квартал,2020-Q4,7.5
Сибирский федеральный округ,15 лет и старше,процент,значение показателя за год,2020,7.3
Сибирский федеральный округ,15 лет и старше,процент,I квартал,2021-Q1,6.8
Сибирский федеральный округ,15 лет и старше,процент,II квартал,2021-Q2,6.0
Сибирский федеральный округ,15 лет и старше,процент,III квартал,2021-Q3,5.3
Сибирский федеральный округ,15 лет и старше,процент,IV квартал,2021-Q4,5.0
Сибирский федеральный округ,15 лет и старше,процент,значение показателя за год,2021,5.8
Сибирский федеральный округ,15 лет и старше,процент,I квартал,2022-Q1,4.9
Сибирский федеральный округ,15 лет и старше,процент,II квартал,2022-Q2,4.6
Сибирский федеральный округ,15 лет и старше,процент,III квартал,2022-Q3,4.0
Сибирский федеральный округ,15 лет и старше,процент,IV квартал,2022-Q4,4.1
Сибирский федеральный округ,15 лет и старше,процент,значение показателя за год,2022,4.4
Сибирский федеральный округ,15 лет и старше,процент,I квартал,2023-Q1,3.76
Сибирский федеральный округ,15 лет и старше,процент,II квартал,2023-Q2,3.4
Сибирский федеральный округ,15 лет и старше,процент,III квартал,2023-Q3,3.23
Сибирский федеральный округ,15 лет и старше,процент,IV квартал,2023-Q4,2.9
Сибирский федеральный округ,15 лет и старше,процент,значение показателя за год,2023,3.3
Сибирский федеральный округ,15 лет и старше,процент,I квартал,2024-Q1,3.0
Сибирский федеральный округ,15 лет и старше,процент,II квартал,2024-Q2,2.9
Сибирский федеральный округ,15 лет и старше,процент,III квартал,2024-Q3,2.6
Сибирский федеральный округ,15 лет и старше,процент,IV квартал,2024-Q4,2.7
Сибирский федеральный округ,15 лет и старше,процент,значение показателя за год,2024,2.8
Сибирский федеральный округ,15 лет и старше,процент,I квартал,2025-Q1,3.0
Сибирский федеральный округ,15 лет и старше,процент,II квартал,2025-Q2,2.8
Сибирский федеральный округ,15 лет и старше,процент,III квартал,2025-Q3,2.7
Сибирский федеральный округ,15 лет и старше,процент,IV квартал,2025-Q4,2.7
Сибирский федеральный округ,15 лет и старше,процент,значение показателя за год,2025,2.8
Сибирский федеральный округ,15-72 лет,процент,I квартал,2013-Q1,7.5
Сибирский федеральный округ,15-72 лет,процент,II квартал,2013-Q2,6.8
Сибирский федеральный округ,15-72 лет,процент,III квартал,2013-Q3,6.5
Сибирский федеральный округ,15-72 лет,процент,IV квартал,2013-Q4,7.1
Сибирский федеральный округ,15-72 лет,процент,значение показателя за год,2013,7.0
Сибирский федеральный округ,15-72 лет,процент,I квартал,2014-Q1,7.3
Сибирский федеральный округ,15-72 лет,процент,II квартал,2014-Q2,6.4
Сибирский федеральный округ,15-72 лет,процент,III квартал,2014-Q3,5.9
Сибирский федеральный округ,15-72 лет,процент,IV квартал,2014-Q4,7.2
Сибирский федеральный округ,15-72 лет,процент,значение показателя за год,2014,6.7
Сибирский федеральный округ,15-72 лет,процент,I квартал,2015-Q1,7.5
Сибирский федеральный округ,15-72 лет,процент,II квартал,2015-Q2,7.1
Сибирский федеральный округ,15-72 лет,процент,III квартал,2015-Q3,6.8
Сибирский федеральный округ,15-72 лет,процент,IV квартал,2015-Q4,8.3
Сибирский федеральный округ,15-72 лет,процент,значение показателя за год,2015,7.4
Сибирский федеральный округ,15-72 лет,процент,I квартал,2016-Q1,8.1
Сибирский федеральный округ,15-72 лет,процент,II квартал,2016-Q2,8.1
Сибирский федеральный округ,15-72 лет,процент,III квартал,2016-Q3,7.2
Сибирский федеральный округ,15-72 лет,процент,IV квартал,2016-Q4,7.5
Сибирский федеральный округ,15-72 лет,процент,значение показателя за год,2016,7.7
Сибирский федеральный округ,15-72 лет,процент,I квартал,2017-Q1,7.3
Сибирский федеральный округ,15-72 лет,процент,II квартал,2017-Q2,6.8
Сибирский федеральный округ,15-72 лет,процент,III квартал,2017-Q3,6.9
Сибирский федеральный округ,15-72 лет,процент,IV квартал,2017-Q4,6.9
Сибирский федеральный округ,15-72 лет,процент,значение показателя за год,2017,7.0
Сибирский федеральный округ,15-72 лет,процент,I квартал,2018-Q1,6.6
Сибирский федеральный округ,15-72 лет,процент,II квартал,2018-Q2,6.3
Сибирский федеральный округ,15-72 лет,процент,III квартал,2018-Q3,6.4
Сибирский федеральный округ,15-72 лет,процент,IV квартал,2018-Q4,6.5
Сибирский федеральный округ,15-72 лет,процент,значение показателя за год,2018,6.5
Сибирский федеральный округ,15-72 лет,процент,I квартал,2019-Q1,6.5
Сибирский федеральный округ,15-72 лет,процент,II квартал,2019-Q2,5.8
Сибирский федеральный округ,15-72 лет,процент,III квартал,2019-Q3,5.7
Сибирский федеральный округ,15-72 лет,процент,IV квартал,2019-Q4,5.8
Сибирский федеральный округ,15-72 лет,процент,значение показателя за год,2019,5.9
Сибирский федеральный округ,15-72 лет,процент,I квартал,2020-Q1,5.8
Сибирский федеральный округ,15-72 лет,процент,II квартал,2020-Q2,7.8
Сибирский федеральный округ,15-72 лет,процент,III квартал,2020-Q3,8.3
Сибирский федеральный округ,15-72 лет,процент,IV квартал,2020-Q4,7.5
Сибирский федеральный округ,15-72 лет,процент,значение показателя за год,2020,7.3
Сибирский федеральный округ,15-72 лет,процент,I квартал,2021-Q1,6.8
Сибирский федеральный округ,15-72 лет,процент,II квартал,2021-Q2,6.0
Сибирский федеральный округ,15-72 лет,процент,III квартал,2021-Q3,5.3
Сибирский федеральный округ,15-72 лет,процент,IV квартал,2021-Q4,5.0
Сибирский федеральный округ,15-72 лет,процент,значение показателя за год,2021,5.8
Республика Алтай,15 лет и старше,процент,I квартал,2017-Q1,15.5
Республика Алтай,15 лет и старше,процент,II квартал,2017-Q2,10.7
Республика Алтай,15 лет и старше,процент,III квартал,2017-Q3,10.8
Республика Алтай,15 лет и старше,процент,IV квартал,2017-Q4,11.2
Республика Алтай,15 лет и старше,процент,значение показателя за год,2017,12.1
Республика Алтай,15 лет и старше,процент,I квартал,2018-Q1,11.6
Республика Алтай,15 лет и старше,процент,II квартал,2018-Q2,9.7
Республика Алтай,15 лет и старше,процент,III квартал,2018-Q3,11.3
Республика Алтай,15 лет и старше,процент,IV квартал,2018-Q4,12.4
Республика Алтай,15 лет и старше,процент,значение показателя за год,2018,11.2
Республика Алтай,15 лет и старше,процент,I квартал,2019-Q1,10.6
Республика Алтай,15 лет и старше,процент,II квартал,2019-Q2,10.1
Республика Алтай,15 лет и старше,процент,III квартал,2019-Q3,10.3
Республика Алтай,15 лет и старше,процент,IV квартал,2019-Q4,12.6
Республика Алтай,15 лет и старше,процент,значение показателя за год,2019,10.9
Республика Алтай,15 лет и старше,процент,I квартал,2020-Q1,11.9
Республика Алтай,15 лет и старше,процент,II квартал,2020-Q2,12.2
Республика Алтай,15 лет и старше,процент,III квартал,2020-Q3,15.1
Республика Алтай,15 лет и старше,процент,IV квартал,2020-Q4,16.4
Республика Алтай,15 лет и старше,процент,значение показателя за год,2020,13.9
Республика Алтай,15 лет и старше,процент,I квартал,2021-Q1,15.5
Республика Алтай,15 лет и старше,процент,II квартал,2021-Q2,12.1
Республика Алтай,15 лет и старше,процент,III квартал,2021-Q3,10.5
Республика Алтай,15 лет и старше,процент,IV квартал,2021-Q4,10.2
Республика Алтай,15 лет и старше,процент,значение показателя за год,2021,12.1
Республика Алтай,15 лет и старше,процент,I квартал,2022-Q1,9.9
Республика Алтай,15 лет и старше,процент,II квартал,2022-Q2,10.9
Республика Алтай,15 лет и старше,процент,III квартал,2022-Q3,8.3
Республика Алтай,15 лет и старше,процент,IV квартал,2022-Q4,9.9
Республика Алтай,15 лет и старше,процент,значение показателя за год,2022,9.7
Республика Алтай,15 лет и старше,процент,I квартал,2023-Q1,9.25
Республика Алтай,15 лет и старше,процент,II квартал,2023-Q2,9.1
Республика Алтай,15 лет и старше,процент,III квартал,2023-Q3,8.93
Республика Алтай,15 лет и старше,процент,IV квартал,2023-Q4,8.5
Республика Алтай,15 лет и старше,процент,значение показателя за год,2023,8.9
Республика Алтай,15 лет и старше,процент,I квартал,2024-Q1,8.1
Республика Алтай,15 лет и старше,процент,II квартал,2024-Q2,7.9
Республика Алтай,15 лет и старше,процент,III квартал,2024-Q3,7.5
Республика Алтай,15 лет и старше,процент,IV квартал,2024-Q4,5.9
Республика Алтай,15 лет и старше,процент,значение показателя за год,2024,7.3
Республика Алтай,15 лет и старше,процент,I квартал,2025-Q1,5.9
Республика Алтай,15 лет и старше,процент,II квартал,2025-Q2,5.9
Республика Алтай,15 лет и старше,процент,III квартал,2025-Q3,6.4
Республика Алтай,15 лет и старше,процент,IV квартал,2025-Q4,5.8
Республика Алтай,15 лет и старше,процент,значение показателя за год,2025,6.0
Республика Алтай,15-72 лет,процент,I квартал,2013-Q1,13.8
Республика Алтай,15-72 лет,процент,II квартал,2013-Q2,10.3
Республика Алтай,15-72 лет,процент,III квартал,2013-Q3,12.0
Республика Алтай,15-72 лет,процент,IV квартал,2013-Q4,10.3
Республика Алтай,15-72 лет,процент,значение показателя за год,2013,11.5
Республика Алтай,15-72 лет,процент,I квартал,2014-Q1,10.3
Республика Алтай,15-72 лет,процент,II квартал,2014-Q2,10.7
Республика Алтай,15-72 лет,процент,III квартал,2014-Q3,11.3
Республика Алтай,15-72 лет,процент,IV квартал,2014-Q4,9.3
Республика Алтай,15-72 лет,процент,значение показателя за год,2014,10.4
Республика Алтай,15-72 лет,процент,I квартал,2015-Q1,8.9
Республика Алтай,15-72 лет,процент,II квартал,2015-Q2,11.3
Республика Алтай,15-72 лет,процент,III квартал,2015-Q3,7.6
Республика Алтай,15-72 лет,процент,IV квартал,2015-Q4,11.5
Республика Алтай,15-72 лет,процент,значение показателя за год,2015,9.8
Республика Алтай,15-72 лет,процент,I квартал,2016-Q1,15.9
Республика Алтай,15-72 лет,процент,II квартал,2016-Q2,11.8
Республика Алтай,15-72 лет,процент,III квартал,2016-Q3,8.5
Республика Алтай,15-72 лет,процент,IV квартал,2016-Q4,12.2
Республика Алтай,15-72 лет,процент,значение показателя за год,2016,12.1
Республика Алтай,15-72 лет,процент,I квартал,2017-Q1,15.5
Республика Алтай,15-72 лет,процент,II квартал,2017-Q2,10.8
Республика Алтай,15-72 лет,процент,III квартал,2017-Q3,10.7
Республика Алтай,15-72 лет,процент,IV квартал,2017-Q4,11.2
Республика Алтай,15-72 лет,процент,значение показателя за год,2017,12.1
Республика Алтай,15-72 лет,процент,I квартал,2018-Q1,11.7
Республика Алтай,15-72 лет,процент,II квартал,2018-Q2,9.7
Республика Алтай,15-72 лет,процент,III квартал,2018-Q3,11.3
Республика Алтай,15-72 лет,процент,IV квартал,2018-Q4,12.4
Республика Алтай,15-72 лет,процент,значение показателя за год,2018,11.3
Республика Алтай,15-72 лет,процент,I квартал,2019-Q1,10.6
Республика Алтай,15-72 лет,процент,II квартал,2019-Q2,10.2
Республика Алтай,15-72 лет,процент,III квартал,2019-Q3,10.3
Республика Алтай,15-72 лет,процент,IV квартал,2019-Q4,12.6
Республика Алтай,15-72 лет,процент,значение показателя за год,2019,10.9
Республика Алтай,15-72 лет,процент,I квартал,2020-Q1,11.9
Республика Алтай,15-72 лет,процент,II квартал,2020-Q2,12.2
Республика Алтай,15-72 лет,процент,III квартал,2020-Q3,15.2
Республика Алтай,15-72 лет,процент,IV квартал,2020-Q4,16.4
Республика Алтай,15-72 лет,процент,значение показателя за год,2020,14.0
Республика Алтай,15-72 лет,процент,I квартал,2021-Q1,15.5
Республика Алтай,15-72 лет,процент,II квартал,2021-Q2,12.1
Республика Алтай,15-72 лет,процент,III квартал,2021-Q3,10.5
Республика Алтай,15-72 лет,процент,IV квартал,2021-Q4,10.2
Республика Алтай,15-72 лет,процент,значение показателя за год,2021,12.1
Республика Тыва,15 лет и старше,процент,I квартал,2017-Q1,20.1
Республика Тыва,15 лет и старше,процент,II квартал,2017-Q2,16.8
Республика Тыва,15 лет и старше,процент,III квартал,2017-Q3,19.0
Республика Тыва,15 лет и старше,процент,IV квартал,2017-Q4,17.9
Республика Тыва,15 лет и старше,процент,значение показателя за год,2017,18.4
Республика Тыва,15 лет и старше,процент,I квартал,2018-Q1,12.4
Республика Тыва,15 лет и старше,процент,II квартал,2018-Q2,18.4
Республика Тыва,15 лет и старше,процент,III квартал,2018-Q3,15.8
Республика Тыва,15 лет и старше,процент,IV квартал,2018-Q4,12.9
Республика Тыва,15 лет и старше,процент,значение показателя за год,2018,14.9
Республика Тыва,15 лет и старше,процент,I квартал,2019-Q1,12.9
Республика Тыва,15 лет и старше,процент,II квартал,2019-Q2,11.9
Республика Тыва,15 лет и старше,процент,III квартал,2019-Q3,13.0
Республика Тыва,15 лет и старше,процент,IV квартал,2019-Q4,12.1
Республика Тыва,15 лет и старше,процент,значение показателя за год,2019,12.5
Республика Тыва,15 лет и старше,процент,I квартал,2020-Q1,11.7
Республика Тыва,15 лет и старше,процент,II квартал,2020-Q2,19.7
Республика Тыва,15 лет и старше,процент,III квартал,2020-Q3,21.7
Республика Тыва,15 лет и старше,процент,IV квартал,2020-Q4,18.8
Республика Тыва,15 лет и старше,процент,значение показателя за год,2020,18.2
Республика Тыва,15 лет и старше,процент,I квартал,2021-Q1,19.7
Республика Тыва,15 лет и старше,процент,II квартал,2021-Q2,16.3
Республика Тыва,15 лет и старше,процент,III квартал,2021-Q3,13.8
Республика Тыва,15 лет и старше,процент,IV квартал,2021-Q4,10.9
Республика Тыва,15 лет и старше,процент,значение показателя за год,2021,15.3
Республика Тыва,15 лет и старше,процент,I квартал,2022-Q1,12.5
Республика Тыва,15 лет и старше,процент,II квартал,2022-Q2,8.8
Республика Тыва,15 лет и старше,процент,III квартал,2022-Q3,9.0
Республика Тыва,15 лет и старше,процент,IV квартал,2022-Q4,8.0
Республика Тыва,15 лет и старше,процент,значение показателя за год,2022,9.5
Республика Тыва,15 лет и старше,процент,I квартал,2023-Q1,7.64
Республика Тыва,15 лет и старше,процент,II квартал,2023-Q2,7.2
Республика Тыва,15 лет и старше,процент,III квартал,2023-Q3,6.69
Республика Тыва,15 лет и старше,процент,IV квартал,2023-Q4,5.1
Республика Тыва,15 лет и старше,процент,значение показателя за год,2023,6.6
Республика Тыва,15 лет и старше,процент,I квартал,2024-Q1,4.2
Республика Тыва,15 лет и старше,процент,II квартал,2024-Q2,5.1
Республика Тыва,15 лет и старше,процент,III квартал,2024-Q3,5.0
Республика Тыва,15 лет и старше,процент,IV квартал,2024-Q4,5.1
Республика Тыва,15 лет и старше,процент,значение показателя за год,2024,4.9
Республика Тыва,15 лет и старше,процент,I квартал,2025-Q1,5.4
Республика Тыва,15 лет и старше,процент,II квартал,2025-Q2,4.7
Республика Тыва,15 лет и старше,процент,III квартал,2025-Q3,5.1
Республика Тыва,15 лет и старше,процент,IV квартал,2025-Q4,4.0
Республика Тыва,15 лет и старше,процент,значение показателя за год,2025,4.8
Республика Тыва,15-72 лет,процент,I квартал,2013-Q1,16.7
Республика Тыва,15-72 лет,процент,II квартал,2013-Q2,23.5
Республика Тыва,15-72 лет,процент,III квартал,2013-Q3,17.4
Республика Тыва,15-72 лет,процент,IV квартал,2013-Q4,19.7
Республика Тыва,15-72 лет,процент,значение показателя за год,2013,19.4
Республика Тыва,15-72 лет,процент,I квартал,2014-Q1,20.8
Республика Тыва,15-72 лет,процент,II квартал,2014-Q2,22.1
Республика Тыва,15-72 лет,процент,III квартал,2014-Q3,18.5
Республика Тыва,15-72 лет,процент,IV квартал,2014-Q4,15.0
Республика Тыва,15-72 лет,процент,значение показателя за год,2014,19.2
Республика Тыва,15-72 лет,процент,I квартал,2015-Q1,19.4
Республика Тыва,15-72 лет,процент,II квартал,2015-Q2,17.8
Республика Тыва,15-72 лет,процент,III квартал,2015-Q3,16.4
Республика Тыва,15-72 лет,процент,IV квартал,2015-Q4,20.9
Республика Тыва,15-72 лет,процент,значение показателя за год,2015,18.7
Республика Тыва,15-72 лет,процент,I квартал,2016-Q1,15.2
Республика Тыва,15-72 лет,процент,II квартал,2016-Q2,19.4
Республика Тыва,15-72 лет,процент,III квартал,2016-Q3,15.0
Республика Тыва,15-72 лет,процент,IV квартал,2016-Q4,17.7
Республика Тыва,15-72 лет,процент,значение показателя за год,2016,16.8
Республика Тыва,15-72 лет,процент,I квартал,2017-Q1,20.1
Республика Тыва,15-72 лет,процент,II квартал,2017-Q2,16.8
Республика Тыва,15-72 лет,процент,III квартал,2017-Q3,19.0
Республика Тыва,15-72 лет,процент,IV квартал,2017-Q4,18.0
Республика Тыва,15-72 лет,процент,значение показателя за год,2017,18.5
Республика Тыва,15-72 лет,процент,I квартал,2018-Q1,12.4
Республика Тыва,15-72 лет,процент,II квартал,2018-Q2,18.5
Республика Тыва,15-72 лет,процент,III квартал,2018-Q3,15.8
Республика Тыва,15-72 лет,процент,IV квартал,2018-Q4,12.9
Республика Тыва,15-72 лет,процент,значение показателя за год,2018,14.9
Республика Тыва,15-72 лет,процент,I квартал,2019-Q1,12.9
Республика Тыва,15-72 лет,процент,II квартал,2019-Q2,11.9
Республика Тыва,15-72 лет,процент,III квартал,2019-Q3,13.0
Республика Тыва,15-72 лет,процент,IV квартал,2019-Q4,12.2
Республика Тыва,15-72 лет,процент,значение показателя за год,2019,12.5
Республика Тыва,15-72 лет,процент,I квартал,2020-Q1,11.8
Республика Тыва,15-72 лет,процент,II квартал,2020-Q2,19.8
Республика Тыва,15-72 лет,процент,III квартал,2020-Q3,21.7
Республика Тыва,15-72 лет,процент,IV квартал,2020-Q4,18.9
Республика Тыва,15-72 лет,процент,значение показателя за год,2020,18.3
Республика Тыва,15-72 лет,процент,I квартал,2021-Q1,19.8
Республика Тыва,15-72 лет,процент,II квартал,2021-Q2,16.3
Республика Тыва,15-72 лет,процент,III квартал,2021-Q3,13.8
Республика Тыва,15-72 лет,процент,IV квартал,2021-Q4,10.9
Республика Тыва,15-72 лет,процент,значение показателя за год,2021,15.3
Республика Хакасия,15 лет и старше,процент,I квартал,2017-Q1,4.6
Республика Хакасия,15 лет и старше,процент,II квартал,2017-Q2,4.2
Республика Хакасия,15 лет и старше,процент,III квартал,2017-Q3,4.9
Республика Хакасия,15 лет и старше,процент,IV квартал,2017-Q4,6.0
Республика Хакасия,15 лет и старше,процент,значение показателя за год,2017,4.9
Республика Хакасия,15 лет и старше,процент,I квартал,2018-Q1,5.1
Республика Хакасия,15 лет и старше,процент,II квартал,2018-Q2,5.0
Республика Хакасия,15 лет и старше,процент,III квартал,2018-Q3,4.2
Республика Хакасия,15 лет и старше,процент,IV квартал,2018-Q4,6.6
Республика Хакасия,15 лет и старше,процент,значение показателя за год,2018,5.2
Республика Хакасия,15 лет и старше,процент,I квартал,2019-Q1,5.5
Республика Хакасия,15 лет и старше,процент,II квартал,2019-Q2,5.3
Республика Хакасия,15 лет и старше,процент,III квартал,2019-Q3,5.3
Республика Хакасия,15 лет и старше,процент,IV квартал,2019-Q4,8.1
Республика Хакасия,15 лет и старше,процент,значение показателя за год,2019,6.0
Республика Хакасия,15 лет и старше,процент,I квартал,2020-Q1,7.1
Республика Хакасия,15 лет и старше,процент,II квартал,2020-Q2,9.9
Республика Хакасия,15 лет и старше,процент,III квартал,2020-Q3,9.7
Республика Хакасия,15 лет и старше,процент,IV квартал,2020-Q4,7.6
Республика Хакасия,15 лет и старше,процент,значение показателя за год,2020,8.6
Республика Хакасия,15 лет и старше,процент,I квартал,2021-Q1,7.6
Республика Хакасия,15 лет и старше,процент,II квартал,2021-Q2,7.7
Республика Хакасия,15 лет и старше,процент,III квартал,2021-Q3,5.3
Республика Хакасия,15 лет и старше,процент,IV квартал,2021-Q4,5.1
Республика Хакасия,15 лет и старше,процент,значение показателя за год,2021,6.4
Республика Хакасия,15 лет и старше,процент,I квартал,2022-Q1,3.3
Республика Хакасия,15 лет и старше,процент,II квартал,2022-Q2,3.3
Республика Хакасия,15 лет и старше,процент,III квартал,2022-Q3,2.8
Республика Хакасия,15 лет и старше,процент,IV квартал,2022-Q4,3.9
Республика Хакасия,15 лет и старше,процент,значение показателя за год,2022,3.3
Республика Хакасия,15 лет и старше,процент,I квартал,2023-Q1,2.88
Республика Хакасия,15 лет и старше,процент,II квартал,2023-Q2,2.3
Республика Хакасия,15 лет и старше,процент,III квартал,2023-Q3,1.94
Республика Хакасия,15 лет и старше,процент,IV квартал,2023-Q4,1.5
Республика Хакасия,15 лет и старше,процент,значение показателя за год,2023,2.1
Республика Хакасия,15 лет и старше,процент,I квартал,2024-Q1,2.0
Республика Хакасия,15 лет и старше,процент,II квартал,2024-Q2,1.7
Республика Хакасия,15 лет и старше,процент,III квартал,2024-Q3,1.3
Республика Хакасия,15 лет и старше,процент,IV квартал,2024-Q4,1.6
Республика Хакасия,15 лет и старше,процент,значение показателя за год,2024,1.6
Республика Хакасия,15 лет и старше,процент,I квартал,2025-Q1,1.4
Республика Хакасия,15 лет и старше,процент,II квартал,2025-Q2,1.3
Республика Хакасия,15 лет и старше,процент,III квартал,2025-Q3,1.3
Республика Хакасия,15 лет и старше,процент,IV квартал,2025-Q4,1.6
Республика Хакасия,15 лет и старше,процент,значение показателя за год,2025,1.4
Республика Хакасия,15-72 лет,процент,I квартал,2013-Q1,6.0
Республика Хакасия,15-72 лет,процент,II квартал,2013-Q2,5.8
Республика Хакасия,15-72 лет,процент,III квартал,2013-Q3,6.5
Республика Хакасия,15-72 лет,процент,IV квартал,2013-Q4,5.6
Республика Хакасия,15-72 лет,процент,значение показателя за год,2013,6.0
Республика Хакасия,15-72 лет,процент,I квартал,2014-Q1,6.7
Республика Хакасия,15-72 лет,процент,II квартал,2014-Q2,6.8
Республика Хакасия,15-72 лет,процент,III квартал,2014-Q3,6.6
Республика Хакасия,15-72 лет,процент,IV квартал,2014-Q4,4.9
Республика Хакасия,15-72 лет,процент,значение показателя за год,2014,6.3
Республика Хакасия,15-72 лет,процент,I квартал,2015-Q1,4.8
Республика Хакасия,15-72 лет,процент,II квартал,2015-Q2,5.7
Республика Хакасия,15-72 лет,процент,III квартал,2015-Q3,5.8
Республика Хакасия,15-72 лет,процент,IV квартал,2015-Q4,7.1
Республика Хакасия,15-72 лет,процент,значение показателя за год,2015,5.9
Республика Хакасия,15-72 лет,процент,I квартал,2016-Q1,6.1
Республика Хакасия,15-72 лет,процент,II квартал,2016-Q2,5.7
Республика Хакасия,15-72 лет,процент,III квартал,2016-Q3,5.8
Республика Хакасия,15-72 лет,процент,IV квартал,2016-Q4,7.5
Республика Хакасия,15-72 лет,процент,значение показателя за год,2016,6.3
Республика Хакасия,15-72 лет,процент,I квартал,2017-Q1,4.6
Республика Хакасия,15-72 лет,процент,II квартал,2017-Q2,4.2
Республика Хакасия,15-72 лет,процент,III квартал,2017-Q3,4.9
Республика Хакасия,15-72 лет,процент,IV квартал,2017-Q4,6.0
Республика Хакасия,15-72 лет,процент,значение показателя за год,2017,4.9
Республика Хакасия,15-72 лет,процент,I квартал,2018-Q1,5.1
Республика Хакасия,15-72 лет,процент,II квартал,2018-Q2,5.0
Республика Хакасия,15-72 лет,процент,III квартал,2018-Q3,4.2
Республика Хакасия,15-72 лет,процент,IV квартал,2018-Q4,6.6
Республика Хакасия,15-72 лет,процент,значение показателя за год,2018,5.2
Республика Хакасия,15-72 лет,процент,I квартал,2019-Q1,5.5
Республика Хакасия,15-72 лет,процент,II квартал,2019-Q2,5.3
Республика Хакасия,15-72 лет,процент,III квартал,2019-Q3,5.3
Республика Хакасия,15-72 лет,процент,IV квартал,2019-Q4,8.0
Республика Хакасия,15-72 лет,процент,значение показателя за год,2019,6.0
Республика Хакасия,15-72 лет,процент,I квартал,2020-Q1,7.1
Республика Хакасия,15-72 лет,процент,II квартал,2020-Q2,9.7
Республика Хакасия,15-72 лет,процент,III квартал,2020-Q3,9.8
Республика Хакасия,15-72 лет,процент,IV квартал,2020-Q4,7.7
Республика Хакасия,15-72 лет,процент,значение показателя за год,2020,8.6
Республика Хакасия,15-72 лет,процент,I квартал,2021-Q1,7.6
Республика Хакасия,15-72 лет,процент,II квартал,2021-Q2,7.7
Республика Хакасия,15-72 лет,процент,III квартал,2021-Q3,5.3
Республика Хакасия,15-72 лет,процент,IV квартал,2021-Q4,5.1
Республика Хакасия,15-72 лет,процент,значение показателя за год,2021,6.4
Алтайский край,15 лет и старше,процент,I квартал,2017-Q1,7.9
Алтайский край,15 лет и старше,процент,II квартал,2017-Q2,6.4
Алтайский край,15 лет и старше,процент,III квартал,2017-Q3,6.9
Алтайский край,15 лет и старше,процент,IV квартал,2017-Q4,6.6
Алтайский край,15 лет и старше,процент,значение показателя за год,2017,6.9
Алтайский край,15 лет и старше,процент,I квартал,2018-Q1,6.4
Алтайский край,15 лет и старше,процент,II квартал,2018-Q2,6.1
Алтайский край,15 лет и старше,процент,III квартал,2018-Q3,5.7
Алтайский край,15 лет и старше,процент,IV квартал,2018-Q4,6.3
Алтайский край,15 лет и старше,процент,значение показателя за год,2018,6.1
Алтайский край,15 лет и старше,процент,I квартал,2019-Q1,7.4
Алтайский край,15 лет и старше,процент,II квартал,2019-Q2,5.6
Алтайский край,15 лет и старше,процент,III квартал,2019-Q3,5.0
Алтайский край,15 лет и старше,процент,IV квартал,2019-Q4,5.4
Алтайский край,15 лет и старше,процент,значение показателя за год,2019,5.9
Алтайский край,15 лет и старше,процент,I квартал,2020-Q1,5.3
Алтайский край,15 лет и старше,процент,II квартал,2020-Q2,6.2
Алтайский край,15 лет и старше,процент,III квартал,2020-Q3,6.1
Алтайский край,15 лет и старше,процент,IV квартал,2020-Q4,6.3
Алтайский край,15 лет и старше,процент,значение показателя за год,2020,6.0
Алтайский край,15 лет и старше,процент,I квартал,2021-Q1,6.7
Алтайский край,15 лет и старше,процент,II квартал,2021-Q2,5.7
Алтайский край,15 лет и старше,процент,III квартал,2021-Q3,4.9
Алтайский край,15 лет и старше,процент,IV квартал,2021-Q4,4.9
Алтайский край,15 лет и старше,процент,значение показателя за год,2021,5.6
Алтайский край,15 лет и старше,процент,I квартал,2022-Q1,4.3
Алтайский край,15 лет и старше,процент,II квартал,2022-Q2,3.7
Алтайский край,15 лет и старше,процент,III квартал,2022-Q3,3.7
Алтайский край,15 лет и старше,процент,IV квартал,2022-Q4,3.5
Алтайский край,15 лет и старше,процент,значение показателя за год,2022,3.8
Алтайский край,15 лет и старше,процент,I квартал,2023-Q1,3.66
Алтайский край,15 лет и старше,процент,II квартал,2023-Q2,3.3
Алтайский край,15 лет и старше,процент,III квартал,2023-Q3,3.31
Алтайский край,15 лет и старше,процент,IV квартал,2023-Q4,3.4
Алтайский край,15 лет и старше,процент,значение показателя за год,2023,3.4
Алтайский край,15 лет и старше,процент,I квартал,2024-Q1,3.6
Алтайский край,15 лет и старше,процент,II квартал,2024-Q2,3.4
Алтайский край,15 лет и старше,процент,III квартал,2024-Q3,3.3
Алтайский край,15 лет и старше,процент,IV квартал,2024-Q4,3.4
Алтайский край,15 лет и старше,процент,значение показателя за год,2024,3.4
Алтайский край,15 лет и старше,процент,I квартал,2025-Q1,3.5
Алтайский край,15 лет и старше,процент,II квартал,2025-Q2,3.4
Алтайский край,15 лет и старше,процент,III квартал,2025-Q3,3.3
Алтайский край,15 лет и старше,процент,IV квартал,2025-Q4,3.5
Алтайский край,15 лет и старше,процент,значение показателя за год,2025,3.4
Алтайский край,15-72 лет,процент,I квартал,2013-Q1,9.0
Алтайский край,15-72 лет,процент,II квартал,2013-Q2,7.9
Алтайский край,15-72 лет,процент,III квартал,2013-Q3,7.6
Алтайский край,15-72 лет,процент,IV квартал,2013-Q4,8.8
Алтайский край,15-72 лет,процент,значение показателя за год,2013,8.3
Алтайский край,15-72 лет,процент,I квартал,2014-Q1,8.1
Алтайский край,15-72 лет,процент,II квартал,2014-Q2,7.1
Алтайский край,15-72 лет,процент,III квартал,2014-Q3,4.3
Алтайский край,15-72 лет,процент,IV квартал,2014-Q4,9.4
Алтайский край,15-72 лет,процент,значение показателя за год,2014,7.2
Алтайский край,15-72 лет,процент,I квартал,2015-Q1,8.3
Алтайский край,15-72 лет,процент,II квартал,2015-Q2,7.0
Алтайский край,15-72 лет,процент,III квартал,2015-Q3,6.6
Алтайский край,15-72 лет,процент,IV квартал,2015-Q4,10.4
Алтайский край,15-72 лет,процент,значение показателя за год,2015,8.0
Алтайский край,15-72 лет,процент,I квартал,2016-Q1,9.6
Алтайский край,15-72 лет,процент,II квартал,2016-Q2,9.0
Алтайский край,15-72 лет,процент,III квартал,2016-Q3,7.7
Алтайский край,15-72 лет,процент,IV квартал,2016-Q4,8.2
Алтайский край,15-72 лет,процент,значение показателя за год,2016,8.6
Алтайский край,15-72 лет,процент,I квартал,2017-Q1,7.9
Алтайский край,15-72 лет,процент,II квартал,2017-Q2,6.4
Алтайский край,15-72 лет,процент,III квартал,2017-Q3,6.9
Алтайский край,15-72 лет,процент,IV квартал,2017-Q4,6.6
Алтайский край,15-72 лет,процент,значение показателя за год,2017,6.9
Алтайский край,15-72 лет,процент,I квартал,2018-Q1,6.4
Алтайский край,15-72 лет,процент,II квартал,2018-Q2,6.1
Алтайский край,15-72 лет,процент,III квартал,2018-Q3,5.7
Алтайский край,15-72 лет,процент,IV квартал,2018-Q4,6.3
Алтайский край,15-72 лет,процент,значение показателя за год,2018,6.1
Алтайский край,15-72 лет,процент,I квартал,2019-Q1,7.4
Алтайский край,15-72 лет,процент,II квартал,2019-Q2,5.7
Алтайский край,15-72 лет,процент,III квартал,2019-Q3,5.1
Алтайский край,15-72 лет,процент,IV квартал,2019-Q4,5.4
Алтайский край,15-72 лет,процент,значение показателя за год,2019,5.9
Алтайский край,15-72 лет,процент,I квартал,2020-Q1,5.3
Алтайский край,15-72 лет,процент,II квартал,2020-Q2,6.0
Алтайский край,15-72 лет,процент,III квартал,2020-Q3,6.1
Алтайский край,15-72 лет,процент,IV квартал,2020-Q4,6.3
Алтайский край,15-72 лет,процент,значение показателя за год,2020,5.9
Алтайский край,15-72 лет,процент,I квартал,2021-Q1,6.7
Алтайский край,15-72 лет,процент,II квартал,2021-Q2,5.8
Алтайский край,15-72 лет,процент,III квартал,2021-Q3,4.9
Алтайский край,15-72 лет,процент,IV квартал,2021-Q4,4.9
Алтайский край,15-72 лет,процент,значение показателя за год,2021,5.6
Красноярский край,15 лет и старше,процент,I квартал,2017-Q1,5.3
Красноярский край,15 лет и старше,процент,II квартал,2017-Q2,5.5
Красноярский край,15 лет и старше,процент,III квартал,2017-Q3,5.9
Красноярский край,15 лет и старше,процент,IV квартал,2017-Q4,6.1
Красноярский край,15 лет и старше,процент,значение показателя за год,2017,5.7
Красноярский край,15 лет и старше,процент,I квартал,2018-Q1,4.8
Красноярский край,15 лет и старше,процент,II квартал,2018-Q2,4.3
Красноярский край,15 лет и старше,процент,III квартал,2018-Q3,5.2
Красноярский край,15 лет и старше,процент,IV квартал,2018-Q4,5.2
Красноярский край,15 лет и старше,процент,значение показателя за год,2018,4.9
Красноярский край,15 лет и старше,процент,I квартал,2019-Q1,4.6
Красноярский край,15 лет и старше,процент,II квартал,2019-Q2,4.2
Красноярский край,15 лет и старше,процент,III квартал,2019-Q3,4.4
Красноярский край,15 лет и старше,процент,IV квартал,2019-Q4,4.7
Красноярский край,15 лет и старше,процент,значение показателя за год,2019,4.5
Красноярский край,15 лет и старше,процент,I квартал,2020-Q1,3.6
Красноярский край,15 лет и старше,процент,II квартал,2020-Q2,6.9
Красноярский край,15 лет и старше,процент,III квартал,2020-Q3,7.8
Красноярский край,15 лет и старше,процент,IV квартал,2020-Q4,5.7
Красноярский край,15 лет и старше,процент,значение показателя за год,2020,6.0
Красноярский край,15 лет и старше,процент,I квартал,2021-Q1,4.2
Красноярский край,15 лет и старше,процент,II квартал,2021-Q2,3.6
Красноярский край,15 лет и старше,процент,III квартал,2021-Q3,3.1
Красноярский край,15 лет и старше,процент,IV квартал,2021-Q4,3.2
Красноярский край,15 лет и старше,процент,значение показателя за год,2021,3.5
Красноярский край,15 лет и старше,процент,I квартал,2022-Q1,3.0
Красноярский край,15 лет и старше,процент,II квартал,2022-Q2,2.8
Красноярский край,15 лет и старше,процент,III квартал,2022-Q3,2.4
Красноярский край,15 лет и старше,процент,IV квартал,2022-Q4,2.6
Красноярский край,15 лет и старше,процент,значение показателя за год,2022,2.7
Красноярский край,15 лет и старше,процент,I квартал,2023-Q1,2.58
Красноярский край,15 лет и старше,процент,II квартал,2023-Q2,2.1
Красноярский край,15 лет и старше,процент,III квартал,2023-Q3,1.64
Красноярский край,15 лет и старше,процент,IV квартал,2023-Q4,1.7
Красноярский край,15 лет и старше,процент,значение показателя за год,2023,2.0
Красноярский край,15 лет и старше,процент,I квартал,2024-Q1,1.3
Красноярский край,15 лет и старше,процент,II квартал,2024-Q2,1.6
Красноярский край,15 лет и старше,процент,III квартал,2024-Q3,1.6
Красноярский край,15 лет и старше,процент,IV квартал,2024-Q4,1.7
Красноярский край,15 лет и старше,процент,значение показателя за год,2024,1.5
Красноярский край,15 лет и старше,процент,I квартал,2025-Q1,2.4
Красноярский край,15 лет и старше,процент,II квартал,2025-Q2,2.2
Красноярский край,15 лет и старше,процент,III квартал,2025-Q3,1.5
Красноярский край,15 лет и старше,процент,IV квартал,2025-Q4,1.4
Красноярский край,15 лет и старше,процент,значение показателя за год,2025,1.9
Красноярский край,15-72 лет,процент,I квартал,2013-Q1,6.4
Красноярский край,15-72 лет,процент,II квартал,2013-Q2,5.3
Красноярский край,15-72 лет,процент,III квартал,2013-Q3,5.2
Красноярский край,15-72 лет,процент,IV квартал,2013-Q4,5.8
Красноярский край,15-72 лет,процент,значение показателя за год,2013,5.7
Красноярский край,15-72 лет,процент,I квартал,2014-Q1,4.9
Красноярский край,15-72 лет,процент,II квартал,2014-Q2,5.3
Красноярский край,15-72 лет,процент,III квартал,2014-Q3,5.3
Красноярский край,15-72 лет,процент,IV квартал,2014-Q4,4.4
Красноярский край,15-72 лет,процент,значение показателя за год,2014,5.0
Красноярский край,15-72 лет,процент,I квартал,2015-Q1,6.2
Красноярский край,15-72 лет,процент,II квартал,2015-Q2,6.2
Красноярский край,15-72 лет,процент,III квартал,2015-Q3,5.8
Красноярский край,15-72 лет,процент,IV квартал,2015-Q4,6.7
Красноярский край,15-72 лет,процент,значение показателя за год,2015,6.2
Красноярский край,15-72 лет,процент,I квартал,2016-Q1,6.2
Красноярский край,15-72 лет,процент,II квартал,2016-Q2,6.9
Красноярский край,15-72 лет,процент,III квартал,2016-Q3,5.5
Красноярский край,15-72 лет,процент,IV квартал,2016-Q4,5.7
Красноярский край,15-72 лет,процент,значение показателя за год,2016,6.1
Красноярский край,15-72 лет,процент,I квартал,2017-Q1,5.3
Красноярский край,15-72 лет,процент,II квартал,2017-Q2,5.5
Красноярский край,15-72 лет,процент,III квартал,2017-Q3,5.9
Красноярский край,15-72 лет,процент,IV квартал,2017-Q4,6.1
Красноярский край,15-72 лет,процент,значение показателя за год,2017,5.7
Красноярский край,15-72 лет,процент,I квартал,2018-Q1,4.9
Красноярский край,15-72 лет,процент,II квартал,2018-Q2,4.3
Красноярский край,15-72 лет,процент,III квартал,2018-Q3,5.3
Красноярский край,15-72 лет,процент,IV квартал,2018-Q4,5.2
Красноярский край,15-72 лет,процент,значение показателя за год,2018,4.9
Красноярский край,15-72 лет,процент,I квартал,2019-Q1,4.6
Красноярский край,15-72 лет,процент,II квартал,2019-Q2,4.2
Красноярский край,15-72 лет,процент,III квартал,2019-Q3,4.4
Красноярский край,15-72 лет,процент,IV квартал,2019-Q4,4.7
Красноярский край,15-72 лет,процент,значение показателя за год,2019,4.5
Красноярский край,15-72 лет,процент,I квартал,2020-Q1,3.6
Красноярский край,15-72 лет,процент,II квартал,2020-Q2,6.9
Красноярский край,15-72 лет,процент,III квартал,2020-Q3,7.8
Красноярский край,15-72 лет,процент,IV квартал,2020-Q4,5.8
Красноярский край,15-72 лет,процент,значение показателя за год,2020,6.0
Красноярский край,15-72 лет,процент,I квартал,2021-Q1,4.2
Красноярский край,15-72 лет,процент,II квартал,2021-Q2,3.6
Красноярский край,15-72 лет,процент,III квартал,2021-Q3,3.1
Красноярский край,15-72 лет,процент,IV квартал,2021-Q4,3.2
Красноярский край,15-72 лет,процент,значение показателя за год,2021,3.5
Иркутская область,15 лет и старше,процент,I квартал,2017-Q1,9.4
Иркутская область,15 лет и старше,процент,II квартал,2017-Q2,8.6
Иркутская область,15 лет и старше,процент,III квартал,2017-Q3,7.6
Иркутская область,15 лет и старше,процент,IV квартал,2017-Q4,8.9
Иркутская область,15 лет и старше,процент,значение показателя за год,2017,8.6
Иркутская область,15 лет и старше,процент,I квартал,2018-Q1,7.0
Иркутская область,15 лет и старше,процент,II квартал,2018-Q2,6.9
Иркутская область,15 лет и старше,процент,III квартал,2018-Q3,8.2
Иркутская область,15 лет и старше,процент,IV квартал,2018-Q4,8.1
Иркутская область,15 лет и старше,процент,значение показателя за год,2018,7.5
Иркутская область,15 лет и старше,процент,I квартал,2019-Q1,7.3
Иркутская область,15 лет и старше,процент,II квартал,2019-Q2,5.7
Иркутская область,15 лет и старше,процент,III квартал,2019-Q3,6.7
Иркутская область,15 лет и старше,процент,IV квартал,2019-Q4,6.6
Иркутская область,15 лет и старше,процент,значение показателя за год,2019,6.6
Иркутская область,15 лет и старше,процент,I квартал,2020-Q1,6.8
Иркутская область,15 лет и старше,процент,II квартал,2020-Q2,8.2
Иркутская область,15 лет и старше,процент,III квартал,2020-Q3,7.5
Иркутская область,15 лет и старше,процент,IV квартал,2020-Q4,8.2
Иркутская область,15 лет и старше,процент,значение показателя за год,2020,7.7
Иркутская область,15 лет и старше,процент,I квартал,2021-Q1,6.9
Иркутская область,15 лет и старше,процент,II квартал,2021-Q2,6.1
Иркутская область,15 лет и старше,процент,III квартал,2021-Q3,5.9
Иркутская область,15 лет и старше,процент,IV квартал,2021-Q4,5.1
Иркутская область,15 лет и старше,процент,значение показателя за год,2021,6.0
Иркутская область,15 лет и старше,процент,I квартал,2022-Q1,5.4
Иркутская область,15 лет и старше,процент,II квартал,2022-Q2,5.1
Иркутская область,15 лет и старше,процент,III квартал,2022-Q3,5.0
Иркутская область,15 лет и старше,процент,IV квартал,2022-Q4,4.6
Иркутская область,15 лет и старше,процент,значение показателя за год,2022,5.0
Иркутская область,15 лет и старше,процент,I квартал,2023-Q1,4.28
Иркутская область,15 лет и старше,процент,II квартал,2023-Q2,3.2
Иркутская область,15 лет и старше,процент,III квартал,2023-Q3,3.62
Иркутская область,15 лет и старше,процент,IV квартал,2023-Q4,3.6
Иркутская область,15 лет и старше,процент,значение показателя за год,2023,3.7
Иркутская область,15 лет и старше,процент,I квартал,2024-Q1,3.4
Иркутская область,15 лет и старше,процент,II квартал,2024-Q2,3.2
Иркутская область,15 лет и старше,процент,III квартал,2024-Q3,3.0
Иркутская область,15 лет и старше,процент,IV квартал,2024-Q4,3.0
Иркутская область,15 лет и старше,процент,значение показателя за год,2024,3.1
Иркутская область,15 лет и старше,процент,I квартал,2025-Q1,3.2
Иркутская область,15 лет и старше,процент,II квартал,2025-Q2,3.0
Иркутская область,15 лет и старше,процент,III квартал,2025-Q3,2.9
Иркутская область,15 лет и старше,процент,IV квартал,2025-Q4,2.8
Иркутская область,15 лет и старше,процент,значение показателя за год,2025,3.0
Иркутская область,15-72 лет,процент,I квартал,2013-Q1,8.6
Иркутская область,15-72 лет,процент,II квартал,2013-Q2,7.3
Иркутская область,15-72 лет,процент,III квартал,2013-Q3,8.0
Иркутская область,15-72 лет,процент,IV квартал,2013-Q4,9.2
Иркутская область,15-72 лет,процент,значение показателя за год,2013,8.3
Иркутская область,15-72 лет,процент,I квартал,2014-Q1,8.5
Иркутская область,15-72 лет,процент,II квартал,2014-Q2,7.8
Иркутская область,15-72 лет,процент,III квартал,2014-Q3,9.5
Иркутская область,15-72 лет,процент,IV квартал,2014-Q4,9.6
Иркутская область,15-72 лет,процент,значение показателя за год,2014,8.9
Иркутская область,15-72 лет,процент,I квартал,2015-Q1,9.0
Иркутская область,15-72 лет,процент,II квартал,2015-Q2,7.4
Иркутская область,15-72 лет,процент,III квартал,2015-Q3,7.0
Иркутская область,15-72 лет,процент,IV квартал,2015-Q4,9.3
Иркутская область,15-72 лет,процент,значение показателя за год,2015,8.2
Иркутская область,15-72 лет,процент,I квартал,2016-Q1,8.6
Иркутская область,15-72 лет,процент,II квартал,2016-Q2,8.4
Иркутская область,15-72 лет,процент,III квартал,2016-Q3,9.1
Иркутская область,15-72 лет,процент,IV квартал,2016-Q4,9.1
Иркутская область,15-72 лет,процент,значение показателя за год,2016,8.8
Иркутская область,15-72 лет,процент,I квартал,2017-Q1,9.5
Иркутская область,15-72 лет,процент,II квартал,2017-Q2,8.6
Иркутская область,15-72 лет,процент,III квартал,2017-Q3,7.7
Иркутская область,15-72 лет,процент,IV квартал,2017-Q4,8.9
Иркутская область,15-72 лет,процент,значение показателя за год,2017,8.7
Иркутская область,15-72 лет,процент,I квартал,2018-Q1,7.0
Иркутская область,15-72 лет,процент,II квартал,2018-Q2,6.9
Иркутская область,15-72 лет,процент,III квартал,2018-Q3,8.2
Иркутская область,15-72 лет,процент,IV квартал,2018-Q4,8.1
Иркутская область,15-72 лет,процент,значение показателя за год,2018,7.6
Иркутская область,15-72 лет,процент,I квартал,2019-Q1,7.3
Иркутская область,15-72 лет,процент,II квартал,2019-Q2,5.8
Иркутская область,15-72 лет,процент,III квартал,2019-Q3,6.7
Иркутская область,15-72 лет,процент,IV квартал,2019-Q4,6.6
Иркутская область,15-72 лет,процент,значение показателя за год,2019,6.6
Иркутская область,15-72 лет,процент,I квартал,2020-Q1,6.8
Иркутская область,15-72 лет,процент,II квартал,2020-Q2,8.2
Иркутская область,15-72 лет,процент,III квартал,2020-Q3,7.5
Иркутская область,15-72 лет,процент,IV квартал,2020-Q4,8.2
Иркутская область,15-72 лет,процент,значение показателя за год,2020,7.7
Иркутская область,15-72 лет,процент,I квартал,2021-Q1,6.9
Иркутская область,15-72 лет,процент,II квартал,2021-Q2,6.1
Иркутская область,15-72 лет,процент,III квартал,2021-Q3,5.9
Иркутская область,15-72 лет,процент,IV квартал,2021-Q4,5.1
Иркутская область,15-72 лет,процент,значение показателя за год,2021,6.0
Кемеровская область - Кузбасс,15 лет и старше,процент,I квартал,2017-Q1,7.4
Кемеровская область - Кузбасс,15 лет и старше,процент,II квартал,2017-Q2,7.1
Кемеровская область - Кузбасс,15 лет и старше,процент,III квартал,2017-Q3,7.4
Кемеровская область - Кузбасс,15 лет и старше,процент,IV квартал,2017-Q4,6.5
Кемеровская область - Кузбасс,15 лет и старше,процент,значение показателя за год,2017,7.1
Кемеровская область - Кузбасс,15 лет и старше,процент,I квартал,2018-Q1,6.1
Кемеровская область - Кузбасс,15 лет и старше,процент,II квартал,2018-Q2,6.6
Кемеровская область - Кузбасс,15 лет и старше,процент,III квартал,2018-Q3,5.8
Кемеровская область - Кузбасс,15 лет и старше,процент,IV квартал,2018-Q4,6.1
Кемеровская область - Кузбасс,15 лет и старше,процент,значение показателя за год,2018,6.1
Кемеровская область - Кузбасс,15 лет и старше,процент,I квартал,2019-Q1,6.3
Кемеровская область - Кузбасс,15 лет и старше,процент,II квартал,2019-Q2,5.6
Кемеровская область - Кузбасс,15 лет и старше,процент,III квартал,2019-Q3,5.2
Кемеровская область - Кузбасс,15 лет и старше,процент,IV квартал,2019-Q4,5.0
Кемеровская область - Кузбасс,15 лет и старше,процент,значение показателя за год,2019,5.5
Кемеровская область - Кузбасс,15 лет и старше,процент,I квартал,2020-Q1,5.4
Кемеровская область - Кузбасс,15 лет и старше,процент,II квартал,2020-Q2,6.6
Кемеровская область - Кузбасс,15 лет и старше,процент,III квартал,2020-Q3,8.0
Кемеровская область - Кузбасс,15 лет и старше,процент,IV квартал,2020-Q4,6.8
Кемеровская область - Кузбасс,15 лет и старше,процент,значение показателя за год,2020,6.7
Кемеровская область - Кузбасс,15 лет и старше,процент,I квартал,2021-Q1,6.2
Кемеровская область - Кузбасс,15 лет и старше,процент,II квартал,2021-Q2,5.6
Кемеровская область - Кузбасс,15 лет и старше,процент,III квартал,2021-Q3,5.3
Кемеровская область - Кузбасс,15 лет и старше,процент,IV квартал,2021-Q4,4.7
Кемеровская область - Кузбасс,15 лет и старше,процент,значение показателя за год,2021,5.4
Кемеровская область - Кузбасс,15 лет и старше,процент,I квартал,2022-Q1,3.8
Кемеровская область - Кузбасс,15 лет и старше,процент,II квартал,2022-Q2,4.1
Кемеровская область - Кузбасс,15 лет и старше,процент,III квартал,2022-Q3,4.3
Кемеровская область - Кузбасс,15 лет и старше,процент,IV квартал,2022-Q4,4.3
Кемеровская область - Кузбасс,15 лет и старше,процент,значение показателя за год,2022,4.1
Кемеровская область - Кузбасс,15 лет и старше,процент,I квартал,2023-Q1,3.92
Кемеровская область - Кузбасс,15 лет и старше,процент,II квартал,2023-Q2,3.8
Кемеровская область - Кузбасс,15 лет и старше,процент,III квартал,2023-Q3,3.3
Кемеровская область - Кузбасс,15 лет и старше,процент,IV квартал,2023-Q4,2.6
Кемеровская область - Кузбасс,15 лет и старше,процент,значение показателя за год,2023,3.4
Кемеровская область - Кузбасс,15 лет и старше,процент,I квартал,2024-Q1,2.7
Кемеровская область - Кузбасс,15 лет и старше,процент,II квартал,2024-Q2,2.6
Кемеровская область - Кузбасс,15 лет и старше,процент,III квартал,2024-Q3,2.7
Кемеровская область - Кузбасс,15 лет и старше,процент,IV квартал,2024-Q4,2.7
Кемеровская область - Кузбасс,15 лет и старше,процент,значение показателя за год,2024,2.7
Кемеровская область - Кузбасс,15 лет и старше,процент,I квартал,2025-Q1,2.5
Кемеровская область - Кузбасс,15 лет и старше,процент,II квартал,2025-Q2,2.6
Кемеровская область - Кузбасс,15 лет и старше,процент,III квартал,2025-Q3,2.8
Кемеровская область - Кузбасс,15 лет и старше,процент,IV квартал,2025-Q4,3.0
Кемеровская область - Кузбасс,15 лет и старше,процент,значение показателя за год,2025,2.7
Кемеровская область - Кузбасс,15-72 лет,процент,I квартал,2013-Q1,6.9
Кемеровская область - Кузбасс,15-72 лет,процент,II квартал,2013-Q2,6.6
Кемеровская область - Кузбасс,15-72 лет,процент,III квартал,2013-Q3,5.3
Кемеровская область - Кузбасс,15-72 лет,процент,IV квартал,2013-Q4,5.3
Кемеровская область - Кузбасс,15-72 лет,процент,значение показателя за год,2013,6.0
Кемеровская область - Кузбасс,15-72 лет,процент,I квартал,2014-Q1,7.3
Кемеровская область - Кузбасс,15-72 лет,процент,II квартал,2014-Q2,5.8
Кемеровская область - Кузбасс,15-72 лет,процент,III квартал,2014-Q3,5.0
Кемеровская область - Кузбасс,15-72 лет,процент,IV квартал,2014-Q4,6.9
Кемеровская область - Кузбасс,15-72 лет,процент,значение показателя за год,2014,6.2
Кемеровская область - Кузбасс,15-72 лет,процент,I квартал,2015-Q1,7.0
Кемеровская область - Кузбасс,15-72 лет,процент,II квартал,2015-Q2,8.1
Кемеровская область - Кузбасс,15-72 лет,процент,III квартал,2015-Q3,7.8
Кемеровская область - Кузбасс,15-72 лет,процент,IV квартал,2015-Q4,7.7
Кемеровская область - Кузбасс,15-72 лет,процент,значение показателя за год,2015,7.7
Кемеровская область - Кузбасс,15-72 лет,процент,I квартал,2016-Q1,8.2
Кемеровская область - Кузбасс,15-72 лет,процент,II квартал,2016-Q2,8.5
Кемеровская область - Кузбасс,15-72 лет,процент,III квартал,2016-Q3,7.0
Кемеровская область - Кузбасс,15-72 лет,процент,IV квартал,2016-Q4,7.7
Кемеровская область - Кузбасс,15-72 лет,процент,значение показателя за год,2016,7.9
Кемеровская область - Кузбасс,15-72 лет,процент,I квартал,2017-Q1,7.5
Кемеровская область - Кузбасс,15-72 лет,процент,II квартал,2017-Q2,7.1
Кемеровская область - Кузбасс,15-72 лет,процент,III квартал,2017-Q3,7.4
Кемеровская область - Кузбасс,15-72 лет,процент,IV квартал,2017-Q4,6.5
Кемеровская область - Кузбасс,15-72 лет,процент,значение показателя за год,2017,7.1
Кемеровская область - Кузбасс,15-72 лет,процент,I квартал,2018-Q1,6.1
Кемеровская область - Кузбасс,15-72 лет,процент,II квартал,2018-Q2,6.6
Кемеровская область - Кузбасс,15-72 лет,процент,III квартал,2018-Q3,5.8
Кемеровская область - Кузбасс,15-72 лет,процент,IV квартал,2018-Q4,6.1
Кемеровская область - Кузбасс,15-72 лет,процент,значение показателя за год,2018,6.2
Кемеровская область - Кузбасс,15-72 лет,процент,I квартал,2019-Q1,6.3
Кемеровская область - Кузбасс,15-72 лет,процент,II квартал,2019-Q2,5.6
Кемеровская область - Кузбасс,15-72 лет,процент,III квартал,2019-Q3,5.2
Кемеровская область - Кузбасс,15-72 лет,процент,IV квартал,2019-Q4,5.0
Кемеровская область - Кузбасс,15-72 лет,процент,значение показателя за год,2019,5.5
Кемеровская область - Кузбасс,15-72 лет,процент,I квартал,2020-Q1,5.4
Кемеровская область - Кузбасс,15-72 лет,процент,II квартал,2020-Q2,6.6
Кемеровская область - Кузбасс,15-72 лет,процент,III квартал,2020-Q3,8.1
Кемеровская область - Кузбасс,15-72 лет,процент,IV квартал,2020-Q4,6.8
Кемеровская область - Кузбасс,15-72 лет,процент,значение показателя за год,2020,6.7
Кемеровская область - Кузбасс,15-72 лет,процент,I квартал,2021-Q1,6.2
Кемеровская область - Кузбасс,15-72 лет,процент,II квартал,2021-Q2,5.6
Кемеровская область - Кузбасс,15-72 лет,процент,III квартал,2021-Q3,5.3
Кемеровская область - Кузбасс,15-72 лет,процент,IV квартал,2021-Q4,4.7
Кемеровская область - Кузбасс,15-72 лет,процент,значение показателя за год,2021,5.4
Новосибирская область,15 лет и старше,процент,I квартал,2017-Q1,6.0
Новосибирская область,15 лет и старше,процент,II квартал,2017-Q2,5.5
Новосибирская область,15 лет и старше,процент,III квартал,2017-Q3,6.6
Новосибирская область,15 лет и старше,процент,IV квартал,2017-Q4,5.8
Новосибирская область,15 лет и старше,процент,значение показателя за год,2017,5.9
Новосибирская область,15 лет и старше,процент,I квартал,2018-Q1,7.4
Новосибирская область,15 лет и старше,процент,II квартал,2018-Q2,6.6
Новосибирская область,15 лет и старше,процент,III квартал,2018-Q3,6.6
Новосибирская область,15 лет и старше,процент,IV квартал,2018-Q4,6.3
Новосибирская область,15 лет и старше,процент,значение показателя за год,2018,6.7
Новосибирская область,15 лет и старше,процент,I квартал,2019-Q1,6.1
Новосибирская область,15 лет и старше,процент,II квартал,2019-Q2,6.4
Новосибирская область,15 лет и старше,процент,III квартал,2019-Q3,6.2
Новосибирская область,15 лет и старше,процент,IV квартал,2019-Q4,5.7
Новосибирская область,15 лет и старше,процент,значение показателя за год,2019,6.1
Новосибирская область,15 лет и старше,процент,I квартал,2020-Q1,5.6
Новосибирская область,15 лет и старше,процент,II квартал,2020-Q2,6.5
Новосибирская область,15 лет и старше,процент,III квартал,2020-Q3,7.5
Новосибирская область,15 лет и старше,процент,IV квартал,2020-Q4,7.0
Новосибирская область,15 лет и старше,процент,значение показателя за год,2020,6.7
Новосибирская область,15 лет и старше,процент,I квартал,2021-Q1,7.0
Новосибирская область,15 лет и старше,процент,II квартал,2021-Q2,6.2
Новосибирская область,15 лет и старше,процент,III квартал,2021-Q3,5.7
Новосибирская область,15 лет и старше,процент,IV квартал,2021-Q4,5.4
Новосибирская область,15 лет и старше,процент,значение показателя за год,2021,6.1
Новосибирская область,15 лет и старше,процент,I квартал,2022-Q1,5.3
Новосибирская область,15 лет и старше,процент,II квартал,2022-Q2,4.8
Новосибирская область,15 лет и старше,процент,III квартал,2022-Q3,4.3
Новосибирская область,15 лет и старше,процент,IV квартал,2022-Q4,4.5
Новосибирская область,15 лет и старше,процент,значение показателя за год,2022,4.7
Новосибирская область,15 лет и старше,процент,I квартал,2023-Q1,3.47
Новосибирская область,15 лет и старше,процент,II квартал,2023-Q2,3.6
Новосибирская область,15 лет и старше,процент,III квартал,2023-Q3,3.5
Новосибирская область,15 лет и старше,процент,IV квартал,2023-Q4,3.0
Новосибирская область,15 лет и старше,процент,значение показателя за год,2023,3.4
Новосибирская область,15 лет и старше,процент,I квартал,2024-Q1,3.7
Новосибирская область,15 лет и старше,процент,II квартал,2024-Q2,2.9
Новосибирская область,15 лет и старше,процент,III квартал,2024-Q3,2.3
Новосибирская область,15 лет и старше,процент,IV квартал,2024-Q4,2.1
Новосибирская область,15 лет и старше,процент,значение показателя за год,2024,2.8
Новосибирская область,15 лет и старше,процент,I квартал,2025-Q1,3.0
Новосибирская область,15 лет и старше,процент,II квартал,2025-Q2,2.9
Новосибирская область,15 лет и старше,процент,III квартал,2025-Q3,2.5
Новосибирская область,15 лет и старше,процент,IV квартал,2025-Q4,2.4
Новосибирская область,15 лет и старше,процент,значение показателя за год,2025,2.7
Новосибирская область,15-72 лет,процент,I квартал,2013-Q1,6.5
Новосибирская область,15-72 лет,процент,II квартал,2013-Q2,5.1
Новосибирская область,15-72 лет,процент,III квартал,2013-Q3,6.1
Новосибирская область,15-72 лет,процент,IV квартал,2013-Q4,5.7
Новосибирская область,15-72 лет,процент,значение показателя за год,2013,5.9
Новосибирская область,15-72 лет,процент,I квартал,2014-Q1,6.0
Новосибирская область,15-72 лет,процент,II квартал,2014-Q2,4.0
Новосибирская область,15-72 лет,процент,III квартал,2014-Q3,4.4
Новосибирская область,15-72 лет,процент,IV квартал,2014-Q4,6.2
Новосибирская область,15-72 лет,процент,значение показателя за год,2014,5.1
Новосибирская область,15-72 лет,процент,I квартал,2015-Q1,6.4
Новосибирская область,15-72 лет,процент,II квартал,2015-Q2,6.6
Новосибирская область,15-72 лет,процент,III квартал,2015-Q3,6.5
Новосибирская область,15-72 лет,процент,IV квартал,2015-Q4,7.9
Новосибирская область,15-72 лет,процент,значение показателя за год,2015,6.9
Новосибирская область,15-72 лет,процент,I квартал,2016-Q1,7.9
Новосибирская область,15-72 лет,процент,II квартал,2016-Q2,7.9
Новосибирская область,15-72 лет,процент,III квартал,2016-Q3,7.0
Новосибирская область,15-72 лет,процент,IV квартал,2016-Q4,6.7
Новосибирская область,15-72 лет,процент,значение показателя за год,2016,7.4
Новосибирская область,15-72 лет,процент,I квартал,2017-Q1,6.0
Новосибирская область,15-72 лет,процент,II квартал,2017-Q2,5.5
Новосибирская область,15-72 лет,процент,III квартал,2017-Q3,6.5
Новосибирская область,15-72 лет,процент,IV квартал,2017-Q4,5.8
Новосибирская область,15-72 лет,процент,значение показателя за год,2017,6.0
Новосибирская область,15-72 лет,процент,I квартал,2018-Q1,7.5
Новосибирская область,15-72 лет,процент,II квартал,2018-Q2,6.6
Новосибирская область,15-72 лет,процент,III квартал,2018-Q3,6.6
Новосибирская область,15-72 лет,процент,IV квартал,2018-Q4,6.3
Новосибирская область,15-72 лет,процент,значение показателя за год,2018,6.7
Новосибирская область,15-72 лет,процент,I квартал,2019-Q1,6.1
Новосибирская область,15-72 лет,процент,II квартал,2019-Q2,6.4
Новосибирская область,15-72 лет,процент,III квартал,2019-Q3,6.2
Новосибирская область,15-72 лет,процент,IV квартал,2019-Q4,5.7
Новосибирская область,15-72 лет,процент,значение показателя за год,2019,6.1
Новосибирская область,15-72 лет,процент,I квартал,2020-Q1,5.6
Новосибирская область,15-72 лет,процент,II квартал,2020-Q2,6.5
Новосибирская область,15-72 лет,процент,III квартал,2020-Q3,7.5
Новосибирская область,15-72 лет,процент,IV квартал,2020-Q4,7.0
Новосибирская область,15-72 лет,процент,значение показателя за год,2020,6.7
Новосибирская область,15-72 лет,процент,I квартал,2021-Q1,7.0
Новосибирская область,15-72 лет,процент,II квартал,2021-Q2,6.2
Новосибирская область,15-72 лет,процент,III квартал,2021-Q3,5.7
Новосибирская область,15-72 лет,процент,IV квартал,2021-Q4,5.4
Новосибирская область,15-72 лет,процент,значение показателя за год,2021,6.1
Омская область,15 лет и старше,процент,I квартал,2017-Q1,7.5
Омская область,15 лет и старше,процент,II квартал,2017-Q2,6.9
Омская область,15 лет и старше,процент,III квартал,2017-Q3,6.2
Омская область,15 лет и старше,процент,IV квартал,2017-Q4,7.1
Омская область,15 лет и старше,процент,значение показателя за год,2017,6.9
Омская область,15 лет и старше,процент,I квартал,2018-Q1,7.5
Омская область,15 лет и старше,процент,II квартал,2018-Q2,6.6
Омская область,15 лет и старше,процент,III квартал,2018-Q3,5.9
Омская область,15 лет и старше,процент,IV квартал,2018-Q4,6.8
Омская область,15 лет и старше,процент,значение показателя за год,2018,6.7
Омская область,15 лет и старше,процент,I квартал,2019-Q1,7.2
Омская область,15 лет и старше,процент,II квартал,2019-Q2,6.4
Омская область,15 лет и старше,процент,III квартал,2019-Q3,5.7
Омская область,15 лет и старше,процент,IV квартал,2019-Q4,6.4
Омская область,15 лет и старше,процент,значение показателя за год,2019,6.4
Омская область,15 лет и старше,процент,I квартал,2020-Q1,7.3
Омская область,15 лет и старше,процент,II квартал,2020-Q2,9.9
Омская область,15 лет и старше,процент,III квартал,2020-Q3,9.5
Омская область,15 лет и старше,процент,IV квартал,2020-Q4,8.7
Омская область,15 лет и старше,процент,значение показателя за год,2020,8.9
Омская область,15 лет и старше,процент,I квартал,2021-Q1,7.9
Омская область,15 лет и старше,процент,II квартал,2021-Q2,6.6
Омская область,15 лет и старше,процент,III квартал,2021-Q3,5.6
Омская область,15 лет и старше,процент,IV квартал,2021-Q4,5.9
Омская область,15 лет и старше,процент,значение показателя за год,2021,6.5
Омская область,15 лет и старше,процент,I квартал,2022-Q1,6.6
Омская область,15 лет и старше,процент,II квартал,2022-Q2,6.2
Омская область,15 лет и старше,процент,III квартал,2022-Q3,4.2
Омская область,15 лет и старше,процент,IV квартал,2022-Q4,4.1
Омская область,15 лет и старше,процент,значение показателя за год,2022,5.3
Омская область,15 лет и старше,процент,I квартал,2023-Q1,4.33
Омская область,15 лет и старше,процент,II квартал,2023-Q2,3.8
Омская область,15 лет и старше,процент,III квартал,2023-Q3,3.27
Омская область,15 лет и старше,процент,IV квартал,2023-Q4,3.2
Омская область,15 лет и старше,процент,значение показателя за год,2023,3.6
Омская область,15 лет и старше,процент,I квартал,2024-Q1,3.2
Омская область,15 лет и старше,процент,II квартал,2024-Q2,3.1
Омская область,15 лет и старше,процент,III квартал,2024-Q3,2.8
Омская область,15 лет и старше,процент,IV квартал,2024-Q4,3.0
Омская область,15 лет и старше,процент,значение показателя за год,2024,3.0
Омская область,15 лет и старше,процент,I квартал,2025-Q1,3.2
Омская область,15 лет и старше,процент,II квартал,2025-Q2,3.0
Омская область,15 лет и старше,процент,III квартал,2025-Q3,2.6
Омская область,15 лет и старше,процент,IV квартал,2025-Q4,2.7
Омская область,15 лет и старше,процент,значение показателя за год,2025,2.9
Омская область,15-72 лет,процент,I квартал,2013-Q1,7.8
Омская область,15-72 лет,процент,II квартал,2013-Q2,6.4
Омская область,15-72 лет,процент,III квартал,2013-Q3,5.8
Омская область,15-72 лет,процент,IV квартал,2013-Q4,7.4
Омская область,15-72 лет,процент,значение показателя за год,2013,6.8
Омская область,15-72 лет,процент,I квартал,2014-Q1,7.6
Омская область,15-72 лет,процент,II квартал,2014-Q2,6.5
Омская область,15-72 лет,процент,III квартал,2014-Q3,5.4
Омская область,15-72 лет,процент,IV квартал,2014-Q4,7.0
Омская область,15-72 лет,процент,значение показателя за год,2014,6.6
Омская область,15-72 лет,процент,I квартал,2015-Q1,7.7
Омская область,15-72 лет,процент,II квартал,2015-Q2,6.7
Омская область,15-72 лет,процент,III квартал,2015-Q3,5.6
Омская область,15-72 лет,процент,IV квартал,2015-Q4,7.1
Омская область,15-72 лет,процент,значение показателя за год,2015,6.8
Омская область,15-72 лет,процент,I квартал,2016-Q1,7.9
Омская область,15-72 лет,процент,II квартал,2016-Q2,7.0
Омская область,15-72 лет,процент,III квартал,2016-Q3,6.4
Омская область,15-72 лет,процент,IV квартал,2016-Q4,7.2
Омская область,15-72 лет,процент,значение показателя за год,2016,7.1
Омская область,15-72 лет,процент,I квартал,2017-Q1,7.4
Омская область,15-72 лет,процент,II квартал,2017-Q2,6.9
Омская область,15-72 лет,процент,III квартал,2017-Q3,6.2
Омская область,15-72 лет,процент,IV квартал,2017-Q4,7.2
Омская область,15-72 лет,процент,значение показателя за год,2017,6.9
Омская область,15-72 лет,процент,I квартал,2018-Q1,7.6
Омская область,15-72 лет,процент,II квартал,2018-Q2,6.7
Омская область,15-72 лет,процент,III квартал,2018-Q3,5.9
Омская область,15-72 лет,процент,IV квартал,2018-Q4,6.8
Омская область,15-72 лет,процент,значение показателя за год,2018,6.7
Омская область,15-72 лет,процент,I квартал,2019-Q1,7.3
Омская область,15-72 лет,процент,II квартал,2019-Q2,6.4
Омская область,15-72 лет,процент,III квартал,2019-Q3,5.7
Омская область,15-72 лет,процент,IV квартал,2019-Q4,6.4
Омская область,15-72 лет,процент,значение показателя за год,2019,6.5
Омская область,15-72 лет,процент,I квартал,2020-Q1,7.4
Омская область,15-72 лет,процент,II квартал,2020-Q2,9.9
Омская область,15-72 лет,процент,III квартал,2020-Q3,9.5
Омская область,15-72 лет,процент,IV квартал,2020-Q4,8.7
Омская область,15-72 лет,процент,значение показателя за год,2020,8.9
Омская область,15-72 лет,процент,I квартал,2021-Q1,7.9
Омская область,15-72 лет,процент,II квартал,2021-Q2,6.6
Омская область,15-72 лет,процент,III квартал,2021-Q3,5.6
Омская область,15-72 лет,процент,IV квартал,2021-Q4,5.9
Омская область,15-72 лет,процент,значение показателя за год,2021,6.5
Томская область,15 лет и старше,процент,I квартал,2017-Q1,6.3
Томская область,15 лет и старше,процент,II квартал,2017-Q2,7.7
Томская область,15 лет и старше,процент,III квартал,2017-Q3,5.6
Томская область,15 лет и старше,процент,IV квартал,2017-Q4,5.5
Томская область,15 лет и старше,процент,значение показателя за год,2017,6.3
Томская область,15 лет и старше,процент,I квартал,2018-Q1,6.3
Томская область,15 лет и старше,процент,II квартал,2018-Q2,6.5
Томская область,15 лет и старше,процент,III квартал,2018-Q3,7.2
Томская область,15 лет и старше,процент,IV квартал,2018-Q4,5.2
Томская область,15 лет и старше,процент,значение показателя за год,2018,6.3
Томская область,15 лет и старше,процент,I квартал,2019-Q1,5.8
Томская область,15 лет и старше,процент,II квартал,2019-Q2,6.1
Томская область,15 лет и старше,процент,III квартал,2019-Q3,5.6
Томская область,15 лет и старше,процент,IV квартал,2019-Q4,5.0
Томская область,15 лет и старше,процент,значение показателя за год,2019,5.6
Томская область,15 лет и старше,процент,I квартал,2020-Q1,6.2
Томская область,15 лет и старше,процент,II квартал,2020-Q2,9.7
Томская область,15 лет и старше,процент,III квартал,2020-Q3,10.1
Томская область,15 лет и старше,процент,IV квартал,2020-Q4,8.9
Томская область,15 лет и старше,процент,значение показателя за год,2020,8.7
Томская область,15 лет и старше,процент,I квартал,2021-Q1,8.2
Томская область,15 лет и старше,процент,II квартал,2021-Q2,7.5
Томская область,15 лет и старше,процент,III квартал,2021-Q3,6.3
Томская область,15 лет и старше,процент,IV квартал,2021-Q4,5.8
Томская область,15 лет и старше,процент,значение показателя за год,2021,6.9
Томская область,15 лет и старше,процент,I квартал,2022-Q1,7.2
Томская область,15 лет и старше,процент,II квартал,2022-Q2,5.8
Томская область,15 лет и старше,процент,III квартал,2022-Q3,4.0
Томская область,15 лет и старше,процент,IV квартал,2022-Q4,4.7
Томская область,15 лет и старше,процент,значение показателя за год,2022,5.4
Томская область,15 лет и старше,процент,I квартал,2023-Q1,4.0
Томская область,15 лет и старше,процент,II квартал,2023-Q2,4.1
Томская область,15 лет и старше,процент,III квартал,2023-Q3,4.35
Томская область,15 лет и старше,процент,IV квартал,2023-Q4,3.4
Томская область,15 лет и старше,процент,значение показателя за год,2023,4.0
Томская область,15 лет и старше,процент,I квартал,2024-Q1,3.3
Томская область,15 лет и старше,процент,II квартал,2024-Q2,3.4
Томская область,15 лет и старше,процент,III квартал,2024-Q3,3.0
Томская область,15 лет и старше,процент,IV квартал,2024-Q4,3.3
Томская область,15 лет и старше,процент,значение показателя за год,2024,3.3
Томская область,15 лет и старше,процент,I квартал,2025-Q1,3.3
Томская область,15 лет и старше,процент,II квартал,2025-Q2,3.3
Томская область,15 лет и старше,процент,III квартал,2025-Q3,3.4
Томская область,15 лет и старше,процент,IV квартал,2025-Q4,3.4
Томская область,15 лет и старше,процент,значение показателя за год,2025,3.3
Томская область,15-72 лет,процент,I квартал,2013-Q1,6.3
Томская область,15-72 лет,процент,II квартал,2013-Q2,9.8
Томская область,15-72 лет,процент,III квартал,2013-Q3,6.7
Томская область,15-72 лет,процент,IV квартал,2013-Q4,7.5
Томская область,15-72 лет,процент,значение показателя за год,2013,7.6
Томская область,15-72 лет,процент,I квартал,2014-Q1,8.5
Томская область,15-72 лет,процент,II квартал,2014-Q2,7.7
Томская область,15-72 лет,процент,III квартал,2014-Q3,6.2
Томская область,15-72 лет,процент,IV квартал,2014-Q4,7.7
Томская область,15-72 лет,процент,значение показателя за год,2014,7.5
Томская область,15-72 лет,процент,I квартал,2015-Q1,8.3
Томская область,15-72 лет,процент,II квартал,2015-Q2,6.9
Томская область,15-72 лет,процент,III квартал,2015-Q3,7.6
Томская область,15-72 лет,процент,IV квартал,2015-Q4,8.0
Томская область,15-72 лет,процент,значение показателя за год,2015,7.7
Томская область,15-72 лет,процент,I квартал,2016-Q1,6.8
Томская область,15-72 лет,процент,II квартал,2016-Q2,8.0
Томская область,15-72 лет,процент,III квартал,2016-Q3,7.8
Томская область,15-72 лет,процент,IV квартал,2016-Q4,6.2
Томская область,15-72 лет,процент,значение показателя за год,2016,7.2
Томская область,15-72 лет,процент,I квартал,2017-Q1,6.3
Томская область,15-72 лет,процент,II квартал,2017-Q2,7.7
Томская область,15-72 лет,процент,III квартал,2017-Q3,5.6
Томская область,15-72 лет,процент,IV квартал,2017-Q4,5.6
Томская область,15-72 лет,процент,значение показателя за год,2017,6.3
Томская область,15-72 лет,процент,I квартал,2018-Q1,6.3
Томская область,15-72 лет,процент,II квартал,2018-Q2,6.5
Томская область,15-72 лет,процент,III квартал,2018-Q3,7.2
Томская область,15-72 лет,процент,IV квартал,2018-Q4,5.2
Томская область,15-72 лет,процент,значение показателя за год,2018,6.3
Томская область,15-72 лет,процент,I квартал,2019-Q1,5.8
Томская область,15-72 лет,процент,II квартал,2019-Q2,6.1
Томская область,15-72 лет,процент,III квартал,2019-Q3,5.6
Томская область,15-72 лет,процент,IV квартал,2019-Q4,5.0
Томская область,15-72 лет,процент,значение показателя за год,2019,5.6
Томская область,15-72 лет,процент,I квартал,2020-Q1,6.2
Томская область,15-72 лет,процент,II квартал,2020-Q2,9.7
Томская область,15-72 лет,процент,III квартал,2020-Q3,10.1
Томская область,15-72 лет,процент,IV квартал,2020-Q4,8.9
Томская область,15-72 лет,процент,значение показателя за год,2020,8.7
Томская область,15-72 лет,процент,I квартал,2021-Q1,8.2
Томская область,15-72 лет,процент,II квартал,2021-Q2,7.5
Томская область,15-72 лет,процент,III квартал,2021-Q3,6.3
Томская область,15-72 лет,процент,IV квартал,2021-Q4,5.8
Томская область,15-72 лет,процент,значение показателя за год,2021,6.9
Дальневосточный федеральный округ,15 лет и старше,процент,I квартал,2017-Q1,7.1
Дальневосточный федеральный округ,15 лет и старше,процент,II квартал,2017-Q2,6.4
Дальневосточный федеральный округ,15 лет и старше,процент,III квартал,2017-Q3,6.4
Дальневосточный федеральный округ,15 лет и старше,процент,IV квартал,2017-Q4,6.6
Дальневосточный федеральный округ,15 лет и старше,процент,значение показателя за год,2017,6.6
Дальневосточный федеральный округ,15 лет и старше,процент,I квартал,2018-Q1,6.6
Дальневосточный федеральный округ,15 лет и старше,процент,II квартал,2018-Q2,6.2
Дальневосточный федеральный округ,15 лет и старше,процент,III квартал,2018-Q3,5.8
Дальневосточный федеральный округ,15 лет и старше,процент,IV квартал,2018-Q4,6.5
Дальневосточный федеральный округ,15 лет и старше,процент,значение показателя за год,2018,6.2
Дальневосточный федеральный округ,15 лет и старше,процент,I квартал,2019-Q1,6.1
Дальневосточный федеральный округ,15 лет и старше,процент,II квартал,2019-Q2,5.9
Дальневосточный федеральный округ,15 лет и старше,процент,III квартал,2019-Q3,5.7
Дальневосточный федеральный округ,15 лет и старше,процент,IV квартал,2019-Q4,6.2
Дальневосточный федеральный округ,15 лет и старше,процент,значение показателя за год,2019,6.0
Дальневосточный федеральный округ,15 лет и старше,процент,I квартал,2020-Q1,6.0
Дальневосточный федеральный округ,15 лет и старше,процент,II квартал,2020-Q2,6.8
Дальневосточный федеральный округ,15 лет и старше,процент,III квартал,2020-Q3,6.5
Дальневосточный федеральный округ,15 лет и старше,процент,IV квартал,2020-Q4,6.5
Дальневосточный федеральный округ,15 лет и старше,процент,значение показателя за год,2020,6.4
Дальневосточный федеральный округ,15 лет и старше,процент,I квартал,2021-Q1,6.1
Дальневосточный федеральный округ,15 лет и старше,процент,II квартал,2021-Q2,5.6
Дальневосточный федеральный округ,15 лет и старше,процент,III квартал,2021-Q3,5.4
Дальневосточный федеральный округ,15 лет и старше,процент,IV квартал,2021-Q4,5.4
Дальневосточный федеральный округ,15 лет и старше,процент,значение показателя за год,2021,5.6
Дальневосточный федеральный округ,15 лет и старше,процент,I квартал,2022-Q1,5.4
Дальневосточный федеральный округ,15 лет и старше,процент,II квартал,2022-Q2,4.8
Дальневосточный федеральный округ,15 лет и старше,процент,III квартал,2022-Q3,4.8
Дальневосточный федеральный округ,15 лет и старше,процент,IV квартал,2022-Q4,4.2
Дальневосточный федеральный округ,15 лет и старше,процент,значение показателя за год,2022,4.8
Дальневосточный федеральный округ,15 лет и старше,процент,I квартал,2023-Q1,4.05
Дальневосточный федеральный округ,15 лет и старше,процент,II квартал,2023-Q2,3.7
Дальневосточный федеральный округ,15 лет и старше,процент,III квартал,2023-Q3,3.5
Дальневосточный федеральный округ,15 лет и старше,процент,IV квартал,2023-Q4,3.6
Дальневосточный федеральный округ,15 лет и старше,процент,значение показателя за год,2023,3.7
Дальневосточный федеральный округ,15 лет и старше,процент,I квартал,2024-Q1,3.3
Дальневосточный федеральный округ,15 лет и старше,процент,II квартал,2024-Q2,2.9
Дальневосточный федеральный округ,15 лет и старше,процент,III квартал,2024-Q3,2.6
Дальневосточный федеральный округ,15 лет и старше,процент,IV квартал,2024-Q4,2.8
Дальневосточный федеральный округ,15 лет и старше,процент,значение показателя за год,2024,2.9
Дальневосточный федеральный округ,15 лет и старше,процент,I квартал,2025-Q1,2.7
Дальневосточный федеральный округ,15 лет и старше,процент,II квартал,2025-Q2,2.4
Дальневосточный федеральный округ,15 лет и старше,процент,III квартал,2025-Q3,2.3
Дальневосточный федеральный округ,15 лет и старше,процент,IV квартал,2025-Q4,2.3
Дальневосточный федеральный округ,15 лет и старше,процент,значение показателя за год,2025,2.4
Дальневосточный федеральный округ,15-72 лет,процент,I квартал,2013-Q1,7.5
Дальневосточный федеральный округ,15-72 лет,процент,II квартал,2013-Q2,7.2
Дальневосточный федеральный округ,15-72 лет,процент,III квартал,2013-Q3,6.8
Дальневосточный федеральный округ,15-72 лет,процент,IV квартал,2013-Q4,7.0
Дальневосточный федеральный округ,15-72 лет,процент,значение показателя за год,2013,7.1
Дальневосточный федеральный округ,15-72 лет,процент,I квартал,2014-Q1,7.2
Дальневосточный федеральный округ,15-72 лет,процент,II квартал,2014-Q2,7.1
Дальневосточный федеральный округ,15-72 лет,процент,III квартал,2014-Q3,6.8
Дальневосточный федеральный округ,15-72 лет,процент,IV квартал,2014-Q4,7.2
Дальневосточный федеральный округ,15-72 лет,процент,значение показателя за год,2014,7.1
Дальневосточный федеральный округ,15-72 лет,процент,I квартал,2015-Q1,7.4
Дальневосточный федеральный округ,15-72 лет,процент,II квартал,2015-Q2,7.2
Дальневосточный федеральный округ,15-72 лет,процент,III квартал,2015-Q3,6.3
Дальневосточный федеральный округ,15-72 лет,процент,IV квартал,2015-Q4,7.3
Дальневосточный федеральный округ,15-72 лет,процент,значение показателя за год,2015,7.0
Дальневосточный федеральный округ,15-72 лет,процент,I квартал,2016-Q1,7.0
Дальневосточный федеральный округ,15-72 лет,процент,II квартал,2016-Q2,7.2
Дальневосточный федеральный округ,15-72 лет,процент,III квартал,2016-Q3,6.4
Дальневосточный федеральный округ,15-72 лет,процент,IV квартал,2016-Q4,6.7
Дальневосточный федеральный округ,15-72 лет,процент,значение показателя за год,2016,6.8
Дальневосточный федеральный округ,15-72 лет,процент,I квартал,2017-Q1,7.1
Дальневосточный федеральный округ,15-72 лет,процент,II квартал,2017-Q2,6.4
Дальневосточный федеральный округ,15-72 лет,процент,III квартал,2017-Q3,6.4
Дальневосточный федеральный округ,15-72 лет,процент,IV квартал,2017-Q4,6.6
Дальневосточный федеральный округ,15-72 лет,процент,значение показателя за год,2017,6.6
Дальневосточный федеральный округ,15-72 лет,процент,I квартал,2018-Q1,6.6
Дальневосточный федеральный округ,15-72 лет,процент,II квартал,2018-Q2,6.2
Дальневосточный федеральный округ,15-72 лет,процент,III квартал,2018-Q3,5.8
Дальневосточный федеральный округ,15-72 лет,процент,IV квартал,2018-Q4,6.5
Дальневосточный федеральный округ,15-72 лет,процент,значение показателя за год,2018,6.2
Дальневосточный федеральный округ,15-72 лет,процент,I квартал,2019-Q1,6.1
Дальневосточный федеральный округ,15-72 лет,процент,II квартал,2019-Q2,5.9
Дальневосточный федеральный округ,15-72 лет,процент,III квартал,2019-Q3,5.7
Дальневосточный федеральный округ,15-72 лет,процент,IV квартал,2019-Q4,6.2
Дальневосточный федеральный округ,15-72 лет,процент,значение показателя за год,2019,6.0
Дальневосточный федеральный округ,15-72 лет,процент,I квартал,2020-Q1,6.0
Дальневосточный федеральный округ,15-72 лет,процент,II квартал,2020-Q2,6.8
Дальневосточный федеральный округ,15-72 лет,процент,III квартал,2020-Q3,6.5
Дальневосточный федеральный округ,15-72 лет,процент,IV квартал,2020-Q4,6.5
Дальневосточный федеральный округ,15-72 лет,процент,значение показателя за год,2020,6.4
Дальневосточный федеральный округ,15-72 лет,процент,I квартал,2021-Q1,6.2
Дальневосточный федеральный округ,15-72 лет,процент,II квартал,2021-Q2,5.6
Дальневосточный федеральный округ,15-72 лет,процент,III квартал,2021-Q3,5.4
Дальневосточный федеральный округ,15-72 лет,процент,IV квартал,2021-Q4,5.4
Дальневосточный федеральный округ,15-72 лет,процент,значение показателя за год,2021,5.6
Республика Бурятия,15 лет и старше,процент,I квартал,2017-Q1,10.0
Республика Бурятия,15 лет и старше,процент,II квартал,2017-Q2,9.4
Республика Бурятия,15 лет и старше,процент,III квартал,2017-Q3,9.1
Республика Бурятия,15 лет и старше,процент,IV квартал,2017-Q4,9.7
Республика Бурятия,15 лет и старше,процент,значение показателя за год,2017,9.6
Республика Бурятия,15 лет и старше,процент,I квартал,2018-Q1,9.2
Республика Бурятия,15 лет и старше,процент,II квартал,2018-Q2,9.3
Республика Бурятия,15 лет и старше,процент,III квартал,2018-Q3,8.9
Республика Бурятия,15 лет и старше,процент,IV квартал,2018-Q4,9.5
Республика Бурятия,15 лет и старше,процент,значение показателя за год,2018,9.2
Республика Бурятия,15 лет и старше,процент,I квартал,2019-Q1,9.5
Республика Бурятия,15 лет и старше,процент,II квартал,2019-Q2,9.0
Республика Бурятия,15 лет и старше,процент,III квартал,2019-Q3,8.9
Республика Бурятия,15 лет и старше,процент,IV квартал,2019-Q4,9.1
Республика Бурятия,15 лет и старше,процент,значение показателя за год,2019,9.2
Республика Бурятия,15 лет и старше,процент,I квартал,2020-Q1,10.0
Республика Бурятия,15 лет и старше,процент,II квартал,2020-Q2,10.9
Республика Бурятия,15 лет и старше,процент,III квартал,2020-Q3,10.5
Республика Бурятия,15 лет и старше,процент,IV квартал,2020-Q4,10.7
Республика Бурятия,15 лет и старше,процент,значение показателя за год,2020,10.5
Республика Бурятия,15 лет и старше,процент,I квартал,2021-Q1,10.7
Республика Бурятия,15 лет и старше,процент,II квартал,2021-Q2,9.8
Республика Бурятия,15 лет и старше,процент,III квартал,2021-Q3,8.9
Республика Бурятия,15 лет и старше,процент,IV квартал,2021-Q4,8.9
Республика Бурятия,15 лет и старше,процент,значение показателя за год,2021,9.6
Республика Бурятия,15 лет и старше,процент,I квартал,2022-Q1,8.1
Республика Бурятия,15 лет и старше,процент,II квартал,2022-Q2,8.0
Республика Бурятия,15 лет и старше,процент,III квартал,2022-Q3,7.5
Республика Бурятия,15 лет и старше,процент,IV квартал,2022-Q4,6.1
Республика Бурятия,15 лет и старше,процент,значение показателя за год,2022,7.4
Республика Бурятия,15 лет и старше,процент,I квартал,2023-Q1,7.1
Республика Бурятия,15 лет и старше,процент,II квартал,2023-Q2,6.3
Республика Бурятия,15 лет и старше,процент,III квартал,2023-Q3,4.46
Республика Бурятия,15 лет и старше,процент,IV квартал,2023-Q4,5.3
Республика Бурятия,15 лет и старше,процент,значение показателя за год,2023,5.8
Республика Бурятия,15 лет и старше,процент,I квартал,2024-Q1,5.1
Республика Бурятия,15 лет и старше,процент,II квартал,2024-Q2,5.2
Республика Бурятия,15 лет и старше,процент,III квартал,2024-Q3,3.5
Республика Бурятия,15 лет и старше,процент,IV квартал,2024-Q4,4.3
Республика Бурятия,15 лет и старше,процент,значение показателя за год,2024,4.5
Республика Бурятия,15 лет и старше,процент,I квартал,2025-Q1,4.0
Республика Бурятия,15 лет и старше,процент,II квартал,2025-Q2,4.0
Республика Бурятия,15 лет и старше,процент,III квартал,2025-Q3,3.4
Республика Бурятия,15 лет и старше,процент,IV квартал,2025-Q4,3.5
Республика Бурятия,15 лет и старше,процент,значение показателя за год,2025,3.7
Республика Бурятия,15-72 лет,процент,I квартал,2013-Q1,8.9
Республика Бурятия,15-72 лет,процент,II квартал,2013-Q2,7.8
Республика Бурятия,15-72 лет,процент,III квартал,2013-Q3,7.3
Республика Бурятия,15-72 лет,процент,IV квартал,2013-Q4,8.2
Республика Бурятия,15-72 лет,процент,значение показателя за год,2013,8.0
Республика Бурятия,15-72 лет,процент,I квартал,2014-Q1,9.2
Республика Бурятия,15-72 лет,процент,II квартал,2014-Q2,8.5
Республика Бурятия,15-72 лет,процент,III квартал,2014-Q3,7.9
Республика Бурятия,15-72 лет,процент,IV квартал,2014-Q4,8.1
Республика Бурятия,15-72 лет,процент,значение показателя за год,2014,8.4
Республика Бурятия,15-72 лет,процент,I квартал,2015-Q1,9.6
Республика Бурятия,15-72 лет,процент,II квартал,2015-Q2,8.8
Республика Бурятия,15-72 лет,процент,III квартал,2015-Q3,8.2
Республика Бурятия,15-72 лет,процент,IV квартал,2015-Q4,10.4
Республика Бурятия,15-72 лет,процент,значение показателя за год,2015,9.2
Республика Бурятия,15-72 лет,процент,I квартал,2016-Q1,10.0
Республика Бурятия,15-72 лет,процент,II квартал,2016-Q2,9.7
Республика Бурятия,15-72 лет,процент,III квартал,2016-Q3,9.0
Республика Бурятия,15-72 лет,процент,IV квартал,2016-Q4,9.6
Республика Бурятия,15-72 лет,процент,значение показателя за год,2016,9.6
Республика Бурятия,15-72 лет,процент,I квартал,2017-Q1,10.0
Республика Бурятия,15-72 лет,процент,II квартал,2017-Q2,9.4
Республика Бурятия,15-72 лет,процент,III квартал,2017-Q3,9.1
Республика Бурятия,15-72 лет,процент,IV квартал,2017-Q4,9.7
Республика Бурятия,15-72 лет,процент,значение показателя за год,2017,9.6
Республика Бурятия,15-72 лет,процент,I квартал,2018-Q1,9.3
Республика Бурятия,15-72 лет,процент,II квартал,2018-Q2,9.4
Республика Бурятия,15-72 лет,процент,III квартал,2018-Q3,8.9
Республика Бурятия,15-72 лет,процент,IV квартал,2018-Q4,9.5
Республика Бурятия,15-72 лет,процент,значение показателя за год,2018,9.3
Республика Бурятия,15-72 лет,процент,I квартал,2019-Q1,9.6
Республика Бурятия,15-72 лет,процент,II квартал,2019-Q2,9.0
Республика Бурятия,15-72 лет,процент,III квартал,2019-Q3,9.0
Республика Бурятия,15-72 лет,процент,IV квартал,2019-Q4,9.1
Республика Бурятия,15-72 лет,процент,значение показателя за год,2019,9.2
Республика Бурятия,15-72 лет,процент,I квартал,2020-Q1,10.1
Республика Бурятия,15-72 лет,процент,II квартал,2020-Q2,10.8
Республика Бурятия,15-72 лет,процент,III квартал,2020-Q3,10.5
Республика Бурятия,15-72 лет,процент,IV квартал,2020-Q4,10.7
Республика Бурятия,15-72 лет,процент,значение показателя за год,2020,10.5
Республика Бурятия,15-72 лет,процент,I квартал,2021-Q1,10.7
Республика Бурятия,15-72 лет,процент,II квартал,2021-Q2,9.8
Республика Бурятия,15-72 лет,процент,III квартал,2021-Q3,8.9
Республика Бурятия,15-72 лет,процент,IV квартал,2021-Q4,8.9
Республика Бурятия,15-72 лет,процент,значение показателя за год,2021,9.6
Забайкальский край,15 лет и старше,процент,I квартал,2017-Q1,10.8
Забайкальский край,15 лет и старше,процент,II квартал,2017-Q2,10.7
Забайкальский край,15 лет и старше,процент,III квартал,2017-Q3,10.8
Забайкальский край,15 лет и старше,процент,IV квартал,2017-Q4,10.5
Забайкальский край,15 лет и старше,процент,значение показателя за год,2017,10.7
Забайкальский край,15 лет и старше,процент,I квартал,2018-Q1,10.5
Забайкальский край,15 лет и старше,процент,II квартал,2018-Q2,10.4
Забайкальский край,15 лет и старше,процент,III квартал,2018-Q3,10.1
Забайкальский край,15 лет и старше,процент,IV квартал,2018-Q4,10.0
Забайкальский край,15 лет и старше,процент,значение показателя за год,2018,10.3
Забайкальский край,15 лет и старше,процент,I квартал,2019-Q1,9.5
Забайкальский край,15 лет и старше,процент,II квартал,2019-Q2,9.4
Забайкальский край,15 лет и старше,процент,III квартал,2019-Q3,8.9
Забайкальский край,15 лет и старше,процент,IV квартал,2019-Q4,9.0
Забайкальский край,15 лет и старше,процент,значение показателя за год,2019,9.2
Забайкальский край,15 лет и старше,процент,I квартал,2020-Q1,9.4
Забайкальский край,15 лет и старше,процент,II квартал,2020-Q2,10.0
Забайкальский край,15 лет и старше,процент,III квартал,2020-Q3,9.8
Забайкальский край,15 лет и старше,процент,IV квартал,2020-Q4,10.0
Забайкальский край,15 лет и старше,процент,значение показателя за год,2020,9.8
Забайкальский край,15 лет и старше,процент,I квартал,2021-Q1,9.8
Забайкальский край,15 лет и старше,процент,II квартал,2021-Q2,9.4
Забайкальский край,15 лет и старше,процент,III квартал,2021-Q3,8.9
Забайкальский край,15 лет и старше,процент,IV квартал,2021-Q4,8.9
Забайкальский край,15 лет и старше,процент,значение показателя за год,2021,9.3
Забайкальский край,15 лет и старше,процент,I квартал,2022-Q1,9.7
Забайкальский край,15 лет и старше,процент,II квартал,2022-Q2,8.9
Забайкальский край,15 лет и старше,процент,III квартал,2022-Q3,8.2
Забайкальский край,15 лет и старше,процент,IV квартал,2022-Q4,7.8
Забайкальский край,15 лет и старше,процент,значение показателя за год,2022,8.7
Забайкальский край,15 лет и старше,процент,I квартал,2023-Q1,7.01
Забайкальский край,15 лет и старше,процент,II квартал,2023-Q2,7.0
Забайкальский край,15 лет и старше,процент,III квартал,2023-Q3,7.17
Забайкальский край,15 лет и старше,процент,IV квартал,2023-Q4,6.5
Забайкальский край,15 лет и старше,процент,значение показателя за год,2023,6.9
Забайкальский край,15 лет и старше,процент,I квартал,2024-Q1,6.5
Забайкальский край,15 лет и старше,процент,II квартал,2024-Q2,4.6
Забайкальский край,15 лет и старше,процент,III квартал,2024-Q3,4.3
Забайкальский край,15 лет и старше,процент,IV квартал,2024-Q4,4.5
Забайкальский край,15 лет и старше,процент,значение показателя за год,2024,5.0
Забайкальский край,15 лет и старше,процент,I квартал,2025-Q1,5.1
Забайкальский край,15 лет и старше,процент,II квартал,2025-Q2,4.2
Забайкальский край,15 лет и старше,процент,III квартал,2025-Q3,4.0
Забайкальский край,15 лет и старше,процент,IV квартал,2025-Q4,5.0
Забайкальский край,15 лет и старше,процент,значение показателя за год,2025,4.6
Забайкальский край,15-72 лет,процент,I квартал,2013-Q1,10.7
Забайкальский край,15-72 лет,процент,II квартал,2013-Q2,10.7
Забайкальский край,15-72 лет,процент,III квартал,2013-Q3,10.3
Забайкальский край,15-72 лет,процент,IV квартал,2013-Q4,10.2
Забайкальский край,15-72 лет,процент,значение показателя за год,2013,10.5
Забайкальский край,15-72 лет,процент,I квартал,2014-Q1,10.3
Забайкальский край,15-72 лет,процент,II квартал,2014-Q2,10.2
Забайкальский край,15-72 лет,процент,III квартал,2014-Q3,9.7
Забайкальский край,15-72 лет,процент,IV квартал,2014-Q4,10.0
Забайкальский край,15-72 лет,процент,значение показателя за год,2014,10.1
Забайкальский край,15-72 лет,процент,I квартал,2015-Q1,10.1
Забайкальский край,15-72 лет,процент,II квартал,2015-Q2,10.4
Забайкальский край,15-72 лет,процент,III квартал,2015-Q3,10.5
Забайкальский край,15-72 лет,процент,IV квартал,2015-Q4,10.4
Забайкальский край,15-72 лет,процент,значение показателя за год,2015,10.4
Забайкальский край,15-72 лет,процент,I квартал,2016-Q1,10.8
Забайкальский край,15-72 лет,процент,II квартал,2016-Q2,10.7
Забайкальский край,15-72 лет,процент,III квартал,2016-Q3,10.8
Забайкальский край,15-72 лет,процент,IV квартал,2016-Q4,10.6
Забайкальский край,15-72 лет,процент,значение показателя за год,2016,10.8
Забайкальский край,15-72 лет,процент,I квартал,2017-Q1,10.8
Забайкальский край,15-72 лет,процент,II квартал,2017-Q2,10.7
Забайкальский край,15-72 лет,процент,III квартал,2017-Q3,10.8
Забайкальский край,15-72 лет,процент,IV квартал,2017-Q4,10.5
Забайкальский край,15-72 лет,процент,значение показателя за год,2017,10.7
Забайкальский край,15-72 лет,процент,I квартал,2018-Q1,10.5
Забайкальский край,15-72 лет,процент,II квартал,2018-Q2,10.4
Забайкальский край,15-72 лет,процент,III квартал,2018-Q3,10.1
Забайкальский край,15-72 лет,процент,IV квартал,2018-Q4,10.0
Забайкальский край,15-72 лет,процент,значение показателя за год,2018,10.3
Забайкальский край,15-72 лет,процент,I квартал,2019-Q1,9.5
Забайкальский край,15-72 лет,процент,II квартал,2019-Q2,9.4
Забайкальский край,15-72 лет,процент,III квартал,2019-Q3,8.9
Забайкальский край,15-72 лет,процент,IV квартал,2019-Q4,9.0
Забайкальский край,15-72 лет,процент,значение показателя за год,2019,9.2
Забайкальский край,15-72 лет,процент,I квартал,2020-Q1,9.4
Забайкальский край,15-72 лет,процент,II квартал,2020-Q2,10.0
Забайкальский край,15-72 лет,процент,III квартал,2020-Q3,9.9
Забайкальский край,15-72 лет,процент,IV квартал,2020-Q4,10.0
Забайкальский край,15-72 лет,процент,значение показателя за год,2020,9.8
Забайкальский край,15-72 лет,процент,I квартал,2021-Q1,9.8
Забайкальский край,15-72 лет,процент,II квартал,2021-Q2,9.5
Забайкальский край,15-72 лет,процент,III квартал,2021-Q3,8.9
Забайкальский край,15-72 лет,процент,IV квартал,2021-Q4,8.9
Забайкальский край,15-72 лет,процент,значение показателя за год,2021,9.3
Республика Саха (Якутия),15 лет и старше,процент,I квартал,2017-Q1,7.4
Республика Саха (Якутия),15 лет и старше,процент,II квартал,2017-Q2,6.6
Республика Саха (Якутия),15 лет и старше,процент,III квартал,2017-Q3,6.8
Республика Саха (Якутия),15 лет и старше,процент,IV квартал,2017-Q4,8.0
Республика Саха (Якутия),15 лет и старше,процент,значение показателя за год,2017,7.2
Республика Саха (Якутия),15 лет и старше,процент,I квартал,2018-Q1,7.4
Республика Саха (Якутия),15 лет и старше,процент,II квартал,2018-Q2,6.4
Республика Саха (Якутия),15 лет и старше,процент,III квартал,2018-Q3,6.5
Республика Саха (Якутия),15 лет и старше,процент,IV квартал,2018-Q4,7.6
Республика Саха (Якутия),15 лет и старше,процент,значение показателя за год,2018,7.0
Республика Саха (Якутия),15 лет и старше,процент,I квартал,2019-Q1,7.0
Республика Саха (Якутия),15 лет и старше,процент,II квартал,2019-Q2,6.7
Республика Саха (Якутия),15 лет и старше,процент,III квартал,2019-Q3,6.2
Республика Саха (Якутия),15 лет и старше,процент,IV квартал,2019-Q4,7.7
Республика Саха (Якутия),15 лет и старше,процент,значение показателя за год,2019,6.9
Республика Саха (Якутия),15 лет и старше,процент,I квартал,2020-Q1,7.1
Республика Саха (Якутия),15 лет и старше,процент,II квартал,2020-Q2,7.8
Республика Саха (Якутия),15 лет и старше,процент,III квартал,2020-Q3,7.4
Республика Саха (Якутия),15 лет и старше,процент,IV квартал,2020-Q4,7.5
Республика Саха (Якутия),15 лет и старше,процент,значение показателя за год,2020,7.5
Республика Саха (Якутия),15 лет и старше,процент,I квартал,2021-Q1,7.4
Республика Саха (Якутия),15 лет и старше,процент,II квартал,2021-Q2,6.7
Республика Саха (Якутия),15 лет и старше,процент,III квартал,2021-Q3,6.6
Республика Саха (Якутия),15 лет и старше,процент,IV квартал,2021-Q4,7.2
Республика Саха (Якутия),15 лет и старше,процент,значение показателя за год,2021,7.0
Республика Саха (Якутия),15 лет и старше,процент,I квартал,2022-Q1,7.2
Республика Саха (Якутия),15 лет и старше,процент,II квартал,2022-Q2,6.6
Республика Саха (Якутия),15 лет и старше,процент,III квартал,2022-Q3,6.1
Республика Саха (Якутия),15 лет и старше,процент,IV квартал,2022-Q4,6.3
Республика Саха (Якутия),15 лет и старше,процент,значение показателя за год,2022,6.5
Республика Саха (Якутия),15 лет и старше,процент,I квартал,2023-Q1,5.79
Республика Саха (Якутия),15 лет и старше,процент,II квартал,2023-Q2,5.6
Республика Саха (Якутия),15 лет и старше,процент,III квартал,2023-Q3,5.41
Республика Саха (Якутия),15 лет и старше,процент,IV квартал,2023-Q4,5.9
Республика Саха (Якутия),15 лет и старше,процент,значение показателя за год,2023,5.7
Республика Саха (Якутия),15 лет и старше,процент,I квартал,2024-Q1,5.5
Республика Саха (Якутия),15 лет и старше,процент,II квартал,2024-Q2,4.9
Республика Саха (Якутия),15 лет и старше,процент,III квартал,2024-Q3,4.6
Республика Саха (Якутия),15 лет и старше,процент,IV квартал,2024-Q4,5.2
Республика Саха (Якутия),15 лет и старше,процент,значение показателя за год,2024,5.1
Республика Саха (Якутия),15 лет и старше,процент,I квартал,2025-Q1,4.7
Республика Саха (Якутия),15 лет и старше,процент,II квартал,2025-Q2,3.8
Республика Саха (Якутия),15 лет и старше,процент,III квартал,2025-Q3,3.1
Республика Саха (Якутия),15 лет и старше,процент,IV квартал,2025-Q4,3.0
Республика Саха (Якутия),15 лет и старше,процент,значение показателя за год,2025,3.7
Республика Саха (Якутия),15-72 лет,процент,I квартал,2013-Q1,8.1
Республика Саха (Якутия),15-72 лет,процент,II квартал,2013-Q2,7.1
Республика Саха (Якутия),15-72 лет,процент,III квартал,2013-Q3,7.1
Республика Саха (Якутия),15-72 лет,процент,IV квартал,2013-Q4,7.4
Республика Саха (Якутия),15-72 лет,процент,значение показателя за год,2013,7.4
Республика Саха (Якутия),15-72 лет,процент,I квартал,2014-Q1,8.1
Республика Саха (Якутия),15-72 лет,процент,II квартал,2014-Q2,7.2
Республика Саха (Якутия),15-72 лет,процент,III квартал,2014-Q3,7.0
Республика Саха (Якутия),15-72 лет,процент,IV квартал,2014-Q4,7.4
Республика Саха (Якутия),15-72 лет,процент,значение показателя за год,2014,7.4
Республика Саха (Якутия),15-72 лет,процент,I квартал,2015-Q1,7.8
Республика Саха (Якутия),15-72 лет,процент,II квартал,2015-Q2,7.1
Республика Саха (Якутия),15-72 лет,процент,III квартал,2015-Q3,7.1
Республика Саха (Якутия),15-72 лет,процент,IV квартал,2015-Q4,7.3
Республика Саха (Якутия),15-72 лет,процент,значение показателя за год,2015,7.3
Республика Саха (Якутия),15-72 лет,процент,I квартал,2016-Q1,7.1
Республика Саха (Якутия),15-72 лет,процент,II квартал,2016-Q2,7.6
Республика Саха (Якутия),15-72 лет,процент,III квартал,2016-Q3,6.6
Республика Саха (Якутия),15-72 лет,процент,IV квартал,2016-Q4,7.5
Республика Саха (Якутия),15-72 лет,процент,значение показателя за год,2016,7.2
Республика Саха (Якутия),15-72 лет,процент,I квартал,2017-Q1,7.4
Республика Саха (Якутия),15-72 лет,процент,II квартал,2017-Q2,6.6
Республика Саха (Якутия),15-72 лет,процент,III квартал,2017-Q3,6.7
Республика Саха (Якутия),15-72 лет,процент,IV квартал,2017-Q4,8.0
Республика Саха (Якутия),15-72 лет,процент,значение показателя за год,2017,7.2
Республика Саха (Якутия),15-72 лет,процент,I квартал,2018-Q1,7.4
Республика Саха (Якутия),15-72 лет,процент,II квартал,2018-Q2,6.4
Республика Саха (Якутия),15-72 лет,процент,III квартал,2018-Q3,6.5
Республика Саха (Якутия),15-72 лет,процент,IV квартал,2018-Q4,7.5
Республика Саха (Якутия),15-72 лет,процент,значение показателя за год,2018,7.0
Республика Саха (Якутия),15-72 лет,процент,I квартал,2019-Q1,7.0
Республика Саха (Якутия),15-72 лет,процент,II квартал,2019-Q2,6.7
Республика Саха (Якутия),15-72 лет,процент,III квартал,2019-Q3,6.2
Республика Саха (Якутия),15-72 лет,процент,IV квартал,2019-Q4,7.7
Республика Саха (Якутия),15-72 лет,процент,значение показателя за год,2019,6.9
Республика Саха (Якутия),15-72 лет,процент,I квартал,2020-Q1,7.2
Республика Саха (Якутия),15-72 лет,процент,II квартал,2020-Q2,7.8
Республика Саха (Якутия),15-72 лет,процент,III квартал,2020-Q3,7.4
Республика Саха (Якутия),15-72 лет,процент,IV квартал,2020-Q4,7.5
Республика Саха (Якутия),15-72 лет,процент,значение показателя за год,2020,7.5
Республика Саха (Якутия),15-72 лет,процент,I квартал,2021-Q1,7.4
Республика Саха (Якутия),15-72 лет,процент,II квартал,2021-Q2,6.7
Республика Саха (Якутия),15-72 лет,процент,III квартал,2021-Q3,6.6
Республика Саха (Якутия),15-72 лет,процент,IV квартал,2021-Q4,7.2
Республика Саха (Якутия),15-72 лет,процент,значение показателя за год,2021,7.0
Камчатский край,15 лет и старше,процент,I квартал,2017-Q1,4.3
Камчатский край,15 лет и старше,процент,II квартал,2017-Q2,3.5
Камчатский край,15 лет и старше,процент,III квартал,2017-Q3,4.3
Камчатский край,15 лет и старше,процент,IV квартал,2017-Q4,4.7
Камчатский край,15 лет и старше,процент,значение показателя за год,2017,4.2
Камчатский край,15 лет и старше,процент,I квартал,2018-Q1,5.5
Камчатский край,15 лет и старше,процент,II квартал,2018-Q2,4.9
Камчатский край,15 лет и старше,процент,III квартал,2018-Q3,4.2
Камчатский край,15 лет и старше,процент,IV квартал,2018-Q4,4.8
Камчатский край,15 лет и старше,процент,значение показателя за год,2018,4.8
Камчатский край,15 лет и старше,процент,I квартал,2019-Q1,3.8
Камчатский край,15 лет и старше,процент,II квартал,2019-Q2,4.1
Камчатский край,15 лет и старше,процент,III квартал,2019-Q3,3.3
Камчатский край,15 лет и старше,процент,IV квартал,2019-Q4,3.9
Камчатский край,15 лет и старше,процент,значение показателя за год,2019,3.8
Камчатский край,15 лет и старше,процент,I квартал,2020-Q1,3.5
Камчатский край,15 лет и старше,процент,II квартал,2020-Q2,3.8
Камчатский край,15 лет и старше,процент,III квартал,2020-Q3,3.5
Камчатский край,15 лет и старше,процент,IV квартал,2020-Q4,4.1
Камчатский край,15 лет и старше,процент,значение показателя за год,2020,3.7
Камчатский край,15 лет и старше,процент,I квартал,2021-Q1,3.9
Камчатский край,15 лет и старше,процент,II квартал,2021-Q2,3.2
Камчатский край,15 лет и старше,процент,III квартал,2021-Q3,3.3
Камчатский край,15 лет и старше,процент,IV квартал,2021-Q4,3.3
Камчатский край,15 лет и старше,процент,значение показателя за год,2021,3.4
Камчатский край,15 лет и старше,процент,I квартал,2022-Q1,4.0
Камчатский край,15 лет и старше,процент,II квартал,2022-Q2,3.3
Камчатский край,15 лет и старше,процент,III квартал,2022-Q3,2.5
Камчатский край,15 лет и старше,процент,IV квартал,2022-Q4,1.8
Камчатский край,15 лет и старше,процент,значение показателя за год,2022,2.9
Камчатский край,15 лет и старше,процент,I квартал,2023-Q1,2.36
Камчатский край,15 лет и старше,процент,II квартал,2023-Q2,1.7
Камчатский край,15 лет и старше,процент,III квартал,2023-Q3,1.55
Камчатский край,15 лет и старше,процент,IV квартал,2023-Q4,2.7
Камчатский край,15 лет и старше,процент,значение показателя за год,2023,2.1
Камчатский край,15 лет и старше,процент,I квартал,2024-Q1,2.2
Камчатский край,15 лет и старше,процент,II квартал,2024-Q2,2.3
Камчатский край,15 лет и старше,процент,III квартал,2024-Q3,1.9
Камчатский край,15 лет и старше,процент,IV квартал,2024-Q4,1.7
Камчатский край,15 лет и старше,процент,значение показателя за год,2024,2.0
Камчатский край,15 лет и старше,процент,I квартал,2025-Q1,2.5
Камчатский край,15 лет и старше,процент,II квартал,2025-Q2,1.8
Камчатский край,15 лет и старше,процент,III квартал,2025-Q3,1.7
Камчатский край,15 лет и старше,процент,IV квартал,2025-Q4,1.8
Камчатский край,15 лет и старше,процент,значение показателя за год,2025,1.9
Камчатский край,15-72 лет,процент,I квартал,2013-Q1,6.6
Камчатский край,15-72 лет,процент,II квартал,2013-Q2,5.7
Камчатский край,15-72 лет,процент,III квартал,2013-Q3,4.9
Камчатский край,15-72 лет,процент,IV квартал,2013-Q4,5.5
Камчатский край,15-72 лет,процент,значение показателя за год,2013,5.7
Камчатский край,15-72 лет,процент,I квартал,2014-Q1,6.4
Камчатский край,15-72 лет,процент,II квартал,2014-Q2,6.0
Камчатский край,15-72 лет,процент,III квартал,2014-Q3,6.4
Камчатский край,15-72 лет,процент,IV квартал,2014-Q4,5.6
Камчатский край,15-72 лет,процент,значение показателя за год,2014,6.1
Камчатский край,15-72 лет,процент,I квартал,2015-Q1,5.3
Камчатский край,15-72 лет,процент,II квартал,2015-Q2,4.6
Камчатский край,15-72 лет,процент,III квартал,2015-Q3,3.2
Камчатский край,15-72 лет,процент,IV квартал,2015-Q4,4.7
Камчатский край,15-72 лет,процент,значение показателя за год,2015,4.4
Камчатский край,15-72 лет,процент,I квартал,2016-Q1,3.9
Камчатский край,15-72 лет,процент,II квартал,2016-Q2,3.8
Камчатский край,15-72 лет,процент,III квартал,2016-Q3,3.4
Камчатский край,15-72 лет,процент,IV квартал,2016-Q4,5.2
Камчатский край,15-72 лет,процент,значение показателя за год,2016,4.1
Камчатский край,15-72 лет,процент,I квартал,2017-Q1,4.3
Камчатский край,15-72 лет,процент,II квартал,2017-Q2,3.5
Камчатский край,15-72 лет,процент,III квартал,2017-Q3,4.3
Камчатский край,15-72 лет,процент,IV квартал,2017-Q4,4.7
Камчатский край,15-72 лет,процент,значение показателя за год,2017,4.2
Камчатский край,15-72 лет,процент,I квартал,2018-Q1,5.5
Камчатский край,15-72 лет,процент,II квартал,2018-Q2,4.9
Камчатский край,15-72 лет,процент,III квартал,2018-Q3,4.2
Камчатский край,15-72 лет,процент,IV квартал,2018-Q4,4.8
Камчатский край,15-72 лет,процент,значение показателя за год,2018,4.9
Камчатский край,15-72 лет,процент,I квартал,2019-Q1,3.8
Камчатский край,15-72 лет,процент,II квартал,2019-Q2,4.1
Камчатский край,15-72 лет,процент,III квартал,2019-Q3,3.3
Камчатский край,15-72 лет,процент,IV квартал,2019-Q4,3.9
Камчатский край,15-72 лет,процент,значение показателя за год,2019,3.8
Камчатский край,15-72 лет,процент,I квартал,2020-Q1,3.5
Камчатский край,15-72 лет,процент,II квартал,2020-Q2,3.9
Камчатский край,15-72 лет,процент,III квартал,2020-Q3,3.5
Камчатский край,15-72 лет,процент,IV квартал,2020-Q4,4.1
Камчатский край,15-72 лет,процент,значение показателя за год,2020,3.7
Камчатский край,15-72 лет,процент,I квартал,2021-Q1,3.9
Камчатский край,15-72 лет,процент,II квартал,2021-Q2,3.2
Камчатский край,15-72 лет,процент,III квартал,2021-Q3,3.3
Камчатский край,15-72 лет,процент,IV квартал,2021-Q4,3.3
Камчатский край,15-72 лет,процент,значение показателя за год,2021,3.4
Приморский край,15 лет и старше,процент,I квартал,2017-Q1,5.5
Приморский край,15 лет и старше,процент,II квартал,2017-Q2,5.3
Приморский край,15 лет и старше,процент,III квартал,2017-Q3,5.3
Приморский край,15 лет и старше,процент,IV квартал,2017-Q4,5.2
Приморский край,15 лет и старше,процент,значение показателя за год,2017,5.3
Приморский край,15 лет и старше,процент,I квартал,2018-Q1,5.4
Приморский край,15 лет и старше,процент,II квартал,2018-Q2,4.9
Приморский край,15 лет и старше,процент,III квартал,2018-Q3,4.7
Приморский край,15 лет и старше,процент,IV квартал,2018-Q4,6.1
Приморский край,15 лет и старше,процент,значение показателя за год,2018,5.3
Приморский край,15 лет и старше,процент,I квартал,2019-Q1,5.2
Приморский край,15 лет и старше,процент,II квартал,2019-Q2,5.0
Приморский край,15 лет и старше,процент,III квартал,2019-Q3,4.6
Приморский край,15 лет и старше,процент,IV квартал,2019-Q4,5.2
Приморский край,15 лет и старше,процент,значение показателя за год,2019,5.0
Приморский край,15 лет и старше,процент,I квартал,2020-Q1,5.2
Приморский край,15 лет и старше,процент,II квартал,2020-Q2,5.9
Приморский край,15 лет и старше,процент,III квартал,2020-Q3,5.4
Приморский край,15 лет и старше,процент,IV квартал,2020-Q4,4.8
Приморский край,15 лет и старше,процент,значение показателя за год,2020,5.3
Приморский край,15 лет и старше,процент,I квартал,2021-Q1,4.4
Приморский край,15 лет и старше,процент,II квартал,2021-Q2,4.1
Приморский край,15 лет и старше,процент,III квартал,2021-Q3,3.9
Приморский край,15 лет и старше,процент,IV квартал,2021-Q4,4.0
Приморский край,15 лет и старше,процент,значение показателя за год,2021,4.1
Приморский край,15 лет и старше,процент,I квартал,2022-Q1,4.1
Приморский край,15 лет и старше,процент,II квартал,2022-Q2,3.1
Приморский край,15 лет и старше,процент,III квартал,2022-Q3,3.3
Приморский край,15 лет и старше,процент,IV квартал,2022-Q4,2.9
Приморский край,15 лет и старше,процент,значение показателя за год,2022,3.3
Приморский край,15 лет и старше,процент,I квартал,2023-Q1,2.81
Приморский край,15 лет и старше,процент,II квартал,2023-Q2,2.3
Приморский край,15 лет и старше,процент,III квартал,2023-Q3,2.57
Приморский край,15 лет и старше,процент,IV квартал,2023-Q4,2.6
Приморский край,15 лет и старше,процент,значение показателя за год,2023,2.6
Приморский край,15 лет и старше,процент,I квартал,2024-Q1,2.0
Приморский край,15 лет и старше,процент,II квартал,2024-Q2,2.1
Приморский край,15 лет и старше,процент,III квартал,2024-Q3,2.1
Приморский край,15 лет и старше,процент,IV квартал,2024-Q4,2.2
Приморский край,15 лет и старше,процент,значение показателя за год,2024,2.1
Приморский край,15 лет и старше,процент,I квартал,2025-Q1,2.1
Приморский край,15 лет и старше,процент,II квартал,2025-Q2,1.8
Приморский край,15 лет и старше,процент,III квартал,2025-Q3,2.2
Приморский край,15 лет и старше,процент,IV квартал,2025-Q4,1.6
Приморский край,15 лет и старше,процент,значение показателя за год,2025,1.9
Приморский край,15-72 лет,процент,I квартал,2013-Q1,7.6
Приморский край,15-72 лет,процент,II квартал,2013-Q2,6.8
Приморский край,15-72 лет,процент,III квартал,2013-Q3,6.9
Приморский край,15-72 лет,процент,IV квартал,2013-Q4,7.1
Приморский край,15-72 лет,процент,значение показателя за год,2013,7.1
Приморский край,15-72 лет,процент,I квартал,2014-Q1,6.7
Приморский край,15-72 лет,процент,II квартал,2014-Q2,6.8
Приморский край,15-72 лет,процент,III квартал,2014-Q3,6.8
Приморский край,15-72 лет,процент,IV квартал,2014-Q4,7.2
Приморский край,15-72 лет,процент,значение показателя за год,2014,6.9
Приморский край,15-72 лет,процент,I квартал,2015-Q1,7.1
Приморский край,15-72 лет,процент,II квартал,2015-Q2,7.2
Приморский край,15-72 лет,процент,III квартал,2015-Q3,6.3
Приморский край,15-72 лет,процент,IV квартал,2015-Q4,6.9
Приморский край,15-72 лет,процент,значение показателя за год,2015,6.9
Приморский край,15-72 лет,процент,I квартал,2016-Q1,6.1
Приморский край,15-72 лет,процент,II квартал,2016-Q2,6.1
Приморский край,15-72 лет,процент,III квартал,2016-Q3,5.6
Приморский край,15-72 лет,процент,IV квартал,2016-Q4,5.9
Приморский край,15-72 лет,процент,значение показателя за год,2016,5.9
Приморский край,15-72 лет,процент,I квартал,2017-Q1,5.5
Приморский край,15-72 лет,процент,II квартал,2017-Q2,5.3
Приморский край,15-72 лет,процент,III квартал,2017-Q3,5.3
Приморский край,15-72 лет,процент,IV квартал,2017-Q4,5.2
Приморский край,15-72 лет,процент,значение показателя за год,2017,5.3
Приморский край,15-72 лет,процент,I квартал,2018-Q1,5.4
Приморский край,15-72 лет,процент,II квартал,2018-Q2,4.9
Приморский край,15-72 лет,процент,III квартал,2018-Q3,4.7
Приморский край,15-72 лет,процент,IV квартал,2018-Q4,6.1
Приморский край,15-72 лет,процент,значение показателя за год,2018,5.2
Приморский край,15-72 лет,процент,I квартал,2019-Q1,5.2
Приморский край,15-72 лет,процент,II квартал,2019-Q2,5.0
Приморский край,15-72 лет,процент,III квартал,2019-Q3,4.6
Приморский край,15-72 лет,процент,IV квартал,2019-Q4,5.2
Приморский край,15-72 лет,процент,значение показателя за год,2019,5.0
Приморский край,15-72 лет,процент,I квартал,2020-Q1,5.2
Приморский край,15-72 лет,процент,II квартал,2020-Q2,5.9
Приморский край,15-72 лет,процент,III квартал,2020-Q3,5.4
Приморский край,15-72 лет,процент,IV квартал,2020-Q4,4.8
Приморский край,15-72 лет,процент,значение показателя за год,2020,5.3
Приморский край,15-72 лет,процент,I квартал,2021-Q1,4.4
Приморский край,15-72 лет,процент,II квартал,2021-Q2,4.1
Приморский край,15-72 лет,процент,III квартал,2021-Q3,3.9
Приморский край,15-72 лет,процент,IV квартал,2021-Q4,4.0
Приморский край,15-72 лет,процент,значение показателя за год,2021,4.1
Хабаровский край,15 лет и старше,процент,I квартал,2017-Q1,5.9
Хабаровский край,15 лет и старше,процент,II квартал,2017-Q2,4.3
Хабаровский край,15 лет и старше,процент,III квартал,2017-Q3,4.6
Хабаровский край,15 лет и старше,процент,IV квартал,2017-Q4,4.3
Хабаровский край,15 лет и старше,процент,значение показателя за год,2017,4.8
Хабаровский край,15 лет и старше,процент,I квартал,2018-Q1,4.1
Хабаровский край,15 лет и старше,процент,II квартал,2018-Q2,3.6
Хабаровский край,15 лет и старше,процент,III квартал,2018-Q3,3.2
Хабаровский край,15 лет и старше,процент,IV квартал,2018-Q4,3.7
Хабаровский край,15 лет и старше,процент,значение показателя за год,2018,3.6
Хабаровский край,15 лет и старше,процент,I квартал,2019-Q1,3.7
Хабаровский край,15 лет и старше,процент,II квартал,2019-Q2,3.4
Хабаровский край,15 лет и старше,процент,III квартал,2019-Q3,3.6
Хабаровский край,15 лет и старше,процент,IV квартал,2019-Q4,4.5
Хабаровский край,15 лет и старше,процент,значение показателя за год,2019,3.8
Хабаровский край,15 лет и старше,процент,I квартал,2020-Q1,3.0
Хабаровский край,15 лет и старше,процент,II квартал,2020-Q2,4.1
Хабаровский край,15 лет и старше,процент,III квартал,2020-Q3,4.2
Хабаровский край,15 лет и старше,процент,IV квартал,2020-Q4,4.5
Хабаровский край,15 лет и старше,процент,значение показателя за год,2020,3.9
Хабаровский край,15 лет и старше,процент,I квартал,2021-Q1,3.6
Хабаровский край,15 лет и старше,процент,II квартал,2021-Q2,2.6
Хабаровский край,15 лет и старше,процент,III квартал,2021-Q3,3.2
Хабаровский край,15 лет и старше,процент,IV квартал,2021-Q4,2.8
Хабаровский край,15 лет и старше,процент,значение показателя за год,2021,3.1
Хабаровский край,15 лет и старше,процент,I квартал,2022-Q1,2.9
Хабаровский край,15 лет и старше,процент,II квартал,2022-Q2,2.2
Хабаровский край,15 лет и старше,процент,III квартал,2022-Q3,2.9
Хабаровский край,15 лет и старше,процент,IV квартал,2022-Q4,2.4
Хабаровский край,15 лет и старше,процент,значение показателя за год,2022,2.6
Хабаровский край,15 лет и старше,процент,I квартал,2023-Q1,2.2
Хабаровский край,15 лет и старше,процент,II квартал,2023-Q2,2.0
Хабаровский край,15 лет и старше,процент,III квартал,2023-Q3,2.28
Хабаровский край,15 лет и старше,процент,IV квартал,2023-Q4,1.9
Хабаровский край,15 лет и старше,процент,значение показателя за год,2023,2.1
Хабаровский край,15 лет и старше,процент,I квартал,2024-Q1,1.8
Хабаровский край,15 лет и старше,процент,II квартал,2024-Q2,1.4
Хабаровский край,15 лет и старше,процент,III квартал,2024-Q3,1.3
Хабаровский край,15 лет и старше,процент,IV квартал,2024-Q4,1.7
Хабаровский край,15 лет и старше,процент,значение показателя за год,2024,1.6
Хабаровский край,15 лет и старше,процент,I квартал,2025-Q1,1.2
Хабаровский край,15 лет и старше,процент,II квартал,2025-Q2,1.2
Хабаровский край,15 лет и старше,процент,III квартал,2025-Q3,1.4
Хабаровский край,15 лет и старше,процент,IV квартал,2025-Q4,1.2
Хабаровский край,15 лет и старше,процент,значение показателя за год,2025,1.3
Хабаровский край,15-72 лет,процент,I квартал,2013-Q1,5.4
Хабаровский край,15-72 лет,процент,II квартал,2013-Q2,5.8
Хабаровский край,15-72 лет,процент,III квартал,2013-Q3,5.4
Хабаровский край,15-72 лет,процент,IV квартал,2013-Q4,5.8
Хабаровский край,15-72 лет,процент,значение показателя за год,2013,5.6
Хабаровский край,15-72 лет,процент,I квартал,2014-Q1,5.0
Хабаровский край,15-72 лет,процент,II квартал,2014-Q2,6.2
Хабаровский край,15-72 лет,процент,III квартал,2014-Q3,5.6
Хабаровский край,15-72 лет,процент,IV квартал,2014-Q4,6.6
Хабаровский край,15-72 лет,процент,значение показателя за год,2014,5.8
Хабаровский край,15-72 лет,процент,I квартал,2015-Q1,5.5
Хабаровский край,15-72 лет,процент,II квартал,2015-Q2,5.9
Хабаровский край,15-72 лет,процент,III квартал,2015-Q3,3.8
Хабаровский край,15-72 лет,процент,IV квартал,2015-Q4,6.0
Хабаровский край,15-72 лет,процент,значение показателя за год,2015,5.3
Хабаровский край,15-72 лет,процент,I квартал,2016-Q1,4.4
Хабаровский край,15-72 лет,процент,II квартал,2016-Q2,6.4
Хабаровский край,15-72 лет,процент,III квартал,2016-Q3,4.3
Хабаровский край,15-72 лет,процент,IV квартал,2016-Q4,4.6
Хабаровский край,15-72 лет,процент,значение показателя за год,2016,4.9
Хабаровский край,15-72 лет,процент,I квартал,2017-Q1,5.9
Хабаровский край,15-72 лет,процент,II квартал,2017-Q2,4.3
Хабаровский край,15-72 лет,процент,III квартал,2017-Q3,4.6
Хабаровский край,15-72 лет,процент,IV квартал,2017-Q4,4.3
Хабаровский край,15-72 лет,процент,значение показателя за год,2017,4.8
Хабаровский край,15-72 лет,процент,I квартал,2018-Q1,4.1
Хабаровский край,15-72 лет,процент,II квартал,2018-Q2,3.6
Хабаровский край,15-72 лет,процент,III квартал,2018-Q3,3.2
Хабаровский край,15-72 лет,процент,IV квартал,2018-Q4,3.7
Хабаровский край,15-72 лет,процент,значение показателя за год,2018,3.6
Хабаровский край,15-72 лет,процент,I квартал,2019-Q1,3.7
Хабаровский край,15-72 лет,процент,II квартал,2019-Q2,3.4
Хабаровский край,15-72 лет,процент,III квартал,2019-Q3,3.6
Хабаровский край,15-72 лет,процент,IV квартал,2019-Q4,4.5
Хабаровский край,15-72 лет,процент,значение показателя за год,2019,3.8
Хабаровский край,15-72 лет,процент,I квартал,2020-Q1,3.0
Хабаровский край,15-72 лет,процент,II квартал,2020-Q2,4.1
Хабаровский край,15-72 лет,процент,III квартал,2020-Q3,4.2
Хабаровский край,15-72 лет,процент,IV квартал,2020-Q4,4.5
Хабаровский край,15-72 лет,процент,значение показателя за год,2020,3.9
Хабаровский край,15-72 лет,процент,I квартал,2021-Q1,3.6
Хабаровский край,15-72 лет,процент,II квартал,2021-Q2,2.6
Хабаровский край,15-72 лет,процент,III квартал,2021-Q3,3.2
Хабаровский край,15-72 лет,процент,IV квартал,2021-Q4,2.8
Хабаровский край,15-72 лет,процент,значение показателя за год,2021,3.1
Амурская область,15 лет и старше,процент,I квартал,2017-Q1,6.7
Амурская область,15 лет и старше,процент,II квартал,2017-Q2,6.1
Амурская область,15 лет и старше,процент,III квартал,2017-Q3,4.7
Амурская область,15 лет и старше,процент,IV квартал,2017-Q4,5.9
Амурская область,15 лет и старше,процент,значение показателя за год,2017,5.9
Амурская область,15 лет и старше,процент,I квартал,2018-Q1,5.9
Амурская область,15 лет и старше,процент,II квартал,2018-Q2,5.8
Амурская область,15 лет и старше,процент,III квартал,2018-Q3,4.9
Амурская область,15 лет и старше,процент,IV квартал,2018-Q4,5.6
Амурская область,15 лет и старше,процент,значение показателя за год,2018,5.6
Амурская область,15 лет и старше,процент,I квартал,2019-Q1,5.2
Амурская область,15 лет и старше,процент,II квартал,2019-Q2,5.6
Амурская область,15 лет и старше,процент,III квартал,2019-Q3,5.3
Амурская область,15 лет и старше,процент,IV квартал,2019-Q4,5.2
Амурская область,15 лет и старше,процент,значение показателя за год,2019,5.3
Амурская область,15 лет и старше,процент,I квартал,2020-Q1,5.1
Амурская область,15 лет и старше,процент,II квартал,2020-Q2,6.2
Амурская область,15 лет и старше,процент,III квартал,2020-Q3,6.4
Амурская область,15 лет и старше,процент,IV квартал,2020-Q4,6.2
Амурская область,15 лет и старше,процент,значение показателя за год,2020,6.0
Амурская область,15 лет и старше,процент,I квартал,2021-Q1,5.6
Амурская область,15 лет и старше,процент,II квартал,2021-Q2,5.2
Амурская область,15 лет и старше,процент,III квартал,2021-Q3,5.2
Амурская область,15 лет и старше,процент,IV квартал,2021-Q4,4.5
Амурская область,15 лет и старше,процент,значение показателя за год,2021,5.1
Амурская область,15 лет и старше,процент,I квартал,2022-Q1,4.5
Амурская область,15 лет и старше,процент,II квартал,2022-Q2,4.3
Амурская область,15 лет и старше,процент,III квартал,2022-Q3,4.2
Амурская область,15 лет и старше,процент,IV квартал,2022-Q4,3.5
Амурская область,15 лет и старше,процент,значение показателя за год,2022,4.1
Амурская область,15 лет и старше,процент,I квартал,2023-Q1,3.07
Амурская область,15 лет и старше,процент,II квартал,2023-Q2,2.5
Амурская область,15 лет и старше,процент,III квартал,2023-Q3,2.22
Амурская область,15 лет и старше,процент,IV квартал,2023-Q4,1.9
Амурская область,15 лет и старше,процент,значение показателя за год,2023,2.4
Амурская область,15 лет и старше,процент,I квартал,2024-Q1,1.3
Амурская область,15 лет и старше,процент,II квартал,2024-Q2,1.6
Амурская область,15 лет и старше,процент,III квартал,2024-Q3,1.2
Амурская область,15 лет и старше,процент,IV квартал,2024-Q4,1.0
Амурская область,15 лет и старше,процент,значение показателя за год,2024,1.3
Амурская область,15 лет и старше,процент,I квартал,2025-Q1,1.2
Амурская область,15 лет и старше,процент,II квартал,2025-Q2,1.1
Амурская область,15 лет и старше,процент,III квартал,2025-Q3,1.2
Амурская область,15 лет и старше,процент,IV квартал,2025-Q4,1.3
Амурская область,15 лет и старше,процент,значение показателя за год,2025,1.2
Амурская область,15-72 лет,процент,I квартал,2013-Q1,6.3
Амурская область,15-72 лет,процент,II квартал,2013-Q2,7.6
Амурская область,15-72 лет,процент,III квартал,2013-Q3,6.4
Амурская область,15-72 лет,процент,IV квартал,2013-Q4,4.4
Амурская область,15-72 лет,процент,значение показателя за год,2013,6.1
Амурская область,15-72 лет,процент,I квартал,2014-Q1,6.0
Амурская область,15-72 лет,процент,II квартал,2014-Q2,5.2
Амурская область,15-72 лет,процент,III квартал,2014-Q3,5.5
Амурская область,15-72 лет,процент,IV квартал,2014-Q4,5.7
Амурская область,15-72 лет,процент,значение показателя за год,2014,5.6
Амурская область,15-72 лет,процент,I квартал,2015-Q1,6.6
Амурская область,15-72 лет,процент,II квартал,2015-Q2,6.6
Амурская область,15-72 лет,процент,III квартал,2015-Q3,4.7
Амурская область,15-72 лет,процент,IV квартал,2015-Q4,5.4
Амурская область,15-72 лет,процент,значение показателя за год,2015,5.8
Амурская область,15-72 лет,процент,I квартал,2016-Q1,6.8
Амурская область,15-72 лет,процент,II квартал,2016-Q2,6.1
Амурская область,15-72 лет,процент,III квартал,2016-Q3,5.8
Амурская область,15-72 лет,процент,IV квартал,2016-Q4,5.1
Амурская область,15-72 лет,процент,значение показателя за год,2016,5.9
Амурская область,15-72 лет,процент,I квартал,2017-Q1,6.8
Амурская область,15-72 лет,процент,II квартал,2017-Q2,6.1
Амурская область,15-72 лет,процент,III квартал,2017-Q3,4.7
Амурская область,15-72 лет,процент,IV квартал,2017-Q4,5.9
Амурская область,15-72 лет,процент,значение показателя за год,2017,5.9
Амурская область,15-72 лет,процент,I квартал,2018-Q1,5.9
Амурская область,15-72 лет,процент,II квартал,2018-Q2,5.8
Амурская область,15-72 лет,процент,III квартал,2018-Q3,4.9
Амурская область,15-72 лет,процент,IV квартал,2018-Q4,5.6
Амурская область,15-72 лет,процент,значение показателя за год,2018,5.6
Амурская область,15-72 лет,процент,I квартал,2019-Q1,5.2
Амурская область,15-72 лет,процент,II квартал,2019-Q2,5.6
Амурская область,15-72 лет,процент,III квартал,2019-Q3,5.3
Амурская область,15-72 лет,процент,IV квартал,2019-Q4,5.2
Амурская область,15-72 лет,процент,значение показателя за год,2019,5.3
Амурская область,15-72 лет,процент,I квартал,2020-Q1,5.1
Амурская область,15-72 лет,процент,II квартал,2020-Q2,6.2
Амурская область,15-72 лет,процент,III квартал,2020-Q3,6.4
Амурская область,15-72 лет,процент,IV квартал,2020-Q4,6.2
Амурская область,15-72 лет,процент,значение показателя за год,2020,6.0
Амурская область,15-72 лет,процент,I квартал,2021-Q1,5.6
Амурская область,15-72 лет,процент,II квартал,2021-Q2,5.2
Амурская область,15-72 лет,процент,III квартал,2021-Q3,5.2
Амурская область,15-72 лет,процент,IV квартал,2021-Q4,4.5
Амурская область,15-72 лет,процент,значение показателя за год,2021,5.1
Магаданская область,15 лет и старше,процент,I квартал,2017-Q1,5.6
Магаданская область,15 лет и старше,процент,II квартал,2017-Q2,5.6
Магаданская область,15 лет и старше,процент,III квартал,2017-Q3,4.5
Магаданская область,15 лет и старше,процент,IV квартал,2017-Q4,5.4
Магаданская область,15 лет и старше,процент,значение показателя за год,2017,5.3
Магаданская область,15 лет и старше,процент,I квартал,2018-Q1,5.7
Магаданская область,15 лет и старше,процент,II квартал,2018-Q2,4.9
Магаданская область,15 лет и старше,процент,III квартал,2018-Q3,4.9
Магаданская область,15 лет и старше,процент,IV квартал,2018-Q4,4.8
Магаданская область,15 лет и старше,процент,значение показателя за год,2018,5.1
Магаданская область,15 лет и старше,процент,I квартал,2019-Q1,4.3
Магаданская область,15 лет и старше,процент,II квартал,2019-Q2,4.8
Магаданская область,15 лет и старше,процент,III квартал,2019-Q3,4.8
Магаданская область,15 лет и старше,процент,IV квартал,2019-Q4,4.4
Магаданская область,15 лет и старше,процент,значение показателя за год,2019,4.6
Магаданская область,15 лет и старше,процент,I квартал,2020-Q1,5.2
Магаданская область,15 лет и старше,процент,II квартал,2020-Q2,5.5
Магаданская область,15 лет и старше,процент,III квартал,2020-Q3,5.8
Магаданская область,15 лет и старше,процент,IV квартал,2020-Q4,6.2
Магаданская область,15 лет и старше,процент,значение показателя за год,2020,5.7
Магаданская область,15 лет и старше,процент,I квартал,2021-Q1,6.0
Магаданская область,15 лет и старше,процент,II квартал,2021-Q2,5.0
Магаданская область,15 лет и старше,процент,III квартал,2021-Q3,4.3
Магаданская область,15 лет и старше,процент,IV квартал,2021-Q4,4.3
Магаданская область,15 лет и старше,процент,значение показателя за год,2021,4.9
Магаданская область,15 лет и старше,процент,I квартал,2022-Q1,3.9
Магаданская область,15 лет и старше,процент,II квартал,2022-Q2,4.5
Магаданская область,15 лет и старше,процент,III квартал,2022-Q3,4.2
Магаданская область,15 лет и старше,процент,IV квартал,2022-Q4,3.5
Магаданская область,15 лет и старше,процент,значение показателя за год,2022,4.1
Магаданская область,15 лет и старше,процент,I квартал,2023-Q1,3.49
Магаданская область,15 лет и старше,процент,II квартал,2023-Q2,3.3
Магаданская область,15 лет и старше,процент,III квартал,2023-Q3,3.35
Магаданская область,15 лет и старше,процент,IV квартал,2023-Q4,3.3
Магаданская область,15 лет и старше,процент,значение показателя за год,2023,3.4
Магаданская область,15 лет и старше,процент,I квартал,2024-Q1,3.2
Магаданская область,15 лет и старше,процент,II квартал,2024-Q2,2.5
Магаданская область,15 лет и старше,процент,III квартал,2024-Q3,2.6
Магаданская область,15 лет и старше,процент,IV квартал,2024-Q4,2.0
Магаданская область,15 лет и старше,процент,значение показателя за год,2024,2.6
Магаданская область,15 лет и старше,процент,I квартал,2025-Q1,1.8
Магаданская область,15 лет и старше,процент,II квартал,2025-Q2,1.7
Магаданская область,15 лет и старше,процент,III квартал,2025-Q3,1.7
Магаданская область,15 лет и старше,процент,IV квартал,2025-Q4,1.9
Магаданская область,15 лет и старше,процент,значение показателя за год,2025,1.8
Магаданская область,15-72 лет,процент,I квартал,2013-Q1,3.0
Магаданская область,15-72 лет,процент,II квартал,2013-Q2,2.9
Магаданская область,15-72 лет,процент,III квартал,2013-Q3,2.7
Магаданская область,15-72 лет,процент,IV квартал,2013-Q4,2.9
Магаданская область,15-72 лет,процент,значение показателя за год,2013,2.9
Магаданская область,15-72 лет,процент,I квартал,2014-Q1,3.8
Магаданская область,15-72 лет,процент,II квартал,2014-Q2,3.4
Магаданская область,15-72 лет,процент,III квартал,2014-Q3,2.4
Магаданская область,15-72 лет,процент,IV квартал,2014-Q4,2.8
Магаданская область,15-72 лет,процент,значение показателя за год,2014,3.1
Магаданская область,15-72 лет,процент,I квартал,2015-Q1,5.0
Магаданская область,15-72 лет,процент,II квартал,2015-Q2,4.4
Магаданская область,15-72 лет,процент,III квартал,2015-Q3,3.8
Магаданская область,15-72 лет,процент,IV квартал,2015-Q4,4.0
Магаданская область,15-72 лет,процент,значение показателя за год,2015,4.3
Магаданская область,15-72 лет,процент,I квартал,2016-Q1,4.0
Магаданская область,15-72 лет,процент,II квартал,2016-Q2,4.5
Магаданская область,15-72 лет,процент,III квартал,2016-Q3,4.4
Магаданская область,15-72 лет,процент,IV квартал,2016-Q4,4.8
Магаданская область,15-72 лет,процент,значение показателя за год,2016,4.4
Магаданская область,15-72 лет,процент,I квартал,2017-Q1,5.6
Магаданская область,15-72 лет,процент,II квартал,2017-Q2,5.6
Магаданская область,15-72 лет,процент,III квартал,2017-Q3,4.5
Магаданская область,15-72 лет,процент,IV квартал,2017-Q4,5.4
Магаданская область,15-72 лет,процент,значение показателя за год,2017,5.3
Магаданская область,15-72 лет,процент,I квартал,2018-Q1,5.7
Магаданская область,15-72 лет,процент,II квартал,2018-Q2,4.9
Магаданская область,15-72 лет,процент,III квартал,2018-Q3,4.9
Магаданская область,15-72 лет,процент,IV квартал,2018-Q4,4.8
Магаданская область,15-72 лет,процент,значение показателя за год,2018,5.1
Магаданская область,15-72 лет,процент,I квартал,2019-Q1,4.3
Магаданская область,15-72 лет,процент,II квартал,2019-Q2,4.9
Магаданская область,15-72 лет,процент,III квартал,2019-Q3,4.8
Магаданская область,15-72 лет,процент,IV квартал,2019-Q4,4.5
Магаданская область,15-72 лет,процент,значение показателя за год,2019,4.6
Магаданская область,15-72 лет,процент,I квартал,2020-Q1,5.2
Магаданская область,15-72 лет,процент,II квартал,2020-Q2,5.5
Магаданская область,15-72 лет,процент,III квартал,2020-Q3,5.9
Магаданская область,15-72 лет,процент,IV квартал,2020-Q4,6.2
Магаданская область,15-72 лет,процент,значение показателя за год,2020,5.7
Магаданская область,15-72 лет,процент,I квартал,2021-Q1,6.0
Магаданская область,15-72 лет,процент,II квартал,2021-Q2,5.0
Магаданская область,15-72 лет,процент,III квартал,2021-Q3,4.4
Магаданская область,15-72 лет,процент,IV квартал,2021-Q4,4.3
Магаданская область,15-72 лет,процент,значение показателя за год,2021,4.9
Сахалинская область,15 лет и старше,процент,I квартал,2017-Q1,6.6
Сахалинская область,15 лет и старше,процент,II квартал,2017-Q2,5.7
Сахалинская область,15 лет и старше,процент,III квартал,2017-Q3,5.4
Сахалинская область,15 лет и старше,процент,IV квартал,2017-Q4,5.8
Сахалинская область,15 лет и старше,процент,значение показателя за год,2017,5.9
Сахалинская область,15 лет и старше,процент,I квартал,2018-Q1,6.0
Сахалинская область,15 лет и старше,процент,II квартал,2018-Q2,5.3
Сахалинская область,15 лет и старше,процент,III квартал,2018-Q3,4.9
Сахалинская область,15 лет и старше,процент,IV квартал,2018-Q4,5.1
Сахалинская область,15 лет и старше,процент,значение показателя за год,2018,5.3
Сахалинская область,15 лет и старше,процент,I квартал,2019-Q1,5.1
Сахалинская область,15 лет и старше,процент,II квартал,2019-Q2,5.5
Сахалинская область,15 лет и старше,процент,III квартал,2019-Q3,5.0
Сахалинская область,15 лет и старше,процент,IV квартал,2019-Q4,5.0
Сахалинская область,15 лет и старше,процент,значение показателя за год,2019,5.2
Сахалинская область,15 лет и старше,процент,I квартал,2020-Q1,5.2
Сахалинская область,15 лет и старше,процент,II квартал,2020-Q2,5.4
Сахалинская область,15 лет и старше,процент,III квартал,2020-Q3,5.8
Сахалинская область,15 лет и старше,процент,IV квартал,2020-Q4,5.6
Сахалинская область,15 лет и старше,процент,значение показателя за год,2020,5.5
Сахалинская область,15 лет и старше,процент,I квартал,2021-Q1,5.6
Сахалинская область,15 лет и старше,процент,II квартал,2021-Q2,5.3
Сахалинская область,15 лет и старше,процент,III квартал,2021-Q3,5.0
Сахалинская область,15 лет и старше,процент,IV квартал,2021-Q4,5.0
Сахалинская область,15 лет и старше,процент,значение показателя за год,2021,5.2
Сахалинская область,15 лет и старше,процент,I квартал,2022-Q1,5.2
Сахалинская область,15 лет и старше,процент,II квартал,2022-Q2,4.4
Сахалинская область,15 лет и старше,процент,III квартал,2022-Q3,4.3
Сахалинская область,15 лет и старше,процент,IV квартал,2022-Q4,2.8
Сахалинская область,15 лет и старше,процент,значение показателя за год,2022,4.2
Сахалинская область,15 лет и старше,процент,I квартал,2023-Q1,3.32
Сахалинская область,15 лет и старше,процент,II квартал,2023-Q2,2.8
Сахалинская область,15 лет и старше,процент,III квартал,2023-Q3,2.13
Сахалинская область,15 лет и старше,процент,IV квартал,2023-Q4,2.9
Сахалинская область,15 лет и старше,процент,значение показателя за год,2023,2.8
Сахалинская область,15 лет и старше,процент,I квартал,2024-Q1,3.0
Сахалинская область,15 лет и старше,процент,II квартал,2024-Q2,2.7
Сахалинская область,15 лет и старше,процент,III квартал,2024-Q3,2.1
Сахалинская область,15 лет и старше,процент,IV квартал,2024-Q4,1.7
Сахалинская область,15 лет и старше,процент,значение показателя за год,2024,2.4
Сахалинская область,15 лет и старше,процент,I квартал,2025-Q1,1.9
Сахалинская область,15 лет и старше,процент,II квартал,2025-Q2,1.6
Сахалинская область,15 лет и старше,процент,III квартал,2025-Q3,1.2
Сахалинская область,15 лет и старше,процент,IV квартал,2025-Q4,1.5
Сахалинская область,15 лет и старше,процент,значение показателя за год,2025,1.5
Сахалинская область,15-72 лет,процент,I квартал,2013-Q1,7.6
Сахалинская область,15-72 лет,процент,II квартал,2013-Q2,7.3
Сахалинская область,15-72 лет,процент,III квартал,2013-Q3,6.3
Сахалинская область,15-72 лет,процент,IV квартал,2013-Q4,7.7
Сахалинская область,15-72 лет,процент,значение показателя за год,2013,7.2
Сахалинская область,15-72 лет,процент,I квартал,2014-Q1,7.6
Сахалинская область,15-72 лет,процент,II квартал,2014-Q2,6.8
Сахалинская область,15-72 лет,процент,III квартал,2014-Q3,5.4
Сахалинская область,15-72 лет,процент,IV квартал,2014-Q4,6.3
Сахалинская область,15-72 лет,процент,значение показателя за год,2014,6.5
Сахалинская область,15-72 лет,процент,I квартал,2015-Q1,6.9
Сахалинская область,15-72 лет,процент,II квартал,2015-Q2,6.8
Сахалинская область,15-72 лет,процент,III квартал,2015-Q3,5.6
Сахалинская область,15-72 лет,процент,IV квартал,2015-Q4,6.2
Сахалинская область,15-72 лет,процент,значение показателя за год,2015,6.3
Сахалинская область,15-72 лет,процент,I квартал,2016-Q1,7.1
Сахалинская область,15-72 лет,процент,II квартал,2016-Q2,6.6
Сахалинская область,15-72 лет,процент,III квартал,2016-Q3,5.5
Сахалинская область,15-72 лет,процент,IV квартал,2016-Q4,6.1
Сахалинская область,15-72 лет,процент,значение показателя за год,2016,6.3
Сахалинская область,15-72 лет,процент,I квартал,2017-Q1,6.6
Сахалинская область,15-72 лет,процент,II квартал,2017-Q2,5.8
Сахалинская область,15-72 лет,процент,III квартал,2017-Q3,5.4
Сахалинская область,15-72 лет,процент,IV квартал,2017-Q4,5.8
Сахалинская область,15-72 лет,процент,значение показателя за год,2017,5.9
Сахалинская область,15-72 лет,процент,I квартал,2018-Q1,6.0
Сахалинская область,15-72 лет,процент,II квартал,2018-Q2,5.4
Сахалинская область,15-72 лет,процент,III квартал,2018-Q3,4.9
Сахалинская область,15-72 лет,процент,IV квартал,2018-Q4,5.1
Сахалинская область,15-72 лет,процент,значение показателя за год,2018,5.3
Сахалинская область,15-72 лет,процент,I квартал,2019-Q1,5.0
Сахалинская область,15-72 лет,процент,II квартал,2019-Q2,5.5
Сахалинская область,15-72 лет,процент,III квартал,2019-Q3,5.1
Сахалинская область,15-72 лет,процент,IV квартал,2019-Q4,5.0
Сахалинская область,15-72 лет,процент,значение показателя за год,2019,5.2
Сахалинская область,15-72 лет,процент,I квартал,2020-Q1,5.2
Сахалинская область,15-72 лет,процент,II квартал,2020-Q2,5.4
Сахалинская область,15-72 лет,процент,III квартал,2020-Q3,5.8
Сахалинская область,15-72 лет,процент,IV квартал,2020-Q4,5.5
Сахалинская область,15-72 лет,процент,значение показателя за год,2020,5.5
Сахалинская область,15-72 лет,процент,I квартал,2021-Q1,5.6
Сахалинская область,15-72 лет,процент,II квартал,2021-Q2,5.3
Сахалинская область,15-72 лет,процент,III квартал,2021-Q3,5.1
Сахалинская область,15-72 лет,процент,IV квартал,2021-Q4,5.0
Сахалинская область,15-72 лет,процент,значение показателя за год,2021,5.3
Еврейская автономная область,15 лет и старше,процент,I квартал,2017-Q1,10.4
Еврейская автономная область,15 лет и старше,процент,II квартал,2017-Q2,6.6
Еврейская автономная область,15 лет и старше,процент,III квартал,2017-Q3,9.5
Еврейская автономная область,15 лет и старше,процент,IV квартал,2017-Q4,6.7
Еврейская автономная область,15 лет и старше,процент,значение показателя за год,2017,8.3
Еврейская автономная область,15 лет и старше,процент,I квартал,2018-Q1,8.9
Еврейская автономная область,15 лет и старше,процент,II квартал,2018-Q2,7.1
Еврейская автономная область,15 лет и старше,процент,III квартал,2018-Q3,5.3
Еврейская автономная область,15 лет и старше,процент,IV квартал,2018-Q4,6.0
Еврейская автономная область,15 лет и старше,процент,значение показателя за год,2018,6.8
Еврейская автономная область,15 лет и старше,процент,I квартал,2019-Q1,8.1
Еврейская автономная область,15 лет и старше,процент,II квартал,2019-Q2,4.3
Еврейская автономная область,15 лет и старше,процент,III квартал,2019-Q3,6.1
Еврейская автономная область,15 лет и старше,процент,IV квартал,2019-Q4,6.1
Еврейская автономная область,15 лет и старше,процент,значение показателя за год,2019,6.1
Еврейская автономная область,15 лет и старше,процент,I квартал,2020-Q1,6.8
Еврейская автономная область,15 лет и старше,процент,II квартал,2020-Q2,7.3
Еврейская автономная область,15 лет и старше,процент,III квартал,2020-Q3,5.3
Еврейская автономная область,15 лет и старше,процент,IV квартал,2020-Q4,5.4
Еврейская автономная область,15 лет и старше,процент,значение показателя за год,2020,6.2
Еврейская автономная область,15 лет и старше,процент,I квартал,2021-Q1,6.2
Еврейская автономная область,15 лет и старше,процент,II квартал,2021-Q2,5.6
Еврейская автономная область,15 лет и старше,процент,III квартал,2021-Q3,4.6
Еврейская автономная область,15 лет и старше,процент,IV квартал,2021-Q4,5.5
Еврейская автономная область,15 лет и старше,процент,значение показателя за год,2021,5.5
Еврейская автономная область,15 лет и старше,процент,I квартал,2022-Q1,4.9
Еврейская автономная область,15 лет и старше,процент,II квартал,2022-Q2,4.5
Еврейская автономная область,15 лет и старше,процент,III квартал,2022-Q3,4.9
Еврейская автономная область,15 лет и старше,процент,IV квартал,2022-Q4,5.3
Еврейская автономная область,15 лет и старше,процент,значение показателя за год,2022,4.9
Еврейская автономная область,15 лет и старше,процент,I квартал,2023-Q1,3.96
Еврейская автономная область,15 лет и старше,процент,II квартал,2023-Q2,3.2
Еврейская автономная область,15 лет и старше,процент,III квартал,2023-Q3,3.04
Еврейская автономная область,15 лет и старше,процент,IV квартал,2023-Q4,4.6
Еврейская автономная область,15 лет и старше,процент,значение показателя за год,2023,3.7
Еврейская автономная область,15 лет и старше,процент,I квартал,2024-Q1,3.7
Еврейская автономная область,15 лет и старше,процент,II квартал,2024-Q2,2.6
Еврейская автономная область,15 лет и старше,процент,III квартал,2024-Q3,2.6
Еврейская автономная область,15 лет и старше,процент,IV квартал,2024-Q4,2.0
Еврейская автономная область,15 лет и старше,процент,значение показателя за год,2024,2.7
Еврейская автономная область,15 лет и старше,процент,I квартал,2025-Q1,2.0
Еврейская автономная область,15 лет и старше,процент,II квартал,2025-Q2,1.7
Еврейская автономная область,15 лет и старше,процент,III квартал,2025-Q3,1.5
Еврейская автономная область,15 лет и старше,процент,IV квартал,2025-Q4,1.4
Еврейская автономная область,15 лет и старше,процент,значение показателя за год,2025,1.7
Еврейская автономная область,15-72 лет,процент,I квартал,2013-Q1,8.6
Еврейская автономная область,15-72 лет,процент,II квартал,2013-Q2,7.9
Еврейская автономная область,15-72 лет,процент,III квартал,2013-Q3,8.3
Еврейская автономная область,15-72 лет,процент,IV квартал,2013-Q4,8.3
Еврейская автономная область,15-72 лет,процент,значение показателя за год,2013,8.3
Еврейская автономная область,15-72 лет,процент,I квартал,2014-Q1,9.9
Еврейская автономная область,15-72 лет,процент,II квартал,2014-Q2,9.2
Еврейская автономная область,15-72 лет,процент,III квартал,2014-Q3,8.7
Еврейская автономная область,15-72 лет,процент,IV квартал,2014-Q4,7.1
Еврейская автономная область,15-72 лет,процент,значение показателя за год,2014,8.7
Еврейская автономная область,15-72 лет,процент,I квартал,2015-Q1,8.8
Еврейская автономная область,15-72 лет,процент,II квартал,2015-Q2,6.4
Еврейская автономная область,15-72 лет,процент,III квартал,2015-Q3,8.1
Еврейская автономная область,15-72 лет,процент,IV квартал,2015-Q4,8.2
Еврейская автономная область,15-72 лет,процент,значение показателя за год,2015,7.9
Еврейская автономная область,15-72 лет,процент,I квартал,2016-Q1,9.8
Еврейская автономная область,15-72 лет,процент,II квартал,2016-Q2,7.2
Еврейская автономная область,15-72 лет,процент,III квартал,2016-Q3,8.0
Еврейская автономная область,15-72 лет,процент,IV квартал,2016-Q4,7.3
Еврейская автономная область,15-72 лет,процент,значение показателя за год,2016,8.1
Еврейская автономная область,15-72 лет,процент,I квартал,2017-Q1,10.4
Еврейская автономная область,15-72 лет,процент,II квартал,2017-Q2,6.6
Еврейская автономная область,15-72 лет,процент,III квартал,2017-Q3,9.5
Еврейская автономная область,15-72 лет,процент,IV квартал,2017-Q4,6.7
Еврейская автономная область,15-72 лет,процент,значение показателя за год,2017,8.3
Еврейская автономная область,15-72 лет,процент,I квартал,2018-Q1,8.9
Еврейская автономная область,15-72 лет,процент,II квартал,2018-Q2,7.2
Еврейская автономная область,15-72 лет,процент,III квартал,2018-Q3,5.3
Еврейская автономная область,15-72 лет,процент,IV квартал,2018-Q4,6.0
Еврейская автономная область,15-72 лет,процент,значение показателя за год,2018,6.8
Еврейская автономная область,15-72 лет,процент,I квартал,2019-Q1,8.1
Еврейская автономная область,15-72 лет,процент,II квартал,2019-Q2,4.3
Еврейская автономная область,15-72 лет,процент,III квартал,2019-Q3,6.1
Еврейская автономная область,15-72 лет,процент,IV квартал,2019-Q4,6.1
Еврейская автономная область,15-72 лет,процент,значение показателя за год,2019,6.1
Еврейская автономная область,15-72 лет,процент,I квартал,2020-Q1,6.8
Еврейская автономная область,15-72 лет,процент,II квартал,2020-Q2,7.3
Еврейская автономная область,15-72 лет,процент,III квартал,2020-Q3,5.3
Еврейская автономная область,15-72 лет,процент,IV квартал,2020-Q4,5.4
Еврейская автономная область,15-72 лет,процент,значение показателя за год,2020,6.2
Еврейская автономная область,15-72 лет,процент,I квартал,2021-Q1,6.3
Еврейская автономная область,15-72 лет,процент,II квартал,2021-Q2,5.6
Еврейская автономная область,15-72 лет,процент,III квартал,2021-Q3,4.6
Еврейская автономная область,15-72 лет,процент,IV квартал,2021-Q4,5.5
Еврейская автономная область,15-72 лет,процент,значение показателя за год,2021,5.5
Чукотский автономный округ,15 лет и старше,процент,I квартал,2017-Q1,3.6
Чукотский автономный округ,15 лет и старше,процент,II квартал,2017-Q2,4.1
Чукотский автономный округ,15 лет и старше,процент,III квартал,2017-Q3,2.4
Чукотский автономный округ,15 лет и старше,процент,IV квартал,2017-Q4,1.8
Чукотский автономный округ,15 лет и старше,процент,значение показателя за год,2017,3.0
Чукотский автономный округ,15 лет и старше,процент,I квартал,2018-Q1,2.6
Чукотский автономный округ,15 лет и старше,процент,II квартал,2018-Q2,3.9
Чукотский автономный округ,15 лет и старше,процент,III квартал,2018-Q3,4.0
Чукотский автономный округ,15 лет и старше,процент,IV квартал,2018-Q4,2.3
Чукотский автономный округ,15 лет и старше,процент,значение показателя за год,2018,3.2
Чукотский автономный округ,15 лет и старше,процент,I квартал,2019-Q1,1.6
Чукотский автономный округ,15 лет и старше,процент,II квартал,2019-Q2,6.3
Чукотский автономный округ,15 лет и старше,процент,III квартал,2019-Q3,3.1
Чукотский автономный округ,15 лет и старше,процент,IV квартал,2019-Q4,5.4
Чукотский автономный округ,15 лет и старше,процент,значение показателя за год,2019,4.1
Чукотский автономный округ,15 лет и старше,процент,I квартал,2020-Q1,4.9
Чукотский автономный округ,15 лет и старше,процент,II квартал,2020-Q2,4.7
Чукотский автономный округ,15 лет и старше,процент,III квартал,2020-Q3,5.0
Чукотский автономный округ,15 лет и старше,процент,IV квартал,2020-Q4,3.2
Чукотский автономный округ,15 лет и старше,процент,значение показателя за год,2020,4.4
Чукотский автономный округ,15 лет и старше,процент,I квартал,2021-Q1,2.2
Чукотский автономный округ,15 лет и старше,процент,II квартал,2021-Q2,2.4
Чукотский автономный округ,15 лет и старше,процент,III квартал,2021-Q3,2.7
Чукотский автономный округ,15 лет и старше,процент,IV квартал,2021-Q4,3.1
Чукотский автономный округ,15 лет и старше,процент,значение показателя за год,2021,2.6
Чукотский автономный округ,15 лет и старше,процент,I квартал,2022-Q1,2.4
Чукотский автономный округ,15 лет и старше,процент,II квартал,2022-Q2,1.3
Чукотский автономный округ,15 лет и старше,процент,III квартал,2022-Q3,2.1
Чукотский автономный округ,15 лет и старше,процент,IV квартал,2022-Q4,2.0
Чукотский автономный округ,15 лет и старше,процент,значение показателя за год,2022,1.9
Чукотский автономный округ,15 лет и старше,процент,I квартал,2023-Q1,2.12
Чукотский автономный округ,15 лет и старше,процент,II квартал,2023-Q2,1.9
Чукотский автономный округ,15 лет и старше,процент,III квартал,2023-Q3,1.7
Чукотский автономный округ,15 лет и старше,процент,IV квартал,2023-Q4,1.0
Чукотский автономный округ,15 лет и старше,процент,значение показателя за год,2023,1.7
Чукотский автономный округ,15 лет и старше,процент,I квартал,2024-Q1,1.9
Чукотский автономный округ,15 лет и старше,процент,II квартал,2024-Q2,1.4
Чукотский автономный округ,15 лет и старше,процент,III квартал,2024-Q3,1.3
Чукотский автономный округ,15 лет и старше,процент,IV квартал,2024-Q4,1.6
Чукотский автономный округ,15 лет и старше,процент,значение показателя за год,2024,1.5
Чукотский автономный округ,15 лет и старше,процент,I квартал,2025-Q1,2.0
Чукотский автономный округ,15 лет и старше,процент,II квартал,2025-Q2,1.6
Чукотский автономный округ,15 лет и старше,процент,III квартал,2025-Q3,1.5
Чукотский автономный округ,15 лет и старше,процент,IV квартал,2025-Q4,1.6
Чукотский автономный округ,15 лет и старше,процент,значение показателя за год,2025,1.7
Чукотский автономный округ,15-72 лет,процент,I квартал,2013-Q1,3.4
Чукотский автономный округ,15-72 лет,процент,II квартал,2013-Q2,4.0
Чукотский автономный округ,15-72 лет,процент,III квартал,2013-Q3,2.1
Чукотский автономный округ,15-72 лет,процент,IV квартал,2013-Q4,3.5
Чукотский автономный округ,15-72 лет,процент,значение показателя за год,2013,3.3
Чукотский автономный округ,15-72 лет,процент,I квартал,2014-Q1,5.2
Чукотский автономный округ,15-72 лет,процент,II квартал,2014-Q2,2.6
Чукотский автономный округ,15-72 лет,процент,III квартал,2014-Q3,2.6
Чукотский автономный округ,15-72 лет,процент,IV квартал,2014-Q4,2.8
Чукотский автономный округ,15-72 лет,процент,значение показателя за год,2014,3.3
Чукотский автономный округ,15-72 лет,процент,I квартал,2015-Q1,3.8
Чукотский автономный округ,15-72 лет,процент,II квартал,2015-Q2,4.5
Чукотский автономный округ,15-72 лет,процент,III квартал,2015-Q3,4.0
Чукотский автономный округ,15-72 лет,процент,IV квартал,2015-Q4,3.9
Чукотский автономный округ,15-72 лет,процент,значение показателя за год,2015,4.1
Чукотский автономный округ,15-72 лет,процент,I квартал,2016-Q1,4.0
Чукотский автономный округ,15-72 лет,процент,II квартал,2016-Q2,3.9
Чукотский автономный округ,15-72 лет,процент,III квартал,2016-Q3,4.0
Чукотский автономный округ,15-72 лет,процент,IV квартал,2016-Q4,3.0
Чукотский автономный округ,15-72 лет,процент,значение показателя за год,2016,3.7
Чукотский автономный округ,15-72 лет,процент,I квартал,2017-Q1,3.6
Чукотский автономный округ,15-72 лет,процент,II квартал,2017-Q2,4.2
Чукотский автономный округ,15-72 лет,процент,III квартал,2017-Q3,2.4
Чукотский автономный округ,15-72 лет,процент,IV квартал,2017-Q4,1.8
Чукотский автономный округ,15-72 лет,процент,значение показателя за год,2017,3.0
Чукотский автономный округ,15-72 лет,процент,I квартал,2018-Q1,2.6
Чукотский автономный округ,15-72 лет,процент,II квартал,2018-Q2,3.9
Чукотский автономный округ,15-72 лет,процент,III квартал,2018-Q3,4.0
Чукотский автономный округ,15-72 лет,процент,IV квартал,2018-Q4,2.3
Чукотский автономный округ,15-72 лет,процент,значение показателя за год,2018,3.2
Чукотский автономный округ,15-72 лет,процент,I квартал,2019-Q1,1.6
Чукотский автономный округ,15-72 лет,процент,II квартал,2019-Q2,6.3
Чукотский автономный округ,15-72 лет,процент,III квартал,2019-Q3,3.1
Чукотский автономный округ,15-72 лет,процент,IV квартал,2019-Q4,5.4
Чукотский автономный округ,15-72 лет,процент,значение показателя за год,2019,4.1
Чукотский автономный округ,15-72 лет,процент,I квартал,2020-Q1,4.9
Чукотский автономный округ,15-72 лет,процент,II квартал,2020-Q2,4.7
Чукотский автономный округ,15-72 лет,процент,III квартал,2020-Q3,5.1
Чукотский автономный округ,15-72 лет,процент,IV квартал,2020-Q4,3.2
Чукотский автономный округ,15-72 лет,процент,значение показателя за год,2020,4.5
Чукотский автономный округ,15-72 лет,процент,I квартал,2021-Q1,2.2
Чукотский автономный округ,15-72 лет,процент,II квартал,2021-Q2,2.4
Чукотский автономный округ,15-72 лет,процент,III квартал,2021-Q3,2.8
Чукотский автономный округ,15-72 лет,процент,IV квартал,2021-Q4,3.2
Чукотский автономный округ,15-72 лет,процент,значение показателя за год,2021,2.6
