region,period,total_pop,share_older,share_child
Алтайский край,1990,2640419.0,0.18653,0.13178
Алтайский край,1991,2653818.0,0.18969,0.12977
Алтайский край,1992,2664886.0,0.19234,0.2507
Алтайский край,1993,2680334.0,0.19536,0.12559
Алтайский край,1994,2684297.0,0.19765,0.24122
Алтайский край,1995,2694271.0,0.19946,0.12045
Алтайский край,1996,2688035.0,0.2017,0.11756
Алтайский край,1997,2676677.0,0.20311,0.11435
Алтайский край,1998,2670454.0,0.20343,0.21742
Алтайский край,1999,2662738.0,0.20329,0.20892
Алтайский край,2000,2651628.0,0.20221,0.20024
Алтайский край,2001,2641079.0,0.20091,0.19248
Алтайский край,2002,2621050.0,0.2011,0.09453
Алтайский край,2003,2602595.0,0.20038,0.17832
Алтайский край,2004,2571987.0,0.20046,0.08779
Алтайский край,2005,2539430.0,0.20187,0.08537
Алтайский край,2006,2503510.0,0.20387,0.16352
Алтайский край,2007,2473024.0,0.20805,0.08192
Алтайский край,2008,2453455.0,0.21239,0.15925
Алтайский край,2009,2438910.0,0.21687,0.16041
Алтайский край,2010,2430765.0,0.22235,0.1631
Алтайский край,2011,2417358.0,0.22853,0.16557
Алтайский край,2012,2396786.0,0.23458,
Алтайский край,2013,2377980.0,0.24036,
Алтайский край,2014,2359540.0,0.24661,
Алтайский край,2015,2343388.0,0.25259,
Алтайский край,2016,2325025.0,0.25899,
Алтайский край,2017,2303606.0,0.26462,
Алтайский край,2018,2277683.0,0.27039,
Алтайский край,2019,2250096.0,0.27551,
Алтайский край,2020,2224119.0,0.26564,
Алтайский край,2021,1189400.0,0.49379,
Алтайский край,2022,2154932.0,0.25449,
Алтайский край,2023,2130950.0,0.25854,
Алтайский край,2024,2115308.0,0.24954,
Алтайский край,2025,2099186.0,0.25289,
Амурская область,1990,1055337.0,0.12261,0.14576
Амурская область,1991,1054267.0,0.12647,0.1456
Амурская область,1992,1048649.0,0.13061,0.28367
Амурская область,1993,1029516.0,0.13641,0.14141
Амурская область,1994,1018407.0,0.13924,0.27074
Амурская область,1995,995012.0,0.14285,0.13483
Амурская область,1996,986417.0,0.14686,0.13153
Амурская область,1997,974942.0,0.1505,0.12798
Амурская область,1998,962023.0,0.15361,0.2425
Амурская область,1999,949526.0,0.15495,0.23316
Амурская область,2000,935607.0,0.15629,0.2231
Амурская область,2001,923055.0,0.15721,0.21463
Амурская область,2002,911381.0,0.15964,0.10615
Амурская область,2003,901044.0,0.1613,0.2002
Амурская область,2004,887781.0,0.16211,0.09917
Амурская область,2005,874018.0,0.16481,0.09656
Амурская область,2006,861056.0,0.1683,0.18462
Амурская область,2007,850502.0,0.17337,0.09228
Амурская область,2008,844290.0,0.17921,0.17837
Амурская область,2009,838869.0,0.18361,0.17887
Амурская область,2010,834905.0,0.18921,0.1809
Амурская область,2011,828660.0,0.19547,0.18198
Амурская область,2012,820627.0,0.20125,
Амурская область,2013,815163.0,0.20589,
Амурская область,2014,808726.0,0.21141,
Амурская область,2015,806524.0,0.21599,
Амурская область,2016,801539.0,0.22134,
Амурская область,2017,796801.0,0.22563,
Амурская область,2018,792672.0,0.22844,
Амурская область,2019,786641.0,0.23225,
Амурская область,2020,782690.0,0.22236,
Амурская область,2021,407762.0,0.42462,
Амурская область,2022,763570.0,0.21137,
Амурская область,2023,756198.0,0.21456,
Амурская область,2024,750083.0,0.20623,
Амурская область,2025,753046.0,0.20671,
Архангельская область,1990,1575502.0,0.15592,0.13486
Архангельская область,1991,1568960.0,0.15923,0.13403
Архангельская область,1992,1554584.0,0.16298,0.26036
Архангельская область,1993,1537808.0,0.16804,0.12978
Архангельская область,1994,1517979.0,0.17105,0.24876
Архангельская область,1995,1498182.0,0.17365,0.12399
Архангельская область,1996,1476064.0,0.17679,0.12084
Архангельская область,1997,1454894.0,0.18038,0.11751
Архангельская область,1998,1433874.0,0.18227,0.22293
Архангельская область,1999,1414144.0,0.18252,0.21465
Архангельская область,2000,1390334.0,0.18251,0.20622
Архангельская область,2001,1369118.0,0.18228,0.19902
Архангельская область,2002,1350448.0,0.18475,0.09869
Архангельская область,2003,1332655.0,0.18484,0.18574
Архангельская область,2004,1315549.0,0.18441,0.09079
Архангельская область,2005,1299218.0,0.18711,0.08736
Архангельская область,2006,1281838.0,0.19021,0.16512
Архангельская область,2007,1266667.0,0.19526,0.0828
Архангельская область,2008,1257164.0,0.2002,0.1614
Архангельская область,2009,1246204.0,0.20465,0.16236
Архангельская область,2010,1237493.0,0.21177,0.16516
Архангельская область,2011,1224880.0,0.21883,0.16739
Архангельская область,2012,1204128.0,0.22638,
Архангельская область,2013,1183559.0,0.23409,
Архангельская область,2014,1163718.0,0.24163,
Архангельская область,2015,1146094.0,0.24956,
Архангельская область,2016,1127780.0,0.25747,
Архангельская область,2017,1110597.0,0.26439,
Архангельская область,2018,1091130.0,0.27112,
Архангельская область,2019,1071587.0,0.27767,
Архангельская область,2020,1055460.0,0.26911,
Архангельская область,2021,556827.0,0.50912,
Архангельская область,2022,1016030.0,0.26165,
Архангельская область,2023,1005687.0,0.26609,
Архангельская область,2024,998072.0,0.25762,
Архангельская область,2025,989434.0,0.26239,
Астраханская область,1990,997516.0,0.1741,0.13217
Астраханская область,1991,1001044.0,0.17739,0.13218
Астраханская область,1992,1003253.0,0.18008,0.25922
Астраханская область,1993,1004737.0,0.18414,0.12999
Астраханская область,1994,1006099.0,0.18647,0.25196
Астраханская область,1995,1014170.0,0.187,0.1262
Астраханская область,1996,1019171.0,0.18839,0.12436
Астраханская область,1997,1020576.0,0.19024,0.12155
Астраханская область,1998,1019880.0,0.19159,0.2329
Астраханская область,1999,1016372.0,0.19077,0.22642
Астраханская область,2000,1012385.0,0.18984,0.21892
Астраханская область,2001,1009281.0,0.18896,0.21137
Астраханская область,2002,1005510.0,0.18912,0.10466
Астраханская область,2003,1004780.0,0.18752,0.19669
Астраханская область,2004,1006073.0,0.19014,0.09682
Астраханская область,2005,1006467.0,0.19456,0.09367
Астраханская область,2006,1002517.0,0.19752,0.17855
Астраханская область,2007,1001300.0,0.20018,0.08829
Астраханская область,2008,1005897.0,0.20108,0.17184
Астраханская область,2009,1009926.0,0.20277,0.17202
Астраханская область,2010,1011120.0,0.2065,0.17383
Астраханская область,2011,1009801.0,0.21086,0.17502
Астраханская область,2012,1011490.0,0.21328,
Астраханская область,2013,1007485.0,0.21709,
Астраханская область,2014,1007357.0,0.22023,
Астраханская область,2015,1009216.0,0.22302,
Астраханская область,2016,1003926.0,0.22774,
Астраханская область,2017,1001527.0,0.2312,
Астраханская область,2018,997401.0,0.23487,
Астраханская область,2019,991078.0,0.23855,
Астраханская область,2020,979935.0,0.23,
Астраханская область,2021,514442.0,0.43806,
Астраханская область,2022,957772.0,0.21957,
Астраханская область,2023,950557.0,0.22456,
Астраханская область,2024,946429.0,0.21677,
Астраханская область,2025,946580.0,0.21993,
Белгородская область,1990,1387455.0,0.22826,0.11643
Белгородская область,1991,1397986.0,0.2289,0.11651
Белгородская область,1992,1404959.0,0.23048,0.2287
Белгородская область,1993,1419743.0,0.23227,0.11555
Белгородская область,1994,1434551.0,0.23294,0.22423
Белгородская область,1995,1454923.0,0.23246,0.11308
Белгородская область,1996,1467562.0,0.23383,0.11119
Белгородская область,1997,1478580.0,0.23663,0.10894
Белгородская область,1998,1485855.0,0.23725,0.20942
Белгородская область,1999,1494868.0,0.23636,0.20418
Белгородская область,2000,1501699.0,0.23437,0.19718
Белгородская область,2001,1506976.0,0.2322,0.18983
Белгородская область,2002,1508137.0,0.23241,0.09315
Белгородская область,2003,1511899.0,0.23096,0.17353
Белгородская область,2004,1513860.0,0.22871,0.08508
Белгородская область,2005,1511662.0,0.22861,0.08207
Белгородская область,2006,1511715.0,0.22807,0.15631
Белгородская область,2007,1514153.0,0.22929,0.07783
Белгородская область,2008,1520102.0,0.23044,0.15113
Белгородская область,2009,1526258.0,0.23249,0.15038
Белгородская область,2010,1531781.0,0.23653,0.15057
Белгородская область,2011,1532353.0,0.24081,0.15052
Белгородская область,2012,1536605.0,0.24518,
Белгородская область,2013,1541929.0,0.25001,
Белгородская область,2014,1545522.0,0.2551,
Белгородская область,2015,1549797.0,0.26084,
Белгородская область,2016,1552417.0,0.2668,
Белгородская область,2017,1555513.0,0.27191,
Белгородская область,2018,1552936.0,0.27734,
Белгородская область,2019,1550883.0,0.28247,
Белгородская область,2020,1552957.0,0.27229,
Белгородская область,2021,830140.0,0.51294,
Белгородская область,2022,1536466.0,0.26297,
Белгородская область,2023,1514527.0,0.26909,
Белгородская область,2024,1500659.0,0.26131,
Белгородская область,2025,1482025.0,0.2671,
Брянская область,1990,1470953.0,0.23452,0.11653
Брянская область,1991,1457987.0,0.23932,0.11634
Брянская область,1992,1456025.0,0.24265,0.22816
Брянская область,1993,1460144.0,0.24582,0.11533
Брянская область,1994,1462308.0,0.24635,0.22477
Брянская область,1995,1469251.0,0.24478,0.11356
Брянская область,1996,1466792.0,0.24466,0.11131
Брянская область,1997,1459181.0,0.24657,0.10888
Брянская область,1998,1448275.0,0.24662,0.20914
Брянская область,1999,1437471.0,0.24476,0.20418
Брянская область,2000,1423178.0,0.24268,0.19784
Брянская область,2001,1407965.0,0.23943,0.19153
Брянская область,2002,1391430.0,0.23858,0.09499
Брянская область,2003,1375004.0,0.23653,0.17772
Брянская область,2004,1360249.0,0.23313,0.08764
Брянская область,2005,1344132.0,0.23232,0.08462
Брянская область,2006,1327652.0,0.23128,0.15995
Брянская область,2007,1312748.0,0.23204,0.07959
Брянская область,2008,1303343.0,0.23338,0.15376
Брянская область,2009,1294251.0,0.23469,0.15307
Брянская область,2010,1286540.0,0.23846,0.15375
Брянская область,2011,1275354.0,0.24272,0.15429
Брянская область,2012,1263667.0,0.24725,
Брянская область,2013,1252266.0,0.25193,
Брянская область,2014,1240554.0,0.25671,
Брянская область,2015,1230244.0,0.26179,
Брянская область,2016,1223136.0,0.26731,
Брянская область,2017,1217959.0,0.27138,
Брянская область,2018,1208191.0,0.27628,
Брянская область,2019,1197150.0,0.28149,
Брянская область,2020,1189210.0,0.27172,
Брянская область,2021,639599.0,0.50677,
Брянская область,2022,1164635.0,0.26205,
Брянская область,2023,1152505.0,0.268,
Брянская область,2024,1142404.0,0.25958,
Брянская область,2025,1132795.0,0.26512,
Владимирская область,1990,1657068.0,0.21583,0.11199
Владимирская область,1991,1654489.0,0.21982,0.11164
Владимирская область,1992,1647701.0,0.22391,0.21919
Владимирская область,1993,1642469.0,0.22899,0.10893
Владимирская область,1994,1634028.0,0.23268,0.21207
Владимирская область,1995,1630514.0,0.23448,0.1054
Владимирская область,1996,1623677.0,0.23752,0.1028
Владимирская область,1997,1612692.0,0.24147,0.10002
Владимирская область,1998,1602911.0,0.24274,0.1919
Владимирская область,1999,1592184.0,0.24191,0.18574
Владимирская область,2000,1575507.0,0.24085,0.17874
Владимирская область,2001,1558052.0,0.23983,0.17216
Владимирская область,2002,1539179.0,0.24169,0.08451
Владимирская область,2003,1520057.0,0.24136,0.15927
Владимирская область,2004,1509571.0,0.24009,0.07822
Владимирская область,2005,1497598.0,0.2417,0.07591
Владимирская область,2006,1486453.0,0.24297,0.14411
Владимирская область,2007,1475861.0,0.24552,0.07207
Владимирская область,2008,1466743.0,0.24819,0.14
Владимирская область,2009,1457937.0,0.25043,0.14064
Владимирская область,2010,1449773.0,0.25493,0.14238
Владимирская область,2011,1441129.0,0.25934,0.14361
Владимирская область,2012,1433524.0,0.26367,
Владимирская область,2013,1424967.0,0.26853,
Владимирская область,2014,1418179.0,0.27333,
Владимирская область,2015,1412104.0,0.27892,
Владимирская область,2016,1405518.0,0.28408,
Владимирская область,2017,1399793.0,0.28829,
Владимирская область,2018,1390199.0,0.29368,
Владимирская область,2019,1379438.0,0.29855,
Владимирская область,2020,1373726.0,0.28808,
Владимирская область,2021,743006.0,0.5328,
Владимирская область,2022,1342235.0,0.27808,
Владимирская область,2023,1325510.0,0.28236,
Владимирская область,2024,1309942.0,0.27338,
Владимирская область,2025,1297936.0,0.27726,
Волгоградская область,1990,2620147.0,0.20357,0.11838
Волгоградская область,1991,2641862.0,0.20681,0.11835
Волгоградская область,1992,2656164.0,0.2101,0.2309
Волгоградская область,1993,2676779.0,0.21363,0.11668
Волгоградская область,1994,2693887.0,0.21594,0.22519
Волгоградская область,1995,2717867.0,0.21635,0.11353
Волгоградская область,1996,2738015.0,0.21832,0.11181
Волгоградская область,1997,2746454.0,0.22114,0.10928
Волгоградская область,1998,2751385.0,0.22272,0.20911
Волгоградская область,1999,2750443.0,0.22259,0.20287
Волгоградская область,2000,2738531.0,0.2219,0.19505
Волгоградская область,2001,2725433.0,0.22137,0.1878
Волгоградская область,2002,2709610.0,0.22292,0.09243
Волгоградская область,2003,2694232.0,0.22272,0.17386
Волгоградская область,2004,2672392.0,0.22199,0.0859
Волгоградская область,2005,2656212.0,0.22239,0.0834
Волгоградская область,2006,2640392.0,0.22314,0.1603
Волгоградская область,2007,2629959.0,0.2256,0.07983
Волгоградская область,2008,2623128.0,0.22869,0.15533
Волгоградская область,2009,2618062.0,0.23193,0.15496
Волгоградская область,2010,2614165.0,0.23632,0.15523
Волгоградская область,2011,2607505.0,0.24027,0.156
Волгоградская область,2012,2598607.0,0.24406,
Волгоградская область,2013,2590684.0,0.24807,
Волгоградская область,2014,2580730.0,0.25226,
Волгоградская область,2015,2572907.0,0.25669,
Волгоградская область,2016,2565350.0,0.26143,
Волгоградская область,2017,2558529.0,0.26527,
Волгоградская область,2018,2548506.0,0.26922,
Волгоградская область,2019,2538685.0,0.27327,
Волгоградская область,2020,2526201.0,0.26384,
Волгоградская область,2021,1339231.0,0.49865,
Волгоградская область,2022,2492808.0,0.25239,
Волгоградская область,2023,2470057.0,0.25791,
Волгоградская область,2024,2453898.0,0.24971,
Волгоградская область,2025,2434046.0,0.25439,
Вологодская область,1990,1354471.0,0.20584,0.1245
Вологодская область,1991,1353799.0,0.2087,0.12442
Вологодская область,1992,1353220.0,0.2107,0.24304
Вологодская область,1993,1351869.0,0.21405,0.12182
Вологодская область,1994,1348063.0,0.21545,0.2356
Вологодская область,1995,1339926.0,0.21651,0.11752
Вологодская область,1996,1332505.0,0.21756,0.11494
Вологодская область,1997,1324722.0,0.21913,0.11195
Вологодская область,1998,1317144.0,0.21873,0.21408
Вологодская область,1999,1309832.0,0.21676,0.20713
Вологодская область,2000,1299611.0,0.21532,0.19982
Вологодская область,2001,1290370.0,0.21368,0.19304
Вологодская область,2002,1278543.0,0.21446,0.09545
Вологодская область,2003,1266848.0,0.2121,0.17878
Вологодская область,2004,1255924.0,0.20865,0.08814
Вологодская область,2005,1245769.0,0.20883,0.08524
Вологодская область,2006,1234940.0,0.20896,0.16103
Вологодская область,2007,1225780.0,0.21131,0.08097
Вологодская область,2008,1219775.0,0.21378,0.15705
Вологодская область,2009,1214135.0,0.21626,0.15815
Вологодская область,2010,1208364.0,0.22181,0.16079
Вологодская область,2011,1201190.0,0.22705,0.16333
Вологодская область,2012,1198383.0,0.23169,
Вологодская область,2013,1195927.0,0.23664,
Вологодская область,2014,1192996.0,0.2418,
Вологодская область,2015,1190529.0,0.24769,
Вологодская область,2016,1187182.0,0.25342,
Вологодская область,2017,1183305.0,0.25833,
Вологодская область,2018,1176028.0,0.26357,
Вологодская область,2019,1166946.0,0.26885,
Вологодская область,2020,1159573.0,0.25954,
Вологодская область,2021,622395.0,0.48776,
Вологодская область,2022,1138424.0,0.25198,
Вологодская область,2023,1128782.0,0.25715,
Вологодская область,2024,1121343.0,0.24865,
Вологодская область,2025,1115371.0,0.25276,
Воронежская область,1990,2471569.0,0.24793,0.10599
Воронежская область,1991,2469031.0,0.25071,0.10614
Воронежская область,1992,2467384.0,0.25371,0.20815
Воронежская область,1993,2478686.0,0.25596,0.1057
Воронежская область,1994,2488228.0,0.25723,0.20531
Воронежская область,1995,2494979.0,0.25745,0.10414
Воронежская область,1996,2490675.0,0.25907,0.10302
Воронежская область,1997,2484790.0,0.26145,0.10128
Воронежская область,1998,2470308.0,0.26156,0.19363
Воронежская область,1999,2458558.0,0.26048,0.18863
Воронежская область,2000,2441337.0,0.25843,0.18193
Воронежская область,2001,2422371.0,0.25649,0.17532
Воронежская область,2002,2397111.0,0.25743,0.08646
Воронежская область,2003,2374461.0,0.2556,0.16075
Воронежская область,2004,2367457.0,0.25269,0.07941
Воронежская область,2005,2364932.0,0.25182,0.07678
Воронежская область,2006,2360912.0,0.25073,0.14475
Воронежская область,2007,2353805.0,0.2522,0.07227
Воронежская область,2008,2344413.0,0.25421,0.13855
Воронежская область,2009,2338997.0,0.2557,0.13741
Воронежская область,2010,2334895.0,0.25926,0.13786
Воронежская область,2011,2334809.0,0.26154,0.13755
Воронежская область,2012,2332695.0,0.26456,
Воронежская область,2013,2332920.0,0.26808,
Воронежская область,2014,2332859.0,0.27175,
Воронежская область,2015,2336405.0,0.27563,
Воронежская область,2016,2340109.0,0.28005,
Воронежская область,2017,2343412.0,0.28393,
Воронежская область,2018,2343149.0,0.28786,
Воронежская область,2019,2338575.0,0.2921,
Воронежская область,2020,2336340.0,0.28195,
Воронежская область,2021,1249282.0,0.52948,
Воронежская область,2022,2302617.0,0.27142,
Воронежская область,2023,2285282.0,0.27558,
Воронежская область,2024,2273417.0,0.26638,
Воронежская область,2025,2260045.0,0.27061,
Еврейская автономная область,1990,218330.0,0.12823,0.15472
Еврейская автономная область,1991,219458.0,0.13372,0.15032
Еврейская автономная область,1992,220231.0,0.13615,0.29289
Еврейская автономная область,1993,217801.0,0.13932,0.14611
Еврейская автономная область,1994,215960.0,0.14161,0.28008
Еврейская автономная область,1995,209552.0,0.14534,0.13899
Еврейская автономная область,1996,207190.0,0.14773,0.13592
Еврейская автономная область,1997,204403.0,0.15053,0.1322
Еврейская автономная область,1998,201724.0,0.1528,0.25007
Еврейская автономная область,1999,199172.0,0.15392,0.24083
Еврейская автономная область,2000,195135.0,0.15474,0.23019
Еврейская автономная область,2001,193198.0,0.15548,0.22186
Еврейская автономная область,2002,191899.0,0.15746,0.10994
Еврейская автономная область,2003,190585.0,0.15839,0.207
Еврейская автономная область,2004,188412.0,0.1591,0.10125
Еврейская автономная область,2005,185763.0,0.16219,0.09788
Еврейская автономная область,2006,181653.0,0.16615,0.18656
Еврейская автономная область,2007,179405.0,0.17205,0.0931
Еврейская автономная область,2008,178711.0,0.17796,0.18078
Еврейская автономная область,2009,178148.0,0.18244,0.18247
Еврейская автономная область,2010,177500.0,0.18856,0.18496
Еврейская автономная область,2011,176304.0,0.19342,0.18581
Еврейская автономная область,2012,173918.0,0.19984,
Еврейская автономная область,2013,171709.0,0.20561,
Еврейская автономная область,2014,168953.0,0.21231,
Еврейская автономная область,2015,166437.0,0.21823,
Еврейская автономная область,2016,163860.0,0.2239,
Еврейская автономная область,2017,161626.0,0.22836,
Еврейская автономная область,2018,159098.0,0.23349,
Еврейская автономная область,2019,156655.0,0.23787,
Еврейская автономная область,2020,154714.0,0.22946,
Еврейская автономная область,2021,80924.0,0.43479,
Еврейская автономная область,2022,149580.0,0.21951,
Еврейская автономная область,2023,147458.0,0.22326,
Еврейская автономная область,2024,145802.0,0.21582,
Еврейская автономная область,2025,144428.0,0.21838,
Забайкальский край,1990,1320562.0,0.12966,0.15639
Забайкальский край,1991,1317948.0,0.13354,0.15493
Забайкальский край,1992,1307810.0,0.13792,0.30127
Забайкальский край,1993,1283764.0,0.14344,0.15
Забайкальский край,1994,1269690.0,0.14611,0.28893
Забайкальский край,1995,1256389.0,0.14806,0.14384
Забайкальский край,1996,1247668.0,0.15082,0.14118
Забайкальский край,1997,1234397.0,0.15316,0.13785
Забайкальский край,1998,1219795.0,0.15415,0.26379
Забайкальский край,1999,1207030.0,0.15361,0.25518
Забайкальский край,2000,1192819.0,0.15226,0.2465
Забайкальский край,2001,1178824.0,0.15157,0.23997
Забайкальский край,2002,1165435.0,0.15214,0.11917
Забайкальский край,2003,1152596.0,0.15167,0.2268
Забайкальский край,2004,1142687.0,0.15062,0.11161
Забайкальский край,2005,1132780.0,0.15144,0.10815
Забайкальский край,2006,1123327.0,0.15269,0.20793
Забайкальский край,2007,1115143.0,0.1557,0.10364
Забайкальский край,2008,1111439.0,0.1588,0.20222
Забайкальский край,2009,1109196.0,0.16179,0.20368
Забайкальский край,2010,1108973.0,0.16688,0.206
Забайкальский край,2011,1106155.0,0.17152,0.20686
Забайкальский край,2012,1095494.0,0.17626,
Забайкальский край,2013,1087404.0,0.18103,
Забайкальский край,2014,1078755.0,0.18632,
Забайкальский край,2015,1072136.0,0.19185,
Забайкальский край,2016,1063929.0,0.19696,
Забайкальский край,2017,1056021.0,0.20166,
Забайкальский край,2018,1045988.0,0.20614,
Забайкальский край,2019,1035087.0,0.2101,
Забайкальский край,2020,1025093.0,0.20158,
Забайкальский край,2021,535106.0,0.38651,
Забайкальский край,2022,1000520.0,0.1929,
Забайкальский край,2023,992429.0,0.19572,
Забайкальский край,2024,984395.0,0.18776,
Забайкальский край,2025,983838.0,0.18938,
Ивановская область,1990,1295215.0,0.23865,0.10733
Ивановская область,1991,1292642.0,0.24167,0.10712
Ивановская область,1992,1285299.0,0.24419,0.20927
Ивановская область,1993,1279087.0,0.24814,0.10513
Ивановская область,1994,1269218.0,0.25063,0.20321
Ивановская область,1995,1260347.0,0.25234,0.10183
Ивановская область,1996,1248793.0,0.25456,0.1001
Ивановская область,1997,1235701.0,0.25722,0.09791
Ивановская область,1998,1222691.0,0.25714,0.1865
Ивановская область,1999,1210603.0,0.25518,0.18089
Ивановская область,2000,1194595.0,0.25225,0.17363
Ивановская область,2001,1178969.0,0.2503,0.16747
Ивановская область,2002,1161861.0,0.25145,0.0828
Ивановская область,2003,1144540.0,0.24979,0.15568
Ивановская область,2004,1131027.0,0.247,0.07772
Ивановская область,2005,1116739.0,0.2475,0.07621
Ивановская область,2006,1101862.0,0.24797,0.14437
Ивановская область,2007,1089837.0,0.25004,0.07233
Ивановская область,2008,1081112.0,0.25205,0.13918
Ивановская область,2009,1074309.0,0.25311,0.13902
Ивановская область,2010,1067788.0,0.25723,0.14019
Ивановская область,2011,1060109.0,0.26105,0.14189
Ивановская область,2012,1049092.0,0.26541,
Ивановская область,2013,1039164.0,0.26968,
Ивановская область,2014,1028524.0,0.27398,
Ивановская область,2015,1017366.0,0.27907,
Ивановская область,2016,1005262.0,0.28458,
Ивановская область,2017,993840.0,0.28902,
Ивановская область,2018,980565.0,0.29397,
Ивановская область,2019,965305.0,0.29907,
Ивановская область,2020,953613.0,0.28892,
Ивановская область,2021,518485.0,0.52848,
Ивановская область,2022,924114.0,0.27841,
Ивановская область,2023,914725.0,0.28232,
Ивановская область,2024,905900.0,0.27308,
Ивановская область,2025,898490.0,0.27689,
Иркутская область,1990,2794858.0,0.1379,0.14329
Иркутская область,1991,2797005.0,0.14192,0.14217
Иркутская область,1992,2793856.0,0.14605,0.27734
Иркутская область,1993,2784043.0,0.15099,0.13871
Иркутская область,1994,2764225.0,0.15462,0.2683
Иркутская область,1995,2748073.0,0.15766,0.1337
Иркутская область,1996,2727374.0,0.16092,0.13123
Иркутская область,1997,2708178.0,0.16425,0.12832
Иркутская область,1998,2686284.0,0.16672,0.24605
Иркутская область,1999,2667886.0,0.16743,0.23834
Иркутская область,2000,2644022.0,0.16738,0.23046
Иркутская область,2001,2623183.0,0.16717,0.22371
Иркутская область,2002,2599675.0,0.16851,0.111
Иркутская область,2003,2577702.0,0.16909,0.20952
Иркутская область,2004,2552298.0,0.16937,0.10347
Иркутская область,2005,2524080.0,0.17158,0.10046
Иркутская область,2006,2492143.0,0.17392,0.19069
Иркутская область,2007,2467383.0,0.17805,0.09532
Иркутская область,2008,2455410.0,0.18228,0.1844
Иркутская область,2009,2448287.0,0.18602,0.18559
Иркутская область,2010,2440391.0,0.19125,0.18845
Иркутская область,2011,2427954.0,0.19635,0.18961
Иркутская область,2012,2424973.0,0.20119,
Иркутская область,2013,2423212.0,0.20623,
Иркутская область,2014,2420102.0,0.21133,
Иркутская область,2015,2417235.0,0.21669,
Иркутская область,2016,2415690.0,0.22186,
Иркутская область,2017,2412359.0,0.22662,
Иркутская область,2018,2408221.0,0.23111,
Иркутская область,2019,2402358.0,0.23515,
Иркутская область,2020,2396358.0,0.2263,
Иркутская область,2021,1288434.0,0.42318,
Иркутская область,2022,2363447.0,0.21748,
Иркутская область,2023,2344360.0,0.22081,
Иркутская область,2024,2330537.0,0.21283,
Иркутская область,2025,2322292.0,0.21544,
Кабардино-Балкарская Республика,1990,762288.0,0.14675,0.1515
Кабардино-Балкарская Республика,1991,780768.0,0.14784,0.15182
Кабардино-Балкарская Республика,1992,794380.0,0.14895,0.29911
Кабардино-Балкарская Республика,1993,803318.0,0.15203,0.15168
Кабардино-Балкарская Республика,1994,810033.0,0.15515,0.29641
Кабардино-Балкарская Республика,1995,821149.0,0.15737,0.1487
Кабардино-Балкарская Республика,1996,834504.0,0.15883,0.14717
Кабардино-Балкарская Республика,1997,846310.0,0.15997,0.1443
Кабардино-Балкарская Республика,1998,860502.0,0.16144,0.27927
Кабардино-Балкарская Республика,1999,870822.0,0.16055,0.27067
Кабардино-Балкарская Республика,2000,878990.0,0.15934,0.26145
Кабардино-Балкарская Республика,2001,886698.0,0.15752,0.25252
Кабардино-Балкарская Республика,2002,894356.0,0.15605,0.12327
Кабардино-Балкарская Республика,2003,901051.0,0.15533,0.23579
Кабардино-Балкарская Республика,2004,889639.0,0.15552,0.11564
Кабардино-Балкарская Республика,2005,877308.0,0.15596,0.11293
Кабардино-Балкарская Республика,2006,866158.0,0.15685,0.21732
Кабардино-Балкарская Республика,2007,858460.0,0.15765,0.10641
Кабардино-Балкарская Республика,2008,857282.0,0.15911,0.20681
Кабардино-Балкарская Республика,2009,858126.0,0.1606,0.20459
Кабардино-Балкарская Республика,2010,859576.0,0.16346,0.20484
Кабардино-Балкарская Республика,2011,859792.0,0.16674,0.20597
Кабардино-Балкарская Республика,2012,861693.0,0.16907,
Кабардино-Балкарская Республика,2013,864962.0,0.17228,
Кабардино-Балкарская Республика,2014,867426.0,0.17572,
Кабардино-Балкарская Республика,2015,872785.0,0.17975,
Кабардино-Балкарская Республика,2016,878479.0,0.18494,
Кабардино-Балкарская Республика,2017,883958.0,0.18902,
Кабардино-Балкарская Республика,2018,888508.0,0.1933,
Кабардино-Балкарская Республика,2019,892176.0,0.19796,
Кабардино-Балкарская Республика,2020,897344.0,0.18956,
Кабардино-Балкарская Республика,2021,473974.0,0.36632,
Кабардино-Балкарская Республика,2022,904338.0,0.18281,
Кабардино-Балкарская Республика,2023,903266.0,0.19066,
Кабардино-Балкарская Республика,2024,905464.0,0.18441,
Кабардино-Балкарская Республика,2025,908214.0,0.18952,
Калининградская область,1990,881211.0,0.17176,0.11785
Калининградская область,1991,890627.0,0.1758,0.11769
Калининградская область,1992,898578.0,0.18003,0.23065
Калининградская область,1993,911348.0,0.18354,0.11684
Калининградская область,1994,919306.0,0.18599,0.22501
Калининградская область,1995,933735.0,0.18675,0.11398
Калининградская область,1996,940242.0,0.18914,0.11174
Калининградская область,1997,944252.0,0.19261,0.10874
Калининградская область,1998,952698.0,0.19444,0.20594
Калининградская область,1999,961257.0,0.19377,0.19979
Калининградская область,2000,958782.0,0.19366,0.1917
Калининградская область,2001,957533.0,0.19324,0.18418
Калининградская область,2002,955449.0,0.19445,0.09095
Калининградская область,2003,954093.0,0.19448,0.1706
Калининградская область,2004,947887.0,0.19477,0.08464
Калининградская область,2005,942098.0,0.19706,0.08241
Калининградская область,2006,936574.0,0.19977,0.15711
Калининградская область,2007,934330.0,0.20413,0.07901
Калининградская область,2008,935297.0,0.20841,0.15286
Калининградская область,2009,936613.0,0.21175,0.15301
Калининградская область,2010,938633.0,0.21664,0.15425
Калининградская область,2011,941823.0,0.22123,0.15442
Калининградская область,2012,947043.0,0.22581,
Калининградская область,2013,955294.0,0.22999,
Калининградская область,2014,963978.0,0.23419,
Калининградская область,2015,970132.0,0.23927,
Калининградская область,2016,977826.0,0.24422,
Калининградская область,2017,987910.0,0.24808,
Калининградская область,2018,996517.0,0.25172,
Калининградская область,2019,1004479.0,0.25538,
Калининградская область,2020,1015289.0,0.24561,
Калининградская область,2021,538585.0,0.47157,
Калининградская область,2022,1030979.0,0.23649,
Калининградская область,2023,1032343.0,0.24118,
Калининградская область,2024,1033914.0,0.23355,
Калининградская область,2025,1032904.0,0.23776,
Калужская область,1990,1068443.0,0.21361,0.11338
Калужская область,1991,1073948.0,0.21655,0.11312
Калужская область,1992,1074673.0,0.2205,0.22071
Калужская область,1993,1079108.0,0.22505,0.11114
Калужская область,1994,1080681.0,0.22799,0.21462
Калужская область,1995,1087278.0,0.22788,0.10748
Калужская область,1996,1088982.0,0.22982,0.10557
Калужская область,1997,1086767.0,0.23344,0.10287
Калужская область,1998,1084479.0,0.23529,0.19621
Калужская область,1999,1079831.0,0.23539,0.19024
Калужская область,2000,1070426.0,0.23475,0.18261
Калужская область,2001,1060285.0,0.23408,0.17611
Калужская область,2002,1049614.0,0.23589,0.08708
Калужская область,2003,1038614.0,0.23679,0.16347
Калужская область,2004,1031655.0,0.23496,0.0806
Калужская область,2005,1027581.0,0.23479,0.07814
Калужская область,2006,1023341.0,0.2345,0.14726
Калужская область,2007,1020141.0,0.23657,0.07345
Калужская область,2008,1017726.0,0.23918,0.14106
Калужская область,2009,1015597.0,0.24148,0.14104
Калужская область,2010,1014996.0,0.24572,0.14208
Калужская область,2011,1009191.0,0.25066,0.14309
Калужская область,2012,1013762.0,0.25399,
Калужская область,2013,1016660.0,0.25749,
Калужская область,2014,1020916.0,0.26166,
Калужская область,2015,1032084.0,0.26458,
Калужская область,2016,1036953.0,0.26961,
Калужская область,2017,1047390.0,0.27297,
Калужская область,2018,1050524.0,0.27761,
Калужская область,2019,1053381.0,0.28205,
Калужская область,2020,1052181.0,0.27231,
Калужская область,2021,557594.0,0.51819,
Калужская область,2022,1073252.0,0.2577,
Калужская область,2023,1070853.0,0.26178,
Калужская область,2024,1068410.0,0.25313,
Калужская область,2025,1066601.0,0.25626,
Камчатский край,1990,476911.0,0.05572,0.14101
Камчатский край,1991,478541.0,0.05964,0.13862
Камчатский край,1992,475987.0,0.06461,0.2671
Камчатский край,1993,458899.0,0.07117,0.13286
Камчатский край,1994,439750.0,0.07732,0.25307
Камчатский край,1995,421582.0,0.08388,0.12509
Камчатский край,1996,406393.0,0.08949,0.12189
Камчатский край,1997,397007.0,0.09543,0.11791
Камчатский край,1998,388255.0,0.10065,0.22248
Камчатский край,1999,380481.0,0.10451,0.21463
Камчатский край,2000,372308.0,0.10882,0.20554
Камчатский край,2001,366400.0,0.11301,0.19859
Камчатский край,2002,361646.0,0.11825,0.09816
Камчатский край,2003,357917.0,0.12307,0.1868
Камчатский край,2004,350510.0,0.12741,0.09255
Камчатский край,2005,343908.0,0.13346,0.09046
Камчатский край,2006,336594.0,0.13957,0.17307
Камчатский край,2007,330810.0,0.14763,0.08761
Камчатский край,2008,327949.0,0.15523,0.16935
Камчатский край,2009,325179.0,0.1616,0.16933
Камчатский край,2010,323165.0,0.16832,0.17135
Камчатский край,2011,321659.0,0.17404,0.17187
Камчатский край,2012,318255.0,0.1793,
Камчатский край,2013,316773.0,0.18359,
Камчатский край,2014,314275.0,0.18862,
Камчатский край,2015,309786.0,0.19467,
Камчатский край,2016,306794.0,0.20019,
Камчатский край,2017,303537.0,0.20547,
Камчатский край,2018,302530.0,0.20878,
Камчатский край,2019,299896.0,0.21265,
Камчатский край,2020,296367.0,0.204,
Камчатский край,2021,150297.0,0.40214,
Камчатский край,2022,292574.0,0.19323,
Камчатский край,2023,288730.0,0.19878,
Камчатский край,2024,288947.0,0.1904,
Камчатский край,2025,288200.0,0.19424,
Карачаево-Черкесская Республика,1990,419136.0,0.16321,0.14736
Карачаево-Черкесская Республика,1991,424842.0,0.16529,0.14638
Карачаево-Черкесская Республика,1992,428795.0,0.16858,0.28647
Карачаево-Черкесская Республика,1993,433088.0,0.17272,0.14458
Карачаево-Черкесская Республика,1994,433470.0,0.1771,0.28098
Карачаево-Черкесская Республика,1995,435474.0,0.18061,0.14101
Карачаево-Черкесская Республика,1996,437950.0,0.18475,0.13909
Карачаево-Черкесская Республика,1997,439201.0,0.18751,0.13655
Карачаево-Черкесская Республика,1998,440354.0,0.18912,0.26373
Карачаево-Черкесская Республика,1999,441281.0,0.18916,0.25616
Карачаево-Черкесская Республика,2000,439981.0,0.1881,0.2475
Карачаево-Черкесская Республика,2001,440621.0,0.18607,0.2402
Карачаево-Черкесская Республика,2002,439803.0,0.18486,0.11798
Карачаево-Черкесская Республика,2003,438853.0,0.18275,0.22592
Карачаево-Черкесская Республика,2004,444342.0,0.1786,0.11073
Карачаево-Черкесская Республика,2005,450220.0,0.17504,0.10713
Карачаево-Черкесская Республика,2006,454487.0,0.17341,0.20639
Карачаево-Черкесская Республика,2007,461650.0,0.17191,0.10175
Карачаево-Черкесская Республика,2008,466366.0,0.17302,0.20101
Карачаево-Черкесская Республика,2009,470064.0,0.17413,0.20029
Карачаево-Черкесская Республика,2010,473792.0,0.17686,0.20268
Карачаево-Черкесская Республика,2011,477403.0,0.18013,0.20476
Карачаево-Черкесская Республика,2012,474793.0,0.18379,
Карачаево-Черкесская Республика,2013,472347.0,0.188,
Карачаево-Черкесская Республика,2014,470516.0,0.19278,
Карачаево-Черкесская Республика,2015,469975.0,0.19715,
Карачаево-Черкесская Республика,2016,469850.0,0.20301,
Карачаево-Черкесская Республика,2017,469264.0,0.20771,
Карачаево-Черкесская Республика,2018,469902.0,0.21195,
Карачаево-Черкесская Республика,2019,469862.0,0.21657,
Карачаево-Черкесская Республика,2020,470348.0,0.20774,
Карачаево-Черкесская Республика,2021,249232.0,0.39726,
Карачаево-Черкесская Республика,2022,469096.0,0.19995,
Карачаево-Черкесская Республика,2023,468444.0,0.20658,
Карачаево-Черкесская Республика,2024,468322.0,0.20024,
Карачаево-Черкесская Республика,2025,468599.0,0.20491,
Кемеровская область,1990,3099236.0,0.18032,0.12814
Кемеровская область,1991,3100688.0,0.18506,0.12652
Кемеровская область,1992,3098685.0,0.18857,0.24652
Кемеровская область,1993,3093199.0,0.19289,0.12251
Кемеровская область,1994,3072515.0,0.19596,0.23757
Кемеровская область,1995,3065197.0,0.19742,0.11814
Кемеровская область,1996,3047514.0,0.19845,0.11576
Кемеровская область,1997,3024528.0,0.19949,0.11295
Кемеровская область,1998,3002297.0,0.19998,0.21648
Кемеровская область,1999,2985392.0,0.19944,0.20855
Кемеровская область,2000,2963439.0,0.1985,0.20027
Кемеровская область,2001,2942264.0,0.1976,0.19348
Кемеровская область,2002,2917769.0,0.19748,0.09574
Кемеровская область,2003,2893448.0,0.19647,0.18095
Кемеровская область,2004,2862105.0,0.1954,0.08908
Кемеровская область,2005,2832963.0,0.1962,0.08669
Кемеровская область,2006,2805941.0,0.19738,0.16696
Кемеровская область,2007,2785999.0,0.20028,0.08391
Кемеровская область,2008,2780231.0,0.20341,0.16474
Кемеровская область,2009,2776358.0,0.20656,0.16674
Кемеровская область,2010,2772964.0,0.21145,0.17011
Кемеровская область,2011,2761255.0,0.21714,0.17251
Кемеровская область,2012,2749665.0,0.2226,
Кемеровская область,2013,2740196.0,0.22792,
Кемеровская область,2014,2730753.0,0.23346,
Кемеровская область,2015,2720276.0,0.23941,
Кемеровская область,2016,2711924.0,0.24555,
Кемеровская область,2017,2701996.0,0.25088,
Кемеровская область,2018,2686975.0,0.2562,
Кемеровская область,2019,2665302.0,0.26095,
Кемеровская область,2020,2647693.0,0.25178,
Кемеровская область,2021,1422782.0,0.46887,
Кемеровская область,2022,2592013.0,0.24297,
Кемеровская область,2023,2568238.0,0.24697,
Кемеровская область,2024,2547684.0,0.23903,
Кемеровская область,2025,2527219.0,0.24275,
Кировская область,1990,1651726.0,0.21087,0.12312
Кировская область,1991,1648962.0,0.21395,0.12273
Кировская область,1992,1645091.0,0.21651,0.23856
Кировская область,1993,1641886.0,0.22081,0.11987
Кировская область,1994,1632494.0,0.22375,0.23069
Кировская область,1995,1623370.0,0.22566,0.11547
Кировская область,1996,1609480.0,0.22692,0.11258
Кировская область,1997,1595919.0,0.22833,0.10942
Кировская область,1998,1581490.0,0.22811,0.20851
Кировская область,1999,1568722.0,0.22598,0.20194
Кировская область,2000,1553595.0,0.22375,0.19357
Кировская область,2001,1536772.0,0.22128,0.18616
Кировская область,2002,1518378.0,0.22154,0.09156
Кировская область,2003,1498976.0,0.21973,0.17112
Кировская область,2004,1472481.0,0.21741,0.0834
Кировская область,2005,1445356.0,0.21813,0.07981
Кировская область,2006,1418645.0,0.21957,0.15052
Кировская область,2007,1396017.0,0.22349,0.07464
Кировская область,2008,1379383.0,0.22825,0.14593
Кировская область,2009,1365003.0,0.23202,0.14752
Кировская область,2010,1352692.0,0.23836,0.15007
Кировская область,2011,1338758.0,0.24495,0.15244
Кировская область,2012,1319712.0,0.25234,
Кировская область,2013,1302501.0,0.26019,
Кировская область,2014,1285969.0,0.26839,
Кировская область,2015,1271006.0,0.2771,
Кировская область,2016,1257002.0,0.28527,
Кировская область,2017,1243537.0,0.29242,
Кировская область,2018,1227940.0,0.29955,
Кировская область,2019,1209585.0,0.30653,
Кировская область,2020,1192540.0,0.29763,
Кировская область,2021,636916.0,0.5571,
Кировская область,2022,1149176.0,0.29029,
Кировская область,2023,1138112.0,0.29569,
Кировская область,2024,1129935.0,0.28656,
Кировская область,2025,1120412.0,0.29147,
Костромская область,1990,804999.0,0.22965,0.11552
Костромская область,1991,804405.0,0.232,0.1154
Костромская область,1992,801880.0,0.23398,0.22586
Костромская область,1993,799790.0,0.23754,0.11371
Костромская область,1994,796563.0,0.24017,0.21968
Костромская область,1995,794082.0,0.24116,0.11041
Костромская область,1996,788538.0,0.24338,0.10827
Костромская область,1997,782010.0,0.24523,0.10569
Костромская область,1998,775987.0,0.24482,0.20263
Костромская область,1999,769681.0,0.24248,0.19653
Костромская область,2000,761907.0,0.23998,0.18929
Костромская область,2001,753972.0,0.23795,0.18274
Костромская область,2002,743967.0,0.23764,0.09073
Костромская область,2003,734453.0,0.23469,0.17052
Костромская область,2004,723142.0,0.23085,0.084
Костромская область,2005,711978.0,0.22978,0.08124
Костромская область,2006,699761.0,0.22949,0.15366
Костромская область,2007,689815.0,0.23139,0.07688
Костромская область,2008,683416.0,0.23364,0.15002
Костромская область,2009,677793.0,0.23534,0.15176
Костромская область,2010,672938.0,0.24005,0.15484
Костромская область,2011,666391.0,0.24494,0.1572
Костромская область,2012,657745.0,0.25067,
Костромская область,2013,651065.0,0.25658,
Костромская область,2014,644626.0,0.26275,
Костромская область,2015,638721.0,0.26973,
Костромская область,2016,631780.0,0.27685,
Костромская область,2017,624466.0,0.28359,
Костромская область,2018,615718.0,0.29047,
Костромская область,2019,605661.0,0.29805,
Костромская область,2020,597968.0,0.28876,
Костромская область,2021,321591.0,0.53826,
Костромская область,2022,577996.0,0.28127,
Костромская область,2023,571900.0,0.28674,
Костромская область,2024,566266.0,0.27745,
Костромская область,2025,560825.0,0.28134,
Краснодарский край,1990,4638102.0,0.21724,0.1202
Краснодарский край,1991,4690810.0,0.21875,0.12002
Краснодарский край,1992,4763741.0,0.21864,0.23522
Краснодарский край,1993,4864010.0,0.21968,0.11956
Краснодарский край,1994,4940794.0,0.21973,0.23249
Краснодарский край,1995,5020837.0,0.21995,0.11777
Краснодарский край,1996,5076003.0,0.22258,0.11632
Краснодарский край,1997,5114523.0,0.22525,0.11383
Краснодарский край,1998,5128485.0,0.22723,0.21695
Краснодарский край,1999,5130451.0,0.22778,0.20991
Краснодарский край,2000,5133449.0,0.22729,0.20179
Краснодарский край,2001,5132798.0,0.22642,0.19414
Краснодарский край,2002,5131618.0,0.22699,0.0959
Краснодарский край,2003,5119857.0,0.22648,0.17953
Краснодарский край,2004,5114905.0,0.22459,0.08987
Краснодарский край,2005,5118903.0,0.22414,0.08841
Краснодарский край,2006,5127251.0,0.22424,0.16916
Краснодарский край,2007,5142911.0,0.22589,0.08513
Краснодарский край,2008,5170686.0,0.22837,0.16407
Краснодарский край,2009,5194439.0,0.23069,0.16348
Краснодарский край,2010,5214222.0,0.23461,0.16425
Краснодарский край,2011,5229998.0,0.23878,0.16431
Краснодарский край,2012,5297174.0,0.24076,
Краснодарский край,2013,5356080.0,0.24338,
Краснодарский край,2014,5443424.0,0.24561,
Краснодарский край,2015,5505818.0,0.2494,
Краснодарский край,2016,5579691.0,0.25303,
Краснодарский край,2017,5650232.0,0.25572,
Краснодарский край,2018,5695926.0,0.25892,
Краснодарский край,2019,5753856.0,0.26207,
Краснодарский край,2020,5794102.0,0.25232,
Краснодарский край,2021,3078491.0,0.48065,
Краснодарский край,2022,5832042.0,0.24208,
Краснодарский край,2023,5819345.0,0.24607,
Краснодарский край,2024,5833002.0,0.23746,
Краснодарский край,2025,5842238.0,0.24038,
Красноярский край,1990,3155929.0,0.14049,0.13678
Красноярский край,1991,3163370.0,0.14489,0.13539
Красноярский край,1992,3164219.0,0.14921,0.26244
Красноярский край,1993,3160594.0,0.15385,0.13123
Красноярский край,1994,3139464.0,0.15771,0.25223
Красноярский край,1995,3113809.0,0.16106,0.12601
Красноярский край,1996,3099424.0,0.16393,0.12393
Красноярский край,1997,3085791.0,0.16629,0.12117
Красноярский край,1998,3067863.0,0.16793,0.23168
Красноярский край,1999,3048716.0,0.1687,0.2238
Красноярский край,2000,3022092.0,0.16878,0.21554
Красноярский край,2001,3000891.0,0.16889,0.20842
Красноярский край,2002,2981746.0,0.17013,0.10287
Красноярский край,2003,2961871.0,0.17034,0.19396
Красноярский край,2004,2931905.0,0.17083,0.09552
Красноярский край,2005,2901930.0,0.17299,0.0926
Красноярский край,2006,2869315.0,0.17548,0.17622
Красноярский край,2007,2845425.0,0.17946,0.08765
Красноярский край,2008,2837013.0,0.1839,0.16923
Красноярский край,2009,2832591.0,0.18773,0.16915
Красноярский край,2010,2832854.0,0.193,0.17077
Красноярский край,2011,2829105.0,0.19818,0.17172
Красноярский край,2012,2838985.0,0.20262,
Красноярский край,2013,2847717.0,0.20716,
Красноярский край,2014,2854705.0,0.21193,
Красноярский край,2015,2861321.0,0.2172,
Красноярский край,2016,2869692.0,0.2226,
Красноярский край,2017,2879156.0,0.22712,
Красноярский край,2018,2881007.0,0.2319,
Красноярский край,2019,2879193.0,0.23639,
Красноярский край,2020,2872080.0,0.22821,
Красноярский край,2021,1532857.0,0.43179,
Красноярский край,2022,2856326.0,0.2198,
Красноярский край,2023,2845545.0,0.22329,
Красноярский край,2024,2846120.0,0.21496,
Красноярский край,2025,2837988.0,0.2183,
Курганская область,1990,1107280.0,0.19295,0.13037
Курганская область,1991,1105017.0,0.19658,0.1291
Курганская область,1992,1106527.0,0.19986,0.25211
Курганская область,1993,1106598.0,0.20325,0.12649
Курганская область,1994,1100563.0,0.20645,0.24446
Курганская область,1995,1099645.0,0.20829,0.12185
Курганская область,1996,1090355.0,0.21199,0.11892
Курганская область,1997,1080825.0,0.21558,0.11581
Курганская область,1998,1074789.0,0.21645,0.22237
Курганская область,1999,1068503.0,0.21662,0.21641
Курганская область,2000,1059515.0,0.21612,0.20948
Курганская область,2001,1047114.0,0.2158,0.20273
Курганская область,2002,1030748.0,0.21786,0.10019
Курганская область,2003,1016184.0,0.21684,0.18819
Курганская область,2004,999446.0,0.21579,0.09137
Курганская область,2005,981029.0,0.21737,0.08741
Курганская область,2006,961815.0,0.2195,0.1658
Курганская область,2007,946068.0,0.22514,0.08252
Курганская область,2008,934512.0,0.23014,0.16077
Курганская область,2009,925180.0,0.23351,0.16172
Курганская область,2010,918585.0,0.2391,0.1642
Курганская область,2011,908813.0,0.24562,0.16589
Курганская область,2012,893162.0,0.25375,
Курганская область,2013,879649.0,0.26146,
Курганская область,2014,868031.0,0.26767,
Курганская область,2015,857688.0,0.27419,
Курганская область,2016,846762.0,0.28138,
Курганская область,2017,835967.0,0.28802,
Курганская область,2018,824387.0,0.29479,
Курганская область,2019,810543.0,0.30178,
Курганская область,2020,800000.0,0.29257,
Курганская область,2021,429390.0,0.54401,
Курганская область,2022,772332.0,0.28371,
Курганская область,2023,761586.0,0.28927,
Курганская область,2024,753002.0,0.27992,
Курганская область,2025,744465.0,0.284,
Курская область,1990,1332957.0,0.24299,0.11002
Курская область,1991,1328929.0,0.24623,0.11011
Курская область,1992,1325156.0,0.24964,0.21595
Курская область,1993,1328161.0,0.25261,0.10899
Курская область,1994,1329266.0,0.25404,0.21258
Курская область,1995,1331632.0,0.25335,0.1074
Курская область,1996,1325420.0,0.25425,0.10564
Курская область,1997,1317566.0,0.25654,0.10346
Курская область,1998,1307963.0,0.25639,0.1988
Курская область,1999,1296206.0,0.25499,0.19393
Курская область,2000,1281733.0,0.25239,0.18823
Курская область,2001,1266467.0,0.24926,0.18244
Курская область,2002,1248588.0,0.24882,0.09071
Курская область,2003,1231097.0,0.24692,0.17
Курская область,2004,1213372.0,0.24425,0.08364
Курская область,2005,1195812.0,0.24383,0.08056
Курская область,2006,1177627.0,0.24293,0.1523
Курская область,2007,1161582.0,0.24431,0.07609
Курская область,2008,1151857.0,0.24613,0.14733
Курская область,2009,1143329.0,0.24773,0.1475
Курская область,2010,1134990.0,0.25175,0.14832
Курская область,2011,1125648.0,0.25601,0.1484
Курская область,2012,1121013.0,0.25994,
Курская область,2013,1118182.0,0.26393,
Курская область,2014,1117305.0,0.26823,
Курская область,2015,1115238.0,0.27312,
Курская область,2016,1117503.0,0.27735,
Курская область,2017,1120014.0,0.28171,
Курская область,2018,1111838.0,0.28756,
Курская область,2019,1103178.0,0.29359,
Курская область,2020,1099627.0,0.28288,
Курская область,2021,596877.0,0.52362,
Курская область,2022,1078156.0,0.27234,
Курская область,2023,1067034.0,0.2778,
Курская область,2024,1060892.0,0.2683,
Курская область,2025,1049783.0,0.27344,
Ленинградская область,1990,1667280.0,0.20177,0.11864
Ленинградская область,1991,1675188.0,0.20545,0.11734
Ленинградская область,1992,1678862.0,0.20931,0.22741
Ленинградская область,1993,1680519.0,0.21474,0.11387
Ленинградская область,1994,1676115.0,0.2188,0.2181
Ленинградская область,1995,1682657.0,0.22095,0.10963
Ленинградская область,1996,1685480.0,0.22341,0.1072
Ленинградская область,1997,1689067.0,0.22675,0.10357
Ленинградская область,1998,1692972.0,0.22837,0.19481
Ленинградская область,1999,1693301.0,0.22816,0.18718
Ленинградская область,2000,1686716.0,0.2275,0.17868
Ленинградская область,2001,1680358.0,0.22652,0.17086
Ленинградская область,2002,1672685.0,0.22764,0.08404
Ленинградская область,2003,1667150.0,0.22723,0.1569
Ленинградская область,2004,1673287.0,0.22495,0.07645
Ленинградская область,2005,1681445.0,0.2261,0.07324
Ленинградская область,2006,1685376.0,0.2275,0.13799
Ленинградская область,2007,1691111.0,0.23084,0.06911
Ленинградская область,2008,1692577.0,0.23462,0.13322
Ленинградская область,2009,1698900.0,0.23765,0.13306
Ленинградская область,2010,1704905.0,0.24271,0.13476
Ленинградская область,2011,1718581.0,0.24707,0.13713
Ленинградская область,2012,1742575.0,0.25046,
Ленинградская область,2013,1768546.0,0.25382,
Ленинградская область,2014,1789513.0,0.25759,
Ленинградская область,2015,1808833.0,0.26219,
Ленинградская область,2016,1821350.0,0.26857,
Ленинградская область,2017,1841889.0,0.27262,
Ленинградская область,2018,1871350.0,0.27495,
Ленинградская область,2019,1913504.0,0.27654,
Ленинградская область,2020,1950942.0,0.26435,
Ленинградская область,2021,1048140.0,0.49975,
Ленинградская область,2022,2006022.0,0.25125,
Ленинградская область,2023,2023767.0,0.2553,
Ленинградская область,2024,2035762.0,0.24683,
Ленинградская область,2025,2059479.0,0.24879,
Липецкая область,1990,1231486.0,0.22405,0.11035
Липецкая область,1991,1233419.0,0.22689,0.11033
Липецкая область,1992,1232409.0,0.23027,0.21584
Липецкая область,1993,1238911.0,0.23305,0.10913
Липецкая область,1994,1242943.0,0.23555,0.21156
Липецкая область,1995,1246839.0,0.23648,0.10675
Липецкая область,1996,1246232.0,0.23833,0.10474
Липецкая область,1997,1244644.0,0.24167,0.10258
Липецкая область,1998,1242645.0,0.24223,0.19751
Липецкая область,1999,1239185.0,0.24139,0.19265
Липецкая область,2000,1233679.0,0.24032,0.18624
Липецкая область,2001,1228106.0,0.23863,0.18024
Липецкая область,2002,1220476.0,0.23996,0.08991
Липецкая область,2003,1211008.0,0.23883,0.16744
Липецкая область,2004,1205271.0,0.23622,0.08288
Липецкая область,2005,1198580.0,0.23565,0.08007
Липецкая область,2006,1193890.0,0.23514,0.15245
Липецкая область,2007,1190408.0,0.23637,0.07651
Липецкая область,2008,1186707.0,0.23797,0.14849
Липецкая область,2009,1181981.0,0.24,0.14869
Липецкая область,2010,1177052.0,0.24447,0.14983
Липецкая область,2011,1172026.0,0.24882,0.15094
Липецкая область,2012,1168057.0,0.25336,
Липецкая область,2013,1166468.0,0.25762,
Липецкая область,2014,1166138.0,0.26172,
Липецкая область,2015,1166174.0,0.26662,
Липецкая область,2016,1167006.0,0.27169,
Липецкая область,2017,1169536.0,0.27578,
Липецкая область,2018,1165762.0,0.28075,
Липецкая область,2019,1162004.0,0.28605,
Липецкая область,2020,1159669.0,0.27549,
Липецкая область,2021,623970.0,0.51262,
Липецкая область,2022,1138140.0,0.26445,
Липецкая область,2023,1126263.0,0.27013,
Липецкая область,2024,1116265.0,0.26134,
Липецкая область,2025,1108295.0,0.26573,
Магаданская область,1990,390276.0,0.04724,0.14507
Магаданская область,1991,384525.0,0.05173,0.14254
Магаданская область,1992,365311.0,0.0576,0.27617
Магаданская область,1993,323673.0,0.06633,0.13636
Магаданская область,1994,300157.0,0.07174,0.25953
Магаданская область,1995,266883.0,0.07405,0.12729
Магаданская область,1996,240215.0,0.08003,0.12301
Магаданская область,1997,229148.0,0.08518,0.11864
Магаданская область,1998,220533.0,0.08976,0.22662
Магаданская область,1999,211696.0,0.09382,0.21805
Магаданская область,2000,201974.0,0.09817,0.20852
Магаданская область,2001,193945.0,0.10196,0.20201
Магаданская область,2002,187218.0,0.10738,0.10046
Магаданская область,2003,181832.0,0.11155,0.18915
Магаданская область,2004,178069.0,0.11467,0.09257
Магаданская область,2005,173937.0,0.12057,0.08877
Магаданская область,2006,170397.0,0.12639,0.16894
Магаданская область,2007,166902.0,0.13442,0.08402
Магаданская область,2008,163989.0,0.14311,0.16321
Магаданская область,2009,160940.0,0.15047,0.16384
Магаданская область,2010,159002.0,0.16041,0.16607
Магаданская область,2011,156534.0,0.1687,0.1684
Магаданская область,2012,154316.0,0.17528,
Магаданская область,2013,152027.0,0.18149,
Магаданская область,2014,149810.0,0.18792,
Магаданская область,2015,147403.0,0.19446,
Магаданская область,2016,145503.0,0.19896,
Магаданская область,2017,144564.0,0.20319,
Магаданская область,2018,142918.0,0.20745,
Магаданская область,2019,139895.0,0.2128,
Магаданская область,2020,138639.0,0.20302,
Магаданская область,2021,70537.0,0.40121,
Магаданская область,2022,135907.0,0.19348,
Магаданская область,2023,134315.0,0.19821,
Магаданская область,2024,133387.0,0.19083,
Магаданская область,2025,134544.0,0.19229,
Московская область,1990,6700180.0,0.20903,0.10566
Московская область,1991,6720248.0,0.21275,0.1049
Московская область,1992,6719121.0,0.21665,0.20429
Московская область,1993,6704332.0,0.22241,0.10245
Московская область,1994,6677307.0,0.22616,0.19765
Московская область,1995,6671785.0,0.22805,0.09944
Московская область,1996,6660192.0,0.2307,0.09769
Московская область,1997,6657710.0,0.23417,0.09516
Московская область,1998,6657149.0,0.236,0.18066
Московская область,1999,6653499.0,0.23521,0.17474
Московская область,2000,6628173.0,0.23433,0.1681
Московская область,2001,6613469.0,0.23364,0.16235
Московская область,2002,6609152.0,0.23455,0.08069
Московская область,2003,6616879.0,0.23339,0.152
Московская область,2004,6671325.0,0.23079,0.07508
Московская область,2005,6736742.0,0.23062,0.07292
Московская область,2006,6783853.0,0.23098,0.1398
Московская область,2007,6846821.0,0.23219,0.07063
Московская область,2008,6895369.0,0.23365,0.13763
Московская область,2009,6958015.0,0.23393,0.13903
Московская область,2010,7024207.0,0.23605,0.14117
Московская область,2011,7106215.0,0.2375,0.1428
Московская область,2012,7243745.0,0.23712,
Московская область,2013,7385493.0,0.23689,
Московская область,2014,7519731.0,0.23763,
Московская область,2015,7666282.0,0.23915,
Московская область,2016,7805756.0,0.24189,
Московская область,2017,7960044.0,0.24313,
Московская область,2018,8088321.0,0.24471,
Московская область,2019,8233194.0,0.24625,
Московская область,2020,8372871.0,0.23515,
Московская область,2021,4436698.0,0.44923,
Московская область,2022,8542257.0,0.22348,
Московская область,2023,8591736.0,0.22775,
Московская область,2024,8651260.0,0.21939,
Московская область,2025,8775735.0,0.21995,
Мурманская область,1990,1191468.0,0.08836,0.13635
Мурманская область,1991,1188785.0,0.0935,0.13419
Мурманская область,1992,1170371.0,0.09928,0.25617
Мурманская область,1993,1133261.0,0.10693,0.12798
Мурманская область,1994,1100549.0,0.11238,0.24025
Мурманская область,1995,1066924.0,0.11717,0.12005
Мурманская область,1996,1037162.0,0.12074,0.1166
Мурманская область,1997,1012124.0,0.12568,0.11259
Мурманская область,1998,987936.0,0.12883,0.21122
Мурманская область,1999,964065.0,0.13041,0.20333
Мурманская область,2000,941062.0,0.13161,0.19509
Мурманская область,2001,922875.0,0.13223,0.18881
Мурманская область,2002,905735.0,0.13522,0.09474
Мурманская область,2003,889809.0,0.13516,0.17915
Мурманская область,2004,873145.0,0.13804,0.08843
Мурманская область,2005,856939.0,0.14519,0.08595
Мурманская область,2006,839429.0,0.15186,0.16156
Мурманская область,2007,823978.0,0.15948,0.08181
Мурманская область,2008,815140.0,0.16685,0.15659
Мурманская область,2009,805554.0,0.17214,0.15794
Мурманская область,2010,799765.0,0.17877,0.16049
Мурманская область,2011,794077.0,0.18466,0.16238
Мурманская область,2012,782233.0,0.19056,
Мурманская область,2013,769174.0,0.1968,
Мурманская область,2014,754100.0,0.20346,
Мурманская область,2015,743889.0,0.20984,
Мурманская область,2016,734112.0,0.21552,
Мурманская область,2017,724126.0,0.22056,
Мурманская область,2018,714710.0,0.22445,
Мурманская область,2019,703953.0,0.22846,
Мурманская область,2020,692240.0,0.21937,
Мурманская область,2021,358366.0,0.42098,
Мурманская область,2022,665240.0,0.21042,
Мурманская область,2023,658698.0,0.21471,
Мурманская область,2024,656438.0,0.20593,
Мурманская область,2025,651363.0,0.21021,
Ненецкий автономный округ,1990,51993.0,0.07087,0.15544
Ненецкий автономный округ,1991,51667.0,0.0745,0.15538
Ненецкий автономный округ,1992,50245.0,0.07933,0.31245
Ненецкий автономный округ,1993,48235.0,0.08463,0.15147
Ненецкий автономный округ,1994,46504.0,0.08868,0.30146
Ненецкий автономный округ,1995,44526.0,0.09392,0.14688
Ненецкий автономный округ,1996,43367.0,0.09876,0.14652
Ненецкий автономный округ,1997,42549.0,0.1039,0.14369
Ненецкий автономный округ,1998,41774.0,0.10823,0.27852
Ненецкий автономный округ,1999,41513.0,0.10883,0.2716
Ненецкий автономный округ,2000,41174.0,0.10951,0.26495
Ненецкий автономный округ,2001,40931.0,0.10955,0.26105
Ненецкий автономный округ,2002,40896.0,0.11228,0.13302
Ненецкий автономный округ,2003,41699.0,0.11477,0.25262
Ненецкий автономный округ,2004,41881.0,0.1148,0.12547
Ненецкий автономный округ,2005,41906.0,0.11683,0.11998
Ненецкий автономный округ,2006,41914.0,0.11898,0.22298
Ненецкий автономный округ,2007,41854.0,0.1229,0.11308
Ненецкий автономный округ,2008,41900.0,0.12695,0.21699
Ненецкий автономный округ,2009,41857.0,0.13104,0.2207
Ненецкий автономный округ,2010,42115.0,0.13724,0.22555
Ненецкий автономный округ,2011,42104.0,0.14386,0.22715
Ненецкий автономный округ,2012,42158.0,0.14998,
Ненецкий автономный округ,2013,42258.0,0.15531,
Ненецкий автономный округ,2014,42231.0,0.15993,
Ненецкий автономный округ,2015,42273.0,0.16602,
Ненецкий автономный округ,2016,42503.0,0.17236,
Ненецкий автономный округ,2017,42299.0,0.17989,
Ненецкий автономный округ,2018,42050.0,0.18716,
Ненецкий автономный округ,2019,41620.0,0.19387,
Ненецкий автономный округ,2020,41604.0,0.18674,
Ненецкий автономный округ,2021,21677.0,0.36859,
Ненецкий автономный округ,2022,41426.0,0.18201,
Ненецкий автономный округ,2023,41383.0,0.18856,
Ненецкий автономный округ,2024,42224.0,0.17841,
Ненецкий автономный округ,2025,41906.0,0.18422,
Нижегородская область,1990,3780256.0,0.2272,0.10993
Нижегородская область,1991,3773185.0,0.23083,0.10956
Нижегородская область,1992,3762340.0,0.23447,0.21336
Нижегородская область,1993,3753098.0,0.23953,0.10711
Нижегородская область,1994,3737364.0,0.24249,0.20685
Нижегородская область,1995,3730590.0,0.24369,0.10399
Нижегородская область,1996,3711116.0,0.24501,0.10284
Нижегородская область,1997,3691689.0,0.24693,0.10103
Нижегородская область,1998,3673896.0,0.24669,0.19328
Нижегородская область,1999,3655489.0,0.2446,0.18813
Нижегородская область,2000,3628222.0,0.24268,0.18088
Нижегородская область,2001,3594476.0,0.24055,0.17448
Нижегородская область,2002,3554696.0,0.24084,0.08606
Нижегородская область,2003,3515673.0,0.23917,0.16133
Нижегородская область,2004,3481080.0,0.23656,0.08011
Нижегородская область,2005,3447896.0,0.23646,0.07818
Нижегородская область,2006,3414325.0,0.23648,0.14781
Нижегородская область,2007,3384358.0,0.23871,0.07408
Нижегородская область,2008,3362817.0,0.24088,0.14248
Нижегородская область,2009,3343719.0,0.24282,0.14238
Нижегородская область,2010,3326812.0,0.2468,0.14392
Нижегородская область,2011,3307648.0,0.25059,0.14451
Нижегородская область,2012,3293593.0,0.2542,
Нижегородская область,2013,3283201.0,0.2582,
Нижегородская область,2014,3271570.0,0.26252,
Нижегородская область,2015,3256991.0,0.26736,
Нижегородская область,2016,3244135.0,0.27245,
Нижегородская область,2017,3228500.0,0.27685,
Нижегородская область,2018,3212463.0,0.28113,
Нижегородская область,2019,3189099.0,0.28573,
Нижегородская область,2020,3174171.0,0.27551,
Нижегородская область,2021,1721725.0,0.50814,
Нижегородская область,2022,3108918.0,0.26523,
Нижегородская область,2023,3081817.0,0.26954,
Нижегородская область,2024,3060335.0,0.26055,
Нижегородская область,2025,3039421.0,0.26419,
Новгородская область,1990,753369.0,0.22922,0.1147
Новгородская область,1991,751908.0,0.23178,0.11413
Новгородская область,1992,748820.0,0.23413,0.22312
Новгородская область,1993,746950.0,0.23873,0.11235
Новгородская область,1994,742100.0,0.24079,0.21722
Новгородская область,1995,739368.0,0.24128,0.10938
Новгородская область,1996,735557.0,0.24308,0.10665
Новгородская область,1997,731464.0,0.24657,0.10349
Новгородская область,1998,729747.0,0.24752,0.19725
Новгородская область,1999,726027.0,0.24642,0.19096
Новгородская область,2000,718565.0,0.24571,0.18434
Новгородская область,2001,710261.0,0.24421,0.17783
Новгородская область,2002,700859.0,0.24622,0.08866
Новгородская область,2003,692138.0,0.24546,0.16602
Новгородская область,2004,682965.0,0.24235,0.08152
Новгородская область,2005,674519.0,0.24266,0.07852
Новгородская область,2006,665616.0,0.24312,0.14791
Новгородская область,2007,657584.0,0.24544,0.0742
Новгородская область,2008,652198.0,0.24842,0.14389
Новгородская область,2009,645369.0,0.25105,0.14483
Новгородская область,2010,639697.0,0.25556,0.14755
Новгородская область,2011,632799.0,0.26043,0.14958
Новгородская область,2012,629239.0,0.26505,
Новгородская область,2013,624910.0,0.27005,
Новгородская область,2014,621049.0,0.27508,
Новгородская область,2015,616886.0,0.27973,
Новгородская область,2016,613604.0,0.28386,
Новгородская область,2017,609998.0,0.28763,
Новгородская область,2018,603661.0,0.29266,
Новгородская область,2019,597046.0,0.29743,
Новгородская область,2020,592823.0,0.28644,
Новгородская область,2021,324541.0,0.52386,
Новгородская область,2022,581578.0,0.27432,
Новгородская область,2023,575926.0,0.27757,
Новгородская область,2024,571447.0,0.26805,
Новгородская область,2025,566960.0,0.2713,
Новосибирская область,1990,2742075.0,0.18203,0.12625
Новосибирская область,1991,2744809.0,0.18604,0.125
Новосибирская область,1992,2749253.0,0.18947,0.24261
Новосибирская область,1993,2746874.0,0.19403,0.12149
Новосибирская область,1994,2733738.0,0.19738,0.23324
Новосибирская область,1995,2732352.0,0.19974,0.11632
Новосибирская область,1996,2732721.0,0.20199,0.11423
Новосибирская область,1997,2729750.0,0.20383,0.11146
Новосибирская область,1998,2732245.0,0.20453,0.2115
Новосибирская область,1999,2734031.0,0.20404,0.2031
Новосибирская область,2000,2725499.0,0.2037,0.19359
Новосибирская область,2001,2715128.0,0.20335,0.18549
Новосибирская область,2002,2703012.0,0.20407,0.09095
Новосибирская область,2003,2688423.0,0.20384,0.17015
Новосибирская область,2004,2674155.0,0.20343,0.08444
Новосибирская область,2005,2665984.0,0.20428,0.08236
Новосибирская область,2006,2654853.0,0.20559,0.15655
Новосибирская область,2007,2647195.0,0.2088,0.07848
Новосибирская область,2008,2642727.0,0.21223,0.15083
Новосибирская область,2009,2648923.0,0.21479,0.15111
Новосибирская область,2010,2661594.0,0.2186,0.15266
Новосибирская область,2011,2666465.0,0.2236,0.15374
Новосибирская область,2012,2688341.0,0.22717,
Новосибирская область,2013,2712523.0,0.23056,
Новосибирская область,2014,2735783.0,0.23432,
Новосибирская область,2015,2753041.0,0.239,
Новосибирская область,2016,2769994.0,0.24408,
Новосибирская область,2017,2788853.0,0.24796,
Новосибирская область,2018,2799721.0,0.25199,
Новосибирская область,2019,2805820.0,0.25599,
Новосибирская область,2020,2812152.0,0.24673,
Новосибирская область,2021,1517405.0,0.45967,
Новосибирская область,2022,2797492.0,0.23735,
Новосибирская область,2023,2794266.0,0.24046,
Новосибирская область,2024,2789532.0,0.23214,
Новосибирская область,2025,2786540.0,0.23454,
Омская область,1990,2152578.0,0.16403,0.13898
Омская область,1991,2161266.0,0.16799,0.13751
Омская область,1992,2165262.0,0.17203,0.26795
Омская область,1993,2168933.0,0.17579,0.13368
Омская область,1994,2164114.0,0.17882,0.25808
Омская область,1995,2168597.0,0.18132,0.12852
Омская область,1996,2162178.0,0.18409,0.12605
Омская область,1997,2156283.0,0.18676,0.12331
Омская область,1998,2157338.0,0.18769,0.23453
Омская область,1999,2153911.0,0.1879,0.22573
Омская область,2000,2136058.0,0.18768,0.21594
Омская область,2001,2117291.0,0.1877,0.20644
Омская область,2002,2094735.0,0.1894,0.10083
Омская область,2003,2075422.0,0.18985,0.18733
Омская область,2004,2052741.0,0.1895,0.09217
Омская область,2005,2034091.0,0.19083,0.08893
Омская область,2006,2016288.0,0.19182,0.1686
Омская область,2007,2003282.0,0.19507,0.08417
Омская область,2008,1993290.0,0.19928,0.16205
Омская область,2009,1987716.0,0.20186,0.16135
Омская область,2010,1983985.0,0.2062,0.16259
Омская область,2011,1976560.0,0.21122,0.1638
Омская область,2012,1972257.0,0.2166,
Омская область,2013,1968815.0,0.22201,
Омская область,2014,1966103.0,0.2275,
Омская область,2015,1967798.0,0.23333,
Омская область,2016,1965483.0,0.23992,
Омская область,2017,1957127.0,0.24624,
Омская область,2018,1941999.0,0.25326,
Омская область,2019,1923601.0,0.26028,
Омская область,2020,1903587.0,0.25249,
Омская область,2021,1012309.0,0.47663,
Омская область,2022,1851537.0,0.24569,
Омская область,2023,1832064.0,0.25099,
Омская область,2024,1818093.0,0.24294,
Омская область,2025,1805806.0,0.24771,
Оренбургская область,1990,2151097.0,0.17517,0.13536
Оренбургская область,1991,2159743.0,0.17935,0.13487
Оренбургская область,1992,2168257.0,0.18354,0.2639
Оренбургская область,1993,2182602.0,0.18699,0.13293
Оренбургская область,1994,2196785.0,0.18898,0.25696
Оренбургская область,1995,2213038.0,0.18977,0.1291
Оренбургская область,1996,2218052.0,0.19225,0.12673
Оренбургская область,1997,2215936.0,0.19578,0.12371
Оренбургская область,1998,2218082.0,0.19699,0.23562
Оренбургская область,1999,2217558.0,0.19643,0.22866
Оренбургская область,2000,2211204.0,0.19541,0.22027
Оренбургская область,2001,2203616.0,0.19379,0.21328
Оренбургская область,2002,2189876.0,0.19424,0.10543
Оренбургская область,2003,2176000.0,0.19356,0.19769
Оренбургская область,2004,2149942.0,0.19313,0.0971
Оренбургская область,2005,2122459.0,0.19382,0.09395
Оренбургская область,2006,2093495.0,0.19475,0.17798
Оренбургская область,2007,2067890.0,0.19849,0.08895
Оренбургская область,2008,2055701.0,0.20164,0.17197
Оренбургская область,2009,2044256.0,0.20458,0.17197
Оренбургская область,2010,2042043.0,0.20871,0.1734
Оренбургская область,2011,2031497.0,0.21328,0.17484
Оренбургская область,2012,2017013.0,0.21851,
Оренбургская область,2013,2002685.0,0.22409,
Оренбургская область,2014,1988178.0,0.22998,
Оренбургская область,2015,1973855.0,0.23658,
Оренбургская область,2016,1960609.0,0.2434,
Оренбургская область,2017,1948795.0,0.24952,
Оренбургская область,2018,1930484.0,0.25635,
Оренбургская область,2019,1909862.0,0.26326,
Оренбургская область,2020,1898431.0,0.25441,
Оренбургская область,2021,1007953.0,0.48108,
Оренбургская область,2022,1855781.0,0.24549,
Оренбургская область,2023,1841377.0,0.25151,
Оренбургская область,2024,1828656.0,0.24331,
Оренбургская область,2025,1816898.0,0.2481,
Орловская область,1990,895123.0,0.23146,0.10769
Орловская область,1991,898256.0,0.23379,0.10781
Орловская область,1992,899207.0,0.23693,0.21207
Орловская область,1993,903489.0,0.23984,0.10724
Орловская область,1994,907552.0,0.24203,0.20888
Орловская область,1995,909379.0,0.24279,0.1054
Орловская область,1996,905510.0,0.24397,0.10362
Орловская область,1997,900489.0,0.24637,0.10166
Орловская область,1998,895703.0,0.2465,0.19544
Орловская область,1999,891035.0,0.24551,0.19086
Орловская область,2000,884269.0,0.24368,0.18536
Орловская область,2001,876672.0,0.2404,0.17979
Орловская область,2002,867553.0,0.24014,0.08911
Орловская область,2003,858312.0,0.23847,0.16742
Орловская область,2004,847051.0,0.23756,0.08299
Орловская область,2005,835165.0,0.23909,0.08055
Орловская область,2006,822096.0,0.23962,0.15294
Орловская область,2007,811389.0,0.24129,0.07617
Орловская область,2008,805207.0,0.24362,0.14784
Орловская область,2009,798855.0,0.24619,0.14724
Орловская область,2010,793144.0,0.25117,0.14758
Орловская область,2011,785592.0,0.25605,0.14775
Орловская область,2012,780938.0,0.26086,
Орловская область,2013,775110.0,0.26584,
Орловская область,2014,768891.0,0.27095,
Орловская область,2015,763769.0,0.27615,
Орловская область,2016,757886.0,0.28179,
Орловская область,2017,752608.0,0.28662,
Орловская область,2018,744665.0,0.29222,
Орловская область,2019,736511.0,0.29776,
Орловская область,2020,730169.0,0.28787,
Орловская область,2021,393699.0,0.53245,
Орловская область,2022,710023.0,0.27761,
Орловская область,2023,700276.0,0.28238,
Орловская область,2024,692486.0,0.27315,
Орловская область,2025,686181.0,0.2771,
Пензенская область,1990,1546079.0,0.2166,0.11451
Пензенская область,1991,1547825.0,0.21833,0.11418
Пензенская область,1992,1547783.0,0.22113,0.22257
Пензенская область,1993,1553447.0,0.2237,0.11162
Пензенская область,1994,1553178.0,0.22582,0.21607
Пензенская область,1995,1553563.0,0.22682,0.10868
Пензенская область,1996,1545529.0,0.22959,0.10641
Пензенская область,1997,1534965.0,0.23381,0.1037
Пензенская область,1998,1524599.0,0.23443,0.19857
Пензенская область,1999,1514283.0,0.23428,0.19296
Пензенская область,2000,1500196.0,0.23342,0.18636
Пензенская область,2001,1484149.0,0.23268,0.18023
Пензенская область,2002,1466215.0,0.23542,0.08875
Пензенская область,2003,1449233.0,0.23599,0.16624
Пензенская область,2004,1439986.0,0.23525,0.08163
Пензенская область,2005,1431060.0,0.2356,0.07853
Пензенская область,2006,1420065.0,0.23661,0.14844
Пензенская область,2007,1411733.0,0.23954,0.07376
Пензенская область,2008,1405351.0,0.24347,0.14223
Пензенская область,2009,1398160.0,0.24737,0.14115
Пензенская область,2010,1392414.0,0.25249,0.14144
Пензенская область,2011,1384006.0,0.25769,0.14215
Пензенская область,2012,1375223.0,0.26246,
Пензенская область,2013,1365848.0,0.26751,
Пензенская область,2014,1356649.0,0.27266,
Пензенская область,2015,1350786.0,0.27786,
Пензенская область,2016,1342636.0,0.28369,
Пензенская область,2017,1334285.0,0.28873,
Пензенская область,2018,1323155.0,0.29413,
Пензенская область,2019,1308089.0,0.30017,
Пензенская область,2020,1294506.0,0.29113,
Пензенская область,2021,696148.0,0.54097,
Пензенская область,2022,1261103.0,0.28142,
Пензенская область,2023,1246609.0,0.28749,
Пензенская область,2024,1236113.0,0.27854,
Пензенская область,2025,1226878.0,0.2829,
Пермский край,1990,3027958.0,0.17911,0.12936
Пермский край,1991,3022108.0,0.18304,0.12808
Пермский край,1992,3012524.0,0.18677,0.24922
Пермский край,1993,3003412.0,0.19052,0.12438
Пермский край,1994,2982229.0,0.19286,0.24053
Пермский край,1995,2963942.0,0.1938,0.1204
Пермский край,1996,2943491.0,0.19492,0.1182
Пермский край,1997,2926057.0,0.19668,0.11598
Пермский край,1998,2909664.0,0.19659,0.22339
Пермский край,1999,2896771.0,0.19566,0.21793
Пермский край,2000,2878903.0,0.19431,0.21086
Пермский край,2001,2858588.0,0.19292,0.20387
Пермский край,2002,2837146.0,0.1933,0.10059
Пермский край,2003,2813770.0,0.19214,0.18996
Пермский край,2004,2783049.0,0.19121,0.09348
Пермский край,2005,2751562.0,0.19281,0.09051
Пермский край,2006,2718765.0,0.19493,0.17264
Пермский край,2007,2691600.0,0.19916,0.08623
Пермский край,2008,2673957.0,0.2032,0.1688
Пермский край,2009,2660359.0,0.20659,0.16993
Пермский край,2010,2648654.0,0.21199,0.17245
Пермский край,2011,2633550.0,0.21745,0.17457
Пермский край,2012,2628639.0,0.22202,
Пермский край,2013,2629535.0,0.22634,
Пермский край,2014,2628259.0,0.23081,
Пермский край,2015,2625995.0,0.23567,
Пермский край,2016,2620820.0,0.24077,
Пермский край,2017,2615894.0,0.24522,
Пермский край,2018,2604385.0,0.24984,
Пермский край,2019,2589229.0,0.25454,
Пермский край,2020,2574746.0,0.24579,
Пермский край,2021,1383073.0,0.45883,
Пермский край,2022,2525149.0,0.23772,
Пермский край,2023,2508352.0,0.24187,
Пермский край,2024,2495266.0,0.23364,
Пермский край,2025,2483633.0,0.23717,
Приморский край,1990,2296684.0,0.12905,0.13123
Приморский край,1991,2309701.0,0.13248,0.13031
Приморский край,1992,2314531.0,0.13579,0.25402
Приморский край,1993,2302779.0,0.14073,0.12663
Приморский край,1994,2284070.0,0.14427,0.24345
Приморский край,1995,2266303.0,0.14787,0.12109
Приморский край,1996,2241793.0,0.15252,0.11857
Приморский край,1997,2217109.0,0.15734,0.11516
Приморский край,1998,2191952.0,0.16189,0.21784
Приморский край,1999,2167274.0,0.16474,0.20918
Приморский край,2000,2141025.0,0.16748,0.20033
Приморский край,2001,2120467.0,0.1703,0.19226
Приморский край,2002,2085743.0,0.17518,0.09506
Приморский край,2003,2067342.0,0.17851,0.17793
Приморский край,2004,2048582.0,0.18056,0.08811
Приморский край,2005,2028377.0,0.18401,0.08572
Приморский край,2006,2006536.0,0.1878,0.16302
Приморский край,2007,1988580.0,0.19348,0.08125
Приморский край,2008,1977392.0,0.19949,0.15622
Приморский край,2009,1969602.0,0.20439,0.15546
Приморский край,2010,1965178.0,0.21015,0.15587
Приморский край,2011,1953545.0,0.21586,0.15441
Приморский край,2012,1948370.0,0.22025,
Приморский край,2013,1943315.0,0.22482,
Приморский край,2014,1932577.0,0.22994,
Приморский край,2015,1924991.0,0.2349,
Приморский край,2016,1918531.0,0.23982,
Приморский край,2017,1910444.0,0.2438,
Приморский край,2018,1898456.0,0.24788,
Приморский край,2019,1886265.0,0.25199,
Приморский край,2020,1877672.0,0.24241,
Приморский край,2021,986226.0,0.46205,
Приморский край,2022,1841961.0,0.23362,
Приморский край,2023,1820076.0,0.23755,
Приморский край,2024,1806393.0,0.22921,
Приморский край,2025,1799659.0,0.23276,
Псковская область,1990,844140.0,0.24798,0.10763
Псковская область,1991,842905.0,0.24927,0.10816
Псковская область,1992,837683.0,0.25115,0.21253
Псковская область,1993,836046.0,0.25423,0.1075
Псковская область,1994,832136.0,0.25437,0.2085
Псковская область,1995,830017.0,0.25224,0.1059
Псковская область,1996,826283.0,0.25408,0.10439
Псковская область,1997,820534.0,0.2567,0.10213
Псковская область,1998,813095.0,0.2574,0.19369
Псковская область,1999,804632.0,0.2566,0.18727
Псковская область,2000,793239.0,0.25508,0.18013
Псковская область,2001,781844.0,0.25313,0.17341
Псковская область,2002,769653.0,0.25421,0.08593
Псковская область,2003,758119.0,0.25344,0.16081
Псковская область,2004,746750.0,0.24949,0.08022
Псковская область,2005,734520.0,0.24873,0.07874
Псковская область,2006,720770.0,0.24839,0.14636
Псковская область,2007,708234.0,0.2503,0.07441
Псковская область,2008,699591.0,0.2528,0.13929
Псковская область,2009,690335.0,0.25545,0.13932
Псковская область,2010,681892.0,0.26013,0.14152
Псковская область,2011,671272.0,0.26506,0.14331
Псковская область,2012,665386.0,0.26975,
Псковская область,2013,658324.0,0.27464,
Псковская область,2014,651757.0,0.27975,
Псковская область,2015,644696.0,0.28477,
Псковская область,2016,638613.0,0.29013,
Псковская область,2017,632829.0,0.29377,
Псковская область,2018,625776.0,0.29862,
Псковская область,2019,617466.0,0.30421,
Псковская область,2020,612495.0,0.29331,
Псковская область,2021,330231.0,0.5429,
Псковская область,2022,596899.0,0.28218,
Псковская область,2023,587786.0,0.28696,
Псковская область,2024,581147.0,0.27719,
Псковская область,2025,574480.0,0.28125,
Республика Адыгея,1990,434788.0,0.21139,0.12589
Республика Адыгея,1991,436598.0,0.21427,0.12523
Республика Адыгея,1992,441280.0,0.21489,0.24592
Республика Адыгея,1993,446191.0,0.21706,0.12422
Республика Адыгея,1994,448480.0,0.2182,0.24187
Республика Адыгея,1995,449864.0,0.22025,0.12153
Республика Адыгея,1996,450358.0,0.22383,0.12028
Республика Адыгея,1997,450075.0,0.22674,0.11822
Республика Адыгея,1998,450810.0,0.2278,0.22672
Республика Адыгея,1999,450358.0,0.2279,0.22093
Республика Адыгея,2000,449052.0,0.2269,0.21317
Республика Адыгея,2001,447327.0,0.22576,0.20615
Республика Адыгея,2002,446628.0,0.22536,0.10228
Республика Адыгея,2003,446828.0,0.22384,0.19259
Республика Адыгея,2004,444848.0,0.22251,0.09604
Республика Адыгея,2005,443300.0,0.22243,0.09414
Республика Адыгея,2006,440993.0,0.22276,0.18027
Республика Адыгея,2007,438603.0,0.22414,0.09094
Республика Адыгея,2008,437900.0,0.22606,0.17655
Республика Адыгея,2009,439380.0,0.22711,0.17537
Республика Адыгея,2010,439760.0,0.22999,0.17597
Республика Адыгея,2011,439935.0,0.23297,0.1783
Республика Адыгея,2012,445029.0,0.23421,
Республика Адыгея,2013,449751.0,0.23583,
Республика Адыгея,2014,454421.0,0.23816,
Республика Адыгея,2015,459921.0,0.24031,
Республика Адыгея,2016,465278.0,0.2439,
Республика Адыгея,2017,469850.0,0.24661,
Республика Адыгея,2018,472554.0,0.24948,
Республика Адыгея,2019,476597.0,0.25213,
Республика Адыгея,2020,487559.0,0.23896,
Республика Адыгея,2021,260753.0,0.4531,
Республика Адыгея,2022,498285.0,0.22729,
Республика Адыгея,2023,497985.0,0.23188,
Республика Адыгея,2024,500591.0,0.22327,
Республика Адыгея,2025,500731.0,0.22677,
Республика Алтай,1990,193275.0,0.15052,0.16386
Республика Алтай,1991,195577.0,0.15375,0.16148
Республика Алтай,1992,196962.0,0.15594,0.3175
Республика Алтай,1993,196371.0,0.15864,0.15791
Республика Алтай,1994,196977.0,0.15893,0.30831
Республика Алтай,1995,198542.0,0.15834,0.15514
Республика Алтай,1996,199879.0,0.15648,0.15128
Республика Алтай,1997,199933.0,0.15543,0.14849
Республика Алтай,1998,200461.0,0.15318,0.28799
Республика Алтай,1999,201699.0,0.15065,0.28129
Республика Алтай,2000,202441.0,0.14774,0.27448
Республика Алтай,2001,203030.0,0.14504,0.26899
Республика Алтай,2002,202945.0,0.14247,0.13424
Республика Алтай,2003,203038.0,0.13931,0.25625
Республика Алтай,2004,202571.0,0.13669,0.12541
Республика Алтай,2005,202333.0,0.13568,0.1207
Республика Алтай,2006,201674.0,0.13514,0.23457
Республика Алтай,2007,201744.0,0.13643,0.11727
Республика Алтай,2008,203128.0,0.13805,0.23562
Республика Алтай,2009,204687.0,0.13989,0.24063
Республика Алтай,2010,205386.0,0.14442,0.24652
Республика Алтай,2011,206530.0,0.14908,0.25114
Республика Алтай,2012,207439.0,0.15402,
Республика Алтай,2013,208337.0,0.15867,
Республика Алтай,2014,208627.0,0.16395,
Республика Алтай,2015,209676.0,0.16938,
Республика Алтай,2016,210143.0,0.17483,
Республика Алтай,2017,211004.0,0.18023,
Республика Алтай,2018,211097.0,0.18593,
Республика Алтай,2019,210940.0,0.19087,
Республика Алтай,2020,211313.0,0.18294,
Республика Алтай,2021,111543.0,0.35211,
Республика Алтай,2022,210808.0,0.17604,
Республика Алтай,2023,210769.0,0.17888,
Республика Алтай,2024,210765.0,0.17205,
Республика Алтай,2025,210095.0,0.17555,
Республика Башкортостан,1990,3941321.0,0.17737,0.13624
Республика Башкортостан,1991,3962282.0,0.18209,0.13577
Республика Башкортостан,1992,3987884.0,0.18665,0.2669
Республика Башкортостан,1993,4022150.0,0.19045,0.13423
Республика Башкортостан,1994,4037178.0,0.19303,0.26257
Республика Башкортостан,1995,4062622.0,0.19471,0.13193
Республика Башкортостан,1996,4084473.0,0.1963,0.12993
Республика Башкортостан,1997,4098089.0,0.19825,0.12777
Республика Башкортостан,1998,4107790.0,0.19842,0.2469
Республика Башкортостан,1999,4117545.0,0.19722,0.24171
Республика Башкортостан,2000,4119810.0,0.19548,0.23454
Республика Башкортостан,2001,4115176.0,0.19363,0.22732
Республика Башкортостан,2002,4108249.0,0.19359,0.11182
Республика Башкортостан,2003,4102274.0,0.19236,0.2106
Республика Башкортостан,2004,4094215.0,0.19003,0.1026
Республика Башкортостан,2005,4081349.0,0.18942,0.09862
Республика Башкортостан,2006,4066257.0,0.18898,0.18704
Республика Башкортостан,2007,4053439.0,0.19112,0.09254
Республика Башкортостан,2008,4054821.0,0.19325,0.17999
Республика Башкортостан,2009,4059373.0,0.19466,0.17972
Республика Башкортостан,2010,4068545.0,0.19824,0.18109
Республика Башкортостан,2011,4072085.0,0.20157,0.18276
Республика Башкортостан,2012,4072570.0,0.20577,
Республика Башкортостан,2013,4077986.0,0.21072,
Республика Башкортостан,2014,4095306.0,0.21531,
Республика Башкортостан,2015,4105743.0,0.22094,
Республика Башкортостан,2016,4113955.0,0.22724,
Республика Башкортостан,2017,4118817.0,0.23313,
Республика Башкортостан,2018,4122748.0,0.23933,
Республика Башкортостан,2019,4118072.0,0.246,
Республика Башкортостан,2020,4112834.0,0.23783,
Республика Башкортостан,2021,2164929.0,0.45884,
Республика Башкортостан,2022,4091621.0,0.23097,
Республика Башкортостан,2023,4077600.0,0.23793,
Республика Башкортостан,2024,4064361.0,0.23036,
Республика Башкортостан,2025,4042377.0,0.23649,
Республика Бурятия,1990,1048063.0,0.1274,0.16022
Республика Бурятия,1991,1052038.0,0.13065,0.15886
Республика Бурятия,1992,1052030.0,0.13443,0.30902
Республика Бурятия,1993,1046176.0,0.13875,0.15391
Республика Бурятия,1994,1039946.0,0.14163,0.29646
Республика Бурятия,1995,1037366.0,0.14349,0.14727
Республика Бурятия,1996,1033258.0,0.14607,0.14441
Республика Бурятия,1997,1028533.0,0.14842,0.1411
Республика Бурятия,1998,1020468.0,0.14993,0.26967
Республика Бурятия,1999,1013433.0,0.15003,0.26068
Республика Бурятия,2000,1004808.0,0.14951,0.25184
Республика Бурятия,2001,996912.0,0.14932,0.24408
Республика Бурятия,2002,987289.0,0.14986,0.12088
Республика Бурятия,2003,979605.0,0.14962,0.22854
Республика Бурятия,2004,974561.0,0.1487,0.11226
Республика Бурятия,2005,970994.0,0.14916,0.10821
Республика Бурятия,2006,966914.0,0.14984,0.20588
Республика Бурятия,2007,964581.0,0.15216,0.1028
Республика Бурятия,2008,965156.0,0.15556,0.20132
Республика Бурятия,2009,966595.0,0.15887,0.20386
Республика Бурятия,2010,969736.0,0.16352,0.20885
Республика Бурятия,2011,971538.0,0.16763,0.21293
Республика Бурятия,2012,971309.0,0.17236,
Республика Бурятия,2013,971260.0,0.17723,
Республика Бурятия,2014,972842.0,0.18231,
Республика Бурятия,2015,976949.0,0.1874,
Республика Бурятия,2016,980157.0,0.19264,
Республика Бурятия,2017,981569.0,0.19767,
Республика Бурятия,2018,981287.0,0.20257,
Республика Бурятия,2019,979541.0,0.2071,
Республика Бурятия,2020,982098.0,0.19865,
Республика Бурятия,2021,520413.0,0.37994,
Республика Бурятия,2022,977951.0,0.1918,
Республика Бурятия,2023,974628.0,0.19542,
Республика Бурятия,2024,971922.0,0.18822,
Республика Бурятия,2025,971139.0,0.19138,
Республика Дагестан,1990,1820164.0,0.12311,0.18254
Республика Дагестан,1991,1875345.0,0.1255,0.18235
Республика Дагестан,1992,1937297.0,0.12659,0.36055
Республика Дагестан,1993,1990359.0,0.12769,0.18112
Республика Дагестан,1994,2033523.0,0.12815,0.35737
Республика Дагестан,1995,2200039.0,0.12408,0.1797
Республика Дагестан,1996,2218427.0,0.12262,0.18097
Республика Дагестан,1997,2283187.0,0.12139,0.18024
Республика Дагестан,1998,2332837.0,0.12047,0.35309
Республика Дагестан,1999,2392292.0,0.11748,0.34693
Республика Дагестан,2000,2442609.0,0.11463,0.33763
Республика Дагестан,2001,2486002.0,0.11271,0.32741
Республика Дагестан,2002,2536077.0,0.11068,0.1597
Республика Дагестан,2003,2581412.0,0.10937,0.30548
Республика Дагестан,2004,2617502.0,0.10685,0.15115
Республика Дагестан,2005,2652711.0,0.10481,0.14866
Республика Дагестан,2006,2692619.0,0.10398,0.28856
Республика Дагестан,2007,2735837.0,0.10296,0.14306
Республика Дагестан,2008,2788600.0,0.10329,0.27848
Республика Дагестан,2009,2826525.0,0.10414,0.27497
Республика Дагестан,2010,2868759.0,0.10555,0.27306
Республика Дагестан,2011,2914204.0,0.10787,0.27002
Республика Дагестан,2012,2934613.0,0.11059,
Республика Дагестан,2013,2953659.0,0.11329,
Республика Дагестан,2014,2975021.0,0.11673,
Республика Дагестан,2015,3004924.0,0.12096,
Республика Дагестан,2016,3032478.0,0.12651,
Республика Дагестан,2017,3061334.0,0.13099,
Республика Дагестан,2018,3086574.0,0.13638,
Республика Дагестан,2019,3112988.0,0.14229,
Республика Дагестан,2020,3140888.0,0.13744,
Республика Дагестан,2021,1607261.0,0.27922,
Республика Дагестан,2022,3186902.0,0.13242,
Республика Дагестан,2023,3209781.0,0.14002,
Республика Дагестан,2024,3232224.0,0.13576,
Республика Дагестан,2025,3259890.0,0.14136,
Республика Ингушетия,1990,189340.0,0.11373,0.18841
Республика Ингушетия,1991,192642.0,0.11497,0.19008
Республика Ингушетия,1992,194105.0,0.11505,0.3787
Республика Ингушетия,1993,195821.0,0.11326,0.19238
Республика Ингушетия,1994,194171.0,0.11043,0.37741
Республика Ингушетия,1995,263092.0,0.09519,0.17476
Республика Ингушетия,1996,282342.0,0.09693,0.17423
Республика Ингушетия,1997,291209.0,0.09711,0.17319
Республика Ингушетия,1998,296294.0,0.09602,0.35786
Республика Ингушетия,1999,301745.0,0.09394,0.36491
Республика Ингушетия,2000,340028.0,0.09471,0.36509
Республика Ингушетия,2001,445443.0,0.08123,0.34361
Республика Ингушетия,2002,455519.0,0.07855,0.17255
Республика Ингушетия,2003,468773.0,0.0757,0.36257
Республика Ингушетия,2004,451933.0,0.07549,0.16973
Республика Ингушетия,2005,433685.0,0.07551,0.16385
Республика Ингушетия,2006,417392.0,0.07585,0.33372
Республика Ингушетия,2007,406739.0,0.07639,0.14945
Республика Ингушетия,2008,406621.0,0.07841,0.31886
Республика Ингушетия,2009,409210.0,0.08013,0.31573
Республика Ингушетия,2010,411736.0,0.08228,0.31621
Республика Ингушетия,2011,414524.0,0.08706,0.31544
Республика Ингушетия,2012,429263.0,0.08764,
Республика Ингушетия,2013,440071.0,0.08897,
Республика Ингушетия,2014,449639.0,0.09042,
Республика Ингушетия,2015,459335.0,0.09204,
Республика Ингушетия,2016,467128.0,0.09607,
Республика Ингушетия,2017,473639.0,0.09808,
Республика Ингушетия,2018,480034.0,0.0998,
Республика Ингушетия,2019,488197.0,0.10199,
Республика Ингушетия,2020,496679.0,0.09502,
Республика Ингушетия,2021,255263.0,0.18953,
Республика Ингушетия,2022,511316.0,0.08807,
Республика Ингушетия,2023,519078.0,0.09755,
Республика Ингушетия,2024,527220.0,0.09456,
Республика Ингушетия,2025,534491.0,0.09904,
Республика Калмыкия,1990,325040.0,0.11246,0.16523
Республика Калмыкия,1991,327956.0,0.11746,0.16475
Республика Калмыкия,1992,325524.0,0.12328,0.32195
Республика Калмыкия,1993,319605.0,0.12883,0.16398
Республика Калмыкия,1994,318032.0,0.13258,0.31732
Республика Калмыкия,1995,316633.0,0.1363,0.15915
Республика Калмыкия,1996,314656.0,0.14083,0.15495
Республика Калмыкия,1997,313103.0,0.14418,0.15033
Республика Калмыкия,1998,312031.0,0.14716,0.28812
Республика Калмыкия,1999,310457.0,0.14775,0.27975
Республика Калмыкия,2000,308347.0,0.14749,0.27083
Республика Калмыкия,2001,307281.0,0.14635,0.26133
Республика Калмыкия,2002,297583.0,0.14677,0.13003
Республика Калмыкия,2003,291850.0,0.14533,0.2461
Республика Калмыкия,2004,292168.0,0.14395,0.11951
Республика Калмыкия,2005,293179.0,0.14421,0.11391
Республика Калмыкия,2006,293515.0,0.14434,0.21376
Республика Калмыкия,2007,293011.0,0.14613,0.105
Республика Калмыкия,2008,291654.0,0.14862,0.20261
Республика Калмыкия,2009,290277.0,0.152,0.20162
Республика Калмыкия,2010,289672.0,0.15741,0.20173
Республика Калмыкия,2011,288902.0,0.16198,0.20443
Республика Калмыкия,2012,286372.0,0.16868,
Республика Калмыкия,2013,283566.0,0.17602,
Республика Калмыкия,2014,281276.0,0.18367,
Республика Калмыкия,2015,279721.0,0.1922,
Республика Калмыкия,2016,277811.0,0.20119,
Республика Калмыкия,2017,276876.0,0.20953,
Республика Калмыкия,2018,274494.0,0.21816,
Республика Калмыкия,2019,271721.0,0.22691,
Республика Калмыкия,2020,270151.0,0.2193,
Республика Калмыкия,2021,139454.0,0.43543,
Республика Калмыкия,2022,266432.0,0.21535,
Республика Калмыкия,2023,264483.0,0.22276,
Республика Калмыкия,2024,266770.0,0.21321,
Республика Калмыкия,2025,267588.0,0.21894,
Республика Карелия,1990,791719.0,0.16396,0.12992
Республика Карелия,1991,791459.0,0.16833,0.12895
Республика Карелия,1992,789509.0,0.1728,0.25064
Республика Карелия,1993,786088.0,0.17785,0.1249
Республика Карелия,1994,778118.0,0.18156,0.24137
Республика Карелия,1995,770690.0,0.18357,0.12006
Республика Карелия,1996,763360.0,0.18602,0.11745
Республика Карелия,1997,756003.0,0.18928,0.11445
Республика Карелия,1998,749837.0,0.19077,0.21802
Республика Карелия,1999,743573.0,0.19041,0.20994
Республика Карелия,2000,735462.0,0.18982,0.20114
Республика Карелия,2001,728813.0,0.18867,0.19339
Республика Карелия,2002,721538.0,0.19042,0.09559
Республика Карелия,2003,715213.0,0.19026,0.17856
Республика Карелия,2004,702847.0,0.1901,0.08771
Республика Карелия,2005,689601.0,0.19415,0.08455
Республика Карелия,2006,676041.0,0.19839,0.15918
Республика Карелия,2007,665032.0,0.20413,0.07973
Республика Карелия,2008,659404.0,0.20962,0.15478
Республика Карелия,2009,653766.0,0.21453,0.15619
Республика Карелия,2010,648718.0,0.2221,0.15849
Республика Карелия,2011,642582.0,0.22879,0.16046
Республика Карелия,2012,635036.0,0.23687,
Республика Карелия,2013,625714.0,0.24429,
Республика Карелия,2014,615916.0,0.25239,
Республика Карелия,2015,607550.0,0.26082,
Республика Карелия,2016,596247.0,0.2695,
Республика Карелия,2017,585783.0,0.27707,
Республика Карелия,2018,571854.0,0.28425,
Республика Карелия,2019,559416.0,0.29145,
Республика Карелия,2020,550721.0,0.28357,
Республика Карелия,2021,298468.0,0.52363,
Республика Карелия,2022,532384.0,0.27603,
Республика Карелия,2023,527880.0,0.2799,
Республика Карелия,2024,523856.0,0.27032,
Республика Карелия,2025,518950.0,0.27516,
Республика Коми,1990,1248891.0,0.10262,0.14219
Республика Коми,1991,1239885.0,0.10711,0.14124
Республика Коми,1992,1222134.0,0.11231,0.27395
Республика Коми,1993,1206079.0,0.11813,0.13736
Республика Коми,1994,1192063.0,0.12211,0.26211
Республика Коми,1995,1156750.0,0.12647,0.13129
Республика Коми,1996,1132650.0,0.13009,0.12785
Республика Коми,1997,1115737.0,0.13384,0.12403
Республика Коми,1998,1095723.0,0.13707,0.23565
Республика Коми,1999,1077990.0,0.1386,0.22777
Республика Коми,2000,1057873.0,0.14001,0.21916
Республика Коми,2001,1042880.0,0.13959,0.21124
Республика Коми,2002,1029644.0,0.14104,0.10434
Республика Коми,2003,1016040.0,0.14053,0.1958
Республика Коми,2004,999857.0,0.14085,0.09611
Республика Коми,2005,982890.0,0.14411,0.09309
Республика Коми,2006,962952.0,0.14762,0.1773
Республика Коми,2007,944816.0,0.15278,0.08914
Республика Коми,2008,934867.0,0.15795,0.17275
Республика Коми,2009,922321.0,0.16248,0.17374
Республика Коми,2010,911977.0,0.16989,0.17605
Республика Коми,2011,899215.0,0.17697,0.17794
Республика Коми,2012,883075.0,0.18469,
Республика Коми,2013,867181.0,0.19301,
Республика Коми,2014,852106.0,0.20105,
Республика Коми,2015,838068.0,0.20958,
Республика Коми,2016,824084.0,0.21834,
Республика Коми,2017,811491.0,0.22631,
Республика Коми,2018,795815.0,0.2345,
Республика Коми,2019,779106.0,0.24286,
Республика Коми,2020,763404.0,0.2359,
Республика Коми,2021,402518.0,0.45029,
Республика Коми,2022,734363.0,0.23172,
Республика Коми,2023,726434.0,0.23775,
Республика Коми,2024,720610.0,0.22997,
Республика Коми,2025,714785.0,0.2351,
Республика Крым,2012,0.0,,
Республика Крым,2013,0.0,,
Республика Крым,2014,0.0,,
Республика Крым,2015,1895915.0,0.26983,
Республика Крым,2016,1912596.0,0.27244,
Республика Крым,2017,1922846.0,0.27497,
Республика Крым,2018,1929621.0,0.27777,
Республика Крым,2019,1932788.0,0.28036,
Республика Крым,2020,1938630.0,0.26906,
Республика Крым,2021,1038041.0,0.50291,
Республика Крым,2022,1931091.0,0.25636,
Республика Крым,2023,1916805.0,0.25932,
Республика Крым,2024,1909499.0,0.25054,
Республика Крым,2025,1902249.0,0.25384,
Республика Марий Эл,1990,753698.0,0.17513,0.13781
Республика Марий Эл,1991,755359.0,0.17779,0.13724
Республика Марий Эл,1992,757351.0,0.18053,0.26812
Республика Марий Эл,1993,758363.0,0.18426,0.13435
Республика Марий Эл,1994,757680.0,0.18624,0.26046
Республика Марий Эл,1995,757834.0,0.18777,0.13017
Республика Марий Эл,1996,756329.0,0.18958,0.12707
Республика Марий Эл,1997,753448.0,0.19132,0.12375
Республика Марий Эл,1998,750454.0,0.19169,0.23732
Республика Марий Эл,1999,747446.0,0.19009,0.23039
Республика Марий Эл,2000,743828.0,0.18838,0.22183
Республика Марий Эл,2001,739091.0,0.18653,0.21366
Республика Марий Эл,2002,732774.0,0.18669,0.10468
Республика Марий Эл,2003,726730.0,0.18601,0.19492
Республика Марий Эл,2004,722703.0,0.18475,0.09456
Республика Марий Эл,2005,718260.0,0.18493,0.09026
Республика Марий Эл,2006,713422.0,0.18526,0.17019
Республика Марий Эл,2007,708546.0,0.18793,0.0842
Республика Марий Эл,2008,704949.0,0.19138,0.16283
Республика Марий Эл,2009,701609.0,0.19513,0.163
Республика Марий Эл,2010,699389.0,0.2007,0.16486
Республика Марий Эл,2011,695482.0,0.20635,0.16691
Республика Марий Эл,2012,692937.0,0.21259,
Республика Марий Эл,2013,691286.0,0.21945,
Республика Марий Эл,2014,690057.0,0.22622,
Республика Марий Эл,2015,689240.0,0.23364,
Республика Марий Эл,2016,688111.0,0.24118,
Республика Марий Эл,2017,687366.0,0.24782,
Республика Марий Эл,2018,685451.0,0.25496,
Республика Марий Эл,2019,683934.0,0.26159,
Республика Марий Эл,2020,683437.0,0.25295,
Республика Марий Эл,2021,363292.0,0.48335,
Республика Марий Эл,2022,676351.0,0.24698,
Республика Марий Эл,2023,672321.0,0.25399,
Республика Марий Эл,2024,669854.0,0.24616,
Республика Марий Эл,2025,666202.0,0.25243,
Республика Мордовия,1990,963778.0,0.20969,0.11987
Республика Мордовия,1991,962340.0,0.21188,0.11954
Республика Мордовия,1992,960443.0,0.2146,0.23365
Республика Мордовия,1993,960671.0,0.2174,0.11736
Республика Мордовия,1994,958247.0,0.21971,0.22728
Республика Мордовия,1995,954348.0,0.22096,0.11382
Республика Мордовия,1996,949061.0,0.2232,0.11088
Республика Мордовия,1997,942694.0,0.2255,0.1079
Республика Мордовия,1998,935013.0,0.22558,0.20788
Республика Мордовия,1999,927437.0,0.22441,0.20186
Республика Мордовия,2000,918443.0,0.22244,0.1951
Республика Мордовия,2001,908152.0,0.22046,0.18882
Республика Мордовия,2002,897136.0,0.22161,0.09266
Республика Мордовия,2003,886165.0,0.22124,0.17368
Республика Мордовия,2004,878299.0,0.21927,0.08444
Республика Мордовия,2005,871848.0,0.21827,0.08106
Республика Мордовия,2006,864704.0,0.21738,0.15274
Республика Мордовия,2007,857903.0,0.21917,0.07528
Республика Мордовия,2008,851658.0,0.22231,0.14519
Республика Мордовия,2009,844962.0,0.22568,0.14389
Республика Мордовия,2010,839184.0,0.2304,0.1438
Республика Мордовия,2011,833263.0,0.23483,0.14429
Республика Мордовия,2012,826272.0,0.24073,
Республика Мордовия,2013,820385.0,0.2474,
Республика Мордовия,2014,814971.0,0.25433,
Республика Мордовия,2015,812691.0,0.26151,
Республика Мордовия,2016,812375.0,0.26834,
Республика Мордовия,2017,814359.0,0.27419,
Республика Мордовия,2018,811820.0,0.28109,
Республика Мордовия,2019,803333.0,0.29053,
Республика Мордовия,2020,798993.0,0.28251,
Республика Мордовия,2021,423320.0,0.53893,
Республика Мордовия,2022,781440.0,0.27805,
Республика Мордовия,2023,771373.0,0.28668,
Республика Мордовия,2024,765891.0,0.27855,
Республика Мордовия,2025,758895.0,0.28598,
Республика Саха (Якутия),1990,1111480.0,0.06695,0.16498
Республика Саха (Якутия),1991,1118983.0,0.0705,0.1637
Республика Саха (Якутия),1992,1100342.0,0.07559,0.31891
Республика Саха (Якутия),1993,1079678.0,0.08076,0.15945
Республика Саха (Якутия),1994,1064617.0,0.08477,0.30963
Республика Саха (Якутия),1995,1037155.0,0.08916,0.15497
Республика Саха (Якутия),1996,1020320.0,0.09206,0.15338
Республика Саха (Якутия),1997,1010110.0,0.09414,0.1514
Республика Саха (Якутия),1998,994966.0,0.09582,0.29406
Республика Саха (Якутия),1999,977117.0,0.09705,0.28825
Республика Саха (Якутия),2000,962507.0,0.09799,0.28171
Республика Саха (Якутия),2001,957478.0,0.09843,0.27515
Республика Саха (Якутия),2002,951478.0,0.09909,0.13819
Республика Саха (Якутия),2003,948636.0,0.09961,0.2637
Республика Саха (Якутия),2004,949969.0,0.10004,0.13111
Республика Саха (Якутия),2005,953170.0,0.10185,0.12773
Республика Саха (Якутия),2006,954394.0,0.10447,0.2431
Республика Саха (Якутия),2007,956099.0,0.10837,0.12098
Республика Саха (Якутия),2008,958929.0,0.11285,0.23367
Республика Саха (Якутия),2009,958056.0,0.11726,0.23221
Республика Саха (Якутия),2010,958338.0,0.12293,0.23282
Республика Саха (Якутия),2011,958258.0,0.1283,0.23316
Республика Саха (Якутия),2012,956328.0,0.1335,
Республика Саха (Якутия),2013,956408.0,0.13861,
Республика Саха (Якутия),2014,956219.0,0.14415,
Республика Саха (Якутия),2015,958957.0,0.14975,
Республика Саха (Якутия),2016,962527.0,0.15568,
Республика Саха (Якутия),2017,966253.0,0.1619,
Республика Саха (Якутия),2018,968065.0,0.16742,
Республика Саха (Якутия),2019,971399.0,0.17244,
Республика Саха (Якутия),2020,976722.0,0.16511,
Республика Саха (Якутия),2021,511910.0,0.32416,
Республика Саха (Якутия),2022,997833.0,0.15804,
Республика Саха (Якутия),2023,997565.0,0.16352,
Республика Саха (Якутия),2024,1001664.0,0.15748,
Республика Саха (Якутия),2025,1006561.0,0.16242,
Республика Северная Осетия - Алания,1990,646348.0,0.17786,0.13371
Республика Северная Осетия - Алания,1991,652114.0,0.18124,0.13464
Республика Северная Осетия - Алания,1992,705019.0,0.17655,0.25978
Республика Северная Осетия - Алания,1993,661783.0,0.18803,0.13381
Республика Северная Осетия - Алания,1994,661144.0,0.19201,0.25767
Республика Северная Осетия - Алания,1995,670701.0,0.19467,0.13189
Республика Северная Осетия - Алания,1996,677237.0,0.19816,0.13061
Республика Северная Осетия - Алания,1997,681778.0,0.20097,0.12855
Республика Северная Осетия - Алания,1998,681150.0,0.20299,0.24717
Республика Северная Осетия - Алания,1999,684130.0,0.20316,0.24147
Республика Северная Осетия - Алания,2000,693564.0,0.20402,0.2326
Республика Северная Осетия - Алания,2001,704351.0,0.20404,0.22475
Республика Северная Осетия - Алания,2002,709630.0,0.20374,0.11214
Республика Северная Осетия - Алания,2003,709671.0,0.20342,0.21271
Республика Северная Осетия - Алания,2004,707679.0,0.20047,0.10628
Республика Северная Осетия - Алания,2005,706393.0,0.1992,0.10431
Республика Северная Осетия - Алания,2006,706896.0,0.19834,0.20156
Республика Северная Осетия - Алания,2007,708800.0,0.1984,0.10175
Республика Северная Осетия - Алания,2008,711509.0,0.19997,0.19802
Республика Северная Осетия - Алания,2009,711661.0,0.20123,0.19744
Республика Северная Осетия - Алания,2010,711725.0,0.20377,0.19815
Республика Северная Осетия - Алания,2011,712481.0,0.20643,0.19797
Республика Северная Осетия - Алания,2012,708928.0,0.20866,
Республика Северная Осетия - Алания,2013,706188.0,0.21155,
Республика Северная Осетия - Алания,2014,703871.0,0.21476,
Республика Северная Осетия - Алания,2015,704821.0,0.21763,
Республика Северная Осетия - Алания,2016,703409.0,0.22217,
Республика Северная Осетия - Алания,2017,702555.0,0.22584,
Республика Северная Осетия - Алания,2018,700729.0,0.22966,
Республика Северная Осетия - Алания,2019,697751.0,0.23407,
Республика Северная Осетия - Алания,2020,694939.0,0.22542,
Республика Северная Осетия - Алания,2021,368860.0,0.42746,
Республика Северная Осетия - Алания,2022,685393.0,0.21753,
Республика Северная Осетия - Алания,2023,680748.0,0.22362,
Республика Северная Осетия - Алания,2024,678879.0,0.21665,
Республика Северная Осетия - Алания,2025,678826.0,0.22111,
Республика Татарстан,1990,3653969.0,0.18178,0.1293
Республика Татарстан,1991,3675425.0,0.18496,0.12903
Республика Татарстан,1992,3692334.0,0.18844,0.25248
Республика Татарстан,1993,3719831.0,0.19159,0.12681
Республика Татарстан,1994,3740811.0,0.1943,0.24648
Республика Татарстан,1995,3751808.0,0.19712,0.12408
Республика Татарстан,1996,3761178.0,0.19877,0.12207
Республика Татарстан,1997,3770046.0,0.20121,0.12001
Республика Татарстан,1998,3780352.0,0.20131,0.23176
Республика Татарстан,1999,3789259.0,0.20026,0.227
Республика Татарстан,2000,3789688.0,0.19944,0.22003
Республика Татарстан,2001,3786845.0,0.19825,0.21309
Республика Татарстан,2002,3781867.0,0.19927,0.10521
Республика Татарстан,2003,3777667.0,0.19863,0.19774
Республика Татарстан,2004,3773105.0,0.19719,0.09695
Республика Татарстан,2005,3768167.0,0.19743,0.09343
Республика Татарстан,2006,3761600.0,0.19786,0.17699
Республика Татарстан,2007,3763106.0,0.20042,0.08742
Республика Татарстан,2008,3766778.0,0.20337,0.16832
Республика Татарстан,2009,3773526.0,0.20601,0.16644
Республика Татарстан,2010,3784458.0,0.21037,0.16668
Республика Татарстан,2011,3787485.0,0.21449,0.16733
Республика Татарстан,2012,3812442.0,0.21824,
Республика Татарстан,2013,3841355.0,0.22237,
Республика Татарстан,2014,3867609.0,0.22673,
Республика Татарстан,2015,3894478.0,0.23164,
Республика Татарстан,2016,3919117.0,0.23733,
Республика Татарстан,2017,3946725.0,0.2421,
Республика Татарстан,2018,3966804.0,0.2474,
Республика Татарстан,2019,3981947.0,0.2526,
Республика Татарстан,2020,3996358.0,0.24383,
Республика Татарстан,2021,2133114.0,0.46327,
Республика Татарстан,2022,4000084.0,0.23581,
Республика Татарстан,2023,4001625.0,0.24155,
Республика Татарстан,2024,4003016.0,0.2336,
Республика Татарстан,2025,4019606.0,0.23781,
Республика Тыва,1990,312576.0,0.08116,0.18727
Республика Тыва,1991,304459.0,0.08487,0.18647
Республика Тыва,1992,303300.0,0.08702,0.36771
Республика Тыва,1993,302348.0,0.08801,0.18256
Республика Тыва,1994,302160.0,0.08908,0.36032
Республика Тыва,1995,303452.0,0.08985,0.17911
Республика Тыва,1996,305042.0,0.09052,0.17749
Республика Тыва,1997,305404.0,0.09103,0.17589
Республика Тыва,1998,305316.0,0.09159,0.34744
Республика Тыва,1999,306169.0,0.09206,0.34285
Республика Тыва,2000,306152.0,0.09162,0.33746
Республика Тыва,2001,305729.0,0.0913,0.33216
Республика Тыва,2002,305216.0,0.09156,0.16432
Республика Тыва,2003,305493.0,0.09157,0.31733
Республика Тыва,2004,304957.0,0.09131,0.15599
Республика Тыва,2005,304066.0,0.09197,0.15215
Республика Тыва,2006,302889.0,0.09249,0.29534
Республика Тыва,2007,302357.0,0.09316,0.14647
Республика Тыва,2008,303783.0,0.09356,0.29032
Республика Тыва,2009,305306.0,0.09475,0.29537
Республика Тыва,2010,307323.0,0.09631,0.3011
Республика Тыва,2011,308132.0,0.09794,0.30692
Республика Тыва,2012,309643.0,0.09905,
Республика Тыва,2013,311150.0,0.1004,
Республика Тыва,2014,312737.0,0.10202,
Республика Тыва,2015,315094.0,0.10421,
Республика Тыва,2016,317234.0,0.10687,
Республика Тыва,2017,320433.0,0.10904,
Республика Тыва,2018,323891.0,0.11188,
Республика Тыва,2019,326901.0,0.11403,
Республика Тыва,2020,330051.0,0.10752,
Республика Тыва,2021,176008.0,0.20693,
Республика Тыва,2022,336251.0,0.10232,
Республика Тыва,2023,337271.0,0.10641,
Республика Тыва,2024,337544.0,0.10155,
Республика Тыва,2025,338483.0,0.10557,
Республика Хакасия,1990,570934.0,0.15608,0.14275
Республика Хакасия,1991,572444.0,0.16087,0.14173
Республика Хакасия,1992,573998.0,0.16313,0.27646
Республика Хакасия,1993,574367.0,0.1662,0.13839
Республика Хакасия,1994,573123.0,0.16817,0.26675
Республика Хакасия,1995,571865.0,0.16919,0.13297
Республика Хакасия,1996,570247.0,0.17113,0.12965
Республика Хакасия,1997,567153.0,0.17323,0.12633
Республика Хакасия,1998,564318.0,0.17474,0.24206
Республика Хакасия,1999,561366.0,0.17448,0.23383
Республика Хакасия,2000,557481.0,0.17331,0.22527
Республика Хакасия,2001,554411.0,0.17259,0.21803
Республика Хакасия,2002,549489.0,0.17302,0.10727
Республика Хакасия,2003,545198.0,0.17248,0.20273
Республика Хакасия,2004,541414.0,0.17131,0.09931
Республика Хакасия,2005,537973.0,0.17235,0.09651
Республика Хакасия,2006,533824.0,0.17365,0.1856
Республика Хакасия,2007,531140.0,0.1765,0.09252
Республика Хакасия,2008,531307.0,0.18063,0.18054
Республика Хакасия,2009,531874.0,0.18481,0.18175
Республика Хакасия,2010,532739.0,0.1909,0.18425
Республика Хакасия,2011,532286.0,0.19694,0.18721
Республика Хакасия,2012,532452.0,0.20276,
Республика Хакасия,2013,533708.0,0.20845,
Республика Хакасия,2014,535184.0,0.21397,
Республика Хакасия,2015,537270.0,0.21917,
Республика Хакасия,2016,538864.0,0.22457,
Республика Хакасия,2017,540157.0,0.22939,
Республика Хакасия,2018,540534.0,0.23408,
Республика Хакасия,2019,539700.0,0.23897,
Республика Хакасия,2020,538237.0,0.23057,
Республика Хакасия,2021,289738.0,0.43216,
Республика Хакасия,2022,532988.0,0.22294,
Республика Хакасия,2023,530233.0,0.22645,
Республика Хакасия,2024,528175.0,0.21875,
Республика Хакасия,2025,525557.0,0.22172,
Ростовская область,1990,4307956.0,0.20427,0.11648
Ростовская область,1991,4344528.0,0.20759,0.11675
Ростовская область,1992,4370389.0,0.21024,0.22871
Ростовская область,1993,4404578.0,0.21391,0.11649
Ростовская область,1994,4438295.0,0.21569,0.22623
Ростовская область,1995,4481882.0,0.21675,0.11508
Ростовская область,1996,4490759.0,0.22015,0.11356
Ростовская область,1997,4495520.0,0.22375,0.11104
Ростовская область,1998,4487864.0,0.22661,0.21074
Ростовская область,1999,4475367.0,0.22726,0.20315
Ростовская область,2000,4454446.0,0.22679,0.19365
Ростовская область,2001,4439314.0,0.22655,0.1847
Ростовская область,2002,4417648.0,0.22755,0.09037
Ростовская область,2003,4396672.0,0.227,0.16899
Ростовская область,2004,4375520.0,0.22562,0.08399
Ростовская область,2005,4352715.0,0.22574,0.08242
Ростовская область,2006,4332443.0,0.22599,0.15794
Ростовская область,2007,4314652.0,0.22771,0.0794
Ростовская область,2008,4297613.0,0.23084,0.15248
Ростовская область,2009,4292469.0,0.23322,0.15114
Ростовская область,2010,4284775.0,0.23745,0.15136
Ростовская область,2011,4275223.0,0.24131,0.15136
Ростовская область,2012,4264023.0,0.24496,
Ростовская область,2013,4261409.0,0.24861,
Ростовская область,2014,4255744.0,0.2529,
Ростовская область,2015,4255708.0,0.25706,
Ростовская область,2016,4253680.0,0.26204,
Ростовская область,2017,4252735.0,0.26599,
Ростовская область,2018,4245258.0,0.26981,
Ростовская область,2019,4230551.0,0.274,
Ростовская область,2020,4229480.0,0.26388,
Ростовская область,2021,2253351.0,0.49727,
Ростовская область,2022,4192322.0,0.25235,
Ростовская область,2023,4164547.0,0.25724,
Ростовская область,2024,4152518.0,0.24835,
Ростовская область,2025,4137335.0,0.25152,
Рязанская область,1990,1350263.0,0.24263,0.10381
Рязанская область,1991,1350283.0,0.24494,0.10388
Рязанская область,1992,1344383.0,0.24802,0.20351
Рязанская область,1993,1341302.0,0.25235,0.10274
Рязанская область,1994,1335735.0,0.25556,0.19876
Рязанская область,1995,1330682.0,0.25724,0.1002
Рязанская область,1996,1321534.0,0.26021,0.09897
Рязанская область,1997,1311627.0,0.26387,0.09739
Рязанская область,1998,1300005.0,0.26447,0.1859
Рязанская область,1999,1288562.0,0.26361,0.18119
Рязанская область,2000,1274503.0,0.26185,0.17474
Рязанская область,2001,1258828.0,0.26035,0.16855
Рязанская область,2002,1240958.0,0.26202,0.08338
Рязанская область,2003,1223738.0,0.26175,0.15674
Рязанская область,2004,1210325.0,0.25851,0.07773
Рязанская область,2005,1199404.0,0.25782,0.07563
Рязанская область,2006,1188811.0,0.25769,0.14305
Рязанская область,2007,1181504.0,0.25939,0.07133
Рязанская область,2008,1174337.0,0.2617,0.13668
Рязанская область,2009,1167904.0,0.26377,0.13595
Рязанская область,2010,1161805.0,0.26789,0.13647
Рязанская область,2011,1151838.0,0.27221,0.13726
Рязанская область,2012,1149594.0,0.27577,
Рязанская область,2013,1147003.0,0.27955,
Рязанская область,2014,1144413.0,0.28369,
Рязанская область,2015,1140223.0,0.28824,
Рязанская область,2016,1136105.0,0.29317,
Рязанская область,2017,1133960.0,0.29678,
Рязанская область,2018,1129915.0,0.30121,
Рязанская область,2019,1123799.0,0.30561,
Рязанская область,2020,1119807.0,0.29516,
Рязанская область,2021,607871.0,0.54356,
Рязанская область,2022,1098579.0,0.28374,
Рязанская область,2023,1088918.0,0.28817,
Рязанская область,2024,1082231.0,0.27877,
Рязанская область,2025,1074402.0,0.28285,
Самарская область,1990,3236370.0,0.18685,0.11876
Самарская область,1991,3247267.0,0.18995,0.11753
Самарская область,1992,3253228.0,0.19379,0.22818
Самарская область,1993,3268767.0,0.19731,0.11391
Самарская область,1994,3278648.0,0.19957,0.21968
Самарская область,1995,3300594.0,0.20012,0.11005
Самарская область,1996,3306798.0,0.20244,0.10854
Самарская область,1997,3305543.0,0.20619,0.10641
Самарская область,1998,3304284.0,0.20804,0.20244
Самарская область,1999,3302566.0,0.20849,0.19638
Самарская область,2000,3291598.0,0.20841,0.18856
Самарская область,2001,3275823.0,0.20809,0.18125
Самарская область,2002,3254055.0,0.21075,0.08923
Самарская область,2003,3235699.0,0.2115,0.16674
Самарская область,2004,3229151.0,0.21206,0.08253
Самарская область,2005,3225275.0,0.21437,0.08016
Самарская область,2006,3225643.0,0.21671,0.1518
Самарская область,2007,3223938.0,0.22096,0.07628
Самарская область,2008,3220938.0,0.22517,0.1467
Самарская область,2009,3221513.0,0.22879,0.14648
Самарская область,2010,3220910.0,0.23406,0.14704
Самарская область,2011,3215311.0,0.2391,0.14665
Самарская область,2012,3217027.0,0.24338,
Самарская область,2013,3219211.0,0.24837,
Самарская область,2014,3220069.0,0.25293,
Самарская область,2015,3224517.0,0.25768,
Самарская область,2016,3220835.0,0.26299,
Самарская область,2017,3221497.0,0.26736,
Самарская область,2018,3214294.0,0.27197,
Самарская область,2019,3206783.0,0.27634,
Самарская область,2020,3206246.0,0.26679,
Самарская область,2021,1723888.0,0.49689,
Самарская область,2022,3164384.0,0.25688,
Самарская область,2023,3142683.0,0.26147,
Самарская область,2024,3127842.0,0.25295,
Самарская область,2025,3112566.0,0.25663,
Саратовская область,1990,2697733.0,0.1946,0.11831
Саратовская область,1991,2705042.0,0.1977,0.11798
Саратовская область,1992,2707547.0,0.20091,0.23043
Саратовская область,1993,2718415.0,0.20407,0.11595
Саратовская область,1994,2724629.0,0.20625,0.22386
Саратовская область,1995,2734819.0,0.2078,0.11259
Саратовская область,1996,2736461.0,0.21112,0.11093
Саратовская область,1997,2725785.0,0.21615,0.1084
Саратовская область,1998,2721776.0,0.21877,0.20701
Саратовская область,1999,2719990.0,0.21939,0.20129
Саратовская область,2000,2710645.0,0.21941,0.19391
Саратовская область,2001,2699385.0,0.21946,0.18708
Саратовская область,2002,2682054.0,0.22217,0.09176
Саратовская область,2003,2663481.0,0.22255,0.17218
Саратовская область,2004,2639528.0,0.22241,0.08487
Саратовская область,2005,2615575.0,0.22354,0.08267
Саратовская область,2006,2591231.0,0.2252,0.15784
Саратовская область,2007,2572396.0,0.22899,0.07804
Саратовская область,2008,2558322.0,0.2324,0.15064
Саратовская область,2009,2545296.0,0.23589,0.14996
Саратовская область,2010,2535434.0,0.24038,0.15059
Саратовская область,2011,2519282.0,0.24482,0.15086
Саратовская область,2012,2514921.0,0.24882,
Саратовская область,2013,2515733.0,0.25267,
Саратовская область,2014,2515226.0,0.25673,
Саратовская область,2015,2517927.0,0.26144,
Саратовская область,2016,2518634.0,0.26654,
Саратовская область,2017,2516606.0,0.27123,
Саратовская область,2018,2506572.0,0.27625,
Саратовская область,2019,2490750.0,0.28157,
Саратовская область,2020,2478123.0,0.27268,
Саратовская область,2021,1319881.0,0.51326,
Саратовская область,2022,2431012.0,0.26288,
Саратовская область,2023,2404944.0,0.26833,
Саратовская область,2024,2385163.0,0.26003,
Саратовская область,2025,2369405.0,0.26424,
Сахалинская область,1990,713981.0,0.1031,0.13733
Сахалинская область,1991,715333.0,0.10743,0.13526
Сахалинская область,1992,714320.0,0.11202,0.26126
Сахалинская область,1993,706651.0,0.11774,0.13062
Сахалинская область,1994,688638.0,0.12295,0.24797
Сахалинская область,1995,659444.0,0.1281,0.1226
Сахалинская область,1996,629939.0,0.13287,0.11881
Сахалинская область,1997,612329.0,0.13707,0.11561
Сахалинская область,1998,595594.0,0.14058,0.2188
Сахалинская область,1999,581305.0,0.14138,0.21158
Сахалинская область,2000,569234.0,0.14247,0.20378
Сахалинская область,2001,560049.0,0.1431,0.19736
Сахалинская область,2002,552155.0,0.14585,0.09816
Сахалинская область,2003,545008.0,0.14865,0.18451
Сахалинская область,2004,536783.0,0.15057,0.09087
Сахалинская область,2005,529813.0,0.15486,0.08789
Сахалинская область,2006,521121.0,0.15976,0.16635
Сахалинская область,2007,513452.0,0.16672,0.08409
Сахалинская область,2008,509364.0,0.17446,0.16263
Сахалинская область,2009,504896.0,0.18113,0.1644
Сахалинская область,2010,501279.0,0.18954,0.16742
Сахалинская область,2011,496739.0,0.19693,0.16804
Сахалинская область,2012,493714.0,0.20397,
Сахалинская область,2013,489658.0,0.21133,
Сахалинская область,2014,485421.0,0.21862,
Сахалинская область,2015,480579.0,0.22671,
Сахалинская область,2016,477482.0,0.23358,
Сахалинская область,2017,476562.0,0.23817,
Сахалинская область,2018,478347.0,0.24131,
Сахалинская область,2019,476218.0,0.24553,
Сахалинская область,2020,473655.0,0.2367,
Сахалинская область,2021,245309.0,0.46044,
Сахалинская область,2022,466009.0,0.22995,
Сахалинская область,2023,460535.0,0.23517,
Сахалинская область,2024,457590.0,0.22748,
Сахалинская область,2025,457597.0,0.22961,
Свердловская область,1990,4765879.0,0.18698,0.12408
Свердловская область,1991,4766249.0,0.1914,0.12267
Свердловская область,1992,4754897.0,0.19548,0.23736
Свердловская область,1993,4732538.0,0.20023,0.1184
Свердловская область,1994,4700591.0,0.20338,0.22768
Свердловская область,1995,4678975.0,0.20416,0.11467
Свердловская область,1996,4660022.0,0.20596,0.11271
Свердловская область,1997,4641304.0,0.20826,0.11036
Свердловская область,1998,4625057.0,0.20884,0.20961
Свердловская область,1999,4607587.0,0.20805,0.20292
Свердловская область,2000,4577515.0,0.20674,0.19405
Свердловская область,2001,4545942.0,0.20547,0.18603
Свердловская область,2002,4514084.0,0.20623,0.0917
Свердловская область,2003,4477552.0,0.20574,0.17213
Свердловская область,2004,4434165.0,0.20462,0.08522
Свердловская область,2005,4394041.0,0.20602,0.08305
Свердловская область,2006,4356425.0,0.20786,0.15832
Свердловская область,2007,4330579.0,0.21178,0.07987
Свердловская область,2008,4320114.0,0.21569,0.15508
Свердловская область,2009,4314337.0,0.21893,0.15645
Свердловская область,2010,4308472.0,0.22445,0.1591
Свердловская область,2011,4297227.0,0.22984,0.16071
Свердловская область,2012,4307499.0,0.23343,
Свердловская область,2013,4315672.0,0.23737,
Свердловская область,2014,4320463.0,0.24169,
Свердловская область,2015,4327198.0,0.24602,
Свердловская область,2016,4329671.0,0.25036,
Свердловская область,2017,4328947.0,0.25411,
Свердловская область,2018,4324803.0,0.25757,
Свердловская область,2019,4315195.0,0.26107,
Свердловская область,2020,4310128.0,0.25108,
Свердловская область,2021,2306484.0,0.46946,
Свердловская область,2022,4263691.0,0.23993,
Свердловская область,2023,4239161.0,0.24373,
Свердловская область,2024,4222695.0,0.23513,
Свердловская область,2025,4221452.0,0.23698,
Смоленская область,1990,1158429.0,0.23003,0.11286
Смоленская область,1991,1157671.0,0.23208,0.11286
Смоленская область,1992,1152141.0,0.23438,0.22141
Смоленская область,1993,1151759.0,0.23784,0.11106
Смоленская область,1994,1151190.0,0.23888,0.21559
Смоленская область,1995,1155593.0,0.23718,0.10809
Смоленская область,1996,1150646.0,0.23752,0.10599
Смоленская область,1997,1141255.0,0.2393,0.10329
Смоленская область,1998,1129220.0,0.24013,0.19755
Смоленская область,1999,1116371.0,0.23893,0.19119
Смоленская область,2000,1099389.0,0.23711,0.18315
Смоленская область,2001,1082207.0,0.23462,0.17612
Смоленская область,2002,1063269.0,0.23472,0.08631
Смоленская область,2003,1045878.0,0.23432,0.16114
Смоленская область,2004,1039132.0,0.2316,0.07892
Смоленская область,2005,1032297.0,0.23151,0.07635
Смоленская область,2006,1025442.0,0.23119,0.14364
Смоленская область,2007,1017901.0,0.23225,0.07152
Смоленская область,2008,1009016.0,0.23511,0.13687
Смоленская область,2009,1000711.0,0.23789,0.13659
Смоленская область,2010,993018.0,0.24234,0.13813
Смоленская область,2011,982887.0,0.24793,0.13869
Смоленская область,2012,978280.0,0.25252,
Смоленская область,2013,970838.0,0.25786,
Смоленская область,2014,961398.0,0.26421,
Смоленская область,2015,956145.0,0.26936,
Смоленская область,2016,947962.0,0.27554,
Смоленская область,2017,940595.0,0.28146,
Смоленская область,2018,934754.0,0.28618,
Смоленская область,2019,925731.0,0.29137,
Смоленская область,2020,916202.0,0.28186,
Смоленская область,2021,490633.0,0.52766,
Смоленская область,2022,886900.0,0.2752,
Смоленская область,2023,873041.0,0.28107,
Смоленская область,2024,863987.0,0.27254,
Смоленская область,2025,857096.0,0.27748,
Ставропольский край,1990,2435834.0,0.19306,0.12908
Ставропольский край,1991,2477730.0,0.19553,0.12978
Ставропольский край,1992,2522703.0,0.19648,0.25452
Ставропольский край,1993,2575440.0,0.19896,0.12992
Ставропольский край,1994,2619617.0,0.20111,0.25259
Ставропольский край,1995,2663817.0,0.2021,0.12844
Ставропольский край,1996,2690808.0,0.20557,0.12717
Ставропольский край,1997,2706028.0,0.20865,0.12494
Ставропольский край,1998,2721854.0,0.21079,0.23809
Ставропольский край,1999,2735469.0,0.21148,0.22957
Ставропольский край,2000,2740927.0,0.211,0.21814
Ставропольский край,2001,2740899.0,0.21016,0.20673
Ставропольский край,2002,2736173.0,0.21039,0.10087
Ставропольский край,2003,2732502.0,0.20917,0.18875
Ставропольский край,2004,2739065.0,0.20617,0.09587
Ставропольский край,2005,2741116.0,0.20462,0.09504
Ставропольский край,2006,2746873.0,0.20358,0.18399
Ставропольский край,2007,2747079.0,0.20446,0.09215
Ставропольский край,2008,2759676.0,0.20631,0.1767
Ставропольский край,2009,2767618.0,0.20843,0.17349
Ставропольский край,2010,2777696.0,0.21169,0.17308
Ставропольский край,2011,2785524.0,0.21528,0.17318
Ставропольский край,2012,2797852.0,0.21793,
Ставропольский край,2013,2812900.0,0.22086,
Ставропольский край,2014,2827602.0,0.2244,
Ставропольский край,2015,2843383.0,0.22832,
Ставропольский край,2016,2857728.0,0.2334,
Ставропольский край,2017,2872065.0,0.23693,
Ставропольский край,2018,2879479.0,0.2407,
Ставропольский край,2019,2884947.0,0.24466,
Ставропольский край,2020,2904111.0,0.23519,
Ставропольский край,2021,1537293.0,0.44898,
Ставропольский край,2022,2902455.0,0.22669,
Ставропольский край,2023,2891204.0,0.23256,
Ставропольский край,2024,2886108.0,0.22506,
Ставропольский край,2025,2884363.0,0.22863,
Тамбовская область,1990,1319338.0,0.24888,0.10719
Тамбовская область,1991,1312283.0,0.25073,0.10747
Тамбовская область,1992,1303360.0,0.25363,0.21138
Тамбовская область,1993,1303773.0,0.25508,0.10676
Тамбовская область,1994,1301227.0,0.25609,0.2082
Тамбовская область,1995,1298622.0,0.25646,0.10496
Тамбовская область,1996,1288503.0,0.25806,0.10279
Тамбовская область,1997,1276001.0,0.26058,0.10081
Тамбовская область,1998,1261659.0,0.25985,0.19379
Тамбовская область,1999,1247855.0,0.25802,0.18934
Тамбовская область,2000,1231054.0,0.25581,0.18388
Тамбовская область,2001,1213591.0,0.25397,0.179
Тамбовская область,2002,1193381.0,0.25531,0.08889
Тамбовская область,2003,1174233.0,0.25393,0.16617
Тамбовская область,2004,1161854.0,0.25098,0.08179
Тамбовская область,2005,1150828.0,0.24994,0.07871
Тамбовская область,2006,1138550.0,0.24963,0.14821
Тамбовская область,2007,1127014.0,0.25211,0.07349
Тамбовская область,2008,1116438.0,0.25506,0.14077
Тамбовская область,2009,1107810.0,0.25741,0.1397
Тамбовская область,2010,1099650.0,0.26228,0.13929
Тамбовская область,2011,1089700.0,0.26721,0.13891
Тамбовская область,2012,1082349.0,0.27143,
Тамбовская область,2013,1075394.0,0.27572,
Тамбовская область,2014,1068657.0,0.28017,
Тамбовская область,2015,1061943.0,0.28484,
Тамбовская область,2016,1049845.0,0.29225,
Тамбовская область,2017,1039676.0,0.29821,
Тамбовская область,2018,1033035.0,0.30397,
Тамбовская область,2019,1015340.0,0.31233,
Тамбовская область,2020,1005843.0,0.30281,
Тамбовская область,2021,535807.0,0.56968,
Тамбовская область,2022,979171.0,0.29433,
Тамбовская область,2023,966250.0,0.30086,
Тамбовская область,2024,956292.0,0.29167,
Тамбовская область,2025,946657.0,0.29743,
Тверская область,1990,1666534.0,0.25154,0.10675
Тверская область,1991,1662810.0,0.25375,0.10728
Тверская область,1992,1648880.0,0.25655,0.21067
Тверская область,1993,1639834.0,0.26093,0.10613
Тверская область,1994,1627224.0,0.2626,0.20639
Тверская область,1995,1621424.0,0.26207,0.10416
Тверская область,1996,1612273.0,0.26317,0.10196
Тверская область,1997,1599359.0,0.26553,0.09956
Тверская область,1998,1583755.0,0.26596,0.19006
Тверская область,1999,1566617.0,0.26364,0.18477
Тверская область,2000,1543796.0,0.26119,0.17854
Тверская область,2001,1519569.0,0.25882,0.17268
Тверская область,2002,1491451.0,0.2596,0.08593
Тверская область,2003,1465568.0,0.25843,0.16089
Тверская область,2004,1447825.0,0.25534,0.07957
Тверская область,2005,1432612.0,0.25476,0.07713
Тверская область,2006,1415272.0,0.25441,0.14541
Тверская область,2007,1398847.0,0.25561,0.07311
Тверская область,2008,1386952.0,0.25736,0.14099
Тверская область,2009,1375415.0,0.25802,0.14165
Тверская область,2010,1365329.0,0.26128,0.1435
Тверская область,2011,1350086.0,0.26507,0.1447
Тверская область,2012,1341804.0,0.26867,
Тверская область,2013,1333288.0,0.27239,
Тверская область,2014,1324100.0,0.27645,
Тверская область,2015,1313546.0,0.28133,
Тверская область,2016,1302843.0,0.28649,
Тверская область,2017,1294522.0,0.29077,
Тверская область,2018,1281220.0,0.29578,
Тверская область,2019,1266607.0,0.30056,
Тверская область,2020,1256973.0,0.28978,
Тверская область,2021,676643.0,0.53725,
Тверская область,2022,1226038.0,0.2794,
Тверская область,2023,1211183.0,0.2835,
Тверская область,2024,1199747.0,0.27399,
Тверская область,2025,1190574.0,0.27757,
Томская область,1990,1075182.0,0.14646,0.1365
Томская область,1991,1078142.0,0.15024,0.13444
Томская область,1992,1078596.0,0.1538,0.26089
Томская область,1993,1075425.0,0.15812,0.12957
Томская область,1994,1067978.0,0.16166,0.24913
Томская область,1995,1071723.0,0.16377,0.12306
Томская область,1996,1069603.0,0.16551,0.12258
Томская область,1997,1066057.0,0.16698,0.12099
Томская область,1998,1064294.0,0.16774,0.23124
Томская область,1999,1062469.0,0.16763,0.22145
Томская область,2000,1057846.0,0.16752,0.20866
Томская область,2001,1054272.0,0.16753,0.19624
Томская область,2002,1049770.0,0.16836,0.095
Томская область,2003,1045539.0,0.16813,0.17756
Томская область,2004,1037952.0,0.16967,0.08854
Томская область,2005,1029944.0,0.17309,0.08755
Томская область,2006,1024294.0,0.17658,0.16831
Томская область,2007,1023063.0,0.18077,0.08543
Томская область,2008,1026307.0,0.1848,0.16509
Томская область,2009,1031522.0,0.18832,0.1643
Томская область,2010,1040245.0,0.19222,0.16555
Томская область,2011,1048538.0,0.19701,0.16797
Томская область,2012,1057215.0,0.20102,
Томская область,2013,1063194.0,0.20585,
Томская область,2014,1068559.0,0.21113,
Томская область,2015,1072366.0,0.21701,
Томская область,2016,1074276.0,0.22329,
Томская область,2017,1075887.0,0.2285,
Томская область,2018,1074758.0,0.23393,
Томская область,2019,1073403.0,0.23971,
Томская область,2020,1074716.0,0.23167,
Томская область,2021,568006.0,0.44272,
Томская область,2022,1062726.0,0.22495,
Томская область,2023,1052106.0,0.23056,
Томская область,2024,1043385.0,0.22407,
Томская область,2025,1039728.0,0.22754,
Тульская область,1990,1856206.0,0.25236,0.10028
Тульская область,1991,1849299.0,0.25659,0.09964
Тульская область,1992,1838700.0,0.26144,0.19409
Тульская область,1993,1834100.0,0.26627,0.09742
Тульская область,1994,1826600.0,0.26901,0.18916
Тульская область,1995,1819774.0,0.2696,0.09526
Тульская область,1996,1809657.0,0.27064,0.094
Тульская область,1997,1796605.0,0.27302,0.09219
Тульская область,1998,1782063.0,0.27366,0.17584
Тульская область,1999,1765958.0,0.2718,0.17125
Тульская область,2000,1743368.0,0.26966,0.16519
Тульская область,2001,1719665.0,0.26745,0.15955
Тульская область,2002,1694008.0,0.26738,0.07938
Тульская область,2003,1669792.0,0.26682,0.14888
Тульская область,2004,1649221.0,0.26359,0.0738
Тульская область,2005,1631778.0,0.26336,0.07159
Тульская область,2006,1615194.0,0.26322,0.13537
Тульская область,2007,1600138.0,0.26496,0.06751
Тульская область,2008,1587959.0,0.26752,0.13
Тульская область,2009,1576346.0,0.26963,0.12987
Тульская область,2010,1564654.0,0.27383,0.13065
Тульская область,2011,1550330.0,0.27776,0.13146
Тульская область,2012,1550145.0,0.2809,
Тульская область,2013,1543640.0,0.28515,
Тульская область,2014,1538305.0,0.28913,
Тульская область,2015,1535982.0,0.29346,
Тульская область,2016,1535253.0,0.29748,
Тульская область,2017,1534493.0,0.30098,
Тульская область,2018,1532903.0,0.30491,
Тульская область,2019,1525754.0,0.30963,
Тульская область,2020,1518984.0,0.29981,
Тульская область,2021,827032.0,0.55153,
Тульская область,2022,1496690.0,0.28973,
Тульская область,2023,1481471.0,0.29414,
Тульская область,2024,1471140.0,0.28482,
Тульская область,2025,1456791.0,0.28919,
Тюменская область,1990,3150282.0,0.08548,0.15564
Тюменская область,1991,3169959.0,0.08908,0.15414
Тюменская область,1992,3150039.0,0.09312,0.29803
Тюменская область,1993,3131928.0,0.09722,0.1492
Тюменская область,1994,3140885.0,0.09991,0.283
Тюменская область,1995,3165924.0,0.10239,0.14115
Тюменская область,1996,3176398.0,0.10403,0.13771
Тюменская область,1997,3184286.0,0.1052,0.13425
Тюменская область,1998,3212536.0,0.10537,0.25557
Тюменская область,1999,3226093.0,0.10543,0.2479
Тюменская область,2000,3218356.0,0.1059,0.23928
Тюменская область,2001,3234252.0,0.10566,0.23125
Тюменская область,2002,3251484.0,0.10594,0.1147
Тюменская область,2003,3269862.0,0.10561,0.21613
Тюменская область,2004,3281655.0,0.10605,0.10608
Тюменская область,2005,3288337.0,0.10835,0.1028
Тюменская область,2006,3293830.0,0.1108,0.19635
Тюменская область,2007,3306698.0,0.1147,0.09828
Тюменская область,2008,3330607.0,0.11929,0.19163
Тюменская область,2009,3351694.0,0.12331,0.19296
Тюменская область,2010,3378795.0,0.1294,0.19545
Тюменская область,2011,3405265.0,0.13503,0.19758
Тюменская область,2012,3461130.0,0.13959,
Тюменская область,2013,3514028.0,0.14476,
Тюменская область,2014,3551249.0,0.15084,
Тюменская область,2015,3587582.0,0.158,
Тюменская область,2016,3623519.0,0.16575,
Тюменская область,2017,3669908.0,0.1729,
Тюменская область,2018,3704610.0,0.18021,
Тюменская область,2019,3738524.0,0.18739,
Тюменская область,2020,3773234.0,0.18108,
Тюменская область,2021,1993238.0,0.35658,
Тюменская область,2022,3827679.0,0.17946,
Тюменская область,2023,3851234.0,0.18615,
Тюменская область,2024,3890800.0,0.18014,
Тюменская область,2025,3931696.0,0.18506,
Удмуртская Республика,1990,1611461.0,0.16355,0.13878
Удмуртская Республика,1991,1616684.0,0.16698,0.13745
Удмуртская Республика,1992,1622149.0,0.17055,0.26742
Удмуртская Республика,1993,1624841.0,0.17362,0.13338
Удмуртская Республика,1994,1620134.0,0.17587,0.25775
Удмуртская Республика,1995,1617386.0,0.17784,0.12842
Удмуртская Республика,1996,1612618.0,0.17942,0.1252
Удмуртская Республика,1997,1607712.0,0.18145,0.12167
Удмуртская Республика,1998,1603960.0,0.1814,0.23337
Удмуртская Республика,1999,1601409.0,0.18025,0.2268
Удмуртская Республика,2000,1595571.0,0.17956,0.2187
Удмуртская Республика,2001,1588054.0,0.17849,0.21169
Удмуртская Республика,2002,1578187.0,0.17909,0.10448
Удмуртская Республика,2003,1568176.0,0.17847,0.19719
Удмуртская Республика,2004,1561092.0,0.1771,0.09649
Удмуртская Республика,2005,1554292.0,0.17832,0.09287
Удмуртская Республика,2006,1545820.0,0.18019,0.17653
Удмуртская Республика,2007,1538602.0,0.18406,0.08758
Удмуртская Республика,2008,1532946.0,0.18834,0.17199
Удмуртская Республика,2009,1528236.0,0.19189,0.17292
Удмуртская Республика,2010,1525117.0,0.19808,0.1755
Удмуртская Республика,2011,1520390.0,0.20404,0.17828
Удмуртская Республика,2012,1514791.0,0.20976,
Удмуртская Республика,2013,1511018.0,0.20553,
Удмуртская Республика,2014,1507293.0,0.21417,
Удмуртская Республика,2015,1504407.0,0.23061,
Удмуртская Республика,2016,1500731.0,0.2366,
Удмуртская Республика,2017,1497210.0,0.2478,
Удмуртская Республика,2018,1490103.0,0.24636,
Удмуртская Республика,2019,1481261.0,0.25311,
Удмуртская Республика,2020,1471619.0,0.24628,
Удмуртская Республика,2021,791323.0,0.46134,
Удмуртская Республика,2022,1448946.0,0.23874,
Удмуртская Республика,2023,1442251.0,0.24417,
Удмуртская Республика,2024,1434557.0,0.23651,
Удмуртская Республика,2025,1427282.0,0.24112,
Ульяновская область,1990,1410878.0,0.19116,0.12262
Ульяновская область,1991,1421291.0,0.1926,0.12344
Ульяновская область,1992,1432140.0,0.19466,0.24272
Ульяновская область,1993,1447819.0,0.19729,0.12213
Ульяновская область,1994,1462824.0,0.19875,0.23771
Ульяновская область,1995,1472730.0,0.19966,0.119
Ульяновская область,1996,1470364.0,0.20246,0.11676
Ульяновская область,1997,1461436.0,0.20677,0.11398
Ульяновская область,1998,1450080.0,0.20887,0.2169
Ульяновская область,1999,1439759.0,0.20997,0.21012
Ульяновская область,2000,1427375.0,0.20986,0.20188
Ульяновская область,2001,1413571.0,0.20961,0.19403
Ульяновская область,2002,1395882.0,0.21219,0.09527
Ульяновская область,2003,1378931.0,0.21275,0.17682
Ульяновская область,2004,1366879.0,0.21349,0.08608
Ульяновская область,2005,1354580.0,0.2153,0.08228
Ульяновская область,2006,1340335.0,0.21713,0.15443
Ульяновская область,2007,1325914.0,0.22123,0.0759
Ульяновская область,2008,1316217.0,0.22577,0.14526
Ульяновская область,2009,1308692.0,0.23028,0.14394
Ульяновская область,2010,1301689.0,0.23629,0.14381
Ульяновская область,2011,1290478.0,0.24213,0.14372
Ульяновская область,2012,1280792.0,0.24782,
Ульяновская область,2013,1272082.0,0.25425,
Ульяновская область,2014,1264059.0,0.26056,
Ульяновская область,2015,1257920.0,0.26724,
Ульяновская область,2016,1251875.0,0.27418,
Ульяновская область,2017,1246034.0,0.28069,
Ульяновская область,2018,1238655.0,0.28733,
Ульяновская область,2019,1229362.0,0.2937,
Ульяновская область,2020,1219678.0,0.28439,
Ульяновская область,2021,652238.0,0.53419,
Ульяновская область,2022,1191661.0,0.27591,
Ульяновская область,2023,1181006.0,0.28276,
Ульяновская область,2024,1172782.0,0.27424,
Ульяновская область,2025,1165334.0,0.27965,
Хабаровский край,1990,1619663.0,0.12351,0.13531
Хабаровский край,1991,1624704.0,0.12627,0.13508
Хабаровский край,1992,1624416.0,0.12984,0.26106
Хабаровский край,1993,1607662.0,0.13452,0.13081
Хабаровский край,1994,1591454.0,0.13829,0.24905
Хабаровский край,1995,1566602.0,0.14225,0.12445
Хабаровский край,1996,1543701.0,0.14683,0.12143
Хабаровский край,1997,1525062.0,0.15111,0.11799
Хабаровский край,1998,1509513.0,0.15476,0.22286
Хабаровский край,1999,1493881.0,0.15669,0.21428
Хабаровский край,2000,1473876.0,0.15878,0.20447
Хабаровский край,2001,1459908.0,0.16125,0.19525
Хабаровский край,2002,1446177.0,0.16502,0.09566
Хабаровский край,2003,1434242.0,0.16811,0.17956
Хабаровский край,2004,1416224.0,0.17025,0.08847
Хабаровский край,2005,1396800.0,0.17445,0.08597
Хабаровский край,2006,1376260.0,0.17923,0.16455
Хабаровский край,2007,1359894.0,0.18575,0.08136
Хабаровский край,2008,1354848.0,0.19144,0.15705
Хабаровский край,2009,1351123.0,0.19634,0.15653
Хабаровский край,2010,1349230.0,0.20222,0.15766
Хабаровский край,2011,1342887.0,0.20757,0.1571
Хабаровский край,2012,1341570.0,0.21167,
Хабаровский край,2013,1340468.0,0.21558,
Хабаровский край,2014,1337495.0,0.21944,
Хабаровский край,2015,1335158.0,0.22363,
Хабаровский край,2016,1330951.0,0.22774,
Хабаровский край,2017,1329083.0,0.23113,
Хабаровский край,2018,1323611.0,0.23454,
Хабаровский край,2019,1316661.0,0.23815,
Хабаровский край,2020,1310445.0,0.22963,
Хабаровский край,2021,685654.0,0.43838,
Хабаровский край,2022,1292764.0,0.22021,
Хабаровский край,2023,1284090.0,0.22378,
Хабаровский край,2024,1278132.0,0.21545,
Хабаровский край,2025,1273488.0,0.21763,
Ханты-Мансийский автономный округ - Югра,1990,1267030.0,0.03246,0.17412
Ханты-Мансийский автономный округ - Югра,1991,1280139.0,0.03583,0.17228
Ханты-Мансийский автономный округ - Югра,1992,1271505.0,0.03971,0.33081
Ханты-Мансийский автономный округ - Югра,1993,1267751.0,0.04343,0.16612
Ханты-Мансийский автономный округ - Югра,1994,1279483.0,0.04678,0.31146
Ханты-Мансийский автономный округ - Югра,1995,1292985.0,0.05041,0.15513
Ханты-Мансийский автономный округ - Югра,1996,1303285.0,0.05378,0.14925
Ханты-Мансийский автономный округ - Югра,1997,1316774.0,0.05681,0.14276
Ханты-Мансийский автономный округ - Югра,1998,1342991.0,0.05883,0.26799
Ханты-Мансийский автономный округ - Югра,1999,1359069.0,0.06031,0.25853
Ханты-Мансийский автономный округ - Югра,2000,1359646.0,0.06172,0.24985
Ханты-Мансийский автономный округ - Югра,2001,1383449.0,0.06336,0.24165
Ханты-Мансийский автономный округ - Югра,2002,1411867.0,0.06579,0.12025
Ханты-Мансийский автономный округ - Югра,2003,1437729.0,0.06774,0.22577
Ханты-Мансийский автономный округ - Югра,2004,1453541.0,0.07004,0.11067
Ханты-Мансийский автономный округ - Югра,2005,1462194.0,0.07389,0.10694
Ханты-Мансийский автономный округ - Югра,2006,1467792.0,0.07772,0.20336
Ханты-Мансийский автономный округ - Югра,2007,1475188.0,0.08254,0.1022
Ханты-Мансийский автономный округ - Югра,2008,1491240.0,0.08802,0.19923
Ханты-Мансийский автономный округ - Югра,2009,1504319.0,0.0932,0.20088
Ханты-Мансийский автономный округ - Югра,2010,1521222.0,0.10035,0.20274
Ханты-Мансийский автономный округ - Югра,2011,1537134.0,0.10656,0.20489
Ханты-Мансийский автономный округ - Югра,2012,1562167.0,0.11174,
Ханты-Мансийский автономный округ - Югра,2013,1585965.0,0.11762,
Ханты-Мансийский автономный округ - Югра,2014,1600264.0,0.12413,
Ханты-Мансийский автономный округ - Югра,2015,1616212.0,0.13184,
Ханты-Мансийский автономный округ - Югра,2016,1632003.0,0.14026,
Ханты-Мансийский автономный округ - Югра,2017,1652442.0,0.14828,
Ханты-Мансийский автономный округ - Югра,2018,1662454.0,0.15636,
Ханты-Мансийский автономный округ - Югра,2019,1672251.0,0.16427,
Ханты-Мансийский автономный округ - Югра,2020,1684238.0,0.15854,
Ханты-Мансийский автономный округ - Югра,2021,879162.0,0.31811,
Ханты-Мансийский автономный округ - Югра,2022,1713763.0,0.15765,
Ханты-Мансийский автономный округ - Югра,2023,1730353.0,0.16556,
Ханты-Мансийский автономный округ - Югра,2024,1759386.0,0.16011,
Ханты-Мансийский автономный округ - Югра,2025,1781782.0,0.16611,
Челябинская область,1990,3701694.0,0.18349,0.12654
Челябинская область,1991,3706378.0,0.18811,0.12522
Челябинская область,1992,3703516.0,0.1927,0.24309
Челябинская область,1993,3700052.0,0.19708,0.1215
Челябинская область,1994,3682673.0,0.20061,0.23389
Челябинская область,1995,3690940.0,0.20132,0.11761
Челябинская область,1996,3679343.0,0.20376,0.11578
Челябинская область,1997,3668236.0,0.20647,0.11342
Челябинская область,1998,3670174.0,0.20712,0.21712
Челябинская область,1999,3671985.0,0.20647,0.2111
Челябинская область,2000,3660112.0,0.20534,0.20281
Челябинская область,2001,3643949.0,0.20436,0.19518
Челябинская область,2002,3621426.0,0.20521,0.09611
Челябинская область,2003,3597659.0,0.20469,0.18117
Челябинская область,2004,3569284.0,0.20394,0.0895
Челябинская область,2005,3541787.0,0.2053,0.08682
Челябинская область,2006,3516661.0,0.20728,0.16592
Челябинская область,2007,3496983.0,0.21124,0.08285
Челябинская область,2008,3489092.0,0.21498,0.16092
Челябинская область,2009,3484809.0,0.21793,0.16113
Челябинская область,2010,3481818.0,0.22304,0.1633
Челябинская область,2011,3475634.0,0.22824,0.1649
Челябинская область,2012,3480338.0,0.23217,
Челябинская область,2013,3485725.0,0.23622,
Челябинская область,2014,3490778.0,0.24016,
Челябинская область,2015,3498265.0,0.24445,
Челябинская область,2016,3501990.0,0.2491,
Челябинская область,2017,3503878.0,0.253,
Челябинская область,2018,3494859.0,0.25732,
Челябинская область,2019,3477855.0,0.26152,
Челябинская область,2020,3468762.0,0.25233,
Челябинская область,2021,1867671.0,0.46849,
Челябинская область,2022,3421556.0,0.24199,
Челябинская область,2023,3407145.0,0.24576,
Челябинская область,2024,3395798.0,0.23743,
Челябинская область,2025,3385124.0,0.24039,
Чеченская Республика,1990,1100334.0,0.13758,0.17098
Чеченская Республика,1991,1171514.0,0.13353,0.16814
Чеченская Республика,1992,1224703.0,0.12934,0.33506
Чеченская Республика,1993,1280519.0,0.12252,0.17142
Чеченская Республика,1994,1307071.0,0.11618,0.34525
Чеченская Республика,1995,1227980.0,0.11549,0.17527
Чеченская Республика,1996,1224986.0,0.11214,0.17712
Чеченская Республика,1997,1174877.0,0.10768,0.1767
Чеченская Республика,1998,1166896.0,0.10431,0.35878
Чеченская Республика,1999,1159839.0,0.10289,0.35603
Чеченская Республика,2000,1110237.0,0.09666,0.35508
Чеченская Республика,2001,996427.0,0.09285,0.3547
Чеченская Республика,2002,1072867.0,0.08432,0.17241
Чеченская Республика,2003,1105378.0,0.08175,0.34944
Чеченская Республика,2004,1116910.0,0.07932,0.17181
Чеченская Республика,2005,1133172.0,0.0764,0.17142
Чеченская Республика,2006,1152335.0,0.07491,0.34212
Чеченская Республика,2007,1171975.0,0.07398,0.16823
Чеченская Республика,2008,1196920.0,0.07489,0.33662
Чеченская Республика,2009,1224389.0,0.07634,0.33834
Чеченская Республика,2010,1249898.0,0.07805,0.34196
Чеченская Республика,2011,1275113.0,0.08039,0.34174
Чеченская Республика,2012,1302402.0,0.08223,
Чеченская Республика,2013,1325214.0,0.08475,
Чеченская Республика,2014,1347041.0,0.08793,
Чеченская Республика,2015,1370471.0,0.09113,
Чеченская Республика,2016,1394680.0,0.09548,
Чеченская Республика,2017,1415024.0,0.09885,
Чеченская Республика,2018,1436740.0,0.10272,
Чеченская Республика,2019,1456363.0,0.10659,
Чеченская Республика,2020,1477736.0,0.10166,
Чеченская Республика,2021,747960.0,0.20829,
Чеченская Республика,2022,1514603.0,0.09842,
Чеченская Республика,2023,1533209.0,0.10321,
Чеченская Республика,2024,1552866.0,0.09887,
Чеченская Республика,2025,1576552.0,0.10186,
Чувашская Республика,1990,1337182.0,0.17992,0.1364
Чувашская Республика,1991,1339822.0,0.18305,0.13616
Чувашская Республика,1992,1344014.0,0.18569,0.26638
Чувашская Республика,1993,1347818.0,0.18986,0.1327
Чувашская Республика,1994,1345489.0,0.19267,0.2574
Чувашская Республика,1995,1345431.0,0.19487,0.1286
Чувашская Республика,1996,1343966.0,0.19681,0.12553
Чувашская Республика,1997,1341946.0,0.19883,0.12218
Чувашская Республика,1998,1339194.0,0.20018,0.23548
Чувашская Республика,1999,1338819.0,0.19909,0.22971
Чувашская Республика,2000,1334219.0,0.19763,0.22222
Чувашская Республика,2001,1327743.0,0.19619,0.21454
Чувашская Республика,2002,1319498.0,0.19714,0.10514
Чувашская Республика,2003,1311737.0,0.197,0.19669
Чувашская Республика,2004,1301632.0,0.19559,0.09607
Чувашская Республика,2005,1291065.0,0.19579,0.09242
Чувашская Республика,2006,1278903.0,0.19616,0.17435
Чувашская Республика,2007,1268614.0,0.19872,0.08618
Чувашская Республика,2008,1263016.0,0.20128,0.16655
Чувашская Республика,2009,1258239.0,0.2035,0.16569
Чувашская Республика,2010,1255852.0,0.20767,0.16718
Чувашская Республика,2011,1250518.0,0.21202,0.16834
Чувашская Республика,2012,1245474.0,0.21677,
Чувашская Республика,2013,1240479.0,0.22203,
Чувашская Республика,2014,1235238.0,0.22753,
Чувашская Республика,2015,1231809.0,0.23366,
Чувашская Республика,2016,1228921.0,0.23991,
Чувашская Республика,2017,1226822.0,0.24521,
Чувашская Республика,2018,1221597.0,0.25138,
Чувашская Республика,2019,1212510.0,0.25845,
Чувашская Республика,2020,1206000.0,0.25004,
Чувашская Республика,2021,640809.0,0.4749,
Чувашская Республика,2022,1183908.0,0.24357,
Чувашская Республика,2023,1173177.0,0.25113,
Чувашская Республика,2024,1167061.0,0.24351,
Чувашская Республика,2025,1159768.0,0.25007,
Чукотский автономный округ,1990,162135.0,0.02272,0.15511
Чукотский автономный округ,1991,158056.0,0.02733,0.15222
Чукотский автономный округ,1992,147930.0,0.03378,0.29059
Чукотский автономный округ,1993,124351.0,0.04072,0.14541
Чукотский автономный округ,1994,111422.0,0.0454,0.27416
Чукотский автономный округ,1995,95769.0,0.04961,0.1392
Чукотский автономный округ,1996,84451.0,0.0526,0.13636
Чукотский автономный округ,1997,77917.0,0.05474,0.13401
Чукотский автономный округ,1998,72245.0,0.05784,0.2544
Чукотский автономный округ,1999,67010.0,0.05975,0.24989
Чукотский автономный округ,2000,61613.0,0.06286,0.24178
Чукотский автономный округ,2001,57534.0,0.06513,0.23988
Чукотский автономный округ,2002,55309.0,0.06814,0.12159
Чукотский автономный округ,2003,53137.0,0.06654,0.22978
Чукотский автономный округ,2004,51933.0,0.0678,0.11199
Чукотский автономный округ,2005,51815.0,0.06818,0.10925
Чукотский автономный округ,2006,52391.0,0.0723,0.21292
Чукотский автономный округ,2007,52913.0,0.07662,0.10763
Чукотский автономный округ,2008,52825.0,0.0829,0.21425
Чукотский автономный округ,2009,52138.0,0.08898,0.21932
Чукотский автономный округ,2010,51179.0,0.09744,0.22279
Чукотский автономный округ,2011,50346.0,0.10372,0.22453
Чукотский автономный округ,2012,50737.0,0.10728,
Чукотский автономный округ,2013,50349.0,0.11253,
Чукотский автономный округ,2014,49948.0,0.11762,
Чукотский автономный округ,2015,49729.0,0.12305,
Чукотский автономный округ,2016,49171.0,0.12849,
Чукотский автономный округ,2017,48635.0,0.13396,
Чукотский автономный округ,2018,47993.0,0.13956,
Чукотский автономный округ,2019,48098.0,0.14287,
Чукотский автономный округ,2020,48549.0,0.13419,
Чукотский автономный округ,2021,23880.0,0.2763,
Чукотский автономный округ,2022,47906.0,0.12938,
Чукотский автономный округ,2023,47840.0,0.13602,
Чукотский автономный округ,2024,48029.0,0.13032,
Чукотский автономный округ,2025,47778.0,0.1368,
Ямало-Ненецкий автономный округ,1990,489161.0,0.02061,0.1676
Ямало-Ненецкий автономный округ,1991,488577.0,0.02388,0.16591
Ямало-Ненецкий автономный округ,1992,477111.0,0.02774,0.31892
Ямало-Ненецкий автономный округ,1993,463790.0,0.03174,0.15887
Ямало-Ненецкий автономный округ,1994,467467.0,0.03514,0.29914
Ямало-Ненецкий автономный округ,1995,478033.0,0.03836,0.14829
Ямало-Ненецкий автономный округ,1996,487050.0,0.03972,0.14466
Ямало-Ненецкий автономный округ,1997,491900.0,0.04084,0.14182
Ямало-Ненецкий автономный округ,1998,497900.0,0.04189,0.27052
Ямало-Ненецкий автономный округ,1999,498996.0,0.04269,0.26568
Ямало-Ненецкий автономный округ,2000,496292.0,0.04372,0.26042
Ямало-Ненецкий автономный округ,2001,498271.0,0.04491,0.25607
Ямало-Ненецкий автономный округ,2002,503121.0,0.04547,0.13009
Ямало-Ненецкий автономный округ,2003,508600.0,0.04613,0.24706
Ямало-Ненецкий автономный округ,2004,510846.0,0.04769,0.12069
Ямало-Ненецкий автономный округ,2005,514581.0,0.05248,0.11544
Ямало-Ненецкий автономный округ,2006,517385.0,0.05517,0.21942
Ямало-Ненецкий автономный округ,2007,521621.0,0.05864,0.10925
Ямало-Ненецкий автономный округ,2008,524012.0,0.06416,0.21362
Ямало-Ненецкий автономный округ,2009,522966.0,0.06763,0.2163
Ямало-Ненецкий автономный округ,2010,524141.0,0.07405,0.21909
Ямало-Ненецкий автономный округ,2011,524925.0,0.07929,0.22049
Ямало-Ненецкий автономный округ,2012,532878.0,0.08205,
Ямало-Ненецкий автономный округ,2013,534109.0,0.08527,
Ямало-Ненецкий автономный округ,2014,528105.0,0.09014,
Ямало-Ненецкий автономный округ,2015,524181.0,0.09675,
Ямало-Ненецкий автономный округ,2016,514308.0,0.10509,
Ямало-Ненецкий автономный округ,2017,512478.0,0.11336,
Ямало-Ненецкий автономный округ,2018,511240.0,0.12095,
Ямало-Ненецкий автономный округ,2019,510666.0,0.12834,
Ямало-Ненецкий автономный округ,2020,510068.0,0.12266,
Ямало-Ненецкий автономный округ,2021,260543.0,0.25349,
Ямало-Ненецкий автономный округ,2022,511244.0,0.12274,
Ямало-Ненецкий автономный округ,2023,512387.0,0.13034,
Ямало-Ненецкий автономный округ,2024,515960.0,0.12631,
Ямало-Ненецкий автономный округ,2025,523105.0,0.13149,
Ярославская область,1990,1472126.0,0.22689,0.10818
Ярославская область,1991,1473837.0,0.22907,0.1076
Ярославская область,1992,1469449.0,0.23119,0.20952
Ярославская область,1993,1464220.0,0.23551,0.1047
Ярославская область,1994,1456922.0,0.23818,0.20187
Ярославская область,1995,1452718.0,0.23981,0.10116
Ярославская область,1996,1446797.0,0.24194,0.09972
Ярославская область,1997,1437494.0,0.24458,0.09778
Ярославская область,1998,1428690.0,0.24567,0.18632
Ярославская область,1999,1419433.0,0.2445,0.18085
Ярославская область,2000,1406111.0,0.24311,0.17364
Ярославская область,2001,1393727.0,0.24228,0.16706
Ярославская область,2002,1378417.0,0.24362,0.08285
Ярославская область,2003,1364374.0,0.24257,0.15566
Ярославская область,2004,1347055.0,0.24093,0.07739
Ярославская область,2005,1329799.0,0.24273,0.07519
Ярославская область,2006,1312813.0,0.24463,0.14342
Ярославская область,2007,1299965.0,0.24771,0.07211
Ярославская область,2008,1292536.0,0.25068,0.14011
Ярославская область,2009,1286122.0,0.25266,0.14085
Ярославская область,2010,1280088.0,0.25778,0.14354
Ярославская область,2011,1271006.0,0.26268,0.14536
Ярославская область,2012,1269134.0,0.26624,
Ярославская область,2013,1267791.0,0.2695,
Ярославская область,2014,1265900.0,0.27279,
Ярославская область,2015,1263778.0,0.27646,
Ярославская область,2016,1262076.0,0.28007,
Ярославская область,2017,1258915.0,0.28281,
Ярославская область,2018,1251878.0,0.28599,
Ярославская область,2019,1243821.0,0.28945,
Ярославская область,2020,1235613.0,0.27902,
Ярославская область,2021,673421.0,0.50938,
Ярославская область,2022,1205637.0,0.26734,
Ярославская область,2023,1194605.0,0.27026,
Ярославская область,2024,1187558.0,0.26108,
Ярославская область,2025,1180174.0,0.26409,
г. Москва,1990,8880124.0,0.21763,0.10189
г. Москва,1991,9017415.0,0.21627,0.1013
г. Москва,1992,9067808.0,0.21698,0.19605
г. Москва,1993,9066025.0,0.22157,0.09853
г. Москва,1994,9066612.0,0.22302,0.1885
г. Москва,1995,9085457.0,0.22356,0.09483
г. Москва,1996,9246727.0,0.22152,0.09227
г. Москва,1997,9411236.0,0.22082,0.08893
г. Москва,1998,9604297.0,0.21952,0.1667
г. Москва,1999,9783242.0,0.21642,0.15945
г. Москва,2000,9932932.0,0.21475,0.15166
г. Москва,2001,10114203.0,0.21361,0.14476
г. Москва,2002,10269900.0,0.21473,0.0708
г. Москва,2003,10386903.0,0.21516,0.13247
г. Москва,2004,10535681.0,0.21446,0.06763
г. Москва,2005,10726429.0,0.21563,0.06755
г. Москва,2006,10923762.0,0.21805,0.13002
г. Москва,2007,11091428.0,0.22116,0.0655
г. Москва,2008,11186851.0,0.22522,0.12672
г. Москва,2009,11281631.0,0.22851,0.12752
г. Москва,2010,11382161.0,0.23301,0.12937
г. Москва,2011,11541101.0,0.23708,0.1289
г. Москва,2012,11668721.0,0.24111,
г. Москва,2013,11849529.0,0.24508,
г. Москва,2014,12036363.0,0.24914,
г. Москва,2015,12183176.0,0.25402,
г. Москва,2016,12372930.0,0.25974,
г. Москва,2017,12480152.0,0.2655,
г. Москва,2018,12662615.0,0.27025,
г. Москва,2019,12827700.0,0.27595,
г. Москва,2020,12946607.0,0.26809,
г. Москва,2021,6956502.0,0.5095,
г. Москва,2022,13015126.0,0.26337,
г. Москва,2023,13104177.0,0.26845,
г. Москва,2024,13149803.0,0.26153,
г. Москва,2025,13274285.0,0.26453,
г. Санкт-Петербург,1990,5002444.0,0.20693,0.10125
г. Санкт-Петербург,1991,5007469.0,0.20896,0.10193
г. Санкт-Петербург,1992,4986405.0,0.21198,0.19857
г. Санкт-Петербург,1993,4942891.0,0.21862,0.10119
г. Санкт-Петербург,1994,4881563.0,0.22227,0.19398
г. Санкт-Петербург,1995,4845407.0,0.22467,0.09906
г. Санкт-Петербург,1996,4820213.0,0.22594,0.09764
г. Санкт-Петербург,1997,4806641.0,0.22746,0.09524
г. Санкт-Петербург,1998,4783982.0,0.2293,0.17734
г. Санкт-Петербург,1999,4770897.0,0.22931,0.16981
г. Санкт-Петербург,2000,4741923.0,0.22983,0.16075
г. Санкт-Петербург,2001,4714844.0,0.23126,0.15202
г. Санкт-Петербург,2002,4688414.0,0.23398,0.07397
г. Санкт-Петербург,2003,4656474.0,0.23529,0.13691
г. Санкт-Петербург,2004,4662038.0,0.23462,0.06903
г. Санкт-Петербург,2005,4686491.0,0.23606,0.06738
г. Санкт-Петербург,2006,4712854.0,0.23867,0.12723
г. Санкт-Петербург,2007,4747550.0,0.24224,0.06371
г. Санкт-Петербург,2008,4764864.0,0.24629,0.1219
г. Санкт-Петербург,2009,4798713.0,0.24862,0.12155
г. Санкт-Петербург,2010,4832759.0,0.25207,0.12259
г. Санкт-Петербург,2011,4899344.0,0.2547,0.12103
г. Санкт-Петербург,2012,4974814.0,0.25485,
г. Санкт-Петербург,2013,5071538.0,0.25493,
г. Санкт-Петербург,2014,5195664.0,0.25402,
г. Санкт-Петербург,2015,5276250.0,0.25606,
г. Санкт-Петербург,2016,5331224.0,0.2601,
г. Санкт-Петербург,2017,5405370.0,0.26261,
г. Санкт-Петербург,2018,5494802.0,0.26453,
г. Санкт-Петербург,2019,5546375.0,0.26776,
г. Санкт-Петербург,2020,5580752.0,0.25888,
г. Санкт-Петербург,2021,3068959.0,0.47701,
г. Санкт-Петербург,2022,5607916.0,0.25027,
г. Санкт-Петербург,2023,5600044.0,0.25548,
г. Санкт-Петербург,2024,5597763.0,0.24818,
г. Санкт-Петербург,2025,5652922.0,0.25045,
г. Севастополь,2012,0.0,,
г. Севастополь,2013,0.0,,
г. Севастополь,2014,0.0,,
г. Севастополь,2015,398973.0,0.27456,
г. Севастополь,2016,437403.0,0.26477,
г. Севастополь,2017,458569.0,0.26145,
г. Севастополь,2018,479533.0,0.2581,
г. Севастополь,2019,499623.0,0.25646,
г. Севастополь,2020,522366.0,0.24292,
г. Севастополь,2021,279107.0,0.46134,
г. Севастополь,2022,547452.0,0.22849,
г. Севастополь,2023,558273.0,0.23245,
г. Севастополь,2024,561374.0,0.22582,
г. Севастополь,2025,558302.0,0.23026,
