region_sheet,ethnicity,population
Российская Федерация,Все население,147182123
Российская Федерация,Указавшие национальную принадлежность,130587364
Российская Федерация,Абазины (абаза),41793
Российская Федерация,Абхазы (апсуа),8177
Российская Федерация,"Аварцы (аварал, аваро-американцы, аваро-даргинцы, аваро-кумыки, аваро-лезгины, аваро-татары, аваро-украинцы, аваро-чеченцы, аварцы белоканские, закатальцы, маарулал, телетлинцы, тляратинцы, хунзахцы, чародинцы)",1012074
Российская Федерация,"Андийцы (андал, андии, ашалинцы, рикванинцы)",16758
Российская Федерация,"Арчинцы (арчи, арчиб)",1693
Российская Федерация,"Ахвахцы (ашвадо, ратлубцы, хучадинцы)",5282
Российская Федерация,"Багулалы (багвалинцы, кванадинцы, тлондодинцы)",14
Российская Федерация,"Бежтинцы (бежитинцы, капучины, тлядальцы, хашархотинцы)",6890
Российская Федерация,Ботлихцы (буйхади),3788
Российская Федерация,Гинухцы,630
Российская Федерация,Годоберинцы,2172
Российская Федерация,"Гунзибцы (гарбутлинцы, гунзал, нахада)",2363
Российская Федерация,"Дидойцы (хушетинцы, цезы, цунтинцы)",14881
Российская Федерация,"Каратинцы (анчихцы, рацитлинцы, тукитинцы)",7343
Российская Федерация,"Тиндалы (акнадинцы, ангидинцы, идари, тиндальцы, тиндинцы, эчединцы)",1161
Российская Федерация,"Хваршины (инхокваринцы, квантладинцы, сантладинцы, хваршинцы)",827
Российская Федерация,"Чамалалы (гигатлинцы, кенхинцы, урухцы, чамалинцы)",91
Российская Федерация,Агулы (агульцы),34576
Российская Федерация,"Адыгейцы (абадзехи, адыге, адыгейские казаки, адыгейцы-черкесы,  адыги, адыгэ, бжедуги, кемгоевцы, сирийские адыгейцы, адыги-черкесы, черкесы-бжедуги)",111471
Российская Федерация,"Азербайджанцы (азербайджанлы, азербайджано-русские, азер, азери, бакинцы, гардабанцы, грузинские азербайджанцы, гянджинцы, евлахцы, иранские азербайджанцы, каджары, карабахцы, карапапахи, кашкайцы, сумгаитцы, терекеме, теркеме, тюрк с языком азербайджанским, шамкирцы, шекинцы)",474576
Российская Федерация,Алеуты,397
Российская Федерация,"Алтайцы (алмат, алтай, алтай-кижи, ара, джунгары, казах кыпчак, кыпчак с языком алтайским, ойротским, чуйским, кюзен, майман, меркит, мундус, ойрат с языком алтайским, ойрот, ойроты, тодош, тонжоон, тумат, тьабак, чапты, чорос, шор с языком алтайским)",78125
Российская Федерация,"Теленгиты (алтай-теленгит, алтай-телёс, алтайцы-теленгиты, теленит, телёс)",2730
Российская Федерация,"Тубалары (алтай-туба, алтайцы-тубалары, туба, тубинцы)",3620
Российская Федерация,"Челканцы (алтай с языком челканским, алтайцы-челканцы, чалканцы, шалганы)",1290
Российская Федерация,"Американцы (англоамериканцы, афроамериканцы, гавайцы, техасцы)",1129
Российская Федерация,"Арабы (алжирцы, арабы Объединенных Арабских Эмиратов, арабы палестинцы, арабы сирийцы, аравийцы, аравим, бедуины, друзы, египтяне, иорданцы, иракцы, йеменцы, катарцы, кувейтцы, ливанцы, ливийцы, мавры, мавританцы, марокканцы, оманцы, палестинцы, саудовцы, сирийцы, тунисцы)",16329
Российская Федерация,"Армяне (амшенские армяне, амшенцы, армяне-таты, армяно-болгары, армяно-греки, армяно-грузины, армяно-казахи, армяно-карачаевцы, армяно-корейцы, армяно-литовцы, армяно-русские, армяно-татары, армяно-украинцы, армяно-чуваши, армянские таты, арцахцы, ассирийские армяне, бакинские армяне, грузинские армяне, донские армяне, ереванцы, крымские армяне, куралю, нахичеванцы с языком армянским, русским, руские армяне, русские армяне,  русско-армяне с языком армянским, турецкие армяне, чардахлинцы)",946172
Российская Федерация,Черкесогаи (армавирцы),12
Российская Федерация,"Ассирийцы (айсоры, арамеи, халдеи)",4421
Российская Федерация,"Афганцы (афганистанцы, барбари, бербери, дари, кабулистан, нуристанцы, патаны, паштуны, пашаи, пушту, пуштуны, хазарейцы)",3536
Российская Федерация,"Балкарцы (кабардино-балкарцы с языком карачаево-балкарским, карачаево-балкарцы, малкарцы, чегемцы, аланы с языком карачаево-балкарским, балкарским, карачай-малкар аланы)",125044
Российская Федерация,"Башкиры (бакалинцы, башкир кыпсак, башкир усерган, башкиро-русские, башкиро-татары, башкирцы, башкорт, башкурт, бушман, гайнинцы, зауральские башкиры, казаки с языком башкирским, мин, татаро-башкиры с языком башкирским, тептяри с языком башкирским, уранцы)",1571879
Российская Федерация,"Белорусы (беларусы, бело-поляки, белорусо-татары, западные белорусы, литваки, литвины, литвяки, минчане, пинчуки, полешуки, полещуки, полочане, поляки с языком белорусским)",208046
Российская Федерация,Бесермяне (бесерман),2036
Российская Федерация,"Болгары (болгаро-русские, моздокские болгары, помаки)",11851
Российская Федерация,Боснийцы (бошняки),98
Российская Федерация,"Британцы (альбионцы, англичане, англосаксы, валлийцы, уэдделлцы, уэльсцы, шотландцы, великобританцы)",1167
Российская Федерация,"Буряты (агинцы, аларцы, аргадинцы, баргуты, баяд, булагаты, буряад, бурят-монголы, буряты-азербайджанцы, буряты-хонгодоры, галзууд, гураны с языком бурятским, западные буряты, иркутские буряты, курымкане, монголо-буряты, сартулы, сонголы, табангуты, тангуты, хамниганы, хойхо, хонгодоры, хори, хори буряты, хори-буряты, хоринцы, эхириты)",460053
Российская Федерация,"Венгры (австровенгры, мадьяр, мадьяры)",1460
Российская Федерация,"Вепсы (заозерские вепсы, чудь, чухари)",4534
Российская Федерация,Водь (вожане),99
Российская Федерация,"Вьетнамцы (вьет ньгой, вьетконговцы, кинь, таи, тхо, тхыонги, чуру)",7918
Российская Федерация,Гагаузы (гагаузы-болгары),9272
Российская Федерация,"Горские евреи (горские, горские таты, дагестанские евреи, джалганцы, джуур, таты-горцы)",266
Российская Федерация,"Греки (азовские греки, азовские греки урумы, армянские греки, византийскийские греки, крымские греки, греко-осетины, греко-русские, донбасские греки, критяне, понтийские греки, понтийцы, ромеи, рум, румеи, русские греки, цалкинцы, эллины)",53972
Российская Федерация,Греки-урумы (урум),12
Российская Федерация,Грузинские евреи,14
Российская Федерация,"Грузины (бацбийцы, грузино-чеченцы, гурийцы, имеретинцы, картвелы, кахетинцы, тбилисцы, турко-грузины с языком грузинским, тушинцы, хевсуры)",112765
Российская Федерация,Аджарцы,166
Российская Федерация,Ингилойцы (ингилой),247
Российская Федерация,Лазы (чаны),94
Российская Федерация,"Мегрелы (менгрелы, мингрелы)",391
Российская Федерация,Сваны,24
Российская Федерация,"Даргинцы (акушинцы, аштынцы, губденцы, дарган, дарганти, кадарцы, кункинцы, левашинцы, мегебцы, мекегинцы, мугинцы, мюрегинцы, тавлинцы, урахинцы, цудахарцы)",626601
Российская Федерация,"Кайтагцы (кайтаги, хайдаклан)",37
Российская Федерация,Кубачинцы (угбуг),559
Российская Федерация,"Долганы (долган, дулган, саха с языком долганским)",8157
Российская Федерация,Дунгане (хуэй),3028
Российская Федерация,"Евреи (армяно-евреи, армянские евреи, ашкеназ, ашкеназы, белорусские евреи, велижские евреи, восточные евреи, евреи-мордва, европейские евреи, идиш, идишисты, иудаисты, иудеи, ортодоксальные евреи, польские евреи, русские евреи, семиты, сефарды, хасиды)",82644
Российская Федерация,"Езиды (езды, иезиды, йезиды, курды-езиды, язиды)",26257
Российская Федерация,"Ижорцы (ижора, ингры, инкери)",210
Российская Федерация,"Ингуши (галга, галгаи, евлойцы, калгаи, карабулакцы, мелхи с языком ингушским, мелхистинцы, нарт-орстхойцы, орстхоевцы, орстхойцы, ортсхой, орстхо, орстхой, орцхо, орштхой, аланы с языком ингушским, вайнахи с языком ингушским, чечено-ингуши с языком ингушским)",517186
Российская Федерация,"Индийцы (гоанцы, гуджаратцы, индийцы хиндиязычные, индуисты, каннара, кашмирцы, малаяли, маратхи, мумбайцы, сикхи, тамилы, тамильцы, телугу,  хинди, хиндустанцы, шиваиты)",7667
Российская Федерация,"Испанцы (андалузцы, галисийцы, испанороссияне, канарцы, каталанцы, каталонцы, майоркинцы, саламанкцы)",1175
Российская Федерация,"Итальянцы (англо-итальянцы, генуэзцы, итальяно-португальцы, лангобарды, римляне, сардинцы, сицилийцы, флорентийцы)",1460
Российская Федерация,Ительмены (камчадалы с языком ительменским),2596
Российская Федерация,"Кабардинцы (адыге с языком кабардинским, адыги с языком кабардинским, адыги-черкесы с языком кабардинским, адыгэ с языком кабардинским, армяно-кабардинцы с языком кабардинским, кабардино-балкарцы, моздокские адыги, моздокские кабардинцы, чечено-кабардинцы с языком кабардино-черкесским)",523404
Российская Федерация,"Казахи (адай, астраханские казахи, жаппас, казахо-русские, карагандинцы, кереиты, керей, кызылординцы, ногай с языком казахским, туратинские казахи, уйсун)",591970
Российская Федерация,"Калмыки (болдыры, бузавы, казаки с языком калмыцким, калмыки-ойраты, ойрат, ойрат-калмыки, ойраты, торгуты, хальмг, хойты)",179547
Российская Федерация,Камчадалы,1547
Российская Федерация,Караимы (крымские караимы),500
Российская Федерация,"Каракалпаки (калпак, каролпак)",838
Российская Федерация,"Карачаевцы (аланы с языком карачаевским, карачаево-черкесы, карачай, карачай-малеар аланы с языком карачаевским)",226271
Российская Федерация,"Карелы (вологодские карелы, калевальцы, ливвики, людики, лююдилайне, поморы-карелы, тихвинские карелы)",32422
Российская Федерация,Кереки,23
Российская Федерация,"Кеты (дянь, кето, остяки)",1088
Российская Федерация,Юги (югын),7
Российская Федерация,"Киргизы (бишкекцы, катаган, кыргыз)",137780
Российская Федерация,"Китайцы (баоани, мяо, тайванцы, тибетцы, хань, ханьцы, хмонги, хунхузы, юньнаньцы)",19644
Российская Федерация,"Коми (зыряне, коми морт, коми-зыряне, коми-обдор, удорачи)",143516
Российская Федерация,"Коми-ижемцы (ижемцы, изьватас)",4748
Российская Федерация,"Коми-пермяки (зюздинцы, коми с языком коми-пермяцким, коми-зюздинцы, коми-язьвинцы, кудымкарцы, пермяки)",55786
Российская Федерация,"Корейцы (калмыцкие корейцы, корё сарам, русские корейцы, северокорейцы)",87819
Российская Федерация,Коряки (каменцы),7485
Российская Федерация,"Алюторцы (карагинцы, намыланы, нымыланы)",96
Российская Федерация,"Крымские татары крымтатар, крымцы, кырымлы, ногаи крымские, тат с языком крымскотатарским, татары с языком крымскотатарским)",257592
Российская Федерация,Крымчаки (евреи крымские),954
Российская Федерация,"Кубинцы (гаванцы, кубино-американцы)",701
Российская Федерация,"Кумандинцы (алтай с языком кумандинским, алтайцы-кумандинцы, куманды, со, тадар)",2408
Российская Федерация,"Кумыки (даргино-кумыки с языком кумыкским, доргелинцы, карабудахкентцы, костекцы, кумук, кумыки-осетины, чечено-кумыки с языком кумыкским)",565830
Российская Федерация,"Курды (курд, армянские курды)",24657
Российская Федерация,"Курманч (батумские курды, курмандж)",4
Российская Федерация,"Лакцы (кулинцы, лак, лаки, лаккучу, лакучу)",173416
Российская Федерация,"Латыши (курляндцы, ливы, латвиеши, латвийцы, лифляндцы)",8516
Российская Федерация,Латгальцы (латгалы),371
Российская Федерация,"Лезгины (аваро-лезгины с языком лезгинским, аныхцы, ахтинцы, ахтынцы, кусарцы, лезги, табасараны-лезгины с языком лезгинским, талыш-лезгины с языком лезгинским)",488608
Российская Федерация,"Литовцы (литваки с языком литовским, литвины с языком литовским, литвяки с языком литовским, литувей)",13230
Российская Федерация,Македонцы,155
Российская Федерация,"Манси (вогулы, кондинские манси)",12228
Российская Федерация,"Марийцы (мар, мари, марий, меря, черемисы)",423803
Российская Федерация,Горные марийцы (горномарийцы),14077
Российская Федерация,"Лугово-восточные марийцы (луговые марийцы, уральские марийцы)",101
Российская Федерация,"Молдаване (бессарабцы, бессарабы, молдовень)",77509
Российская Федерация,"Монголы (дархад, дархат, дархаты, халха, халха-монголы, хори монголы)",1318
Российская Федерация,"Мордва (каратаи, мордвины, мордовцы, терюхане, терюханские мордвины, чуматары, чумордосы, чумотары)",484450
Российская Федерация,Мордва-мокша (мокша),11801
Российская Федерация,"Мордва-эрзя (мордва-шокша, шокша, эрзя, эрзя-мурза)",50068
Российская Федерация,Нагайбаки,5719
Российская Федерация,"Нанайцы (гольды, нанай)",11623
Российская Федерация,Нганасаны (авамские),687
Российская Федерация,Негидальцы (нигедальцы),481
Российская Федерация,"Немцы (алеманны, амиши, баварцы, балтийские немцы, бужские голендры, волжские немцы, германские немцы, германцы, голендры, калмыцкие немцы, крымские готы, немцы поволжья, немцы России, остзейские немцы, поволжские немцы, польские немцы, померанцы, прусаки, пруссы, российские немцы, русские немцы, саксонцы, харбинские немцы, швабы)",195256
Российская Федерация,Меннониты,5
Российская Федерация,"Ненцы (лесные ненцы, малоземельские ненцы, не, ненэйне, ненэчэ, неща, неща лесные, нещанг, тундровые ненцы, ненэця)",49646
Российская Федерация,"Нивхи (гиляки, нибах, нивхгу)",3842
Российская Федерация,"Ногайцы (караногайцы, кундрау, ногай, ногайцы кундрау, терские ногайцы, ногайцы-юртовцы, нугай, юртовские ногаи, юртовские ногайцы, юртовцы, юртский нугай)",109042
Российская Федерация,"Карагаши (астраханские ногайцы, ногай-карагаш, ногайцы-карагаши)",218
Российская Федерация,"Орочи (нани, ороч)",527
Российская Федерация,"Осетины (аланы, владикавказцы, северо-осетины)",485646
Российская Федерация,"Осетины-дигорцы (дигор, дигорон, дигорцы)",1361
Российская Федерация,"Осетины-иронцы (ирон, иронцы, кударцы, юго-осетины)",323
Российская Федерация,"Пакистанцы (балуч, белуджи, белуч, брагуи, джаты,  калаши, панджабцы, пенджабцы, синдхи, шина)",410
Российская Федерация,"Памирцы (бадахшанцы, ваханцы, вахи, памирские таджики, рухни, шугнанцы, язгулемцы)",467
Российская Федерация,"Персы (иранцы, маури, парси, парсибаны, парсиваны, фарс, фарси, фарсиваны, хазарейцы с языком персидским, хорасани)",2434
Российская Федерация,Поляки (белорусские поляки),22024
Российская Федерация,Румыны,1850
Российская Федерация,"Русины (бойки, гуцулы, закарпатцы, карпатские русины, лемки, подкарпатские русины, руснаки, рутены)",596
Российская Федерация,"Русские (албазинцы, ведруссы, вилежане, великороссы, горяне, гураны, древляне, кержаки, кривичи, кубанцы, кулугуры, липчане, мещеряки, молокане, нууча, русаки, русичи, русско-устьинцы, семейские, сибиряки, скобари, староверы, чалдоны, челдоны, якутяне)",105579179
Российская Федерация,"Казаки (амурские казаки, астраханские казаки, вилокорусские казаки, волжские казаки, гребенские казаки, донские казаки, забайкальские казаки, запорожские казаки, казаки-некрасовцы, казаки-черкасы, казарла, кубанские казаки, кубанско-донские казаки, нижнедонские казаки, новоазовские казаки, оренбургские казаки, православные казаки, ростовские казаки, русские казаки, севрюки, сибирские казаки, терские казаки, уральские казаки, уссурийские казаки, уссурийцы, яицкие казаки)",50490
Российская Федерация,"Поморы (важане, русские поморы, усть-цилемы)",2232
Российская Федерация,"Рутульцы (борчинцы, ихрекцы, катрухцы, рутул, хновцы)",34259
Российская Федерация,"Саамы (лапландцы, лопари, саами)",1530
Российская Федерация,Селькупы (сëлькуп),3458
Российская Федерация,"Сербы (боснийскиие сербы, серп)",2151
Российская Федерация,Словаки,193
Российская Федерация,Словенцы (славянцы),108
Российская Федерация,"Сойоты (бурят-сойоты, сойот)",4368
Российская Федерация,"Среднеазиатские евреи (бухарские евреи, иври, яхуди)",18
Российская Федерация,"Табасараны (табасаран, табасаранцы, табасараны-лезгины)",151466
Российская Федерация,"Таджики (душанбинцы, кулябцы, тоджик, фарс с языком таджикским, худжандцы, ягнобцы)",350236
Российская Федерация,Тазы (удэ с языком китайским или русским),235
Российская Федерация,"Талыши (талыш-лезгины, толыш)",3595
Российская Федерация,"Татары (армянские татары, башкиро-татары с языком татарским, башкирские татары, бигер, бухарские татары, волго-уральские татары, волжские татары, гайнинцы-татары, горьковские татары, гребенские татары, дагестанские татары, закамские татары, исашные татары, казанские татары, караинские татары, касимовские татары, крымско-казанские татары, кубанские татары, кубино-татары, кукморцы, литовские татары, пермские татары, поволжские татары, польские татары, польско-литовские татары, татар, татарлар, татаро-башкиры, татаро-русские с языком татарским, татарчувабелорусы, татары-мишари, татмурты, тептер, тептяри, типтяр, тоболо-иртышские татары, уфимские татары, чуматары с языком татарским, нугай с языком татарским)",4713669
Российская Федерация,Астраханские татары (алабугатские татары),29
Российская Федерация,"Кряшены (керешен, крещенцы, крещеные, крещеные татары, крещёны, кряшены-русские, кряшены-татары)",29978
Российская Федерация,"Мишари (мещеряки с языком татарским, мижер, мишар, мишары, мишэр)",787
Российская Федерация,"Сибирские татары (бараба, барабинские татары, бухарцы, заболотные татары, калмаки, сибир, сибирь, тарские татары, тобольские татары)",6297
Российская Федерация,"Таты (гимейдинцы, митагинцы, тат, таты-азербайджанцы, таты-мусульмане, фарси с языком татским)",575
Российская Федерация,Телеуты,2217
Российская Федерация,"Тофалары (карагасы, тофа)",719
Российская Федерация,"Тувинцы (кызылчане, тува, тыва, урянхай)",295384
Российская Федерация,"Тувинцы-тоджинцы (тоджинцы, туга)",7278
Российская Федерация,"Турки (алевиты, анкарцы, крымские турки, османы, сухумцы, турки-османы, турко-грузины, тюрк с языком турецким)",116705
Российская Федерация,"Турки-месхетинцы (ахыска, ахыска-турки, месхетинцы, турки-ахыска)",4095
Российская Федерация,"Туркмены (ашхабадцы, текинцы, трухмены, тюрк с языком туркменским)",41338
Российская Федерация,Удины (уди),2551
Российская Федерация,"Удмурты (вотяки, закамские удмурты, можгинцы, одмурт, удморт)",386465
Российская Федерация,"Удэгейцы (удэхе, удэхейцы)",1325
Российская Федерация,"Узбеки (карлуки, кашкадарьинцы, локайцы, кипчак, кыпчак, сарты, ташкентцы, тюрк с языком узбекским, хорезмцы, хорезмлы, чирчикцы, шахриханцы)",323278
Российская Федерация,Уйгуры,2217
Российская Федерация,"Уйльта (орок, ороки, орочены-уийльта, орочён, ульта, ульча с языком уйльта)",268
Российская Федерация,"Украинцы (ахтырцы, волынцы, восточные украинцы, дальневосточные украинцы, западенцы, казаки с языком украинским, малороссийцы, малороссы, подольчане, полтавцы,  русские украинцы, сумские)",884007
Российская Федерация,Ульчи (ульча),2472
Российская Федерация,"Финны (суоми, хельсинкцы)",7778
Российская Федерация,"Финны-ингерманландцы (ингерманландцы, савакот)",571
Российская Федерация,"Французы (антильцы, бретонцы, гваделупцы, корсиканцы, лангедокцы, нормандцы, парижане)",1457
Российская Федерация,"Хакасы (абаканцы, аринцы, койбалы, пурус, сагайцы, тадар с языком хакасским, хаас)",61365
Российская Федерация,Ханты (хантэ),31467
Российская Федерация,Хемшилы (хемшины),2082
Российская Федерация,Хорваты (боснийскиие хорваты),177
Российская Федерация,"Цахуры (йыхбы, цахурцы)",12541
Российская Федерация,"Цыгане (белорусские цыгане, венгерские цыгане, влахи, греческие цыгане, дом, ром, кишиневцы, котляры, крымские цыгане, кэлдэрары, ловари, плащуны, польские цыгане,  рома, ромалэ, румынские цыгане, русские цыгане, сэрвы, уральские котляры, фараоны)",173400
Российская Федерация,Цыгане среднеазиатские,12
Российская Федерация,"Черкесы (адыги с языком черкесским, адыгэ с языком черкесским, бесленеевцы, убыхи, адыги-черкесы с языком черкесским, сирийские адыги)",114697
Российская Федерация,Черногорцы,85
Российская Федерация,"Чехи (мораване, пражане)",1214
Российская Федерация,"Чеченцы (армянские чеченцы, аьккхий, вайнахи, грозненцы, мелхи, нохчий, нохчо, орстхой с языком чеченским, чечено-ингуши, чечено-кумыки, чечено-осетины,  чинхой)",1674854
Российская Федерация,"Чеченцы-аккинцы (акинцы, аккинцы, ауховцы, чеченцы-акинцы)",54
Российская Федерация,Чуванцы,900
Российская Федерация,"Чуваши (болгаро-чуваши с языком чувашским, сувары, чаваш, чувтары, чутары)",1067139
Российская Федерация,"Чукчи (англо-чукчи, луораветлан, лыгъоравэтлъан, чаучу)",16200
Российская Федерация,"Чулымцы (исашные, причулымские татары, средне-чулымцы)",382
Российская Федерация,"Шапсуги (абреки, адыгейцы-шапсуги, адыги с языком шапсугским, адыги-шапсуги, причерноморские шапсуги, хакучинцы)",1914
Российская Федерация,"Шорцы (абинцы, шор)",10507
Российская Федерация,"Эвенки (орочён с языком эвенкийским, тунгус, тунгусы, эвенк)",39226
Российская Федерация,"Эвены (илкан, ламут, овен, ороч с языком эвенским, орочёл, орочи с языком эвенским, эбэн, эвен, эвон, эвын, эвэн, эвены ламуты)",19913
Российская Федерация,Энцы,201
Российская Федерация,Эскимосы (гренландские эскимосы),1657
Российская Федерация,"Эстонцы (хийумаасцы, чухонцы)",7859
Российская Федерация,"Сету (сето, эстонцы-сету)",234
Российская Федерация,"Юкагиры (алаи, ваду, одул)",1802
Российская Федерация,"Якуты (саха) (есейские якуты, ессейские якуты, саха, саха-курыканы, сахабуры, сахабын, сахалар, сахаляры)",478409
Российская Федерация,Японцы (рюкюсцы),663
Российская Федерация,Указавшие другие ответы о национальной принадлежности (не перечисленные выше),1393685
Российская Федерация,Нет национальной принадлежности,542201
Российская Федерация,"Лица, в переписных листах которых национальная принадлежность не указана",16594759
Российская Федерация,отказавшиеся отвечать на вопрос о национальной принадлежности,7004052
Белгородская область,Все население,1540486
Белгородская область,Указавшие национальную принадлежность,1295388
Белгородская область,Абазины,4
Белгородская область,Абхазы,40
Белгородская область,Аварцы,227
Белгородская область,Каратинцы,1
Белгородская область,Агулы (агульцы),38
Белгородская область,Адыгейцы,5
Белгородская область,"Азербайджанцы (азер, терекеме)",3471
Белгородская область,Алтайцы,1
Белгородская область,Американцы,7
Белгородская область,"Арабы (алжирцы, египтяне, иорданцы, иракцы, йеменцы, ливанцы, ливийцы, мавританцы, марокканцы, палестинцы, сирийцы, тунисцы)",319
Белгородская область,Армяне,4931
Белгородская область,Ассирийцы,2
Белгородская область,"Афганцы (афганистанцы, бербери, пуштуны)",44
Белгородская область,Балкарцы,19
Белгородская область,"Башкиры (башкирцы, башкорт)",208
Белгородская область,Белорусы (беларусы),1101
Белгородская область,Бесермяне,2
Белгородская область,Болгары,290
Белгородская область,Британцы (англичане),5
Белгородская область,Буряты,32
Белгородская область,Венгры,35
Белгородская область,Вепсы,2
Белгородская область,Вьетнамцы,8
Белгородская область,Гагаузы,231
Белгородская область,"Греки (понтийцы, рум, эллины)",231
Белгородская область,Грузины,641
Белгородская область,Даргинцы,234
Белгородская область,Долганы,1
Белгородская область,Дунгане,23
Белгородская область,Евреи (русские евреи),189
Белгородская область,Езиды (йезиды),240
Белгородская область,Ингуши,96
Белгородская область,Индийцы,57
Белгородская область,Испанцы,20
Белгородская область,Итальянцы,11
Белгородская область,Ительмены,4
Белгородская область,Кабардинцы,31
Белгородская область,Казахи,434
Белгородская область,Калмыки,6
Белгородская область,Камчадалы,1
Белгородская область,Караимы (крымские караимы),2
Белгородская область,Карачаевцы,17
Белгородская область,Карелы,16
Белгородская область,Киргизы (кыргыз),210
Белгородская область,Китайцы,19
Белгородская область,Коми,66
Белгородская область,Коми-пермяки (пермяки),12
Белгородская область,Корейцы,261
Белгородская область,Крымские татары,13
Белгородская область,Крымчаки,1
Белгородская область,Кубинцы,2
Белгородская область,Кумыки,35
Белгородская область,Курды (курд),134
Белгородская область,Лакцы (лак),30
Белгородская область,Латыши (латвийцы),34
Белгородская область,Лезгины (лезги),293
Белгородская область,Литовцы,49
Белгородская область,Македонцы,1
Белгородская область,Манси,3
Белгородская область,Марийцы,75
Белгородская область,"Молдаване (бессарабцы, бессарабы)",1052
Белгородская область,Монголы,7
Белгородская область,"Мордва (мордвины, мордовцы)",117
Белгородская область,Мордва-мокша (мокша),1
Белгородская область,Мордва-эрзя (эрзя),2
Белгородская область,Нагайбаки,2
Белгородская область,Нанайцы,1
Белгородская область,Немцы (русские немцы),792
Белгородская область,Ненцы (не),6
Белгородская область,Ногайцы,2
Белгородская область,Орочи (ороч),3
Белгородская область,Осетины,142
Белгородская область,Пакистанцы,6
Белгородская область,"Персы (иранцы, хазарейцы)",11
Белгородская область,Поляки,170
Белгородская область,Румыны,5
Белгородская область,Русины,6
Белгородская область,"Русские (великороссы, русаки, якутяне)",1234338
Белгородская область,"Казаки (донские казаки, русские казаки терские казаки)",82
Белгородская область,Поморы,8
Белгородская область,Рутульцы,43
Белгородская область,Сербы,12
Белгородская область,Словаки,1
Белгородская область,"Табасараны (табасаран, табасаранцы)",172
Белгородская область,Таджики,558
Белгородская область,Талыши,1
Белгородская область,"Татары (казанские татары, татар)",1639
Белгородская область,Кряшены,1
Белгородская область,Мишари (мишар),1
Белгородская область,Сибирские татары (тарские татары),1
Белгородская область,Тувинцы,52
Белгородская область,Тувинцы-тоджинцы,1
Белгородская область,"Турки (турки-османы, тюрк с языком турецким)",3818
Белгородская область,Турки-месхетинцы (месхетинцы),662
Белгородская область,Туркмены (тюрк с языком туркменским),143
Белгородская область,Удмурты,66
Белгородская область,"Узбеки (ташкентцы, тюрк (с языком узбекским)",1069
Белгородская область,Уйгуры,16
Белгородская область,"Украинцы (малороссы, русские украинцы)",15481
Белгородская область,Финны,7
Белгородская область,Французы,16
Белгородская область,Хакасы (пурус),12
Белгородская область,Ханты,1
Белгородская область,Хорваты,1
Белгородская область,Цахуры (цахурцы),45
Белгородская область,Цыгане,1543
Белгородская область,Черкесы,10
Белгородская область,Чехи,10
Белгородская область,Чеченцы,161
Белгородская область,Чуваши (сувары),198
Белгородская область,Чукчи,8
Белгородская область,Шорцы,1
Белгородская область,Эвенки,2
Белгородская область,Эвены (эвэн),3
Белгородская область,Эскимосы,1
Белгородская область,Эстонцы,13
Белгородская область,Якуты (саха) (сахаляры),18
Белгородская область,Японцы,3
Белгородская область,Указавшие другие ответы о национальной принадлежности (не перечисленные выше),16247
Белгородская область,Нет национальной принадлежности,2181
Белгородская область,"Лица, в переписных листах которых национальная принадлежность не указана",245098
Белгородская область,отказавшиеся отвечать на вопрос о национальной принадлежности,38525
Брянская область,Все население,1169161
Брянская область,Указавшие национальную принадлежность,1056175
Брянская область,Абхазы,29
Брянская область,Аварцы,107
Брянская область,Агулы (агульцы),12
Брянская область,"Адыгейцы (адыге, адыги)",9
Брянская область,"Азербайджанцы (азер, теркеме)",1597
Брянская область,Алтайцы,1
Брянская область,Американцы,3
Брянская область,"Арабы (алжирцы, арабы, египтяне, сирийцы)",34
Брянская область,Армяне (русские армяне),3500
Брянская область,Черкесогаи (армавирцы),1
Брянская область,Ассирийцы,15
Брянская область,"Афганцы (паштуны, пуштуны)",11
Брянская область,Балкарцы,5
Брянская область,"Башкиры (башкирцы, башкорт)",138
Брянская область,"Белорусы (беларусы, поляки с языком белорусским)",2106
Брянская область,Болгары,59
Брянская область,Британцы (англичане),1
Брянская область,Буряты,20
Брянская область,Венгры,3
Брянская область,Вьетнамцы,4
Брянская область,Гагаузы,74
Брянская область,Греки (рум),39
Брянская область,Грузины,330
Брянская область,Даргинцы,116
Брянская область,Евреи,541
Брянская область,Езиды,43
Брянская область,Ингуши,31
Брянская область,Индийцы (индуисты),1
Брянская область,Испанцы,2
Брянская область,Итальянцы,3
Брянская область,Ительмены,1
Брянская область,Кабардинцы,52
Брянская область,Казахи,204
Брянская область,Калмыки,19
Брянская область,Каракалпаки,2
Брянская область,Карачаевцы,9
Брянская область,Карелы,18
Брянская область,Киргизы (кыргыз),229
Брянская область,Китайцы,5
Брянская область,Коми,20
Брянская область,Коми-пермяки,5
Брянская область,Корейцы,58
Брянская область,Коряки,2
Брянская область,Крымские татары,6
Брянская область,Кумыки,104
Брянская область,Курды (курд),36
Брянская область,Лакцы (лак),26
Брянская область,Латыши (латвийцы),21
Брянская область,Лезгины,113
Брянская область,Литовцы,33
Брянская область,"Марийцы (мар, мари, марий, меря)",44
Брянская область,Молдаване,821
Брянская область,"Мордва (мордвины, мордовцы)",64
Брянская область,Мордва-эрзя (эрзя),1
Брянская область,Немцы (русские немцы),195
Брянская область,Ненцы (не),34
Брянская область,Ногайцы,5
Брянская область,Осетины,72
Брянская область,Пакистанцы,1
Брянская область,Памирцы,4
Брянская область,"Персы (иранцы, фарс)",4
Брянская область,Поляки,66
Брянская область,Румыны,5
Брянская область,Русины,2
Брянская область,"Русские (великороссы, русаки)",1012542
Брянская область,"Казаки (русские казаки, севрюки, терские казаки)",63
Брянская область,Поморы,3
Брянская область,Рутульцы,5
Брянская область,Селькупы,2
Брянская область,Сербы,6
Брянская область,Словенцы,1
Брянская область,Табасараны (табасаранцы),54
Брянская область,Таджики (тоджик),1492
Брянская область,Талыши,3
Брянская область,Татары (татар),558
Брянская область,Сибирские татары (тарские татары),32
Брянская область,Тувинцы (тыва),45
Брянская область,Турки,15
Брянская область,Турки-месхетинцы (месхетинцы),1
Брянская область,Туркмены,129
Брянская область,Удмурты,67
Брянская область,Узбеки,732
Брянская область,Уйгуры,2
Брянская область,"Украинцы (малороссы, полтавцы, русские украинцы)",5188
Брянская область,Французы,6
Брянская область,Хакасы,5
Брянская область,Ханты,2
Брянская область,Цахуры (цахурцы),5
Брянская область,Цыгане (русские цыгане),2893
Брянская область,Черкесы,4
Брянская область,Чехи,3
Брянская область,Чеченцы,145
Брянская область,Чуваши (сувары),122
Брянская область,Чукчи (луораветлан),1
Брянская область,Шорцы,1
Брянская область,Эвенки,1
Брянская область,Эвены,3
Брянская область,Эскимосы,1
Брянская область,Эстонцы,14
Брянская область,Якуты (саха),15
Брянская область,Японцы,4
Брянская область,Указавшие другие ответы о национальной принадлежности (не перечисленные выше),12679
Брянская область,Нет национальной принадлежности,8315
Брянская область,"Лица, в переписных листах которых национальная принадлежность не указана",112986
Брянская область,отказавшиеся отвечать на вопрос о национальной принадлежности,22659
Владимирская область,Все население,1348134
Владимирская область,Указавшие национальную принадлежность,1254959
Владимирская область,Абазины,2
Владимирская область,Абхазы,26
Владимирская область,Аварцы,253
Владимирская область,Арчинцы,1
Владимирская область,Дидойцы (цунтинцы),13
Владимирская область,Чамалалы,1
Владимирская область,Агулы (агульцы),12
Владимирская область,Адыгейцы (адыги),10
Владимирская область,"Азербайджанцы (азер, бакинцы)",1929
Владимирская область,Алеуты,1
Владимирская область,Алтайцы (ара),2
Владимирская область,Американцы,5
Владимирская область,"Арабы (алжирцы, египтяне, кувейтцы, ливанцы, мавританцы, марокканцы, палестинцы, саудовцы, сирийцы, тунисцы)",92
Владимирская область,Армяне,4433
Владимирская область,Ассирийцы,7
Владимирская область,"Афганцы (дари, пуштуны)",7
Владимирская область,Балкарцы,4
Владимирская область,Башкиры (башкирцы),284
Владимирская область,"Белорусы (беларусы, поляки с языком белорусским)",1328
Владимирская область,Болгары,66
Владимирская область,Британцы (англичане),1
Владимирская область,"Буряты (аларцы, бурят-монголы)",29
Владимирская область,Венгры,6
Владимирская область,Вепсы (чудь),4
Владимирская область,Вьетнамцы (кинь),376
Владимирская область,Гагаузы,74
Владимирская область,Греки (рум),87
Владимирская область,Грузины,506
Владимирская область,Мегрелы (менгрелы),5
Владимирская область,Даргинцы,148
Владимирская область,Дунгане,5
Владимирская область,"Евреи (иудаисты, иудеи, русские евреи)",250
Владимирская область,Езиды (езды),132
Владимирская область,Ингуши,23
Владимирская область,Индийцы (индуисты),6
Владимирская область,Испанцы,2
Владимирская область,Итальянцы,4
Владимирская область,Кабардинцы,25
Владимирская область,Казахи,355
Владимирская область,Калмыки,36
Владимирская область,Караимы (крымские караимы),1
Владимирская область,Карачаевцы,8
Владимирская область,Карелы,17
Владимирская область,Кеты,1
Владимирская область,Киргизы (кыргыз),725
Владимирская область,Китайцы,39
Владимирская область,"Коми (зыряне, коми-зыряне)",97
Владимирская область,Коми-ижемцы,4
Владимирская область,"Коми-пермяки (коми с языком коми-пермяцким, пермяки)",83
Владимирская область,Корейцы,184
Владимирская область,Коряки,1
Владимирская область,Крымские татары,23
Владимирская область,Кубинцы,7
Владимирская область,Кумыки,52
Владимирская область,Курды,1
Владимирская область,Лакцы,42
Владимирская область,Латыши (латвийцы),38
Владимирская область,Латгальцы,1
Владимирская область,Лезгины,277
Владимирская область,Литовцы,40
Владимирская область,Македонцы,2
Владимирская область,Манси,3
Владимирская область,"Марийцы (мар, мари, марий, меря, черемисы)",290
Владимирская область,Молдаване,901
Владимирская область,"Мордва (мордвины, мордовцы)",759
Владимирская область,Мордва-мокша (мокша),15
Владимирская область,"Мордва-эрзя (шокша, эрзя)",16
Владимирская область,Нагайбаки,1
Владимирская область,Нанайцы,1
Владимирская область,"Немцы (поволжские немцы, русские немцы)",345
Владимирская область,Ненцы,4
Владимирская область,Ногайцы,18
Владимирская область,Осетины,78
Владимирская область,Пакистанцы (белуджи),2
Владимирская область,Памирцы,10
Владимирская область,"Персы (иранцы, фарс)",10
Владимирская область,Поляки,159
Владимирская область,Румыны,11
Владимирская область,Русины,6
Владимирская область,"Русские (великороссы, русаки, сибиряки, ведруссы, кривичи, якутяне)",1201693
Владимирская область,"Казаки (донские казаки, кубанские казаки, русские казаки)",67
Владимирская область,Рутульцы (рутул),30
Владимирская область,Сербы,5
Владимирская область,Словаки,1
Владимирская область,Словенцы (славянцы),1
Владимирская область,"Табасараны (табасаран, табасаранцы)",71
Владимирская область,Таджики,4081
Владимирская область,Талыши,18
Владимирская область,"Татары (башкирские татары, татар)",3569
Владимирская область,Кряшены,4
Владимирская область,Тувинцы (тыва),18
Владимирская область,Турки,66
Владимирская область,Туркмены,208
Владимирская область,Удины,37
Владимирская область,Удмурты (вотяки),241
Владимирская область,Удэгейцы,1
Владимирская область,Узбеки (локайцы),3170
Владимирская область,Уйгуры,4
Владимирская область,Уйльта,7
Владимирская область,"Украинцы (малороссы, русские украинцы)",4461
Владимирская область,Финны,16
Владимирская область,Финны-ингерманландцы,1
Владимирская область,Французы,6
Владимирская область,Хакасы,10
Владимирская область,Ханты,3
Владимирская область,Цахуры (цахурцы),3
Владимирская область,Цыгане (польские цыгане),2197
Владимирская область,Черкесы,8
Владимирская область,Чехи,3
Владимирская область,Чеченцы,151
Владимирская область,Чуванцы,1
Владимирская область,Чуваши (чаваш),648
Владимирская область,Чукчи,2
Владимирская область,Шорцы,3
Владимирская область,Эвенки (эвенк),5
Владимирская область,Эвены (ламут),2
Владимирская область,Эскимосы,1
Владимирская область,Эстонцы,12
Владимирская область,Юкагиры,1
Владимирская область,Якуты (саха),14
Владимирская область,Указавшие другие ответы о национальной принадлежности (не перечисленные выше),12666
Владимирская область,Нет национальной принадлежности,6759
Владимирская область,"Лица, в переписных листах которых национальная принадлежность не указана",93175
Владимирская область,отказавшиеся отвечать на вопрос о национальной принадлежности,36546
Воронежская область,Все население,2308792
Воронежская область,Указавшие национальную принадлежность,2176029
Воронежская область,Абазины,7
Воронежская область,Абхазы,116
Воронежская область,Аварцы,594
Воронежская область,Арчинцы,2
Воронежская область,Агулы (агульцы),75
Воронежская область,Адыгейцы,12
Воронежская область,Азербайджанцы (азер),4155
Воронежская область,Алтайцы,5
Воронежская область,Американцы (афроамериканцы),4
Воронежская область,"Арабы (алжирцы, арабы сирийцы, египтяне, иорданцы, иракцы, йеменцы, ливанцы, мавританцы, марокканцы, палестинцы, сирийцы, тунисцы)",398
Воронежская область,Армяне (русские армяне),10908
Воронежская область,Ассирийцы,34
Воронежская область,"Афганцы (афганистанцы, пуштуны)",61
Воронежская область,Балкарцы,18
Воронежская область,"Башкиры (башкирцы, бушман)",272
Воронежская область,"Белорусы (беларусы, поляки с языком белорусским)",1245
Воронежская область,Болгары,116
Воронежская область,Боснийцы,1
Воронежская область,"Британцы (англичане, валлийцы)",10
Воронежская область,Буряты,64
Воронежская область,Венгры (мадьяры),22
Воронежская область,Вепсы,1
Воронежская область,"Вьетнамцы (вьет ньгой, кинь)",283
Воронежская область,Гагаузы,196
Воронежская область,"Греки (рум, румеи)",181
Воронежская область,Грузины,1045
Воронежская область,Лазы,6
Воронежская область,Мегрелы (мингрелы),2
Воронежская область,Сваны,1
Воронежская область,Даргинцы (мегебцы),563
Воронежская область,Дунгане,3
Воронежская область,"Евреи (иудеи, русские евреи)",453
Воронежская область,"Езиды (езды, иезиды, йезиды)",144
Воронежская область,Ингуши,99
Воронежская область,Индийцы (индуисты),75
Воронежская область,Испанцы,3
Воронежская область,Итальянцы,10
Воронежская область,Кабардинцы,115
Воронежская область,Казахи,1339
Воронежская область,Калмыки,33
Воронежская область,Караимы,3
Воронежская область,Каракалпаки,7
Воронежская область,Карачаевцы (карачай),46
Воронежская область,Карелы,9
Воронежская область,Кеты (остяки),1
Воронежская область,Киргизы (кыргыз),928
Воронежская область,Китайцы,27
Воронежская область,Коми,49
Воронежская область,Коми-ижемцы,1
Воронежская область,Коми-пермяки (пермяки),16
Воронежская область,Корейцы,403
Воронежская область,Крымские татары,33
Воронежская область,Кубинцы,9
Воронежская область,Кумандинцы,1
Воронежская область,Кумыки,195
Воронежская область,Курды (курд),1112
Воронежская область,Лакцы,59
Воронежская область,Латыши (латвийцы),43
Воронежская область,Лезгины,301
Воронежская область,Литовцы,98
Воронежская область,Македонцы,4
Воронежская область,"Марийцы (мар, мари, марий)",97
Воронежская область,Молдаване,963
Воронежская область,Монголы,46
Воронежская область,"Мордва (мордвины, мордовцы)",286
Воронежская область,Мордва-мокша (мокша),1
Воронежская область,Мордва-эрзя (эрзя),7
Воронежская область,Нагайбаки,1
Воронежская область,Нанайцы,1
Воронежская область,Негидальцы,3
Воронежская область,"Немцы (балтийские немцы, германцы, поволжские немцы, прусаки, русские немцы)",675
Воронежская область,Ненцы,4
Воронежская область,Нивхи,1
Воронежская область,Ногайцы,56
Воронежская область,Орочи (ороч),1
Воронежская область,Осетины (аланы),383
Воронежская область,Пакистанцы,5
Воронежская область,Памирцы (шугнанцы),2
Воронежская область,Персы (иранцы),28
Воронежская область,Поляки,179
Воронежская область,Румыны,23
Воронежская область,"Русины (гуцулы, русины)",7
Воронежская область,"Русские (великороссы, древляне, русаки, сибиряки, якутяне)",2081246
Воронежская область,"Казаки (донские казаки, кубанские казаки, русские казаки, терские казаки)",243
Воронежская область,Поморы,2
Воронежская область,Рутульцы,7
Воронежская область,Саамы (саами),2
Воронежская область,Сербы,14
Воронежская область,Словаки,1
Воронежская область,Словенцы,1
Воронежская область,Среднеазиатские евреи,1
Воронежская область,"Табасараны (табасаран, табасаранцы)",304
Воронежская область,Таджики,4678
Воронежская область,Талыши,17
Воронежская область,Татары (татар),2095
Воронежская область,Сибирские татары,1
Воронежская область,Таты (тат),1
Воронежская область,Тувинцы,27
Воронежская область,"Турки (османы, тюрк (с языком турецким)",3248
Воронежская область,"Турки-месхетинцы (месхетинцы, турки-ахыска)",525
Воронежская область,Туркмены,1550
Воронежская область,Удины,1
Воронежская область,Удмурты,100
Воронежская область,Узбеки,3707
Воронежская область,Уйгуры,25
Воронежская область,"Украинцы (малороссы, русские украинцы)",13260
Воронежская область,Ульчи (ульча),1
Воронежская область,Финны,10
Воронежская область,Финны-ингерманландцы,3
Воронежская область,Французы,7
Воронежская область,Хакасы (пурус),12
Воронежская область,Ханты,3
Воронежская область,Хемшилы,347
Воронежская область,Хорваты,1
Воронежская область,Цахуры (цахурцы),13
Воронежская область,Цыгане (русские цыгане),5197
Воронежская область,Черкесы,36
Воронежская область,Чехи,10
Воронежская область,Чеченцы,1061
Воронежская область,Чеченцы-аккинцы (акинцы),1
Воронежская область,Чуванцы,1
Воронежская область,Чуваши (чаваш),553
Воронежская область,Чукчи,12
Воронежская область,Шорцы,4
Воронежская область,Эвенки (тунгус),4
Воронежская область,Эвены,1
Воронежская область,Эскимосы,4
Воронежская область,Эстонцы,32
Воронежская область,Якуты (саха),20
Воронежская область,Японцы,2
Воронежская область,Указавшие другие ответы о национальной принадлежности (не перечисленные выше),25184
Воронежская область,Нет национальной принадлежности,3939
Воронежская область,"Лица, в переписных листах которых национальная принадлежность не указана",132763
Воронежская область,отказавшиеся отвечать на вопрос о национальной принадлежности,67112
Ивановская область,Все население,927828
Ивановская область,Указавшие национальную принадлежность,862879
Ивановская область,Абхазы,24
Ивановская область,Аварцы,336
Ивановская область,Андийцы,5
Ивановская область,"Дидойцы (цезы, цунтинцы)",6
Ивановская область,Каратинцы (рацитлинцы),1
Ивановская область,Агулы (агульцы),40
Ивановская область,Адыгейцы (адыги),9
Ивановская область,Азербайджанцы (азер),2500
Ивановская область,Алтайцы,6
Ивановская область,Американцы,4
Ивановская область,"Арабы (аравийцы, иорданцы, ливанцы, ливийцы, палестинцы, сирийцы)",88
Ивановская область,Армяне,3467
Ивановская область,Ассирийцы,8
Ивановская область,"Афганцы (афганистанцы, пушту, пуштуны, хазарейцы)",213
Ивановская область,Балкарцы,15
Ивановская область,Башкиры (башкирцы),236
Ивановская область,"Белорусы (беларусы, поляки с языком белорусским)",802
Ивановская область,Болгары,47
Ивановская область,Британцы (англичане),4
Ивановская область,Буряты,27
Ивановская область,Венгры,5
Ивановская область,Вепсы,1
Ивановская область,Водь,7
Ивановская область,Вьетнамцы (тхо),52
Ивановская область,Гагаузы,70
Ивановская область,Греки (рум),58
Ивановская область,Грузины,480
Ивановская область,Даргинцы,148
Ивановская область,Евреи,178
Ивановская область,"Езиды (езды, язиды)",149
Ивановская область,Ингуши,74
Ивановская область,Индийцы (гоанцы),38
Ивановская область,Испанцы,5
Ивановская область,Итальянцы,6
Ивановская область,Ительмены,4
Ивановская область,Кабардинцы,42
Ивановская область,Казахи,281
Ивановская область,Калмыки,73
Ивановская область,Караимы (крымские караимы),2
Ивановская область,Каракалпаки (калпак),7
Ивановская область,Карачаевцы,4
Ивановская область,Карелы,15
Ивановская область,Киргизы (кыргыз),1248
Ивановская область,Китайцы,10
Ивановская область,Коми (зыряне),68
Ивановская область,"Коми-пермяки (коми с языком коми-пермяцким, пермяки)",96
Ивановская область,Корейцы,81
Ивановская область,Коряки,1
Ивановская область,Крымские татары,13
Ивановская область,Кубинцы,6
Ивановская область,Кумыки,168
Ивановская область,Курды (курд),21
Ивановская область,Лакцы (лак),47
Ивановская область,Латыши (латвийцы),29
Ивановская область,Лезгины,208
Ивановская область,Литовцы,41
Ивановская область,Македонцы,2
Ивановская область,Манси,1
Ивановская область,"Марийцы (мари, марий, меря, черемисы)",305
Ивановская область,Молдаване (бессарабы),490
Ивановская область,Монголы,4
Ивановская область,"Мордва (мордвины, мордовцы)",364
Ивановская область,Мордва-мокша (мокша),1
Ивановская область,Мордва-эрзя (эрзя),5
Ивановская область,Немцы (российские немцы),246
Ивановская область,Ненцы (не),3
Ивановская область,Ногайцы,9
Ивановская область,Осетины,88
Ивановская область,Пакистанцы,3
Ивановская область,Памирцы (ваханцы),5
Ивановская область,"Персы (иранцы, фарс)",17
Ивановская область,Поляки,77
Ивановская область,Румыны,10
Ивановская область,Русины,1
Ивановская область,"Русские (великороссы, русаки)",828180
Ивановская область,Казаки (русские казаки),53
Ивановская область,Поморы,2
Ивановская область,Рутульцы,11
Ивановская область,Сербы,4
Ивановская область,Словаки,1
Ивановская область,"Табасараны (табасаран, табасаранцы)",295
Ивановская область,Таджики,2163
Ивановская область,Талыши,18
Ивановская область,"Татары (казанские татары, татар)",3148
Ивановская область,Кряшены (крещеные татары),2
Ивановская область,Сибирские татары,1
Ивановская область,Таты (тат),1
Ивановская область,Тувинцы (тыва),10
Ивановская область,Турки,50
Ивановская область,Туркмены,312
Ивановская область,Удины,47
Ивановская область,Удмурты,158
Ивановская область,Узбеки,1492
Ивановская область,Уйгуры,7
Ивановская область,"Украинцы (малороссы, русские украинцы)",2785
Ивановская область,Финны,10
Ивановская область,Французы,8
Ивановская область,Хакасы,3
Ивановская область,Ханты,6
Ивановская область,Цахуры (цахурцы),33
Ивановская область,"Цыгане (рома, русские цыгане)",1657
Ивановская область,Черкесы,20
Ивановская область,Чехи (мораване),7
Ивановская область,Чеченцы,306
Ивановская область,Чуваши (чаваш),512
Ивановская область,Чукчи,3
Ивановская область,Шорцы,1
Ивановская область,Эстонцы,8
Ивановская область,Якуты (саха),10
Ивановская область,Японцы,3
Ивановская область,Указавшие другие ответы о национальной принадлежности (не перечисленные выше),7025
Ивановская область,Нет национальной принадлежности,1398
Ивановская область,"Лица, в переписных листах которых национальная принадлежность не указана",64949
Ивановская область,отказавшиеся отвечать на вопрос о национальной принадлежности,15239
Калужская область,Все население,1069904
Калужская область,Указавшие национальную принадлежность,1003355
Калужская область,Абазины,1
Калужская область,Абхазы,30
Калужская область,Аварцы,256
Калужская область,Каратинцы,3
Калужская область,Агулы (агульцы),13
Калужская область,Адыгейцы (адыги),17
Калужская область,Азербайджанцы (азер),3810
Калужская область,Алтайцы,1
Калужская область,Американцы (афроамериканцы),8
Калужская область,"Арабы (арабы Объединенных Арабских Эмиратов, египтяне, иорданцы, иракцы, йеменцы, ливанцы, марокканцы, сирийцы, тунисцы)",90
Калужская область,Армяне (русские армяне),12519
Калужская область,Ассирийцы,15
Калужская область,"Афганцы (афганистанцы, пуштуны)",12
Калужская область,Балкарцы,11
Калужская область,"Башкиры (башкирцы, бушман)",334
Калужская область,"Белорусы (беларусы, полещуки, поляки с языком белорусским)",2108
Калужская область,Болгары,163
Калужская область,Британцы (англичане),9
Калужская область,Буряты (аларцы),61
Калужская область,Венгры,7
Калужская область,Вепсы (заозерские вепсы),4
Калужская область,Вьетнамцы (кинь),126
Калужская область,Гагаузы,645
Калужская область,Горские евреи,1
Калужская область,Греки (рум),91
Калужская область,Грузины,1031
Калужская область,"Даргинцы (акушинцы, губденцы)",689
Калужская область,Дунгане,1
Калужская область,Евреи (русские евреи),434
Калужская область,Езиды (язиды),69
Калужская область,Ингуши,156
Калужская область,Индийцы (индуисты),35
Калужская область,Испанцы,6
Калужская область,Итальянцы,3
Калужская область,Ительмены,2
Калужская область,Кабардинцы (кабардино-балкарцы),50
Калужская область,Казахи,817
Калужская область,Калмыки,35
Калужская область,Караимы,3
Калужская область,Каракалпаки,16
Калужская область,Карачаевцы,12
Калужская область,Карелы,9
Калужская область,Киргизы (кыргыз),1124
Калужская область,Китайцы,105
Калужская область,Коми,42
Калужская область,Коми-ижемцы,1
Калужская область,"Коми-пермяки (коми с языком коми-пермяцким, пермяки)",23
Калужская область,Корейцы,581
Калужская область,Коряки,3
Калужская область,Крымские татары,32
Калужская область,Крымчаки,1
Калужская область,Кубинцы,8
Калужская область,Кумыки,195
Калужская область,Курды (курд),30
Калужская область,Лакцы,88
Калужская область,Латыши (латвийцы),43
Калужская область,Лезгины,703
Калужская область,Литовцы,80
Калужская область,Македонцы,2
Калужская область,Манси,1
Калужская область,"Марийцы (мар, мари, марий)",106
Калужская область,Лугово-восточные марийцы (луговые марийцы),1
Калужская область,Молдаване,4043
Калужская область,Монголы,1
Калужская область,"Мордва (мордвины, мордовцы)",439
Калужская область,Мордва-мокша (мокша),9
Калужская область,Мордва-эрзя (эрзя),4
Калужская область,Нагайбаки,1
Калужская область,"Немцы (поволжские немцы, русские немцы)",676
Калужская область,Ненцы,3
Калужская область,Ногайцы,92
Калужская область,Осетины,297
Калужская область,Осетины-иронцы (юго-осетины),1
Калужская область,Пакистанцы (белуджи),5
Калужская область,Памирцы,1
Калужская область,"Персы (иранцы, фарси)",18
Калужская область,Поляки,152
Калужская область,Румыны,18
Калужская область,Русины (гуцулы),6
Калужская область,"Русские (великороссы, русаки, сибиряки)",906533
Калужская область,"Казаки (донские казаки, казаки-черкасы, русские казаки, терские казаки)",95
Калужская область,Поморы (русские поморы),8
Калужская область,"Рутульцы (катрухцы, рутул)",52
Калужская область,Сербы (серп),26
Калужская область,Словаки,4
Калужская область,Среднеазиатские евреи (бухарские евреи),1
Калужская область,"Табасараны (табасаран, табасаранцы)",205
Калужская область,"Таджики (душанбинцы, тоджик)",18715
Калужская область,Талыши,28
Калужская область,"Татары (казанские татары, татар)",3382
Калужская область,Кряшены (крещеные татары),3
Калужская область,Мишари,1
Калужская область,"Тувинцы (тува, тыва)",42
Калужская область,Турки,112
Калужская область,Турки-месхетинцы,1
Калужская область,Туркмены (трухмены),362
Калужская область,Удины,43
Калужская область,Удмурты,99
Калужская область,Узбеки,12084
Калужская область,Уйгуры,25
Калужская область,"Украинцы (казаки с языком украинским), малороссы, русские украинцы)",8848
Калужская область,Финны,5
Калужская область,Французы,12
Калужская область,Хакасы,4
Калужская область,Ханты,1
Калужская область,Хемшилы,1
Калужская область,Цахуры (цахурцы),6
Калужская область,"Цыгане (ромалэ, русские цыгане)",2786
Калужская область,Черкесы,6
Калужская область,Чехи,7
Калужская область,Чеченцы,355
Калужская область,Чуваши,400
Калужская область,Шорцы,1
Калужская область,Эвены,1
Калужская область,Эстонцы (чухонцы),25
Калужская область,Юкагиры,1
Калужская область,Якуты (саха),29
Калужская область,Японцы,11
Калужская область,Указавшие другие ответы о национальной принадлежности (не перечисленные выше),13924
Калужская область,Нет национальной принадлежности,2599
Калужская область,"Лица, в переписных листах которых национальная принадлежность не указана",66549
Калужская область,отказавшиеся отвечать на вопрос о национальной принадлежности,26439
Костромская область,Все население,580976
Костромская область,Указавшие национальную принадлежность,473341
Костромская область,Абхазы,14
Костромская область,Аварцы,152
Костромская область,Гинухцы,4
Костромская область,Дидойцы,1
Костромская область,Чамалалы (урухцы),2
Костромская область,Агулы (агульцы),4
Костромская область,Адыгейцы,1
Костромская область,Азербайджанцы,800
Костромская область,Алтайцы,1
Костромская область,Тубалары,1
Костромская область,Американцы,6
Костромская область,"Арабы (алжирцы, египтяне, йеменцы, оманцы, саудовцы, сирийцы, тунисцы)",26
Костромская область,Армяне (русские армяне),1218
Костромская область,Ассирийцы,5
Костромская область,Башкиры,84
Костромская область,"Белорусы (беларусы, поляки с языком белорусским)",623
Костромская область,Болгары,32
Костромская область,Буряты,11
Костромская область,Венгры,3
Костромская область,Вепсы,1
Костромская область,Вьетнамцы (кинь),40
Костромская область,Гагаузы,50
Костромская область,"Греки (рум, румеи)",39
Костромская область,Грузины,206
Костромская область,Даргинцы,205
Костромская область,Кубачинцы,4
Костромская область,Дунгане,3
Костромская область,"Евреи (иудеи, русские евреи)",108
Костромская область,Езиды,53
Костромская область,Ингуши,120
Костромская область,Испанцы,1
Костромская область,Итальянцы,2
Костромская область,Кабардинцы,19
Костромская область,Казахи,116
Костромская область,Калмыки,8
Костромская область,Камчадалы,1
Костромская область,Каракалпаки,4
Костромская область,Карачаевцы,9
Костромская область,Карелы,10
Костромская область,Киргизы (кыргыз),180
Костромская область,Китайцы,6
Костромская область,Коми,51
Костромская область,Коми-пермяки,19
Костромская область,Корейцы,35
Костромская область,Крымские татары,6
Костромская область,Кубинцы,1
Костромская область,Кумыки,15
Костромская область,Курды (курд),11
Костромская область,Лакцы,12
Костромская область,Латыши,18
Костромская область,Лезгины,160
Костромская область,Литовцы,24
Костромская область,Македонцы,1
Костромская область,"Марийцы (мари, марий, меря, черемисы)",106
Костромская область,Молдаване,445
Костромская область,Монголы,7
Костромская область,"Мордва (мордвины, мордовцы)",106
Костромская область,Мордва-мокша (мокша),1
Костромская область,Мордва-эрзя (эрзя),2
Костромская область,Немцы (русские немцы),182
Костромская область,Ненцы (не),2
Костромская область,Ногайцы,7
Костромская область,Осетины,51
Костромская область,Пакистанцы,1
Костромская область,Памирцы,2
Костромская область,Персы (иранцы),7
Костромская область,Поляки,59
Костромская область,Румыны,5
Костромская область,"Русины (гуцулы, закарпатцы)",8
Костромская область,"Русские (великороссы, сибиряки)",454913
Костромская область,"Казаки (донские казаки, русские казаки)",26
Костромская область,Поморы,2
Костромская область,Рутульцы,7
Костромская область,Саамы,2
Костромская область,Сербы,3
Костромская область,"Табасараны (табасаран, табасаранцы)",118
Костромская область,Таджики,748
Костромская область,Талыши,7
Костромская область,"Татары (казанские татары, татар)",982
Костромская область,Кряшены,1
Костромская область,Тувинцы (тыва),3
Костромская область,Турки,11
Костромская область,Туркмены,120
Костромская область,Удмурты,76
Костромская область,Узбеки (хорезмлы),577
Костромская область,Уйгуры,7
Костромская область,Украинцы,2221
Костромская область,Финны,7
Костромская область,Французы,3
Костромская область,Хакасы,1
Костромская область,Ханты,1
Костромская область,Хорваты,2
Костромская область,Цахуры (цахурцы),6
Костромская область,Цыгане (ром),858
Костромская область,Черкесы,2
Костромская область,Черногорцы,1
Костромская область,Чеченцы,190
Костромская область,Чуваши (сувары),337
Костромская область,Чукчи,1
Костромская область,Эвенки,2
Костромская область,Эвены (эвен),3
Костромская область,Эстонцы,4
Костромская область,Якуты (саха),10
Костромская область,Указавшие другие ответы о национальной принадлежности (не перечисленные выше),5533
Костромская область,Нет национальной принадлежности,1083
Костромская область,"Лица, в переписных листах которых национальная принадлежность не указана",107635
Костромская область,отказавшиеся отвечать на вопрос о национальной принадлежности,8290
Курская область,Все население,1082458
Курская область,Указавшие национальную принадлежность,934104
Курская область,Абазины,2
Курская область,Абхазы,29
Курская область,Аварцы,111
Курская область,Андийцы,5
Курская область,Дидойцы,1
Курская область,Агулы (агульцы),27
Курская область,Адыгейцы,3
Курская область,"Азербайджанцы (азер, терекеме)",1364
Курская область,Алеуты,2
Курская область,Американцы,7
Курская область,"Арабы (алжирцы, египтяне, иракцы, йеменцы, ливанцы, ливийцы, марокканцы, палестинцы, сирийцы, тунисцы)",57
Курская область,Армяне (русские армяне),5207
Курская область,Ассирийцы,11
Курская область,"Афганцы (афганистанцы, пуштуны)",23
Курская область,Башкиры,68
Курская область,"Белорусы (беларусы, литвины)",650
Курская область,Болгары,93
Курская область,"Британцы (англичане, шотландцы)",7
Курская область,Буряты,15
Курская область,Венгры,14
Курская область,Вьетнамцы,16
Курская область,Гагаузы,46
Курская область,"Греки (рум, румеи)",73
Курская область,Грузины,483
Курская область,Мегрелы,2
Курская область,Даргинцы,97
Курская область,Дунгане,3
Курская область,Евреи (русские евреи),174
Курская область,"Езиды (езды, иезиды)",724
Курская область,Ингуши,161
Курская область,"Индийцы (индуисты, хинди)",312
Курская область,Испанцы,8
Курская область,Итальянцы (римляне),8
Курская область,Кабардинцы,28
Курская область,Казахи,121
Курская область,Калмыки,20
Курская область,Карачаевцы,4
Курская область,Карелы,8
Курская область,Кеты (кето),1
Курская область,Киргизы (кыргыз),501
Курская область,Китайцы,19
Курская область,Коми,28
Курская область,Коми-пермяки,2
Курская область,Корейцы,126
Курская область,Крымские татары,6
Курская область,Кубинцы,1
Курская область,Кумыки,54
Курская область,Курды (курд),21
Курская область,Лакцы,25
Курская область,Латыши (латвийцы),22
Курская область,Лезгины,219
Курская область,Литовцы,42
Курская область,Манси,2
Курская область,"Марийцы (мар, мари, марий)",32
Курская область,Молдаване (бессарабцы),614
Курская область,Монголы,2
Курская область,"Мордва (мордвины, мордовцы)",62
Курская область,Мордва-эрзя (эрзя),3
Курская область,Нанайцы,3
Курская область,Немцы,238
Курская область,Ненцы (не),4
Курская область,Ногайцы,1
Курская область,Осетины,134
Курская область,Пакистанцы (джаты),1
Курская область,Памирцы,3
Курская область,Персы (иранцы),3
Курская область,Поляки,68
Курская область,Румыны,6
Курская область,Русины,6
Курская область,"Русские (ведруссы, великороссы)",896067
Курская область,"Казаки (донские казаки, кубанские казаки)",50
Курская область,Поморы,3
Курская область,Рутульцы,19
Курская область,Сербы,4
Курская область,"Табасараны (табасаран, табасаранцы)",106
Курская область,Таджики (тоджик),904
Курская область,Талыши (толыш),10
Курская область,Татары (татар),678
Курская область,Кряшены,1
Курская область,Сибирские татары,1
Курская область,Таты,1
Курская область,Тувинцы,1
Курская область,Турки,957
Курская область,Турки-месхетинцы (месхетинцы),277
Курская область,Туркмены,112
Курская область,Удины,10
Курская область,"Удмурты (вотяки, закамские удмурты, можгинцы, одмурт, удморт)",29
Курская область,Узбеки,1023
Курская область,Уйгуры,9
Курская область,"Украинцы (волынцы, русские украинцы)",5780
Курская область,Финны,2
Курская область,Французы,8
Курская область,Хакасы,4
Курская область,Ханты,4
Курская область,Цахуры (цахурцы),1
Курская область,Цыгане,1800
Курская область,Черкесы,5
Курская область,Чехи,2
Курская область,Чеченцы,227
Курская область,Чуваши,106
Курская область,Эвенки,4
Курская область,Эстонцы,12
Курская область,Якуты (саха),12
Курская область,Указавшие другие ответы о национальной принадлежности (не перечисленные выше),9938
Курская область,Нет национальной принадлежности,3770
Курская область,"Лица, в переписных листах которых национальная принадлежность не указана",148354
Курская область,отказавшиеся отвечать на вопрос о национальной принадлежности,21071
Липецкая область,Все население,1143224
Липецкая область,Указавшие национальную принадлежность,1026314
Липецкая область,Абазины,1
Липецкая область,Абхазы,44
Липецкая область,Аварцы,259
Липецкая область,Агулы (агульцы),20
Липецкая область,Адыгейцы,1
Липецкая область,Азербайджанцы (азер),3240
Липецкая область,Алтайцы,2
Липецкая область,Челканцы,1
Липецкая область,Американцы,7
Липецкая область,"Арабы (египтяне, ливанцы, палестинцы, сирийцы)",26
Липецкая область,Армяне (русские армяне),6629
Липецкая область,Ассирийцы,11
Липецкая область,"Афганцы ( паштуны, пуштуны)",40
Липецкая область,Балкарцы,3
Липецкая область,Башкиры,107
Липецкая область,"Белорусы (беларусы, поляки с языком белорусским)",633
Липецкая область,Болгары,60
Липецкая область,Боснийцы,1
Липецкая область,Британцы (англичане),4
Липецкая область,Буряты,17
Липецкая область,Венгры,8
Липецкая область,Вепсы,1
Липецкая область,Вьетнамцы,4
Липецкая область,Гагаузы,74
Липецкая область,"Греки (рум, цалкинцы)",80
Липецкая область,Грузины,621
Липецкая область,Мегрелы (мингрелы),3
Липецкая область,Даргинцы,141
Липецкая область,Дунгане,44
Липецкая область,Евреи,144
Липецкая область,"Езиды (езды, иезиды, язиды)",1202
Липецкая область,Ингуши,149
Липецкая область,"Индийцы (индуисты, сикхи)",4
Липецкая область,Испанцы,1
Липецкая область,Итальянцы (флорентийцы),7
Липецкая область,Кабардинцы,15
Липецкая область,Казахи,311
Липецкая область,Калмыки,5
Липецкая область,Камчадалы,1
Липецкая область,Каракалпаки,2
Липецкая область,Карачаевцы (карачай),9
Липецкая область,Карелы,10
Липецкая область,Киргизы (кыргыз),343
Липецкая область,Китайцы,4
Липецкая область,Коми,30
Липецкая область,Коми-пермяки (пермяки),16
Липецкая область,Корейцы,302
Липецкая область,Крымские татары (татары с языком крымскотатарским),11
Липецкая область,Кубинцы,4
Липецкая область,Кумыки,50
Липецкая область,Курды (курд),61
Липецкая область,Лакцы,56
Липецкая область,Латыши,26
Липецкая область,Латгальцы,1
Липецкая область,Лезгины,292
Липецкая область,Литовцы,43
Липецкая область,"Марийцы (мари, марий)",37
Липецкая область,Горные марийцы,2
Липецкая область,Молдаване (бессарабцы),808
Липецкая область,Мордва (мордвины),86
Липецкая область,Мордва-мокша (мокша),1
Липецкая область,Мордва-эрзя (эрзя),7
Липецкая область,Нанайцы,1
Липецкая область,Немцы (русские немцы),562
Липецкая область,Ненцы,1
Липецкая область,Нивхи,2
Липецкая область,Ногайцы,5
Липецкая область,Осетины,191
Липецкая область,Пакистанцы (белуджи),13
Липецкая область,Памирцы (бадахшанцы),1
Липецкая область,"Персы (иранцы,фарси)",9
Липецкая область,Поляки (белорусские поляки),77
Липецкая область,Румыны,7
Липецкая область,"Русские (ведруссы, великороссы, гураны, русаки)",992217
Липецкая область,"Казаки (донские казаки, русские казаки, ростовские казаки)",72
Липецкая область,Рутульцы,102
Липецкая область,Саамы (саами),1
Липецкая область,Сербы,16
Липецкая область,"Табасараны (табасаран, табасаранцы)",193
Липецкая область,Таджики,2310
Липецкая область,Талыши,2
Липецкая область,"Татары (казанские татары, татар, татаро-башкиры)",1435
Липецкая область,Тувинцы,1
Липецкая область,Турки,50
Липецкая область,Туркмены,103
Липецкая область,Удины,1
Липецкая область,Удмурты,40
Липецкая область,Узбеки,1661
Липецкая область,Уйгуры,18
Липецкая область,"Украинцы (малороссы, русские украинцы)",4074
Липецкая область,Финны (суоми),3
Липецкая область,Французы,7
Липецкая область,Хакасы,8
Липецкая область,Ханты,2
Липецкая область,Цахуры (цахурцы),23
Липецкая область,Цыгане (русские цыгане),2934
Липецкая область,Черкесы,9
Липецкая область,Черногорцы,1
Липецкая область,Чехи,7
Липецкая область,Чеченцы,377
Липецкая область,Чуванцы,1
Липецкая область,Чуваши,130
Липецкая область,Чукчи,1
Липецкая область,Эвенки (эвенк),1
Липецкая область,Эвены,3
Липецкая область,Эскимосы,2
Липецкая область,Эстонцы,15
Липецкая область,Якуты (саха),8
Липецкая область,Японцы,1
Липецкая область,Указавшие другие ответы о национальной принадлежности (не перечисленные выше),1870
Липецкая область,Нет национальной принадлежности,1711
Липецкая область,"Лица, в переписных листах которых национальная принадлежность не указана",116910
Липецкая область,отказавшиеся отвечать на вопрос о национальной принадлежности,19482
Московская область,Все население,8524665
Московская область,Указавшие национальную принадлежность,7460475
Московская область,Абазины (абаза),95
Московская область,Абхазы (апсуа),540
Московская область,Аварцы,2598
Московская область,Андийцы,7
Московская область,Арчинцы,1
Московская область,Бежтинцы,6
Московская область,Гунзибцы (гунзал),1
Московская область,Дидойцы (цезы),2
Московская область,Каратинцы,1
Московская область,Тиндалы (тиндальцы),1
Московская область,Хваршины (сантладинцы),1
Московская область,Агулы (агульцы),219
Московская область,Адыгейцы (адыги),223
Московская область,"Азербайджанцы (азер, азери, карабахцы, карапапахи, теркеме)",21258
Московская область,Алеуты,3
Московская область,Алтайцы (алтай),59
Московская область,Тубалары,1
Московская область,Челканцы,1
Московская область,Американцы (афроамериканцы),96
Московская область,"Арабы (алжирцы, арабы Объединенных Арабских Эмиратов, арабы палестинцы, арабы сирийцы, аравийцы, египтяне, иорданцы, иракцы, ливанцы, ливийцы, мавры, марокканцы, палестинцы, сирийцы, тунисцы)",782
Московская область,"Армяне (русские армяне, турецкие армяне)",70199
Московская область,Ассирийцы,127
Московская область,"Афганцы (афганистанцы, кабулистан, паштуны, пушту, пуштуны, хазарейцы)",433
Московская область,Балкарцы,270
Московская область,"Башкиры (башкирцы, башкорт)",4258
Московская область,"Белорусы (беларусы, литвины, минчане, полещуки, поляки с языком белорусским)",15673
Московская область,Бесермяне,6
Московская область,Болгары,989
Московская область,Боснийцы,5
Московская область,"Британцы (англичане, шотландцы)",74
Московская область,"Буряты (аларцы,буряад, бурят-монголы)",1444
Московская область,Венгры (мадьяр),57
Московская область,"Вепсы (чудь, чухари)",30
Московская область,Водь,4
Московская область,Вьетнамцы (таи),671
Московская область,Гагаузы,2004
Московская область,Горские евреи (горские таты),16
Московская область,"Греки (армянские греки, греко-русские, донбасские греки, рум, румеи, русские греки, эллины)",979
Московская область,Греки-урумы,1
Московская область,Грузины (имеретинцы),9298
Московская область,Аджарцы,6
Московская область,Лазы,2
Московская область,"Мегрелы (менгрелы, мингрелы)",36
Московская область,Сваны,1
Московская область,"Даргинцы (акушинцы, дарган)",1968
Московская область,Кубачинцы,3
Московская область,Долганы,5
Московская область,Дунгане,44
Московская область,"Евреи (армянские евреи, ашкеназ, ашкеназы, евреи-мордва, иудаисты, иудеи, польские евреи, русские евреи, семиты)",5090
Московская область,"Езиды (езды, йезиды, курды-езиды, язиды)",476
Московская область,Ижорцы (ижора),2
Московская область,Ингуши (орстхо),843
Московская область,"Индийцы ( индуисты, сикхи, хинди)",167
Московская область,Испанцы,118
Московская область,"Итальянцы (римляне, сицилийцы)",109
Московская область,Ительмены,10
Московская область,"Кабардинцы (адыги с языком кабардинским, адыгэ с языком кабардинским, кабардино-балкарцы)",1501
Московская область,Казахи (кызылординцы),6206
Московская область,"Калмыки (болдыры, бузавы, торгуты)",1841
Московская область,Камчадалы,2
Московская область,Караимы,21
Московская область,Каракалпаки,58
Московская область,Карачаевцы (карачай),514
Московская область,Карелы (ливвики),158
Московская область,Кереки,3
Московская область,Кеты (кето),3
Московская область,"Киргизы (бишкекцы, кыргыз)",14986
Московская область,"Китайцы (хань, ханьцы)",395
Московская область,"Коми (зыряне, коми-зыряне)",379
Московская область,Коми-ижемцы (изьватас),5
Московская область,"Коми-пермяки (коми с языком коми-пермяцким, пермяки)",111
Московская область,Корейцы (русские корейцы),3943
Московская область,Коряки,9
Московская область,Алюторцы (нымыланы),1
Московская область,Крымские татары (татары с языком крымскотатарским),231
Московская область,Крымчаки,5
Московская область,Кубинцы,157
Московская область,Кумандинцы (со),5
Московская область,Кумыки,1704
Московская область,Курды (курд),154
Московская область,Лакцы (лак),822
Московская область,"Латыши (ливы, латвийцы)",459
Московская область,Латгальцы (латгалы),5
Московская область,Лезгины (лезги),4222
Московская область,Литовцы,401
Московская область,Македонцы,15
Московская область,Манси,18
Московская область,"Марийцы (мари, марий, меря, черемисы)",1840
Московская область,Горные марийцы (горномарийцы),19
Московская область,Лугово-восточные марийцы (луговые марийцы),4
Московская область,Молдаване (молдовень),12811
Московская область,Монголы,50
Московская область,"Мордва (мордвины, мордовцы, терюхане, чумотары)",9500
Московская область,Мордва-мокша (мокша),288
Московская область,"Мордва-эрзя (мордва-шокша, шокша, эрзя)",274
Московская область,Нагайбаки,17
Московская область,Нанайцы,16
Московская область,"Немцы (германцы, остзейские немцы, поволжские немцы, померанцы, пруссы, российские немцы, русские немцы)",2811
Московская область,Ненцы (не),33
Московская область,Нивхи,4
Московская область,Ногайцы (ногай),692
Московская область,Карагаши,1
Московская область,Орочи (ороч),1
Московская область,"Осетины (аланы, северо-осетины)",2971
Московская область,Осетины-дигорцы (дигорцы),13
Московская область,Осетины-иронцы,1
Московская область,"Пакистанцы (белуджи, джаты, панджабцы, пенджабцы)",32
Московская область,"Памирцы (шугнанцы, язгулемцы)",54
Московская область,"Персы (фарс, фарси, хазарейцы (с языком персидским))",144
Московская область,Поляки,1014
Московская область,Румыны,146
Московская область,"Русины (гуцулы, карпатские русины, лемки, подкарпатские русины, рутены)",56
Московская область,"Русские (ведруссы, гураны, древляне, кержаки, кривичи, кубанцы, кулугуры, русаки, русичи, сибиряки, чалдоны, челдоны, якутяне)",6873903
Московская область,"Казаки (гребенские казаки, донские казаки, запорожские казаки, кубанские казаки, русские казаки, севрюки, терские казаки, уральские казаки, яицкие казаки)",954
Московская область,"Поморы (русские поморы, устьцилемы)",56
Московская область,"Рутульцы (борчинцы, катрухцы, рутул)",218
Московская область,"Саамы (лапландцы, лопари, саами)",9
Московская область,Селькупы,1
Московская область,Сербы (боснийскиие сербы),239
Московская область,Словаки,30
Московская область,Словенцы,9
Московская область,Среднеазиатские евреи (бухарские евреи),1
Московская область,"Табасараны (табасаран, табасаранцы)",985
Московская область,"Таджики (душанбинцы, тоджик, фарс с языком таджикским, худжандцы)",37741
Московская область,Талыши,138
Московская область,"Татары (башкирские татары, казанские татары, польско-литовские татары, татар, татаро-башкиры, татары-мишари, тептяри)",46066
Московская область,Кряшены (крещеные татары),36
Московская область,Мишари (мишар),9
Московская область,"Сибирские татары (бухарцы, сибир)",3
Московская область,"Таты (тат, таты-азербайджанцы)",24
Московская область,Телеуты,3
Московская область,"Тувинцы (тува, тыва)",317
Московская область,Турки (тюрк с языком турецким),900
Московская область,Турки-месхетинцы (месхетинцы),14
Московская область,Туркмены,1621
Московская область,Удины,35
Московская область,Удмурты,1109
Московская область,Удэгейцы,3
Московская область,"Узбеки (локайцы, хорезмцы, хорезмлы)",39656
Московская область,Уйгуры,131
Московская область,Уйльта,1
Московская область,"Украинцы (волынцы, казаки с языком украинским, малороссы, русские украинцы)",54224
Московская область,Ульчи (ульча),1
Московская область,Финны (суоми),100
Московская область,Финны-ингерманландцы (ингерманландцы),7
Московская область,Французы,98
Московская область,"Хакасы (аринцы, пурус)",180
Московская область,Ханты,29
Московская область,Хемшилы,7
Московская область,Хорваты,26
Московская область,"Цахуры (йыхбы, цахурцы)",68
Московская область,"Цыгане (ром, котляры, ромалэ, русские цыгане)",1029
Московская область,Цыгане среднеазиатские,2
Московская область,"Черкесы (адыги с языком черкесским, убыхи)",615
Московская область,Черногорцы,10
Московская область,Чехи,70
Московская область,"Чеченцы (нохчий, нохчо)",3308
Московская область,Чеченцы-аккинцы (акинцы),1
Московская область,Чуванцы,4
Московская область,"Чуваши (сувары, чаваш)",9415
Московская область,Чукчи (луораветлан),35
Московская область,Чулымцы,1
Московская область,Шапсуги,1
Московская область,Шорцы (шор),28
Московская область,"Эвенки ( тунгус, эвенк)",34
Московская область,"Эвены (ламут, овен, эвен)",7
Московская область,Эскимосы (гренландские эскимосы),7
Московская область,"Эстонцы (хийумаасцы, чухонцы)",200
Московская область,Сету (сето),3
Московская область,Юкагиры (алаи),7
Московская область,Якуты (саха) (саха),439
Московская область,Японцы,29
Московская область,Указавшие другие ответы о национальной принадлежности (не перечисленные выше),142671
Московская область,Нет национальной принадлежности,32919
Московская область,"Лица, в переписных листах которых национальная принадлежность не указана",1064190
Московская область,отказавшиеся отвечать на вопрос о национальной принадлежности,717206
Орловская область,Все население,713374
Орловская область,Указавшие национальную принадлежность,662447
Орловская область,Абхазы,19
Орловская область,Аварцы,274
Орловская область,Дидойцы,4
Орловская область,Агулы (агульцы),248
Орловская область,Адыгейцы,2
Орловская область,"Азербайджанцы (азер, теркеме)",1586
Орловская область,Алтайцы,1
Орловская область,Американцы (афроамериканцы),2
Орловская область,"Арабы (алжирцы, египтяне, иорданцы, йеменцы, ливанцы, мавританцы, марокканцы, палестинцы, сирийцы)",169
Орловская область,Армяне,2764
Орловская область,Ассирийцы,31
Орловская область,Афганцы (афганистанцы),55
Орловская область,Балкарцы,2
Орловская область,Башкиры,60
Орловская область,"Белорусы (беларусы, поляки с языком белорусским)",697
Орловская область,Болгары,47
Орловская область,Британцы (англичане),1
Орловская область,Буряты (аларцы),24
Орловская область,Венгры,1
Орловская область,Вьетнамцы,21
Орловская область,Гагаузы,28
Орловская область,Греки (рум),47
Орловская область,"Грузины (бацбийцы, грузино-чеченцы, гурийцы, имеретинцы, картвелы, кахетинцы, тбилисцы, турко-грузины с языком грузинским, тушинцы, хевсуры)",347
Орловская область,Аджарцы,8
Орловская область,Мегрелы (мингрелы),1
Орловская область,Даргинцы,230
Орловская область,Дунгане,28
Орловская область,Евреи (русские евреи),177
Орловская область,Езиды (язиды),259
Орловская область,Ингуши,75
Орловская область,Индийцы (индуисты),128
Орловская область,Испанцы,4
Орловская область,Итальянцы,6
Орловская область,Кабардинцы,10
Орловская область,Казахи,110
Орловская область,Калмыки,17
Орловская область,Каракалпаки,1
Орловская область,Карачаевцы,13
Орловская область,Карелы,2
Орловская область,Киргизы (кыргыз),146
Орловская область,Китайцы,9
Орловская область,Коми,24
Орловская область,Коми-пермяки,8
Орловская область,Корейцы,100
Орловская область,Коряки,1
Орловская область,Крымские татары,5
Орловская область,Кубинцы,1
Орловская область,Кумыки,45
Орловская область,Курды (курд),1786
Орловская область,Лакцы,27
Орловская область,Латыши (курляндцы),20
Орловская область,Лезгины,253
Орловская область,Литовцы,32
Орловская область,Македонцы,7
Орловская область,"Марийцы (мари, марий)",36
Орловская область,Молдаване,502
Орловская область,Монголы,5
Орловская область,"Мордва (мордвины, мордовцы)",79
Орловская область,Нагайбаки,1
Орловская область,"Немцы (алеманны, русские немцы)",268
Орловская область,Ногайцы,7
Орловская область,Осетины,85
Орловская область,Пакистанцы,1
Орловская область,Персы (иранцы),6
Орловская область,Поляки (белорусские поляки),50
Орловская область,Румыны,2
Орловская область,Русины (лемки),2
Орловская область,"Русские (великороссы, русаки)",631606
Орловская область,Казаки (донские казаки),17
Орловская область,Поморы,2
Орловская область,"Рутульцы (катрухцы, рутул)",51
Орловская область,Сербы,28
Орловская область,"Табасараны (табасаран, табасаранцы)",146
Орловская область,Таджики,896
Орловская область,Талыши,3
Орловская область,Татары (татар),619
Орловская область,Таты (тат),4
Орловская область,Тувинцы,11
Орловская область,Турки,624
Орловская область,Турки-месхетинцы (месхетинцы),78
Орловская область,Туркмены,450
Орловская область,Удины,4
Орловская область,Удмурты,42
Орловская область,Узбеки,933
Орловская область,Уйгуры,4
Орловская область,Украинцы (русские украинцы),3188
Орловская область,Финны,1
Орловская область,Французы,1
Орловская область,Хакасы,1
Орловская область,Цахуры,4
Орловская область,Цыгане (русские цыгане),1080
Орловская область,Черкесы,5
Орловская область,Чехи,5
Орловская область,Чеченцы,734
Орловская область,Чуванцы,3
Орловская область,Чуваши,108
Орловская область,Эвенки,1
Орловская область,Эвены (ламут),1
Орловская область,Эстонцы,6
Орловская область,Якуты (саха),14
Орловская область,Указавшие другие ответы о национальной принадлежности (не перечисленные выше),9764
Орловская область,Нет национальной принадлежности,1038
Орловская область,"Лица, в переписных листах которых национальная принадлежность не указана",50927
Орловская область,отказавшиеся отвечать на вопрос о национальной принадлежности,13714
Рязанская область,Все население,1102810
Рязанская область,Указавшие национальную принадлежность,886440
Рязанская область,Абазины,5
Рязанская область,Абхазы,15
Рязанская область,Аварцы,368
Рязанская область,Агулы (агульцы),62
Рязанская область,Адыгейцы (адыги),7
Рязанская область,"Азербайджанцы (азер, бакинцы)",2487
Рязанская область,Алтайцы,5
Рязанская область,Тубалары,1
Рязанская область,"Арабы (алжирцы, египтяне, ливийцы, марокканцы, сирийцы, тунисцы)",73
Рязанская область,Армяне,4583
Рязанская область,Ассирийцы,6
Рязанская область,"Афганцы (афганистанцы, пуштуны)",17
Рязанская область,Балкарцы,4
Рязанская область,Башкиры (бакалинцы),236
Рязанская область,"Белорусы (беларусы, поляки с языком белорусским)",853
Рязанская область,Болгары,53
Рязанская область,"Британцы (англичане, валлийцы)",2
Рязанская область,Буряты (сартулы),27
Рязанская область,Венгры,2
Рязанская область,Вьетнамцы,22
Рязанская область,Гагаузы,90
Рязанская область,Горские евреи,1
Рязанская область,"Греки (азовские греки, русские греки)",36
Рязанская область,Грузины,373
Рязанская область,Мегрелы,2
Рязанская область,Даргинцы,149
Рязанская область,Дунгане,16
Рязанская область,Евреи (русские евреи),164
Рязанская область,Езиды (курды-езиды),165
Рязанская область,Ингуши,132
Рязанская область,Испанцы,6
Рязанская область,Итальянцы (римляне),4
Рязанская область,Кабардинцы,41
Рязанская область,Казахи,387
Рязанская область,Калмыки,39
Рязанская область,Караимы,1
Рязанская область,Каракалпаки,8
Рязанская область,Карачаевцы,15
Рязанская область,Карелы,8
Рязанская область,Киргизы (кыргыз),2328
Рязанская область,Китайцы (хань),6
Рязанская область,Коми,50
Рязанская область,Коми-пермяки (пермяки),9
Рязанская область,Корейцы,361
Рязанская область,Коряки,3
Рязанская область,Крымские татары,10
Рязанская область,Кумыки,147
Рязанская область,Курды (курд),29
Рязанская область,Лакцы,86
Рязанская область,Латыши,19
Рязанская область,Лезгины,642
Рязанская область,Литовцы,36
Рязанская область,Македонцы,3
Рязанская область,Манси,1
Рязанская область,"Марийцы (мар, мари, марий, меря)",75
Рязанская область,Молдаване (бессарабцы),1070
Рязанская область,Монголы,2
Рязанская область,"Мордва (мордвины, мордовцы)",2328
Рязанская область,Мордва-мокша (мокша),22
Рязанская область,Мордва-эрзя (эрзя),19
Рязанская область,Нагайбаки,1
Рязанская область,Нанайцы,1
Рязанская область,Нганасаны,1
Рязанская область,"Немцы (российские немцы, русские немцы)",433
Рязанская область,Ненцы (не),6
Рязанская область,Ногайцы,30
Рязанская область,Осетины (аланы),112
Рязанская область,Пакистанцы (синдхи),4
Рязанская область,Памирцы,4
Рязанская область,Персы (иранцы),10
Рязанская область,Поляки,57
Рязанская область,Румыны,12
Рязанская область,Русины,3
Рязанская область,"Русские (великороссы, мещеряки, русаки, русичи,сибиряки)",838322
Рязанская область,"Казаки (донские казаки, русские казаки, терские казаки)",61
Рязанская область,Поморы,3
Рязанская область,Рутульцы (рутул),125
Рязанская область,Селькупы,1
Рязанская область,Сербы,15
Рязанская область,Словаки,3
Рязанская область,Словенцы,1
Рязанская область,"Табасараны (табасаран, табасаранцы)",81
Рязанская область,Таджики,3000
Рязанская область,Талыши,3
Рязанская область,"Татары (казанские татары, татар, татаро-башкиры)",3071
Рязанская область,Кряшены,2
Рязанская область,Тувинцы,15
Рязанская область,Турки,804
Рязанская область,Турки-месхетинцы (месхетинцы),13
Рязанская область,Туркмены (текинцы),255
Рязанская область,Удины,1
Рязанская область,Удмурты,88
Рязанская область,Узбеки,2976
Рязанская область,Уйгуры,19
Рязанская область,Уйльта,3
Рязанская область,"Украинцы (малороссы, русские украинцы)",3628
Рязанская область,Финны,10
Рязанская область,Финны-ингерманландцы (ингерманландцы),1
Рязанская область,Французы,4
Рязанская область,Хакасы,10
Рязанская область,Ханты,2
Рязанская область,Хорваты,1
Рязанская область,Цахуры (цахурцы),10
Рязанская область,"Цыгане (русские цыгане, фараоны)",2146
Рязанская область,Черкесы,14
Рязанская область,Чехи,2
Рязанская область,Чеченцы,443
Рязанская область,Чуваши (чаваш),443
Рязанская область,Чукчи,3
Рязанская область,Шорцы,3
Рязанская область,Эвенки,3
Рязанская область,Эстонцы,13
Рязанская область,Якуты (саха),13
Рязанская область,Указавшие другие ответы о национальной принадлежности (не перечисленные выше),9932
Рязанская область,Нет национальной принадлежности,2623
Рязанская область,"Лица, в переписных листах которых национальная принадлежность не указана",216370
Рязанская область,отказавшиеся отвечать на вопрос о национальной принадлежности,28929
Смоленская область,Все население,888421
Смоленская область,Указавшие национальную принадлежность,796461
Смоленская область,Абазины,3
Смоленская область,Абхазы,21
Смоленская область,Аварцы,119
Смоленская область,Агулы (агульцы),2
Смоленская область,Адыгейцы,5
Смоленская область,Азербайджанцы (азер),1916
Смоленская область,Алтайцы,2
Смоленская область,Американцы,2
Смоленская область,"Арабы (алжирцы, египтяне, иорданцы, ливанцы, саудовцы, сирийцы, тунисцы)",40
Смоленская область,"Армяне (донские армяне, русские армяне)",3548
Смоленская область,Ассирийцы,8
Смоленская область,"Афганцы (афганистанцы, нуристанцы, пуштуны, хазарейцы)",14
Смоленская область,Балкарцы,3
Смоленская область,"Башкиры (башкирцы, бушман)",182
Смоленская область,"Белорусы (беларусы, поляки с языком белорусским)",5311
Смоленская область,Болгары,59
Смоленская область,"Британцы (англичане, шотландцы)",2
Смоленская область,Буряты,17
Смоленская область,Венгры (мадьяры),3
Смоленская область,Вепсы,1
Смоленская область,Вьетнамцы,8
Смоленская область,Гагаузы,167
Смоленская область,Греки (рум),48
Смоленская область,Грузины,410
Смоленская область,Лазы,1
Смоленская область,Мегрелы (менгрелы),2
Смоленская область,Даргинцы,132
Смоленская область,Дунгане,34
Смоленская область,"Евреи (велижские евреи, идишисты, русские евреи)",448
Смоленская область,Езиды,11
Смоленская область,Ингуши,56
Смоленская область,"Индийцы (индийцы хиндиязычные, индуисты)",1090
Смоленская область,Итальянцы,3
Смоленская область,Ительмены,1
Смоленская область,Кабардинцы,25
Смоленская область,Казахи,261
Смоленская область,Калмыки,11
Смоленская область,Каракалпаки,3
Смоленская область,Карачаевцы (карачай-малеар аланы с языком карачаевским),27
Смоленская область,Карелы,24
Смоленская область,Киргизы (кыргыз),263
Смоленская область,Китайцы,3
Смоленская область,Коми,33
Смоленская область,"Коми-пермяки (коми-язьвинцы, пермяки)",20
Смоленская область,Корейцы,145
Смоленская область,Коряки,3
Смоленская область,Крымские татары,24
Смоленская область,Крымчаки,1
Смоленская область,Кубинцы,4
Смоленская область,Кумыки (кумук),62
Смоленская область,Курды (курд),4
Смоленская область,Лакцы,52
Смоленская область,Латыши (латвийцы),57
Смоленская область,Лезгины,193
Смоленская область,Литовцы,152
Смоленская область,Македонцы,3
Смоленская область,Манси,1
Смоленская область,"Марийцы (мари, марий, черемисы)",98
Смоленская область,Молдаване,702
Смоленская область,Монголы,10
Смоленская область,"Мордва (мордвины, мордовцы)",180
Смоленская область,Мордва-мокша (мокша),2
Смоленская область,Мордва-эрзя (эрзя),3
Смоленская область,Нанайцы,1
Смоленская область,"Немцы (немцы поволжья, русские немцы, швабы)",316
Смоленская область,Ненцы,4
Смоленская область,Ногайцы (ногай),9
Смоленская область,Осетины,85
Смоленская область,Памирцы,3
Смоленская область,Персы (иранцы),2
Смоленская область,Поляки,185
Смоленская область,Румыны,15
Смоленская область,Русины,1
Смоленская область,"Русские (великороссы, гураны, кривичи, русаки, сибиряки)",754311
Смоленская область,"Казаки (донские казаки, кубанские казаки, русские казаки)",62
Смоленская область,Поморы,2
Смоленская область,Рутульцы,15
Смоленская область,Сербы,5
Смоленская область,"Табасараны (табасаран, табасаранцы)",56
Смоленская область,Таджики,2153
Смоленская область,Талыши,12
Смоленская область,Татары (татар),1293
Смоленская область,Кряшены,1
Смоленская область,Мишари (мишар),1
Смоленская область,Тувинцы,27
Смоленская область,Турки,233
Смоленская область,Турки-месхетинцы (ахыска),49
Смоленская область,Туркмены,86
Смоленская область,Удины (уди),1
Смоленская область,Удмурты,115
Смоленская область,Узбеки,1540
Смоленская область,Уйгуры,7
Смоленская область,"Украинцы (русские украинцы, хохлы)",5024
Смоленская область,Финны,8
Смоленская область,Французы,4
Смоленская область,Хакасы (аринцы),10
Смоленская область,Ханты,1
Смоленская область,Хорваты,1
Смоленская область,Цахуры (цахурцы),4
Смоленская область,"Цыгане (ром, русские цыгане)",2072
Смоленская область,Черкесы,20
Смоленская область,Чехи,2
Смоленская область,Чеченцы,210
Смоленская область,Чуваши,273
Смоленская область,Чукчи,3
Смоленская область,Шорцы,2
Смоленская область,Эвенки (эвенк),8
Смоленская область,"Эвены (ламут, эвен)",3
Смоленская область,Эскимосы,1
Смоленская область,Эстонцы,19
Смоленская область,Якуты (саха),10
Смоленская область,Указавшие другие ответы о национальной принадлежности (не перечисленные выше),10609
Смоленская область,Нет национальной принадлежности,1626
Смоленская область,"Лица, в переписных листах которых национальная принадлежность не указана",91960
Смоленская область,отказавшиеся отвечать на вопрос о национальной принадлежности,15432
Тамбовская область,Все население,982991
Тамбовская область,Указавшие национальную принадлежность,906085
Тамбовская область,Абхазы,8
Тамбовская область,Аварцы,156
Тамбовская область,Агулы (агульцы),25
Тамбовская область,Адыгейцы (адыги),1
Тамбовская область,Азербайджанцы (азер),1574
Тамбовская область,Американцы (афроамериканцы),23
Тамбовская область,"Арабы (алжирцы, египтяне, иорданцы, иракцы, йеменцы, ливанцы, марокканцы, палестинцы, сирийцы, тунисцы)",411
Тамбовская область,Армяне (русские армяне),3740
Тамбовская область,Ассирийцы,14
Тамбовская область,Афганцы (пуштуны),21
Тамбовская область,Балкарцы,3
Тамбовская область,Башкиры (башкирцы),68
Тамбовская область,Белорусы (беларусы),473
Тамбовская область,Болгары,30
Тамбовская область,Британцы (англичане),2
Тамбовская область,Буряты (аларцы),10
Тамбовская область,Венгры,4
Тамбовская область,Вьетнамцы (кинь),58
Тамбовская область,Гагаузы,19
Тамбовская область,Греки (рум),49
Тамбовская область,Грузины,266
Тамбовская область,Аджарцы,1
Тамбовская область,Мегрелы,2
Тамбовская область,Даргинцы,175
Тамбовская область,Дунгане,12
Тамбовская область,Евреи (русские евреи),155
Тамбовская область,"Езиды (езды, йезиды)",1439
Тамбовская область,Ингуши,23
Тамбовская область,"Индийцы (индуисты, хинди)",161
Тамбовская область,Испанцы,9
Тамбовская область,Ительмены,1
Тамбовская область,Кабардинцы,26
Тамбовская область,Казахи,230
Тамбовская область,Калмыки,14
Тамбовская область,Каракалпаки,1
Тамбовская область,Карачаевцы,2
Тамбовская область,Карелы,8
Тамбовская область,Киргизы (кыргыз),263
Тамбовская область,Китайцы (юньнаньцы),6
Тамбовская область,Коми,25
Тамбовская область,Коми-пермяки (пермяки),5
Тамбовская область,Корейцы,72
Тамбовская область,Крымские татары,14
Тамбовская область,Кубинцы,2
Тамбовская область,Кумыки,140
Тамбовская область,Курды (курд),773
Тамбовская область,Лакцы,20
Тамбовская область,Латыши (латвийцы),11
Тамбовская область,Лезгины (лезги),175
Тамбовская область,Литовцы,22
Тамбовская область,Манси,2
Тамбовская область,"Марийцы (мар, мари, марий)",30
Тамбовская область,Молдаване,341
Тамбовская область,Монголы,7
Тамбовская область,"Мордва (мордвины, мордовцы)",132
Тамбовская область,Мордва-мокша (мокша),14
Тамбовская область,Мордва-эрзя (эрзя),7
Тамбовская область,Немцы,206
Тамбовская область,Ненцы (не),1
Тамбовская область,Нивхи,1
Тамбовская область,Ногайцы,14
Тамбовская область,Осетины,98
Тамбовская область,Пакистанцы (белуджи),1
Тамбовская область,Памирцы,4
Тамбовская область,Персы (иранцы),9
Тамбовская область,Поляки,34
Тамбовская область,Румыны,7
Тамбовская область,Русины,2
Тамбовская область,Русские (великороссы),866291
Тамбовская область,Казаки (донские казаки),34
Тамбовская область,Рутульцы,7
Тамбовская область,Сербы (боснийскиие сербы),3
Тамбовская область,Табасараны (табасаранцы),87
Тамбовская область,Таджики (тоджик),2125
Тамбовская область,Талыши,4
Тамбовская область,Татары (татар),1473
Тамбовская область,Тувинцы (тыва),1
Тамбовская область,Турки,10
Тамбовская область,Туркмены,86
Тамбовская область,Удины,1
Тамбовская область,Удмурты,34
Тамбовская область,Узбеки,1461
Тамбовская область,Уйгуры,11
Тамбовская область,Украинцы (русские украинцы),2845
Тамбовская область,Ульчи (ульча),1
Тамбовская область,Финны,3
Тамбовская область,Французы,1
Тамбовская область,Хакасы,3
Тамбовская область,Ханты,1
Тамбовская область,Цахуры (цахурцы),1
Тамбовская область,Цыгане (русские цыгане),5290
Тамбовская область,Черкесы (сирийские адыги),1
Тамбовская область,Чеченцы,202
Тамбовская область,Чуваши,113
Тамбовская область,Чукчи,3
Тамбовская область,Эвенки,2
Тамбовская область,Эвены,1
Тамбовская область,Эстонцы,11
Тамбовская область,Якуты (саха),3
Тамбовская область,Указавшие другие ответы о национальной принадлежности (не перечисленные выше),9885
Тамбовская область,Нет национальной принадлежности,4497
Тамбовская область,"Лица, в переписных листах которых национальная принадлежность не указана",76906
Тамбовская область,отказавшиеся отвечать на вопрос о национальной принадлежности,19206
Тверская область,Все население,1230171
Тверская область,Указавшие национальную принадлежность,1085761
Тверская область,Абазины,1
Тверская область,Абхазы,49
Тверская область,Аварцы,290
Тверская область,Андийцы,1
Тверская область,Агулы (агульцы),24
Тверская область,Адыгейцы,8
Тверская область,"Азербайджанцы (азер, бакинцы)",3697
Тверская область,Алтайцы,4
Тверская область,"Арабы (алжирцы, египтяне, иорданцы, иракцы, йеменцы, ливанцы, ливийцы, мавританцы, марокканцы, палестинцы, сирийцы, тунисцы)",111
Тверская область,"Армяне (армяно-русские, русские армяне, русско-армяне с языком армянским)",6270
Тверская область,Ассирийцы,10
Тверская область,"Афганцы (пуштуны, хазарейцы)",33
Тверская область,Балкарцы,6
Тверская область,"Башкиры (башкиро-татары, башкирцы)",227
Тверская область,"Белорусы (беларусы, поляки с языком белорусским)",2095
Тверская область,Болгары,85
Тверская область,Британцы (англичане),2
Тверская область,Буряты,30
Тверская область,Венгры,6
Тверская область,Вепсы,2
Тверская область,Вьетнамцы,42
Тверская область,Гагаузы,145
Тверская область,Греки (русские греки),105
Тверская область,Греки-урумы (урум),1
Тверская область,Грузины,731
Тверская область,Ингилойцы (ингилой),6
Тверская область,Мегрелы (менгрелы),8
Тверская область,Даргинцы,284
Тверская область,Дунгане,2
Тверская область,"Евреи (армянские евреи, иудеи, русские евреи)",348
Тверская область,"Езиды (езды, язиды)",427
Тверская область,Ингуши,119
Тверская область,Индийцы (индуисты),50
Тверская область,Испанцы,8
Тверская область,Итальянцы (сардинцы),4
Тверская область,Кабардинцы,57
Тверская область,Казахи,341
Тверская область,Калмыки,34
Тверская область,Камчадалы,2
Тверская область,Караимы,1
Тверская область,Каракалпаки,2
Тверская область,Карачаевцы (карачай),21
Тверская область,Карелы,2764
Тверская область,Кеты (остяки),1
Тверская область,Киргизы (кыргыз),2021
Тверская область,Китайцы,11
Тверская область,Коми (коми-зыряне),63
Тверская область,Коми-ижемцы,1
Тверская область,Коми-пермяки (пермяки),34
Тверская область,Корейцы,316
Тверская область,Крымские татары,26
Тверская область,Кубинцы,2
Тверская область,Кумыки,68
Тверская область,Курды (курд),12
Тверская область,Лакцы (лаки),94
Тверская область,Латыши (латвийцы),72
Тверская область,Лезгины (лезги),641
Тверская область,Литовцы,79
Тверская область,Манси,1
Тверская область,"Марийцы (мари, марий, черемисы)",211
Тверская область,Молдаване (бессарабцы),1033
Тверская область,Монголы,2
Тверская область,"Мордва (мордвины, мордовцы)",388
Тверская область,Мордва-мокша (мокша),3
Тверская область,Мордва-эрзя (эрзя),6
Тверская область,Нагайбаки,1
Тверская область,Нанайцы,1
Тверская область,Немцы (русские немцы),542
Тверская область,Меннониты,1
Тверская область,Ненцы (не),16
Тверская область,Ногайцы,24
Тверская область,Осетины,196
Тверская область,Осетины-иронцы (юго-осетины),1
Тверская область,Пакистанцы,10
Тверская область,Памирцы,8
Тверская область,"Персы (иранцы, фарси)",9
Тверская область,Поляки,232
Тверская область,Румыны,14
Тверская область,Русины (гуцулы),3
Тверская область,"Русские (великороссы, кержаки, кривичи, русаки, староверы)",1022391
Тверская область,"Казаки (донские казаки, кубанские казаки, новоазовские казаки, русские казаки, сибирские казаки)",79
Тверская область,Поморы,2
Тверская область,Рутульцы (рутул),24
Тверская область,Саамы (саами),1
Тверская область,Сербы,16
Тверская область,Словаки,2
Тверская область,Словенцы,4
Тверская область,"Среднеазиатские евреи (бухарские евреи, яхуди)",4
Тверская область,"Табасараны (табасаран, табасаранцы)",240
Тверская область,Таджики (ягнобцы),7237
Тверская область,Талыши,20
Тверская область,"Татары (казанские татары, татар)",3062
Тверская область,Таты (тат),1
Тверская область,Тувинцы (тыва),8
Тверская область,Турки,89
Тверская область,Туркмены,281
Тверская область,Удины,7
Тверская область,Удмурты,155
Тверская область,Удэгейцы,1
Тверская область,Узбеки,2593
Тверская область,Уйгуры,16
Тверская область,"Украинцы (малороссы, русские украинцы)",6023
Тверская область,Финны,44
Тверская область,Финны-ингерманландцы (ингерманландцы),1
Тверская область,Французы,8
Тверская область,Хакасы,7
Тверская область,Ханты,2
Тверская область,Цахуры,8
Тверская область,Цыгане (русские цыгане),2426
Тверская область,Черкесы,10
Тверская область,Чехи,2
Тверская область,Чеченцы (нохчий),1529
Тверская область,Чуваши,1017
Тверская область,Чукчи,7
Тверская область,Шорцы,2
Тверская область,Эвенки (эвенк),5
Тверская область,Эвены (илкан),1
Тверская область,Эстонцы,62
Тверская область,Якуты (саха),13
Тверская область,Японцы,2
Тверская область,Указавшие другие ответы о национальной принадлежности (не перечисленные выше),10957
Тверская область,Нет национальной принадлежности,2916
Тверская область,"Лица, в переписных листах которых национальная принадлежность не указана",144410
Тверская область,отказавшиеся отвечать на вопрос о национальной принадлежности,33030
Тульская область,Все население,1501214
Тульская область,Указавшие национальную принадлежность,1397524
Тульская область,Абазины,2
Тульская область,Абхазы,88
Тульская область,Аварцы,430
Тульская область,Андийцы,8
Тульская область,Дидойцы,4
Тульская область,Каратинцы,2
Тульская область,Чамалалы,1
Тульская область,Агулы (агульцы),92
Тульская область,Адыгейцы (адыги),21
Тульская область,"Азербайджанцы (азер, тюрк с языком азербайджанским)",4546
Тульская область,Алеуты,1
Тульская область,Алтайцы,3
Тульская область,"Американцы (афроамериканцы, гавайцы)",8
Тульская область,"Арабы (алжирцы, арабы Объединенных Арабских Эмиратов, египтяне, иорданцы, йеменцы, ливанцы, марокканцы, палестинцы, сирийцы, тунисцы)",184
Тульская область,Армяне (русские армяне),9785
Тульская область,Ассирийцы,16
Тульская область,"Афганцы (пушту, пуштуны, хазарейцы)",27
Тульская область,Балкарцы,10
Тульская область,Башкиры (башкирцы),171
Тульская область,"Белорусы (беларусы, поляки с языком белорусским)",1107
Тульская область,Болгары,120
Тульская область,Боснийцы,1
Тульская область,Британцы (англичане),6
Тульская область,Буряты (аларцы),22
Тульская область,Венгры (австровенгры),6
Тульская область,Вепсы,1
Тульская область,Вьетнамцы,216
Тульская область,Гагаузы,172
Тульская область,Греки (рум),79
Тульская область,Грузины,1358
Тульская область,Аджарцы,1
Тульская область,Мегрелы,3
Тульская область,Даргинцы,393
Тульская область,"Евреи (иудеи, польские евреи, русские евреи)",474
Тульская область,"Езиды (езды, иезиды, язиды)",767
Тульская область,Ингуши,102
Тульская область,"Индийцы (индуисты, кашмирцы, тамилы, хинди)",17
Тульская область,Испанцы,10
Тульская область,Итальянцы (римляне),11
Тульская область,Ительмены,4
Тульская область,Кабардинцы (кабардино-балкарцы),41
Тульская область,Казахи,399
Тульская область,Калмыки,29
Тульская область,Каракалпаки,6
Тульская область,Карачаевцы,20
Тульская область,Карелы,12
Тульская область,Киргизы (кыргыз),1675
Тульская область,Китайцы (хань),20
Тульская область,Коми,43
Тульская область,Коми-пермяки (пермяки),16
Тульская область,Корейцы,537
Тульская область,Коряки,1
Тульская область,Крымские татары (татары с языком крымскотатарским),17
Тульская область,Крымчаки,2
Тульская область,Кубинцы,5
Тульская область,Кумыки,76
Тульская область,Курды (курд),288
Тульская область,Лакцы,45
Тульская область,Латыши,33
Тульская область,Лезгины (лезги),510
Тульская область,Литовцы,42
Тульская область,Македонцы,5
Тульская область,"Марийцы (мари, марий)",88
Тульская область,Горные марийцы,1
Тульская область,Лугово-восточные марийцы (луговые марийцы),1
Тульская область,Молдаване,1522
Тульская область,Монголы,5
Тульская область,"Мордва (мордвины, мордовцы)",276
Тульская область,Мордва-мокша (мокша),4
Тульская область,Мордва-эрзя (эрзя),10
Тульская область,Нанайцы,6
Тульская область,"Немцы (немцы поволжья, русские немцы)",1000
Тульская область,Ненцы,3
Тульская область,Ногайцы,61
Тульская область,Осетины,251
Тульская область,Пакистанцы,5
Тульская область,Памирцы (шугнанцы),4
Тульская область,Персы (иранцы),17
Тульская область,Поляки,92
Тульская область,Румыны,10
Тульская область,"Русины (гуцулы, лемки)",8
Тульская область,"Русские (великороссы, горяне, русаки, сибиряки)",1315064
Тульская область,"Казаки (донские казаки, русские казаки, терские казаки)",99
Тульская область,Поморы,2
Тульская область,Рутульцы (рутул),378
Тульская область,Селькупы,1
Тульская область,Сербы,11
Тульская область,Словаки,4
Тульская область,"Табасараны (табасаран, табасаранцы)",167
Тульская область,Таджики,6463
Тульская область,Талыши,36
Тульская область,"Татары (казанские татары, поволжские татары, польско-литовские татары, татар)",4335
Тульская область,Кряшены,1
Тульская область,Мишари (мишар),1
Тульская область,Таты,1
Тульская область,Тувинцы,5
Тульская область,Турки,121
Тульская область,Турки-месхетинцы,45
Тульская область,Туркмены,297
Тульская область,Удины,4
Тульская область,Удмурты,66
Тульская область,Удэгейцы,1
Тульская область,Узбеки (кыпчак),5391
Тульская область,Уйгуры,25
Тульская область,Украинцы (русские украинцы),6155
Тульская область,Финны (суоми),12
Тульская область,Финны-ингерманландцы (ингерманландцы),2
Тульская область,Французы,10
Тульская область,Хакасы,2
Тульская область,Ханты,1
Тульская область,Хорваты,1
Тульская область,Цахуры (цахурцы),20
Тульская область,Цыгане (венгерские цыгане),1370
Тульская область,Черкесы,3
Тульская область,Чехи,9
Тульская область,Чеченцы (нохчий),340
Тульская область,Чуваши,346
Тульская область,Чукчи,9
Тульская область,Шорцы,1
Тульская область,"Эвенки (тунгус, эвенк)",3
Тульская область,Эвены (эвен),1
Тульская область,Эскимосы,1
Тульская область,Эстонцы,23
Тульская область,Сету (сето),1
Тульская область,Якуты (саха),13
Тульская область,Указавшие другие ответы о национальной принадлежности (не перечисленные выше),25670
Тульская область,Нет национальной принадлежности,3699
Тульская область,"Лица, в переписных листах которых национальная принадлежность не указана",103690
Тульская область,отказавшиеся отвечать на вопрос о национальной принадлежности,39609
Ярославская область,Все население,1209811
Ярославская область,Указавшие национальную принадлежность,1031286
Ярославская область,Абазины,2
Ярославская область,Абхазы,23
Ярославская область,Аварцы,134
Ярославская область,Дидойцы,4
Ярославская область,Агулы (агульцы),16
Ярославская область,Адыгейцы (адыги),11
Ярославская область,"Азербайджанцы (азер, тюрк с языком азербайджанским)",3476
Ярославская область,Алтайцы,16
Ярославская область,Тубалары (туба),1
Ярославская область,Американцы,10
Ярославская область,"Арабы (алжирцы, египтяне, иорданцы, иракцы, ливанцы, ливийцы, мавры, марокканцы, сирийцы, тунисцы)",75
Ярославская область,Армяне (русские армяне),6114
Ярославская область,Ассирийцы,4
Ярославская область,Афганцы (афганистанцы),19
Ярославская область,Балкарцы,5
Ярославская область,Башкиры (башкирцы),191
Ярославская область,"Белорусы (беларусы, поляки с языком белорусским)",1236
Ярославская область,Болгары,75
Ярославская область,"Британцы (англичане, валлийцы, шотландцы)",7
Ярославская область,Буряты (аларцы),21
Ярославская область,Венгры,8
Ярославская область,Вепсы (чудь),5
Ярославская область,Вьетнамцы,46
Ярославская область,Гагаузы,87
Ярославская область,Греки (рум),95
Ярославская область,Грузины,512
Ярославская область,Аджарцы,1
Ярославская область,Даргинцы (левашинцы),173
Ярославская область,"Евреи (армяно-евреи, русские евреи)",368
Ярославская область,"Езиды (езды, иезиды, язиды)",1828
Ярославская область,Ижорцы,2
Ярославская область,Ингуши,389
Ярославская область,Индийцы (индуисты),13
Ярославская область,Испанцы,1
Ярославская область,Итальянцы,4
Ярославская область,Кабардинцы,41
Ярославская область,Казахи,305
Ярославская область,Калмыки,37
Ярославская область,Каракалпаки,4
Ярославская область,Карачаевцы,13
Ярославская область,Карелы,39
Ярославская область,Киргизы (кыргыз),701
Ярославская область,Китайцы,15
Ярославская область,Коми (коми-зыряне),220
Ярославская область,Коми-ижемцы,5
Ярославская область,Коми-пермяки (пермяки),26
Ярославская область,Корейцы,160
Ярославская область,Коряки,1
Ярославская область,Крымские татары,11
Ярославская область,Кубинцы,5
Ярославская область,Кумыки,107
Ярославская область,Курды (курд),72
Ярославская область,Лакцы,24
Ярославская область,Латыши (латвийцы),36
Ярославская область,Лезгины,431
Ярославская область,Литовцы,60
Ярославская область,Македонцы,2
Ярославская область,"Марийцы (мари, марий, меря)",150
Ярославская область,Лугово-восточные марийцы (луговые марийцы),3
Ярославская область,Молдаване,524
Ярославская область,Монголы,3
Ярославская область,"Мордва (мордвины, мордовцы)",220
Ярославская область,Мордва-мокша (мокша),2
Ярославская область,Мордва-эрзя (эрзя),9
Ярославская область,"Немцы (поволжские немцы, российские немцы, русские немцы)",384
Ярославская область,Ненцы (не),12
Ярославская область,Ногайцы,9
Ярославская область,Орочи,1
Ярославская область,Осетины (аланы),156
Ярославская область,"Пакистанцы (панджабцы, пенджабцы)",3
Ярославская область,Памирцы,1
Ярославская область,Персы (иранцы),5
Ярославская область,Поляки,110
Ярославская область,Румыны,2
Ярославская область,Русины,7
Ярославская область,"Русские (великороссы,  древляне, кубанцы, русаки, русичи, сибиряки)",995413
Ярославская область,"Казаки (донские казаки, кубанские казаки, терские казаки)",55
Ярославская область,Поморы,19
Ярославская область,Рутульцы,10
Ярославская область,Саамы (саами),2
Ярославская область,Сербы,13
Ярославская область,Словаки,1
Ярославская область,"Табасараны (табасаран, табасаранцы)",64
Ярославская область,Таджики,2547
Ярославская область,Талыши,21
Ярославская область,"Татары (казанские татары, татар, татаро-башкиры)",2658
Ярославская область,Кряшены,1
Ярославская область,Сибирские татары,1
Ярославская область,"Таты (тат, таты-азербайджанцы)",5
Ярославская область,Тофалары,1
Ярославская область,Тувинцы,18
Ярославская область,Турки,47
Ярославская область,Туркмены,130
Ярославская область,Удины,6
Ярославская область,Удмурты,113
Ярославская область,Узбеки,1615
Ярославская область,Уйгуры,10
Ярославская область,"Украинцы (малороссы, русские украинцы)",4127
Ярославская область,Финны,20
Ярославская область,Французы,11
Ярославская область,Хакасы,4
Ярославская область,Ханты,1
Ярославская область,Хемшилы,2
Ярославская область,Хорваты,1
Ярославская область,Цахуры (цахурцы),2
Ярославская область,Цыгане (рома),645
Ярославская область,Черкесы,9
Ярославская область,Чехи,11
Ярославская область,Чеченцы,524
Ярославская область,Чуваши (сувары),383
Ярославская область,Чукчи,4
Ярославская область,Эвенки (эвенк),2
Ярославская область,Эстонцы,30
Ярославская область,Якуты (саха),10
Ярославская область,Японцы,2
Ярославская область,Указавшие другие ответы о национальной принадлежности (не перечисленные выше),1945
Ярославская область,Нет национальной принадлежности,2016
Ярославская область,"Лица, в переписных листах которых национальная принадлежность не указана",178525
Ярославская область,отказавшиеся отвечать на вопрос о национальной принадлежности,36928
г. Москва,Все население,13010112
г. Москва,Указавшие национальную принадлежность,10059391
г. Москва,Абазины (абаза),153
г. Москва,Абхазы,2357
г. Москва,Аварцы,4320
г. Москва,Андийцы,7
г. Москва,Арчинцы,1
г. Москва,Ахвахцы,5
г. Москва,"Багулалы (багвалинцы, кванадинцы)",2
г. Москва,Бежтинцы,3
г. Москва,Годоберинцы,1
г. Москва,Дидойцы,9
г. Москва,Каратинцы,9
г. Москва,"Хваршины (инхокваринцы, хваршинцы)",21
г. Москва,"Чамалалы (урухцы, чамалинцы)",4
г. Москва,Агулы (агульцы),270
г. Москва,"Адыгейцы (адыги, адыгэ)",364
г. Москва,"Азербайджанцы (азер, азери, бакинцы, гардабанцы, кашкайцы, терекеме, теркеме)",37259
г. Москва,Алеуты,8
г. Москва,Алтайцы (ойрот),96
г. Москва,Теленгиты,5
г. Москва,Тубалары,5
г. Москва,Челканцы,7
г. Москва,"Американцы (афроамериканцы, гавайцы, техасцы)",399
г. Москва,"Арабы (алжирцы, арабы Объединенных Арабских Эмиратов, арабы палестинцы, арабы сирийцы, аравийцы, бедуины, египтяне, иорданцы, иракцы, йеменцы, катарцы, кувейтцы, ливанцы, ливийцы, мавританцы, марокканцы, оманцы, палестинцы, саудовцы, сирийцы, тунисцы)",2185
г. Москва,"Армяне (амшенские армяне, амшенцы, армяне-таты, арцахцы, бакинские армяне, грузинские армяне, ереванцы, русские армяне, русско-армяне с языком армянским, чардахлинцы)",68018
г. Москва,Черкесогаи,1
г. Москва,Ассирийцы (арамеи),419
г. Москва,"Афганцы (афганистанцы, бербери, дари, паштуны, пушту, пуштуны, хазарейцы)",680
г. Москва,Балкарцы (карачаево-балкарцы),611
г. Москва,"Башкиры (башкирцы, башкорт, бушман, мин, уранцы)",5715
г. Москва,"Белорусы (беларусы, литваки, литвины, литвяки, минчане, полещуки, поляки с языком белорусским)",17632
г. Москва,Бесермяне,13
г. Москва,Болгары,991
г. Москва,Боснийцы,26
г. Москва,"Британцы (англичане, англосаксы, валлийцы, уэдделлцы, шотландцы, великобританцы)",411
г. Москва,"Буряты (аларцы, аргадинцы, баргуты, буряад, бурят-монголы, хамниганы, хонгодоры)",2921
г. Москва,"Венгры (австровенгры, мадьяр, мадьяры)",150
г. Москва,Вепсы (чудь),41
г. Москва,Водь,5
г. Москва,Вьетнамцы (таи),1718
г. Москва,Гагаузы,520
г. Москва,"Горские евреи (горские, дагестанские евреи, джуур)",68
г. Москва,"Греки (азовские греки урумы, крымские греки, рум, румеи, русские греки, эллины)",1523
г. Москва,Греки-урумы (урум),3
г. Москва,Грузинские евреи,7
г. Москва,"Грузины (бацбийцы, картвелы, хевсуры)",26222
г. Москва,Аджарцы,38
г. Москва,Лазы,4
г. Москва,"Мегрелы (менгрелы, мингрелы)",65
г. Москва,Сваны,4
г. Москва,"Даргинцы (дарган, дарганти)",2327
г. Москва,Кайтагцы (кайтаги),3
г. Москва,Кубачинцы,16
г. Москва,Долганы (долган),10
г. Москва,Дунгане,26
г. Москва,"Евреи (армяно-евреи, ашкеназ, ашкеназы, идиш, идишисты, иудаисты, иудеи, ортодоксальные евреи, польские евреи, русские евреи, семиты, сефарды)",28014
г. Москва,"Езиды (йезиды, курды-езиды)",399
г. Москва,Ижорцы,7
г. Москва,"Ингуши (галгаи, евлойцы, карабулакцы, мелхистинцы, орстхой, орстхо)",2850
г. Москва,"Индийцы (гоанцы, гуджаратцы, индуисты, маратхи, тамилы, телугу, хинди, хиндустанцы)",489
г. Москва,Испанцы (галисийцы),510
г. Москва,"Итальянцы (англо-итальянцы, римляне)",494
г. Москва,Ительмены,9
г. Москва,"Кабардинцы (адыги с языком кабардинским, адыги-черкесы с языком кабардинским, кабардино-балкарцы)",2314
г. Москва,Казахи (адай),9864
г. Москва,"Калмыки (болдыры, ойрат-калмыки, хальмг)",3964
г. Москва,Камчадалы,6
г. Москва,Караимы (крымские караимы),62
г. Москва,Каракалпаки,73
г. Москва,"Карачаевцы (аланы с языком карачаевским, карачаево-черкесы, карачай, карачай-малеар аланы с языком карачаевским)",793
г. Москва,Карелы (ливвики),239
г. Москва,Кереки,3
г. Москва,Кеты,2
г. Москва,Киргизы (кыргыз),16858
г. Москва,"Китайцы (тайванцы, тибетцы, хань, ханьцы)",1224
г. Москва,"Коми (зыряне, коми-зыряне)",393
г. Москва,Коми-ижемцы (ижемцы),5
г. Москва,Коми-пермяки (пермяки),75
г. Москва,"Корейцы (корё сарам, русские корейцы, северокорейцы)",4529
г. Москва,Коряки,23
г. Москва,Крымские татары,244
г. Москва,Крымчаки,18
г. Москва,"Кубинцы (гаванцы, кубино-американцы)",194
г. Москва,Кумандинцы,2
г. Москва,Кумыки (даргино-кумыки с языком кумыкским),1576
г. Москва,Курды (курд),131
г. Москва,Лакцы (лак),1167
г. Москва,"Латыши (латвиеши, латвийцы, лифляндцы)",1037
г. Москва,Латгальцы,5
г. Москва,Лезгины (лезги),3874
г. Москва,"Литовцы (литвины с языком литовским, литвяки с языком литовским)",761
г. Москва,Македонцы,26
г. Москва,Манси,23
г. Москва,"Марийцы (гмари, марий, меря, черемисы)",1325
г. Москва,Горные марийцы (горномарийцы),11
г. Москва,Лугово-восточные марийцы (луговые марийцы),3
г. Москва,Молдаване (бессарабы),8122
г. Москва,Монголы (дархаты),209
г. Москва,"Мордва (каратаи, мордвины, мордовцы)",6992
г. Москва,Мордва-мокша (мокша),255
г. Москва,"Мордва-эрзя (мордва-шокша, шокша, эрзя)",243
г. Москва,Нагайбаки,7
г. Москва,Нанайцы,15
г. Москва,Нганасаны,1
г. Москва,"Немцы (амиши, баварцы, балтийские немцы, волжские немцы, германцы, крымские готы, поволжские немцы, прусаки, российские немцы, русские немцы)",3583
г. Москва,"Ненцы (не, ненэйне)",44
г. Москва,Нивхи (нивхгу),8
г. Москва,Ногайцы (ногай),539
г. Москва,"Осетины (аланы, владикавказцы)",6797
г. Москва,Осетины-дигорцы (дигорцы),35
г. Москва,"Осетины-иронцы (иронцы, кударцы, юго-осетины)",15
г. Москва,"Пакистанцы (белуджи, брагуи, панджабцы, пенджабцы, синдхи)",110
г. Москва,"Памирцы (памирские таджики, шугнанцы)",67
г. Москва,"Персы (иранцы, маури, фарс, фарси)",291
г. Москва,Поляки,1747
г. Москва,Румыны,242
г. Москва,"Русины (бойки, гуцулы, карпатские русины, лемки)",68
г. Москва,"Русские (великороссы, гураны, древляне,  кержаки, кривичи, кубанцы, кулугуры, мещеряки, молокане, русаки, русичи, сибиряки, скобари, чалдоны, челдоны, якутяне)",9074375
г. Москва,"Казаки (донские казаки, забайкальские казаки, запорожские казаки, кубанские казаки, оренбургские казаки, русские казаки, терские казаки, уральские казаки, уссурийцы, яицкие казаки)",1229
г. Москва,Поморы (русские поморы),75
г. Москва,"Рутульцы (катрухцы, рутул)",255
г. Москва,"Саамы (лопари, саами)",13
г. Москва,Селькупы,1
г. Москва,Сербы (боснийскиие сербы),578
г. Москва,Словаки,36
г. Москва,Словенцы (славянцы),16
г. Москва,Сойоты (сойот),1
г. Москва,Среднеазиатские евреи (бухарские евреи),5
г. Москва,"Табасараны (табасаран, табасаранцы)",650
г. Москва,"Таджики (душанбинцы, тоджик, худжандцы, ягнобцы)",22783
г. Москва,Талыши,359
г. Москва,"Татары (армянские татары, башкирские татары, волжские татары, горьковские татары, казанские татары, кубино-татары, татар, татарлар, татаро-башкиры, татаро-русские с языком татарским, татары-мишари, тептяри)",84373
г. Москва,"Кряшены (керешен, крещеные, крещеные татары)",49
г. Москва,"Мишари (мишар, мишары)",26
г. Москва,Сибирские татары,2
г. Москва,"Таты (гимейдинцы, тат, таты-азербайджанцы)",33
г. Москва,Телеуты,4
г. Москва,Тофалары (тофа),2
г. Москва,Тувинцы (тыва),550
г. Москва,"Турки (алевиты, анкарцы, османы, сухумцы)",1547
г. Москва,Турки-месхетинцы (месхетинцы),15
г. Москва,Туркмены (текинцы),2015
г. Москва,Удины,37
г. Москва,Удмурты (вотяки),1077
г. Москва,Удэгейцы,4
г. Москва,"Узбеки (локайцы, кыпчак, ташкентцы, хорезмцы, хорезмлы, чирчикцы, шахриханцы)",29526
г. Москва,Уйгуры,119
г. Москва,"Украинцы (восточные украинцы, западенцы, казаки с языком украинским, малороссы, подольчане, полтавцы, русские украинцы, сумские)",58788
г. Москва,Ульчи,1
г. Москва,Финны (хельсинкцы),205
г. Москва,Финны-ингерманландцы (ингерманландцы),17
г. Москва,Французы (бретонцы),476
г. Москва,"Хакасы (аринцы, пурус, тадар с языком хакасским, хаас)",170
г. Москва,Ханты (хантэ),38
г. Москва,Хемшилы,1
г. Москва,Хорваты (боснийскиие хорваты),56
г. Москва,"Цахуры (йыхбы, цахурцы)",71
г. Москва,"Цыгане (венгерские цыгане, влахи, ром, кишиневцы, ловари, польские цыгане, рома, ромалэ, румынские цыгане, русские цыгане)",435
г. Москва,Черкесы (адыги-черкесы с языком черкесским),1405
г. Москва,Черногорцы,30
г. Москва,Чехи (пражане),175
г. Москва,"Чеченцы (грозненцы, нохчий, нохчо, чечено-ингуши)",11491
г. Москва,Чеченцы-аккинцы (ауховцы),1
г. Москва,Чуванцы,4
г. Москва,Чуваши (сувары),8278
г. Москва,"Чукчи (луораветлан, лыгъоравэтлъан, чаучу)",47
г. Москва,"Шапсуги (абреки, причерноморские шапсуги)",10
г. Москва,Шорцы (шор),33
г. Москва,Эвенки (эвенк),123
г. Москва,"Эвены (ламут, эвен, эвын)",101
г. Москва,Энцы,2
г. Москва,Эскимосы (гренландские эскимосы),11
г. Москва,Эстонцы (чухонцы),586
г. Москва,Сету (сето),3
г. Москва,Юкагиры (ваду),4
г. Москва,Якуты (саха),1088
г. Москва,Японцы (рюкюсцы),182
г. Москва,Указавшие другие ответы о национальной принадлежности (не перечисленные выше),362069
г. Москва,Нет национальной принадлежности,105258
г. Москва,"Лица, в переписных листах которых национальная принадлежность не указана",2950721
г. Москва,отказавшиеся отвечать на вопрос о национальной принадлежности,2377357
Республика Карелия,Все население,533121
Республика Карелия,Указавшие национальную принадлежность,471623
Республика Карелия,Абазины,1
Республика Карелия,Абхазы,7
Республика Карелия,Аварцы,32
Республика Карелия,Андийцы,1
Республика Карелия,Агулы (агульцы),3
Республика Карелия,Адыгейцы,7
Республика Карелия,Азербайджанцы,988
Республика Карелия,Алтайцы,4
Республика Карелия,Тубалары,4
Республика Карелия,Американцы,2
Республика Карелия,"Арабы (египтяне, иорданцы, ливанцы, марокканцы, палестинцы, сирийцы)",96
Республика Карелия,Армяне,1198
Республика Карелия,Ассирийцы,12
Республика Карелия,Афганцы (афганистанцы),2
Республика Карелия,Балкарцы,16
Республика Карелия,Башкиры,130
Республика Карелия,"Белорусы (беларусы, поляки с языком белорусским)",9372
Республика Карелия,Болгары,64
Республика Карелия,Британцы (англичане),4
Республика Карелия,Буряты,27
Республика Карелия,Венгры (мадьяр),10
Республика Карелия,Вепсы,2471
Республика Карелия,Водь (вожане),7
Республика Карелия,Вьетнамцы,15
Республика Карелия,Гагаузы,11
Республика Карелия,"Греки (рум, эллины)",64
Республика Карелия,Грузины,230
Республика Карелия,Аджарцы,1
Республика Карелия,Мегрелы (мингрелы),2
Республика Карелия,Даргинцы,74
Республика Карелия,Долганы,1
Республика Карелия,Евреи (русские евреи),278
Республика Карелия,Езиды,10
Республика Карелия,Ижорцы,9
Республика Карелия,Ингуши,25
Республика Карелия,Индийцы (индуисты),2
Республика Карелия,Испанцы,5
Республика Карелия,Итальянцы,1
Республика Карелия,Кабардинцы,26
Республика Карелия,Казахи,130
Республика Карелия,Калмыки,14
Республика Карелия,Каракалпаки,11
Республика Карелия,Карачаевцы,4
Республика Карелия,"Карелы (вологоднские карелы, калевальцы, ливвики, людики, поморы-карелы)",25901
Республика Карелия,Киргизы (кыргыз),95
Республика Карелия,Китайцы (ханьцы),69
Республика Карелия,Коми,124
Республика Карелия,Коми-ижемцы,2
Республика Карелия,Коми-пермяки,19
Республика Карелия,Корейцы,68
Республика Карелия,Коряки,2
Республика Карелия,Крымские татары,7
Республика Карелия,Кубинцы,4
Республика Карелия,Кумыки,34
Республика Карелия,Курды (курд),4
Республика Карелия,Лакцы,17
Республика Карелия,Латыши,81
Республика Карелия,Лезгины,114
Республика Карелия,Литовцы,347
Республика Карелия,Македонцы,1
Республика Карелия,Манси,1
Республика Карелия,"Марийцы (мари, марий, меря)",148
Республика Карелия,Молдаване,283
Республика Карелия,Монголы,2
Республика Карелия,"Мордва (мордвины, мордовцы)",236
Республика Карелия,Мордва-мокша (мокша),2
Республика Карелия,Мордва-эрзя (эрзя),2
Республика Карелия,"Немцы (волжские немцы, поволжские немцы, пруссы, российские немцы)",285
Республика Карелия,Ненцы,5
Республика Карелия,Ногайцы,5
Республика Карелия,Орочи,1
Республика Карелия,Осетины,71
Республика Карелия,Пакистанцы,1
Республика Карелия,Персы (иранцы),4
Республика Карелия,Поляки (белорусские поляки),727
Республика Карелия,Румыны,10
Республика Карелия,Русины,5
Республика Карелия,"Русские (великороссы, древляне, русаки, сибиряки, скобари)",407469
Республика Карелия,"Казаки (донские казаки, кубанские казаки, севрюки)",73
Республика Карелия,Поморы (русские поморы),266
Республика Карелия,Рутульцы,11
Республика Карелия,Саамы (саами),10
Республика Карелия,Сербы,5
Республика Карелия,"Табасараны (табасаран, табасаранцы)",21
Республика Карелия,Таджики,557
Республика Карелия,Талыши,35
Республика Карелия,"Татары (казанские татары, татар)",1094
Республика Карелия,Кряшены,1
Республика Карелия,Тувинцы (тыва),7
Республика Карелия,Турки,19
Республика Карелия,Туркмены,109
Республика Карелия,Удины,6
Республика Карелия,Удмурты,95
Республика Карелия,Узбеки (тюрк с языком узбекским),488
Республика Карелия,Уйгуры,4
Республика Карелия,"Украинцы (казаки с языком украинским, малороссы, русские украинцы)",5579
Республика Карелия,Финны,3397
Республика Карелия,Финны-ингерманландцы (ингерманландцы),157
Республика Карелия,Французы,3
Республика Карелия,Хакасы,2
Республика Карелия,Ханты,9
Республика Карелия,Цыгане (русские цыгане),511
Республика Карелия,Черкесы,4
Республика Карелия,Чехи,2
Республика Карелия,Чеченцы,221
Республика Карелия,Чуваши,476
Республика Карелия,Чукчи,6
Республика Карелия,Эвенки (эвенк),2
Республика Карелия,Эвены (эвен),1
Республика Карелия,Эстонцы,81
Республика Карелия,Сету (сето),1
Республика Карелия,Якуты (саха),16
Республика Карелия,Японцы,8
Республика Карелия,Указавшие другие ответы о национальной принадлежности (не перечисленные выше),6022
Республика Карелия,Нет национальной принадлежности,1319
Республика Карелия,"Лица, в переписных листах которых национальная принадлежность не указана",61498
Республика Карелия,отказавшиеся отвечать на вопрос о национальной принадлежности,8225
Республика Коми,Все население,737853
Республика Коми,Указавшие национальную принадлежность,571883
Республика Коми,Абазины,10
Республика Коми,Абхазы,12
Республика Коми,Аварцы,164
Республика Коми,Агулы (агульцы),7
Республика Коми,Адыгейцы (адыги),17
Республика Коми,"Азербайджанцы (азер, терекеме)",2710
Республика Коми,Алтайцы,18
Республика Коми,Теленгиты,3
Республика Коми,Американцы (афроамериканцы),3
Республика Коми,"Арабы (алжирцы, египтяне, иракцы, марокканцы, сирийцы, тунисцы)",72
Республика Коми,Армяне,907
Республика Коми,Ассирийцы,3
Республика Коми,Афганцы,1
Республика Коми,Балкарцы,10
Республика Коми,"Башкиры (башкирцы, башкорт)",816
Республика Коми,"Белорусы (беларусы, бело-поляки, поляки с языком белорусским)",2639
Республика Коми,Болгары,192
Республика Коми,Британцы (англичане),2
Республика Коми,Буряты,10
Республика Коми,Венгры (мадьяр),38
Республика Коми,Вепсы (чудь),18
Республика Коми,Гагаузы,35
Республика Коми,Горские евреи,1
Республика Коми,"Греки (критяне, рум, русские греки)",62
Республика Коми,Грузины,295
Республика Коми,Ингилойцы,27
Республика Коми,Даргинцы,140
Республика Коми,Долганы,1
Республика Коми,Дунгане (хуэй),3
Республика Коми,"Евреи (иудеи, польские евреи, русские евреи)",148
Республика Коми,Езиды,3
Республика Коми,Ингуши,46
Республика Коми,"Индийцы (индуисты, хинди)",20
Республика Коми,Испанцы,2
Республика Коми,Итальянцы,4
Республика Коми,Кабардинцы,52
Республика Коми,Казахи,220
Республика Коми,Калмыки,35
Республика Коми,Караимы,1
Республика Коми,Карачаевцы,16
Республика Коми,Карелы,50
Республика Коми,Кеты (остяки),1
Республика Коми,Киргизы (кыргыз),1059
Республика Коми,Китайцы,14
Республика Коми,"Коми (зыряне, коми морт, коми-зыряне, удорачи)",127089
Республика Коми,"Коми-ижемцы (ижемцы, изьватас)",4313
Республика Коми,"Коми-пермяки (коми с языком коми-пермяцким, пермяки)",261
Республика Коми,Корейцы,86
Республика Коми,Коряки,1
Республика Коми,Крымские татары (татары с языком крымскотатарским),20
Республика Коми,Кумыки,70
Республика Коми,Курды (курд),5
Республика Коми,Курманч (батумские курды),1
Республика Коми,Лакцы,43
Республика Коми,Латыши,75
Республика Коми,Лезгины,812
Республика Коми,Литовцы (литувей),311
Республика Коми,Манси,5
Республика Коми,"Марийцы (мари, марий)",945
Республика Коми,Горные марийцы (горномарийцы),1
Республика Коми,Лугово-восточные марийцы (луговые марийцы),1
Республика Коми,Молдаване (молдовень),1000
Республика Коми,Монголы,2
Республика Коми,"Мордва (мордвины, мордовцы)",457
Республика Коми,Мордва-мокша (мокша),4
Республика Коми,Мордва-эрзя (эрзя),9
Республика Коми,Нагайбаки,5
Республика Коми,Нанайцы,1
Республика Коми,"Немцы (поволжские немцы, российские немцы, русские немцы)",1984
Республика Коми,Ненцы (не),215
Республика Коми,Ногайцы (ногай),222
Республика Коми,Осетины,116
Республика Коми,Пакистанцы,2
Республика Коми,Персы (иранцы),8
Республика Коми,Поляки,268
Республика Коми,Румыны,21
Республика Коми,"Русины (гуцулы, лемки)",13
Республика Коми,"Русские (великороссы, русаки, сибиряки, староверы, чалдоны, якутяне)",398547
Республика Коми,"Казаки (гребенские казаки, донские казаки, запорожские казки, кубанские казаки)",68
Республика Коми,"Поморы (усть-цилемы, устьцилемы)",43
Республика Коми,Рутульцы,30
Республика Коми,Саамы (саами),3
Республика Коми,Селькупы,1
Республика Коми,Сербы,3
Республика Коми,Словаки,2
Республика Коми,Словенцы,3
Республика Коми,"Табасараны (табасаран, табасаранцы)",75
Республика Коми,Таджики,403
Республика Коми,Талыши,42
Республика Коми,Татары (татар),4083
Республика Коми,Кряшены,4
Республика Коми,Мишари,3
Республика Коми,"Таты (тат, таты-азербайджанцы)",3
Республика Коми,Тувинцы,7
Республика Коми,Турки,18
Республика Коми,Туркмены,13
Республика Коми,"Удмурты (вотяки, удморт)",638
Республика Коми,Узбеки,535
Республика Коми,Уйгуры,4
Республика Коми,Украинцы (русские украинцы),11041
Республика Коми,Финны,37
Республика Коми,Финны-ингерманландцы,1
Республика Коми,Французы (антильцы),7
Республика Коми,"Хакасы (аринцы, пурус)",7
Республика Коми,Ханты,42
Республика Коми,Хорваты,2
Республика Коми,Цахуры (цахурцы),5
Республика Коми,"Цыгане (ромалэ, русские цыгане)",175
Республика Коми,Черкесы,35
Республика Коми,Чехи,9
Республика Коми,Чеченцы,205
Республика Коми,Чуванцы,2
Республика Коми,Чуваши (чаваш),1869
Республика Коми,Чукчи (англо-чукчи),7
Республика Коми,Эвенки,3
Республика Коми,Эскимосы,1
Республика Коми,Эстонцы,41
Республика Коми,Якуты (саха),13
Республика Коми,Японцы,1
Республика Коми,Указавшие другие ответы о национальной принадлежности (не перечисленные выше),7877
Республика Коми,Нет национальной принадлежности,2200
Республика Коми,"Лица, в переписных листах которых национальная принадлежность не указана",165970
Республика Коми,отказавшиеся отвечать на вопрос о национальной принадлежности,13141
Архангельская область,Все население,1020307
Архангельская область,Указавшие национальную принадлежность,865211
Архангельская область,Абазины,2
Архангельская область,Абхазы,7
Архангельская область,Аварцы,94
Архангельская область,Бежтинцы,1
Архангельская область,Хваршины,2
Архангельская область,Агулы,4
Архангельская область,Адыгейцы,4
Архангельская область,Азербайджанцы,1391
Архангельская область,Алтайцы,53
Архангельская область,Теленгиты,1
Архангельская область,Челканцы,1
Архангельская область,Американцы (афроамериканцы),2
Архангельская область,"Арабы (египтяне, сирийцы, тунисцы)",8
Архангельская область,Армяне (русские армяне),606
Архангельская область,Ассирийцы,18
Архангельская область,"Афганцы (афганистанцы, пуштуны)",8
Архангельская область,Балкарцы,9
Архангельская область,Башкиры (башкорт),230
Архангельская область,Белорусы (беларусы),1852
Архангельская область,Болгары (болгаро-русские),53
Архангельская область,Буряты (аларцы),36
Архангельская область,Венгры,5
Архангельская область,"Вепсы (чудь, чухари)",18
Архангельская область,Вьетнамцы,2
Архангельская область,Гагаузы,22
Архангельская область,Греки (рум),20
Архангельская область,Грузины,149
Архангельская область,Мегрелы (мингрелы),2
Архангельская область,Даргинцы,100
Архангельская область,Долганы,1
Архангельская область,"Евреи (польские евреи, русские евреи)",131
Архангельская область,Езиды,16
Архангельская область,Ижорцы,3
Архангельская область,Ингуши,105
Архангельская область,Индийцы (индуисты),253
Архангельская область,Итальянцы,2
Архангельская область,Кабардинцы,75
Архангельская область,Казахи,171
Архангельская область,Калмыки,52
Архангельская область,Камчадалы,1
Архангельская область,Каракалпаки,3
Архангельская область,Карачаевцы,11
Архангельская область,Карелы,82
Архангельская область,Кеты,2
Архангельская область,Киргизы (кыргыз),52
Архангельская область,Китайцы,7
Архангельская область,Коми (коми-зыряне),2855
Архангельская область,Коми-ижемцы,12
Архангельская область,"Коми-пермяки (зюздинцы, пермяки)",46
Архангельская область,Корейцы (русские корейцы),45
Архангельская область,Коряки,1
Архангельская область,Крымские татары,3
Архангельская область,Кумандинцы,1
Архангельская область,Кумыки,37
Архангельская область,Курды (курд),4
Архангельская область,Лакцы,39
Архангельская область,Латыши (латвийцы),31
Архангельская область,Латгальцы,1
Архангельская область,Лезгины,271
Архангельская область,Литовцы,124
Архангельская область,"Марийцы (мари, марий, меря)",297
Архангельская область,Молдаване,413
Архангельская область,Монголы,2
Архангельская область,"Мордва (мордвины, мордовцы)",219
Архангельская область,Мордва-мокша (мокша),2
Архангельская область,Мордва-эрзя (эрзя),4
Архангельская область,Нагайбаки,1
Архангельская область,Нанайцы,5
Архангельская область,Немцы (поволжские немцы),354
Архангельская область,Ненцы,7035
Архангельская область,Нивхи,1
Архангельская область,Ногайцы,14
Архангельская область,Осетины,111
Архангельская область,Осетины-дигорцы (дигорцы),3
Архангельская область,Пакистанцы,1
Архангельская область,Персы (иранцы),2
Архангельская область,Поляки,138
Архангельская область,Румыны,29
Архангельская область,Русины,2
Архангельская область,"Русские (русаки, чалдоны)",832604
Архангельская область,"Казаки (донские казаки, кубанские казаки, русские казаки, сибирские казаки, терские казаки, яицкие казаки)",68
Архангельская область,"Поморы (важане, русские поморы, усть-цилемы)",1318
Архангельская область,Рутульцы,5
Архангельская область,Саамы,5
Архангельская область,Селькупы,2
Архангельская область,Сербы,2
Архангельская область,Табасараны (табасаранцы),108
Архангельская область,Таджики,643
Архангельская область,Талыши (толыш),22
Архангельская область,Татары (татар),1229
Архангельская область,Кряшены,1
Архангельская область,Мишари (мижер),1
Архангельская область,Тувинцы,80
Архангельская область,Турки,33
Архангельская область,Туркмены,15
Архангельская область,Удины (уди),1
Архангельская область,Удмурты,227
Архангельская область,Удэгейцы,1
Архангельская область,Узбеки,323
Архангельская область,Уйгуры,9
Архангельская область,Украинцы (русские украинцы),5324
Архангельская область,Финны,22
Архангельская область,Финны-ингерманландцы,2
Архангельская область,Французы,2
Архангельская область,Хакасы,21
Архангельская область,Ханты,15
Архангельская область,Хорваты,1
Архангельская область,Цахуры,1
Архангельская область,Цыгане (русские цыгане),460
Архангельская область,Черкесы,8
Архангельская область,Чехи,1
Архангельская область,Чеченцы (чечено-ингуши),127
Архангельская область,Чуванцы,3
Архангельская область,Чуваши,625
Архангельская область,Чукчи,3
Архангельская область,Эвенки (эвенк),12
Архангельская область,Эстонцы,27
Архангельская область,Якуты (саха),18
Архангельская область,Японцы,1
Архангельская область,Указавшие другие ответы о национальной принадлежности (не перечисленные выше),2813
Архангельская область,Нет национальной принадлежности,2677
Архангельская область,"Лица, в переписных листах которых национальная принадлежность не указана",155096
Архангельская область,отказавшиеся отвечать на вопрос о национальной принадлежности,14520
Архангельская область без АО,Все население,978873
Архангельская область без АО,Указавшие национальную принадлежность,827808
Архангельская область без АО,Абазины,2
Архангельская область без АО,Абхазы,6
Архангельская область без АО,Аварцы,88
Архангельская область без АО,Бежтинцы,1
Архангельская область без АО,Агулы,4
Архангельская область без АО,Адыгейцы,3
Архангельская область без АО,Азербайджанцы,1290
Архангельская область без АО,Алтайцы,42
Архангельская область без АО,Челканцы,1
Архангельская область без АО,Американцы (афроамериканцы),2
Архангельская область без АО,"Арабы (египтяне, сирийцы, тунисцы)",8
Архангельская область без АО,Армяне (русские армяне),584
Архангельская область без АО,Ассирийцы,18
Архангельская область без АО,"Афганцы (афганистанцы, пуштуны)",8
Архангельская область без АО,Балкарцы,8
Архангельская область без АО,Башкиры (башкорт),186
Архангельская область без АО,Белорусы (беларусы),1702
Архангельская область без АО,Болгары (болгаро-русские),51
Архангельская область без АО,Буряты (аларцы),30
Архангельская область без АО,Венгры,5
Архангельская область без АО,"Вепсы (чудь, чухари)",18
Архангельская область без АО,Вьетнамцы,2
Архангельская область без АО,Гагаузы,21
Архангельская область без АО,Греки (рум),19
Архангельская область без АО,Грузины,147
Архангельская область без АО,Мегрелы (мингрелы),2
Архангельская область без АО,Даргинцы,81
Архангельская область без АО,"Евреи (польские евреи, русские евреи)",128
Архангельская область без АО,Езиды,16
Архангельская область без АО,Ижорцы,3
Архангельская область без АО,Ингуши,101
Архангельская область без АО,Индийцы (индуисты),253
Архангельская область без АО,Итальянцы,2
Архангельская область без АО,Кабардинцы,75
Архангельская область без АО,Казахи,151
Архангельская область без АО,Калмыки,28
Архангельская область без АО,Камчадалы,1
Архангельская область без АО,Каракалпаки,3
Архангельская область без АО,Карачаевцы,11
Архангельская область без АО,Карелы,80
Архангельская область без АО,Киргизы (кыргыз),44
Архангельская область без АО,Китайцы,7
Архангельская область без АО,Коми (коми-зыряне),424
Архангельская область без АО,Коми-ижемцы,1
Архангельская область без АО,"Коми-пермяки (зюздинцы, пермяки)",45
Архангельская область без АО,Корейцы (крусские корейцы),39
Архангельская область без АО,Коряки,1
Архангельская область без АО,Крымские татары,3
Архангельская область без АО,Кумандинцы,1
Архангельская область без АО,Кумыки,28
Архангельская область без АО,Курды (курд),4
Архангельская область без АО,Лакцы,29
Архангельская область без АО,Латыши (латвийцы),29
Архангельская область без АО,Латгальцы,1
Архангельская область без АО,Лезгины,166
Архангельская область без АО,Литовцы,118
Архангельская область без АО,"Марийцы (мари, марий, меря)",200
Архангельская область без АО,Молдаване,392
Архангельская область без АО,Монголы,2
Архангельская область без АО,"Мордва (мордвины, мордовцы)",208
Архангельская область без АО,Мордва-мокша (мокша),2
Архангельская область без АО,Мордва-эрзя (эрзя),4
Архангельская область без АО,Нагайбаки,1
Архангельская область без АО,Нанайцы,5
Архангельская область без АО,Немцы (поволжские немцы),330
Архангельская область без АО,Ненцы,322
Архангельская область без АО,Ногайцы,14
Архангельская область без АО,Осетины,108
Архангельская область без АО,Осетины-дигорцы (дигорцы),3
Архангельская область без АО,Пакистанцы,1
Архангельская область без АО,Персы (иранцы),2
Архангельская область без АО,Поляки,126
Архангельская область без АО,Румыны,27
Архангельская область без АО,Русины,2
Архангельская область без АО,"Русские (русаки, чалдоны)",806583
Архангельская область без АО,"Казаки (донские казаки, кубанские казаки, русские казаки, сибирские казаки, терские казаки, яицкие казаки)",62
Архангельская область без АО,"Поморы (архангельские поморы, важане, русские поморы, усть-цилемы, устьцилемы)",1297
Архангельская область без АО,Рутульцы,5
Архангельская область без АО,Саамы,2
Архангельская область без АО,Селькупы,2
Архангельская область без АО,Сербы,2
Архангельская область без АО,Табасараны (табасаранцы),105
Архангельская область без АО,Таджики,499
Архангельская область без АО,Талыши (толыш),22
Архангельская область без АО,Татары (татар),1089
Архангельская область без АО,Кряшены,1
Архангельская область без АО,Мишари (мижер),1
Архангельская область без АО,Тувинцы,73
Архангельская область без АО,Турки,30
Архангельская область без АО,Туркмены,15
Архангельская область без АО,Удины (уди),1
Архангельская область без АО,Удмурты,176
Архангельская область без АО,Удэгейцы,1
Архангельская область без АО,Узбеки,270
Архангельская область без АО,Уйгуры,9
Архангельская область без АО,Украинцы (русские украинцы),4829
Архангельская область без АО,Финны,21
Архангельская область без АО,Финны-ингерманландцы,1
Архангельская область без АО,Французы,2
Архангельская область без АО,Хакасы,12
Архангельская область без АО,Ханты,14
Архангельская область без АО,Хорваты,1
Архангельская область без АО,Цахуры,1
Архангельская область без АО,Цыгане (русские цыгане),460
Архангельская область без АО,Черкесы,8
Архангельская область без АО,Чехи,1
Архангельская область без АО,Чеченцы (чечено-ингуши),124
Архангельская область без АО,Чуванцы,1
Архангельская область без АО,Чуваши,542
Архангельская область без АО,Чукчи,3
Архангельская область без АО,Эвенки (эвенк),2
Архангельская область без АО,Эстонцы,26
Архангельская область без АО,Якуты (саха),12
Архангельская область без АО,Японцы,1
Архангельская область без АО,Указавшие другие ответы о национальной принадлежности (не перечисленные выше),2400
Архангельская область без АО,Нет национальной принадлежности,2609
Архангельская область без АО,"Лица, в переписных листах которых национальная принадлежность не указана",151065
Архангельская область без АО,отказавшиеся отвечать на вопрос о национальной принадлежности,13935
Ненецкий автономный округ,Все население,41434
Ненецкий автономный округ,Указавшие национальную принадлежность,37403
Ненецкий автономный округ,Абхазы,1
Ненецкий автономный округ,Аварцы,6
Ненецкий автономный округ,Хваршины (хваршинцы),2
Ненецкий автономный округ,Адыгейцы,1
Ненецкий автономный округ,Азербайджанцы,101
Ненецкий автономный округ,Алтайцы,11
Ненецкий автономный округ,Теленгиты,1
Ненецкий автономный округ,Армяне,22
Ненецкий автономный округ,Балкарцы,1
Ненецкий автономный округ,Башкиры,44
Ненецкий автономный округ,"Белорусы (беларусы, поляки с языком белорусским)",150
Ненецкий автономный округ,Болгары,2
Ненецкий автономный округ,Буряты,6
Ненецкий автономный округ,Гагаузы,1
Ненецкий автономный округ,Греки,1
Ненецкий автономный округ,Грузины,2
Ненецкий автономный округ,Даргинцы,19
Ненецкий автономный округ,Долганы,1
Ненецкий автономный округ,Евреи,3
Ненецкий автономный округ,Ингуши,4
Ненецкий автономный округ,Казахи,20
Ненецкий автономный округ,Калмыки,24
Ненецкий автономный округ,Карелы,2
Ненецкий автономный округ,Кеты,2
Ненецкий автономный округ,Киргизы,8
Ненецкий автономный округ,Коми,2431
Ненецкий автономный округ,Коми-ижемцы (изьватас),11
Ненецкий автономный округ,Коми-пермяки,1
Ненецкий автономный округ,Корейцы,6
Ненецкий автономный округ,Кумыки,9
Ненецкий автономный округ,Лакцы,10
Ненецкий автономный округ,Латыши,2
Ненецкий автономный округ,Лезгины,105
Ненецкий автономный округ,Литовцы,6
Ненецкий автономный округ,"Марийцы (мари, марий)",97
Ненецкий автономный округ,Молдаване,21
Ненецкий автономный округ,Мордва (мордвины),11
Ненецкий автономный округ,Немцы,24
Ненецкий автономный округ,Ненцы (ненэйне),6713
Ненецкий автономный округ,Нивхи,1
Ненецкий автономный округ,Осетины,3
Ненецкий автономный округ,Поляки,12
Ненецкий автономный округ,Румыны,2
Ненецкий автономный округ,Русские,26021
Ненецкий автономный округ,Казаки,6
Ненецкий автономный округ,Поморы,21
Ненецкий автономный округ,Саамы,3
Ненецкий автономный округ,Табасараны (табасаранцы),3
Ненецкий автономный округ,Таджики,144
Ненецкий автономный округ,Татары,140
Ненецкий автономный округ,Тувинцы (тыва),7
Ненецкий автономный округ,Турки,3
Ненецкий автономный округ,Удмурты,51
Ненецкий автономный округ,Узбеки,53
Ненецкий автономный округ,Украинцы,495
Ненецкий автономный округ,Финны,1
Ненецкий автономный округ,Финны-ингерманландцы (ингерманландцы),1
Ненецкий автономный округ,Хакасы,9
Ненецкий автономный округ,Ханты,1
Ненецкий автономный округ,Чеченцы,3
Ненецкий автономный округ,Чуванцы,2
Ненецкий автономный округ,Чуваши,83
Ненецкий автономный округ,Эвенки (эвенк),10
Ненецкий автономный округ,Эстонцы,1
Ненецкий автономный округ,Якуты (саха),6
Ненецкий автономный округ,Указавшие другие ответы о национальной принадлежности (не перечисленные выше),413
Ненецкий автономный округ,Нет национальной принадлежности,68
Ненецкий автономный округ,"Лица, в переписных листах которых национальная принадлежность не указана",4031
Ненецкий автономный округ,отказавшиеся отвечать на вопрос о национальной принадлежности,585
Вологодская область,Все население,1142827
Вологодская область,Указавшие национальную принадлежность,1008870
Вологодская область,Абазины,1
Вологодская область,Абхазы,7
Вологодская область,Аварцы,99
Вологодская область,Андийцы,6
Вологодская область,Агулы (агульцы),48
Вологодская область,Адыгейцы,1
Вологодская область,"Азербайджанцы (азер, евлахцы)",1366
Вологодская область,Алтайцы,1
Вологодская область,Американцы,3
Вологодская область,"Арабы (египтяне, мавры, мавританцы, сирийцы, тунисцы)",22
Вологодская область,Армяне (русские армяне),1652
Вологодская область,Ассирийцы,14
Вологодская область,Афганцы (афганистанцы),4
Вологодская область,Балкарцы,2
Вологодская область,Башкиры,116
Вологодская область,"Белорусы (беларусы, поляки с языком белорусским)",1243
Вологодская область,Болгары (помаки),45
Вологодская область,Боснийцы,1
Вологодская область,Британцы (англичане),6
Вологодская область,Буряты,29
Вологодская область,Венгры (мадьяр),5
Вологодская область,Вепсы (чудь),509
Вологодская область,Вьетнамцы (кинь),94
Вологодская область,Гагаузы,34
Вологодская область,Горские евреи (джуур),1
Вологодская область,Греки (рум),42
Вологодская область,Грузины,381
Вологодская область,Мегрелы,2
Вологодская область,Даргинцы,119
Вологодская область,Дунгане (хуэй),3
Вологодская область,Евреи,143
Вологодская область,Езиды,20
Вологодская область,Ингуши,47
Вологодская область,Индийцы (индуисты),3
Вологодская область,Испанцы,2
Вологодская область,Итальянцы,6
Вологодская область,Кабардинцы,20
Вологодская область,Казахи,150
Вологодская область,Калмыки,15
Вологодская область,Каракалпаки,1
Вологодская область,Карачаевцы,4
Вологодская область,Карелы,54
Вологодская область,Кеты (дянь),1
Вологодская область,Киргизы (кыргыз),252
Вологодская область,Китайцы,39
Вологодская область,Коми,171
Вологодская область,Коми-ижемцы,2
Вологодская область,Коми-пермяки,18
Вологодская область,Корейцы,57
Вологодская область,Крымские татары,3
Вологодская область,Крымчаки,1
Вологодская область,Кубинцы,3
Вологодская область,Кумыки,48
Вологодская область,Курды (курд),1
Вологодская область,Лакцы,12
Вологодская область,Латыши (латвийцы),35
Вологодская область,Латгальцы,1
Вологодская область,Лезгины,275
Вологодская область,Литовцы,82
Вологодская область,"Марийцы (мари, марий, меря)",120
Вологодская область,Горные марийцы (горномарийцы),1
Вологодская область,Лугово-восточные марийцы (луговые марийцы),1
Вологодская область,"Молдаване (бессарабцы, бессарабы)",415
Вологодская область,Монголы,1
Вологодская область,"Мордва (мордвины, мордовцы)",127
Вологодская область,Мордва-мокша (мокша),2
Вологодская область,Мордва-эрзя (эрзя),2
Вологодская область,Нагайбаки,1
Вологодская область,Немцы (русские немцы),241
Вологодская область,Ненцы (не),12
Вологодская область,Ногайцы,3
Вологодская область,Осетины,70
Вологодская область,Памирцы,2
Вологодская область,Персы (иранцы),3
Вологодская область,Поляки,77
Вологодская область,Румыны,5
Вологодская область,Русины,6
Вологодская область,"Русские (ведруссы, великороссы, русаки, сибиряки, чалдоны,челдоны)",975683
Вологодская область,"Казаки (донские казаки, забайкальские казаки)",23
Вологодская область,Поморы,12
Вологодская область,Рутульцы,15
Вологодская область,Саамы (саами),7
Вологодская область,Сербы,5
Вологодская область,Словаки,2
Вологодская область,"Табасараны (табасаран, табасаранцы)",119
Вологодская область,Таджики,990
Вологодская область,Талыши,26
Вологодская область,Татары (татар),759
Вологодская область,Кряшены (крещеные),2
Вологодская область,Таты (таты-азербайджанцы),1
Вологодская область,Тувинцы (тыва),7
Вологодская область,Турки,35
Вологодская область,Туркмены,27
Вологодская область,Удмурты,82
Вологодская область,Узбеки,1381
Вологодская область,Уйгуры,14
Вологодская область,Украинцы (волынцы),3366
Вологодская область,Финны,60
Вологодская область,Финны-ингерманландцы (ингерманландцы),4
Вологодская область,Французы,2
Вологодская область,Хакасы,1
Вологодская область,Ханты,1
Вологодская область,Цахуры,1
Вологодская область,Цыгане (русские цыгане),943
Вологодская область,Черкесы,5
Вологодская область,Чехи,1
Вологодская область,Чеченцы,132
Вологодская область,Чуваши,339
Вологодская область,Чукчи,2
Вологодская область,Шорцы,3
Вологодская область,Эвены,1
Вологодская область,Эстонцы,33
Вологодская область,Юкагиры,1
Вологодская область,Якуты (саха),6
Вологодская область,Указавшие другие ответы о национальной принадлежности (не перечисленные выше),14782
Вологодская область,Нет национальной принадлежности,1644
Вологодская область,"Лица, в переписных листах которых национальная принадлежность не указана",133957
Вологодская область,отказавшиеся отвечать на вопрос о национальной принадлежности,21535
Калининградская область,Все население,1029966
Калининградская область,Указавшие национальную принадлежность,886706
Калининградская область,Абазины,6
Калининградская область,Абхазы,8
Калининградская область,Аварцы,213
Калининградская область,Андийцы,1
Калининградская область,Агулы (агульцы),13
Калининградская область,Адыгейцы (адыги),8
Калининградская область,Азербайджанцы (азер),2555
Калининградская область,Алтайцы,8
Калининградская область,Американцы (афроамериканцы),9
Калининградская область,"Арабы (алжирцы, египтяне, кувейтцы, ливанцы, марокканцы, палестинцы, сирийцы, тунисцы)",57
Калининградская область,Армяне (русские армяне),8379
Калининградская область,Ассирийцы,13
Калининградская область,Афганцы,4
Калининградская область,Балкарцы,21
Калининградская область,Башкиры,314
Калининградская область,"Белорусы (беларусы, полешуки, полещуки, поляки с языком белорусским)",11360
Калининградская область,Болгары,142
Калининградская область,"Британцы (англичане, шотландцы)",12
Калининградская область,Буряты,111
Калининградская область,Венгры (австровенгры),16
Калининградская область,Вепсы,7
Калининградская область,Вьетнамцы,5
Калининградская область,Гагаузы,42
Калининградская область,"Греки (понтийские греки, рум)",142
Калининградская область,Грузины,301
Калининградская область,Аджарцы,2
Калининградская область,Мегрелы (менгрелы),2
Калининградская область,Даргинцы,195
Калининградская область,Долганы,1
Калининградская область,Дунгане,12
Калининградская область,"Евреи (ашкеназы, белорусские евреи, иудеи, русские евреи)",671
Калининградская область,"Езиды (езды, иезиды, йезиды, курды-езиды, язиды)",933
Калининградская область,Ижорцы,2
Калининградская область,Ингуши (орстхо),146
Калининградская область,"Индийцы (индуисты, мумбайцы, хинди)",26
Калининградская область,Испанцы,4
Калининградская область,Итальянцы,12
Калининградская область,Ительмены,5
Калининградская область,Кабардинцы,100
Калининградская область,Казахи,878
Калининградская область,Калмыки (ойрат),86
Калининградская область,Караимы,1
Калининградская область,Каракалпаки,1
Калининградская область,Карачаевцы,26
Калининградская область,Карелы,50
Калининградская область,Кеты (кето),3
Калининградская область,Киргизы (кыргыз),629
Калининградская область,Китайцы (хань),46
Калининградская область,Коми (коми-зыряне),127
Калининградская область,Коми-пермяки (пермяки),42
Калининградская область,Корейцы,569
Калининградская область,Коряки,4
Калининградская область,Крымские татары (татары с языком крымскотатарским),21
Калининградская область,Кубинцы,10
Калининградская область,Кумандинцы,2
Калининградская область,Кумыки,92
Калининградская область,Курды (курд),16
Калининградская область,Лакцы,64
Калининградская область,"Латыши (ливы, латвийцы)",210
Калининградская область,Латгальцы,3
Калининградская область,Лезгины (лезги),414
Калининградская область,Литовцы (литувей),4279
Калининградская область,Македонцы,1
Калининградская область,"Марийцы (мари, марий, меря )",198
Калининградская область,Горные марийцы (горномарийцы),1
Калининградская область,Молдаване (бессарабцы),448
Калининградская область,Монголы,4
Калининградская область,"Мордва (мордвины, мордовцы)",595
Калининградская область,Мордва-мокша (мокша),4
Калининградская область,Мордва-эрзя (эрзя),18
Калининградская область,Нагайбаки,1
Калининградская область,Нанайцы,6
Калининградская область,"Немцы (поволжские немцы, прусаки, пруссы, российские немцы, русские немцы)",4118
Калининградская область,Ненцы (не),13
Калининградская область,Нивхи,3
Калининградская область,Ногайцы,19
Калининградская область,Осетины,228
Калининградская область,Пакистанцы,1
Калининградская область,Памирцы,4
Калининградская область,Персы (иранцы),23
Калининградская область,Поляки (белорусские поляки),1402
Калининградская область,Румыны,19
Калининградская область,"Русины (гуцулы, подкарпатские русины)",10
Калининградская область,"Русские (великороссы, гураны, кривичи, сибиряки, скобари, чалдоны, челдоны, якутяне)",809546
Калининградская область,"Казаки (донские казаки, кубанские казаки, русские казаки, терские казаки, уральские казаки)",94
Калининградская область,Поморы (русские поморы),15
Калининградская область,Рутульцы,21
Калининградская область,Сербы,10
Калининградская область,Словаки,2
Калининградская область,Словенцы (славянцы),1
Калининградская область,"Табасараны (табасаран, табасаранцы)",129
Калининградская область,Таджики,1015
Калининградская область,Талыши,78
Калининградская область,"Татары (казанские татары, татар, татаро-башкиры)",3250
Калининградская область,Кряшены,4
Калининградская область,Сибирские татары,2
Калининградская область,Тувинцы,39
Калининградская область,Турки,62
Калининградская область,Туркмены,87
Калининградская область,Удины,5
Калининградская область,Удмурты (удморт),177
Калининградская область,Удэгейцы,1
Калининградская область,Узбеки,2581
Калининградская область,Уйгуры,52
Калининградская область,"Украинцы (малороссы, полтавцы,  русские украинцы)",12515
Калининградская область,Ульчи (ульча),1
Калининградская область,Финны,34
Калининградская область,Французы (бретонцы),8
Калининградская область,Хакасы,21
Калининградская область,Ханты,5
Калининградская область,Цахуры (цахурцы),9
Калининградская область,Цыгане (ромалэ),989
Калининградская область,Черкесы,17
Калининградская область,Черногорцы,2
Калининградская область,Чехи,12
Калининградская область,"Чеченцы (армянские чеченцы, нохчо)",504
Калининградская область,Чуванцы,2
Калининградская область,Чуваши,626
Калининградская область,Чукчи,6
Калининградская область,Шорцы,5
Калининградская область,Эвенки,5
Калининградская область,Эвены (эвен),8
Калининградская область,Эскимосы,2
Калининградская область,Эстонцы (чухонцы),89
Калининградская область,Юкагиры,5
Калининградская область,Якуты (саха),163
Калининградская область,Японцы,4
Калининградская область,Указавшие другие ответы о национальной принадлежности (не перечисленные выше),11375
Калининградская область,Нет национальной принадлежности,2727
Калининградская область,"Лица, в переписных листах которых национальная принадлежность не указана",143260
Калининградская область,отказавшиеся отвечать на вопрос о национальной принадлежности,47025
Ленинградская область,Все население,2000997
Ленинградская область,Указавшие национальную принадлежность,1752846
Ленинградская область,Абазины,9
Ленинградская область,Абхазы,91
Ленинградская область,"Аварцы (аваро-даргинцы, аваро-кумыки, аваро-лезгины, аваро-татары, аваро-украинцы, аваро-чеченцы)",728
Ленинградская область,Андийцы,1
Ленинградская область,Гинухцы,1
Ленинградская область,Каратинцы,3
Ленинградская область,Агулы (агульцы),45
Ленинградская область,"Адыгейцы (адыге, адыги, адыгэ, адыги-черкесы)",46
Ленинградская область,"Азербайджанцы (азер, таты-азербайджанцы)",3814
Ленинградская область,Алеуты,1
Ленинградская область,Алтайцы (шор с языком алтайским),12
Ленинградская область,Челканцы,1
Ленинградская область,Американцы (афроамериканцы),8
Ленинградская область,"Арабы (египтяне, иорданцы, ливанцы, ливийцы, мавры, марокканцы, палестинцы, сирийцы, тунисцы)",127
Ленинградская область,Армяне (русские армяне),6182
Ленинградская область,Ассирийцы,19
Ленинградская область,Афганцы,27
Ленинградская область,Балкарцы,36
Ленинградская область,Башкиры (башкорт),1038
Ленинградская область,"Белорусы (беларусы, западные белорусы, поляки с языком белорусским)",7527
Ленинградская область,Бесермяне,4
Ленинградская область,Болгары,182
Ленинградская область,Боснийцы,1
Ленинградская область,"Британцы (англичане, шотландцы)",7
Ленинградская область,Буряты,303
Ленинградская область,Венгры,15
Ленинградская область,Вепсы,925
Ленинградская область,Водь,40
Ленинградская область,Вьетнамцы (таи),6
Ленинградская область,Гагаузы,182
Ленинградская область,Горские евреи,2
Ленинградская область,"Греки (рум, русские греки)",170
Ленинградская область,Грузины,1137
Ленинградская область,Аджарцы,1
Ленинградская область,Лазы,1
Ленинградская область,Мегрелы,4
Ленинградская область,Даргинцы,407
Ленинградская область,Долганы,9
Ленинградская область,Дунгане,2
Ленинградская область,"Евреи (иудеи, польские евреи, русские евреи, горские евреи)",849
Ленинградская область,Езиды,98
Ленинградская область,Ижорцы,116
Ленинградская область,Ингуши,167
Ленинградская область,Индийцы,12
Ленинградская область,Испанцы (каталонцы),13
Ленинградская область,Итальянцы,21
Ленинградская область,Ительмены,1
Ленинградская область,Кабардинцы,224
Ленинградская область,Казахи,1316
Ленинградская область,Калмыки,318
Ленинградская область,Камчадалы,9
Ленинградская область,Караимы,1
Ленинградская область,Каракалпаки,24
Ленинградская область,Карачаевцы,38
Ленинградская область,Карелы (тихвинские карелы),644
Ленинградская область,Кеты,3
Ленинградская область,"Киргизы (бишкекцы, кыргыз)",2004
Ленинградская область,Китайцы,17
Ленинградская область,Коми (коми-зыряне),318
Ленинградская область,Коми-пермяки (пермяки),45
Ленинградская область,Корейцы,751
Ленинградская область,Коряки,13
Ленинградская область,Крымские татары,55
Ленинградская область,Кубинцы,15
Ленинградская область,Кумандинцы,3
Ленинградская область,Кумыки,272
Ленинградская область,Курды,8
Ленинградская область,Лакцы,106
Ленинградская область,Латыши,211
Ленинградская область,Латгальцы,1
Ленинградская область,Лезгины,951
Ленинградская область,Литовцы,212
Ленинградская область,Манси,13
Ленинградская область,Марийцы,433
Ленинградская область,Горные марийцы (горномарийцы),5
Ленинградская область,Лугово-восточные марийцы,1
Ленинградская область,Молдаване,1464
Ленинградская область,Монголы,4
Ленинградская область,"Мордва (мордвины, мордовцы, мордва-мокша, мордва-эрзя, эрзя)",682
Ленинградская область,Мордва-мокша,13
Ленинградская область,Мордва-эрзя (эрзя),38
Ленинградская область,Нагайбаки,6
Ленинградская область,Нанайцы,4
Ленинградская область,Нганасаны,1
Ленинградская область,"Немцы (поволжские немцы, Российские немцы, русские немцы)",1000
Ленинградская область,Ненцы,11
Ленинградская область,Нивхи,4
Ленинградская область,Ногайцы,31
Ленинградская область,Осетины (аланы),515
Ленинградская область,Осетины-дигорцы,2
Ленинградская область,Пакистанцы,2
Ленинградская область,Памирцы,5
Ленинградская область,Персы,19
Ленинградская область,Поляки,424
Ленинградская область,Румыны,26
Ленинградская область,"Русины (гуцулы, русины)",10
Ленинградская область,"Русские (ведруссы, великороссы, русаки, сибиряки, скобари,чалдоны)",1642897
Ленинградская область,"Казаки (донские казаки, казаки с языком украинским, кубанские казаки, русские казаки, терские казаки, уральские казаки)",156
Ленинградская область,Поморы,26
Ленинградская область,Рутульцы,61
Ленинградская область,"Саамы (лопари, саами)",14
Ленинградская область,Селькупы,2
Ленинградская область,Сербы,37
Ленинградская область,Словаки,1
Ленинградская область,Словенцы,1
Ленинградская область,Сойоты,4
Ленинградская область,Табасараны,292
Ленинградская область,Таджики,4896
Ленинградская область,Талыши (талыш-лезгины),34
Ленинградская область,"Татары (крымские татары, казанские татары, крещеные татары польские татары)",6805
Ленинградская область,Кряшены,4
Ленинградская область,Мишари,1
Ленинградская область,Таты,1
Ленинградская область,Телеуты,6
Ленинградская область,"Тувинцы (тува, тыва)",117
Ленинградская область,Турки,80
Ленинградская область,Туркмены,282
Ленинградская область,Удмурты,474
Ленинградская область,Узбеки,7797
Ленинградская область,Уйгуры,30
Ленинградская область,Украинцы,12905
Ленинградская область,Ульчи,1
Ленинградская область,Финны,1381
Ленинградская область,Финны-ингерманландцы,130
Ленинградская область,Французы,18
Ленинградская область,Хакасы,21
Ленинградская область,Ханты,36
Ленинградская область,Хорваты,3
Ленинградская область,Цахуры,13
Ленинградская область,Цыгане,1509
Ленинградская область,Черкесы,80
Ленинградская область,Черногорцы,3
Ленинградская область,Чехи,15
Ленинградская область,Чеченцы,474
Ленинградская область,Чуванцы,1
Ленинградская область,Чуваши,1120
Ленинградская область,Чукчи,12
Ленинградская область,Шорцы,8
Ленинградская область,Эвенки,21
Ленинградская область,Эвены,3
Ленинградская область,Эскимосы,3
Ленинградская область,Эстонцы,323
Ленинградская область,Сету,2
Ленинградская область,Якуты (саха),145
Ленинградская область,Японцы,1
Ленинградская область,Указавшие другие ответы о национальной принадлежности (не перечисленные выше),25410
Ленинградская область,Нет национальной принадлежности,8918
Ленинградская область,"Лица, в переписных листах которых национальная принадлежность не указана",248151
Ленинградская область,отказавшиеся отвечать на вопрос о национальной принадлежности,105698
Мурманская область,Все население,667744
Мурманская область,Указавшие национальную принадлежность,573241
Мурманская область,Абазины,11
Мурманская область,Абхазы,11
Мурманская область,Аварцы,406
Мурманская область,Андийцы,1
Мурманская область,Дидойцы (цунтинцы),3
Мурманская область,Чамалалы,1
Мурманская область,Агулы (агульцы),36
Мурманская область,Адыгейцы (адыги),13
Мурманская область,Азербайджанцы,3132
Мурманская область,Алтайцы,22
Мурманская область,Американцы,3
Мурманская область,"Арабы (египтяне, марокканцы)",21
Мурманская область,Армяне (русские армяне),1305
Мурманская область,Ассирийцы,1
Мурманская область,Афганцы,2
Мурманская область,Балкарцы,12
Мурманская область,Башкиры (башкорт),995
Мурманская область,"Белорусы (беларусы, поляки с языком белорусским)",4529
Мурманская область,Бесермяне,3
Мурманская область,Болгары,108
Мурманская область,"Британцы (англичане, шотландцы)",2
Мурманская область,Буряты (аларцы),75
Мурманская область,Венгры,9
Мурманская область,Вепсы,59
Мурманская область,Вьетнамцы,1
Мурманская область,Гагаузы,49
Мурманская область,"Греки (рум, русские греки)",78
Мурманская область,Грузинские евреи,1
Мурманская область,Грузины,166
Мурманская область,Аджарцы,3
Мурманская область,Даргинцы,413
Мурманская область,Дунгане,3
Мурманская область,"Евреи (иудеи, русские евреи)",218
Мурманская область,Езиды,19
Мурманская область,Ижорцы,3
Мурманская область,Ингуши,150
Мурманская область,Индийцы,1
Мурманская область,Испанцы,2
Мурманская область,Кабардинцы,107
Мурманская область,Казахи,768
Мурманская область,Калмыки,105
Мурманская область,Караимы,1
Мурманская область,Каракалпаки,1
Мурманская область,Карачаевцы,10
Мурманская область,Карелы,631
Мурманская область,Киргизы,396
Мурманская область,Китайцы,2
Мурманская область,"Коми (коми-зыряне, коми-ижемцы)",1174
Мурманская область,Коми-ижемцы,348
Мурманская область,"Коми-пермяки (коми с языком коми-пермяцким, коми-язьвинцы, коми-зыряне, пермяки)",45
Мурманская область,Корейцы,104
Мурманская область,Коряки,3
Мурманская область,Крымские татары,21
Мурманская область,Кубинцы,2
Мурманская область,Кумандинцы,1
Мурманская область,Кумыки,237
Мурманская область,Курды,4
Мурманская область,Лакцы,83
Мурманская область,Латыши,98
Мурманская область,Латгальцы,2
Мурманская область,Лезгины,946
Мурманская область,Литовцы,149
Мурманская область,Манси,1
Мурманская область,"Марийцы (мар, мари, марий, меря)",559
Мурманская область,Горные марийцы (горномарийцы),3
Мурманская область,Молдаване,647
Мурманская область,Монголы,3
Мурманская область,"Мордва (мордвины, мордовцы, мордва-эрзя)",658
Мурманская область,Мордва-мокша,2
Мурманская область,"Мордва-эрзя (эрзя, эрзя-мурза)",20
Мурманская область,Нагайбаки,1
Мурманская область,Нанайцы,1
Мурманская область,"Немцы (германцы, русские немцы)",361
Мурманская область,Ненцы,111
Мурманская область,"Ногайцы (ногай с любым языком,кроме казахского)",221
Мурманская область,Осетины,251
Мурманская область,Персы,2
Мурманская область,Поляки,229
Мурманская область,Румыны,14
Мурманская область,Русины,3
Мурманская область,"Русские (великороссы, русаки, сибиряки)",515521
Мурманская область,"Казаки (донские казаки, кубанские казаки, русские казаки, терские казаки)",99
Мурманская область,"Поморы (архангельские поморы, русские поморы)",106
Мурманская область,"Рутульцы (катрухцы, рутул)",39
Мурманская область,"Саамы (лопари, саами)",1363
Мурманская область,Селькупы,1
Мурманская область,Сербы,3
Мурманская область,Словаки,2
Мурманская область,Словенцы,1
Мурманская область,Табасараны,993
Мурманская область,Таджики,505
Мурманская область,Талыши (талыш-лезгины),47
Мурманская область,"Татары (башкирские татары, казанские татары, татар )",3328
Мурманская область,Кряшены,3
Мурманская область,"Тувинцы (тува, тыва)",105
Мурманская область,Турки,58
Мурманская область,Турки-месхетинцы,1
Мурманская область,Туркмены,54
Мурманская область,Удмурты,321
Мурманская область,Узбеки,1141
Мурманская область,Уйгуры,20
Мурманская область,"Украинцы (малороссы, русские украинцы)",13353
Мурманская область,Финны,109
Мурманская область,Финны-ингерманландцы,5
Мурманская область,Французы,2
Мурманская область,Хакасы,24
Мурманская область,Ханты,4
Мурманская область,Цахуры,19
Мурманская область,Цыгане,41
Мурманская область,Черкесы,39
Мурманская область,Чехи,8
Мурманская область,Чеченцы,98
Мурманская область,Чуваши,1082
Мурманская область,Чукчи,1
Мурманская область,Шорцы,7
Мурманская область,Эвенки,6
Мурманская область,Эвены,1
Мурманская область,Эстонцы,42
Мурманская область,Сету,1
Мурманская область,Якуты (саха) (якутяне),18
Мурманская область,Японцы,1
Мурманская область,Указавшие другие ответы о национальной принадлежности (не перечисленные выше),13832
Мурманская область,Нет национальной принадлежности,1242
Мурманская область,"Лица, в переписных листах которых национальная принадлежность не указана",94503
Мурманская область,отказавшиеся отвечать на вопрос о национальной принадлежности,18677
Новгородская область,Все население,583387
Новгородская область,Указавшие национальную принадлежность,504947
Новгородская область,Абхазы,6
Новгородская область,Аварцы,214
Новгородская область,Багулалы (багвалинцы),1
Новгородская область,Агулы (агульцы),8
Новгородская область,"Азербайджанцы (азер, гянджинцы, шамкирцы)",1126
Новгородская область,Алтайцы,5
Новгородская область,Тубалары,1
Новгородская область,Челканцы,3
Новгородская область,Американцы,2
Новгородская область,"Арабы (алжирцы, египтяне, иорданцы, ливанцы, ливийцы, марокканцы, палестинцы, сирийцы, тунисцы)",270
Новгородская область,Армяне,1255
Новгородская область,Ассирийцы,5
Новгородская область,Афганцы,12
Новгородская область,Балкарцы,6
Новгородская область,Башкиры (башкирцы),78
Новгородская область,"Белорусы (беларусы, поляки с языком белорусским)",1409
Новгородская область,"Болгары (болгары с любым языком, кроме татарского, чувашского)",35
Новгородская область,"Британцы (англичане, шотландцы)",7
Новгородская область,Буряты (бурят-монголы),9
Новгородская область,Венгры,1
Новгородская область,Вепсы,3
Новгородская область,Вьетнамцы,23
Новгородская область,Гагаузы,43
Новгородская область,Греки (рум),44
Новгородская область,Грузины,156
Новгородская область,Ингилойцы,4
Новгородская область,Мегрелы (менгрелы),2
Новгородская область,Даргинцы,129
Новгородская область,Евреи (русские евреи),135
Новгородская область,Езиды,5
Новгородская область,Ижорцы,1
Новгородская область,Ингуши,38
Новгородская область,Испанцы,1
Новгородская область,Итальянцы,2
Новгородская область,Кабардинцы,18
Новгородская область,Казахи,107
Новгородская область,Калмыки,10
Новгородская область,Каракалпаки,5
Новгородская область,Карачаевцы,11
Новгородская область,Карелы,72
Новгородская область,Киргизы (кыргыз),81
Новгородская область,Китайцы,4
Новгородская область,Коми (коми-зыряне),55
Новгородская область,Коми-пермяки,8
Новгородская область,Корейцы,172
Новгородская область,Крымские татары,2
Новгородская область,Кубинцы,1
Новгородская область,Кумыки,35
Новгородская область,Курды (курд),3
Новгородская область,Лакцы,20
Новгородская область,Латыши (латвийцы),70
Новгородская область,Лезгины,154
Новгородская область,Литовцы,49
Новгородская область,"Марийцы ( мар, мари, марий)",45
Новгородская область,Горные марийцы (горномарийцы),1
Новгородская область,Молдаване,266
Новгородская область,Монголы,1
Новгородская область,"Мордва (мордвины, мордовцы)",167
Новгородская область,Мордва-мокша (мокша),1
Новгородская область,Мордва-эрзя (эрзя),9
Новгородская область,Нанайцы,1
Новгородская область,Немцы (русские немцы),294
Новгородская область,Ненцы,4
Новгородская область,Нивхи,1
Новгородская область,Ногайцы,7
Новгородская область,Осетины,50
Новгородская область,Пакистанцы,1
Новгородская область,Памирцы,1
Новгородская область,Персы (иранцы),11
Новгородская область,Поляки,109
Новгородская область,Румыны,5
Новгородская область,Русины (гуцулы),4
Новгородская область,"Русские (великороссы, гураны, русаки, сибиряки, чалдоны)",481858
Новгородская область,"Казаки (донские казаки, русские казаки, терские казаки)",28
Новгородская область,Поморы,6
Новгородская область,Рутульцы,8
Новгородская область,Саамы (саами),7
Новгородская область,Сербы,3
Новгородская область,Словаки,1
Новгородская область,Табасараны (табасаранцы),55
Новгородская область,Таджики,1943
Новгородская область,Талыши,11
Новгородская область,"Татары (казанские татары, татар)",810
Новгородская область,Сибирские татары (бухарцы),1
Новгородская область,Тувинцы,5
Новгородская область,Турки,12
Новгородская область,Туркмены,54
Новгородская область,Удмурты,69
Новгородская область,Узбеки (локайцы),1003
Новгородская область,Уйгуры,3
Новгородская область,Украинцы,2931
Новгородская область,Финны,63
Новгородская область,Финны-ингерманландцы (ингерманландцы),3
Новгородская область,Французы,62
Новгородская область,Хакасы,10
Новгородская область,Ханты,1
Новгородская область,Хорваты,1
Новгородская область,Цыгане (русские цыгане),2498
Новгородская область,Черкесы,5
Новгородская область,Чехи,4
Новгородская область,Чеченцы,470
Новгородская область,Чуваши,209
Новгородская область,Чукчи,1
Новгородская область,Шорцы,1
Новгородская область,Эвенки,1
Новгородская область,Эскимосы,2
Новгородская область,Эстонцы,59
Новгородская область,Сету (сето),1
Новгородская область,Якуты (саха),11
Новгородская область,Японцы,1
Новгородская область,Указавшие другие ответы о национальной принадлежности (не перечисленные выше),5481
Новгородская область,Нет национальной принадлежности,422
Новгородская область,"Лица, в переписных листах которых национальная принадлежность не указана",78440
Новгородская область,отказавшиеся отвечать на вопрос о национальной принадлежности,9614
Псковская область,Все население,599084
Псковская область,Указавшие национальную принадлежность,569086
Псковская область,Абазины,2
Псковская область,Абхазы,8
Псковская область,Аварцы,108
Псковская область,Андийцы,2
Псковская область,Агулы (агульцы),7
Псковская область,Адыгейцы (адыги),4
Псковская область,"Азербайджанцы (азер, азери)",1044
Псковская область,Алтайцы,3
Псковская область,"Арабы (египтяне, ливанцы, марокканцы, тунисцы)",40
Псковская область,Армяне (русские армяне),1990
Псковская область,Ассирийцы,6
Псковская область,Афганцы,2
Псковская область,Балкарцы,8
Псковская область,"Башкиры (башкиро-татары, башкирцы)",158
Псковская область,"Белорусы (беларусы, литвины, поляки с языком белорусским)",3101
Псковская область,Болгары,38
Псковская область,Британцы (англичане),1
Псковская область,Буряты,25
Псковская область,Венгры,6
Псковская область,Вепсы,12
Псковская область,Вьетнамцы,64
Псковская область,Гагаузы,73
Псковская область,Горские евреи,1
Псковская область,Греки,28
Псковская область,Грузины,161
Псковская область,Аджарцы,1
Псковская область,Мегрелы,1
Псковская область,Даргинцы,85
Псковская область,Долганы,1
Псковская область,Дунгане,1
Псковская область,"Евреи (иудеи, польские евреи, русские евреи)",182
Псковская область,"Езиды (иезиды, язиды)",22
Псковская область,Ижорцы,2
Псковская область,Ингуши,36
Псковская область,"Индийцы (индуисты, хиндустанцы)",56
Псковская область,Испанцы,4
Псковская область,Итальянцы,2
Псковская область,Ительмены,3
Псковская область,Кабардинцы,28
Псковская область,Казахи,152
Псковская область,Калмыки,13
Псковская область,Камчадалы,2
Псковская область,Караимы,1
Псковская область,Каракалпаки,6
Псковская область,Карачаевцы,12
Псковская область,Карелы,46
Псковская область,Кеты (остяки),1
Псковская область,Киргизы (кыргыз),115
Псковская область,Китайцы,16
Псковская область,Коми,71
Псковская область,Коми-пермяки,10
Псковская область,Корейцы,68
Псковская область,Кумыки,74
Псковская область,Курды (курд),3
Псковская область,Лакцы,22
Псковская область,Латыши (латвийцы),215
Псковская область,Латгальцы,3
Псковская область,Лезгины,156
Псковская область,Литовцы (литувей),97
Псковская область,Манси,2
Псковская область,"Марийцы (мари, марий)",96
Псковская область,Молдаване,429
Псковская область,"Мордва  (мордвины, мордовцы)",89
Псковская область,Мордва-эрзя (эрзя),1
Псковская область,Немцы (русские немцы),245
Псковская область,Ненцы (не),6
Псковская область,Нивхи (гиляки),1
Псковская область,Ногайцы,6
Псковская область,Осетины,85
Псковская область,Осетины-дигорцы (дигорцы),1
Псковская область,Пакистанцы,1
Псковская область,Персы (иранцы),2
Псковская область,Поляки,149
Псковская область,Румыны,12
Псковская область,Русины (гуцулы),1
Псковская область,"Русские  (великороссы, кривичи,  русаки, сибиряки, скобари, челдоны, якутяне)",545061
Псковская область,"Казаки (донские казаки, кубанские казаки, русские казаки)",40
Псковская область,Поморы,5
Псковская область,Рутульцы,15
Псковская область,Саамы (саами),5
Псковская область,Селькупы,3
Псковская область,Сербы,6
Псковская область,Табасараны (табасаранцы),63
Псковская область,Таджики (тоджик),1052
Псковская область,Талыши,5
Псковская область,Татары (татар),777
Псковская область,Таты (таты-мусульмане),2
Псковская область,Тувинцы,23
Псковская область,Турки,14
Псковская область,Туркмены,101
Псковская область,Удины,8
Псковская область,Удмурты,55
Псковская область,Узбеки,811
Псковская область,Уйгуры,3
Псковская область,Украинцы (русские украинцы),3663
Псковская область,Финны,69
Псковская область,Финны-ингерманландцы (ингерманландцы),7
Псковская область,Французы (бретонцы),5
Псковская область,Хакасы,7
Псковская область,Ханты,4
Псковская область,Цахуры,1
Псковская область,Цыгане (русские цыгане),2138
Псковская область,Черкесы,3
Псковская область,Чехи,4
Псковская область,Чеченцы,288
Псковская область,Чуваши (чаваш),228
Псковская область,Чукчи,4
Псковская область,Шорцы,1
Псковская область,Эвенки (эвенк),22
Псковская область,Эвены (эвен),2
Псковская область,Эстонцы (чухонцы),339
Псковская область,Сету (сето),141
Псковская область,Якуты (саха),14
Псковская область,Японцы,1
Псковская область,Указавшие другие ответы о национальной принадлежности (не перечисленные выше),3598
Псковская область,Нет национальной принадлежности,1175
Псковская область,"Лица, в переписных листах которых национальная принадлежность не указана",29998
Псковская область,отказавшиеся отвечать на вопрос о национальной принадлежности,6892
г. Санкт-Петербург,Все население,5601911
г. Санкт-Петербург,Указавшие национальную принадлежность,4717233
г. Санкт-Петербург,Абазины,48
г. Санкт-Петербург,Абхазы,733
г. Санкт-Петербург,Аварцы,1904
г. Санкт-Петербург,Андийцы,9
г. Санкт-Петербург,Дидойцы,2
г. Санкт-Петербург,Каратинцы,5
г. Санкт-Петербург,Тиндалы (тиндальцы),1
г. Санкт-Петербург,Чамалалы (чамалинцы),5
г. Санкт-Петербург,Агулы (агульцы),138
г. Санкт-Петербург,"Адыгейцы (адыги с любым языком, кроме кабардинского, черкесского, шапсугского)",97
г. Санкт-Петербург,"Азербайджанцы (азер, азери, терекеме, теркеме)",16406
г. Санкт-Петербург,Алеуты,4
г. Санкт-Петербург,Алтайцы (алмат),44
г. Санкт-Петербург,Теленгиты,1
г. Санкт-Петербург,Тубалары,5
г. Санкт-Петербург,"Американцы (афроамериканцы, гавайцы)",124
г. Санкт-Петербург,"Арабы (алжирцы, арабы сирийцы, аравийцы, аравим, друзы, египтяне, иорданцы, иракцы, йеменцы, катарцы, кувейтцы, ливанцы, ливийцы, мавры, мавританцы, марокканцы, палестинцы, саудовцы, сирийцы, тунисцы)",1144
г. Санкт-Петербург,Армяне (русские армяне),14737
г. Санкт-Петербург,Ассирийцы,114
г. Санкт-Петербург,"Афганцы (дари, паштуны, пушту, пуштуны)",269
г. Санкт-Петербург,Балкарцы,208
г. Санкт-Петербург,"Башкиры (башкирцы, башкорт, татаро-башкиры с языком башкирским)",3185
г. Санкт-Петербург,"Белорусы (беларусы, литваки, литвины, литвяки, полещуки, полочане, поляки с языком белорусским)",15545
г. Санкт-Петербург,Бесермяне,5
г. Санкт-Петербург,Болгары,459
г. Санкт-Петербург,Боснийцы (бошняки),3
г. Санкт-Петербург,"Британцы (англичане, англосаксы, шотландцы, великобританцы)",114
г. Санкт-Петербург,Буряты (аларцы),1586
г. Санкт-Петербург,Венгры (австровенгры),52
г. Санкт-Петербург,Вепсы (чудь),254
г. Санкт-Петербург,Водь (вожане),25
г. Санкт-Петербург,"Вьетнамцы (таи, чуру)",398
г. Санкт-Петербург,Гагаузы,254
г. Санкт-Петербург,Горские евреи,4
г. Санкт-Петербург,"Греки (понтийские греки, рум, русские греки, эллины)",676
г. Санкт-Петербург,Грузинские евреи,1
г. Санкт-Петербург,Грузины,6459
г. Санкт-Петербург,Аджарцы,8
г. Санкт-Петербург,Мегрелы (менгрелы),26
г. Санкт-Петербург,Даргинцы,955
г. Санкт-Петербург,Долганы (долган),27
г. Санкт-Петербург,Дунгане (хуэй),33
г. Санкт-Петербург,"Евреи (ашкеназ, ашкеназы, белорусские евреи, иудаисты, иудеи, польские евреи, русские евреи, бухарские евреи)",9205
г. Санкт-Петербург,"Езиды (езды, курды-езиды)",82
г. Санкт-Петербург,"Ижорцы (ижора, инкери)",51
г. Санкт-Петербург,Ингуши (орстхо),616
г. Санкт-Петербург,"Индийцы (кашмирцы, сикхи, тамилы, хинди, хиндустанцы)",141
г. Санкт-Петербург,Испанцы,90
г. Санкт-Петербург,Итальянцы,198
г. Санкт-Петербург,Ительмены,9
г. Санкт-Петербург,Кабардинцы (адыги с языком кабардинским),865
г. Санкт-Петербург,Казахи,5067
г. Санкт-Петербург,"Калмыки (болдыры, ойрат, хальмг)",1067
г. Санкт-Петербург,Камчадалы,6
г. Санкт-Петербург,Караимы,14
г. Санкт-Петербург,Каракалпаки,29
г. Санкт-Петербург,Карачаевцы (карачай),202
г. Санкт-Петербург,Карелы,727
г. Санкт-Петербург,Кереки,1
г. Санкт-Петербург,Кеты (кето),3
г. Санкт-Петербург,Киргизы (кыргыз),4552
г. Санкт-Петербург,"Китайцы (тайванцы, хань, ханьцы)",1856
г. Санкт-Петербург,"Коми (зыряне, коми-зыряне)",839
г. Санкт-Петербург,Коми-ижемцы,8
г. Санкт-Петербург,"Коми-пермяки (коми-зюздинцы, пермяки)",73
г. Санкт-Петербург,"Корейцы (корё сарам, русские корейцы)",2134
г. Санкт-Петербург,Коряки (каменцы),25
г. Санкт-Петербург,"Крымские татары (крымцы, ногаи крымские, татары (с языком крымскотатарским)",77
г. Санкт-Петербург,Крымчаки,4
г. Санкт-Петербург,Кубинцы,70
г. Санкт-Петербург,Кумандинцы,5
г. Санкт-Петербург,Кумыки,1340
г. Санкт-Петербург,Курды (курд),46
г. Санкт-Петербург,Лакцы,242
г. Санкт-Петербург,Латыши (латвийцы),707
г. Санкт-Петербург,Латгальцы,2
г. Санкт-Петербург,Лезгины (лезги),2728
г. Санкт-Петербург,"Литовцы (литваки с языком литовским, литвины с языком литовским)",625
г. Санкт-Петербург,Македонцы,17
г. Санкт-Петербург,Манси,22
г. Санкт-Петербург,"Марийцы (мар, мари, марий, меря, черемисы)",765
г. Санкт-Петербург,Горные марийцы (горномарийцы),3
г. Санкт-Петербург,Лугово-восточные марийцы (луговые марийцы),2
г. Санкт-Петербург,"Молдаване (бессарабцы, молдовень)",2899
г. Санкт-Петербург,"Монголы (халха, халха-монголы)",149
г. Санкт-Петербург,"Мордва (мордвины, мордовцы)",1302
г. Санкт-Петербург,Мордва-мокша (мокша),37
г. Санкт-Петербург,Мордва-эрзя (эрзя),79
г. Санкт-Петербург,Нагайбаки,7
г. Санкт-Петербург,Нанайцы,11
г. Санкт-Петербург,Нганасаны,4
г. Санкт-Петербург,"Немцы (поволжские немцы, российские немцы, русские немцы)",2274
г. Санкт-Петербург,Ненцы (не),59
г. Санкт-Петербург,Нивхи,6
г. Санкт-Петербург,Ногайцы,182
г. Санкт-Петербург,Карагаши (ногайцы-карагаши),4
г. Санкт-Петербург,Орочи,1
г. Санкт-Петербург,Осетины,2220
г. Санкт-Петербург,Осетины-дигорцы,1
г. Санкт-Петербург,Осетины-иронцы (юго-осетины),1
г. Санкт-Петербург,"Пакистанцы (белуджи, панджабцы, пенджабцы)",29
г. Санкт-Петербург,Памирцы,26
г. Санкт-Петербург,"Персы (иранцы, фарс, фарси)",167
г. Санкт-Петербург,Поляки,1266
г. Санкт-Петербург,Румыны,77
г. Санкт-Петербург,"Русины (бойки, гуцулы, лемки, подкарпатские русины)",30
г. Санкт-Петербург,"Русские (великороссы, кулугуры, русаки, сибиряки, чалдоны)",4275058
г. Санкт-Петербург,"Казаки (донские казаки, забайкальские казаки, кубанские казаки, русские казаки, сибирские казаки, терские казаки, уральские казаки, уссурийские казаки, уссурийцы)",420
г. Санкт-Петербург,Поморы (русские поморы),129
г. Санкт-Петербург,Рутульцы (рутул),93
г. Санкт-Петербург,"Саамы (лопари, саами)",46
г. Санкт-Петербург,Селькупы,7
г. Санкт-Петербург,Сербы (серп),148
г. Санкт-Петербург,Словаки,16
г. Санкт-Петербург,Словенцы (славянцы),9
г. Санкт-Петербург,Сойоты,6
г. Санкт-Петербург,Среднеазиатские евреи (бухарские евреи),1
г. Санкт-Петербург,"Табасараны (табасаран, табасаранцы)",597
г. Санкт-Петербург,Таджики,9573
г. Санкт-Петербург,Тазы (удэ с языком китайским или русским),3
г. Санкт-Петербург,Талыши,365
г. Санкт-Петербург,"Татары (алабугатские татары, башкирские татары, волжские татары, булгаро-татары, казанские татары, крымские татары, татар, сибирские татары)",20286
г. Санкт-Петербург,Астраханские татары (алабугатские татары),1
г. Санкт-Петербург,Кряшены (крещеные),27
г. Санкт-Петербург,"Мишари (мишар, мишары)",10
г. Санкт-Петербург,"Сибирские татары (калмаки, тарские татары)",19
г. Санкт-Петербург,"Таты (тат, таты-азербайджанцы)",29
г. Санкт-Петербург,Телеуты,3
г. Санкт-Петербург,Тофалары,3
г. Санкт-Петербург,Тувинцы (тыва),439
г. Санкт-Петербург,Турки (алевиты),587
г. Санкт-Петербург,Турки-месхетинцы,3
г. Санкт-Петербург,Туркмены (текинцы),1188
г. Санкт-Петербург,Удины,43
г. Санкт-Петербург,"Удмурты (вотяки, удморт)",810
г. Санкт-Петербург,Удэгейцы,6
г. Санкт-Петербург,"Узбеки (сарты, ташкентцы, хорезмцы)",12181
г. Санкт-Петербург,Уйгуры,68
г. Санкт-Петербург,"Уйльта (ороки, ульча (с языком уйльта)",3
г. Санкт-Петербург,"Украинцы (казаки с языком украинским, малороссийцы, малороссы, русские украинцы)",29353
г. Санкт-Петербург,Финны (суоми),1061
г. Санкт-Петербург,"Финны-ингерманландцы (ингерманландцы, савакот)",199
г. Санкт-Петербург,Французы (корсиканцы),153
г. Санкт-Петербург,Хакасы (пурус),82
г. Санкт-Петербург,Ханты,36
г. Санкт-Петербург,Хемшилы,2
г. Санкт-Петербург,Хорваты,13
г. Санкт-Петербург,Цахуры (цахурцы),37
г. Санкт-Петербург,"Цыгане (влахи, ром, рома, русские цыгане)",201
г. Санкт-Петербург,Черкесы,321
г. Санкт-Петербург,Черногорцы,3
г. Санкт-Петербург,Чехи,51
г. Санкт-Петербург,Чеченцы (нохчий),1588
г. Санкт-Петербург,Чуванцы,2
г. Санкт-Петербург,"Чуваши (сувары, чаваш)",2635
г. Санкт-Петербург,Чукчи,47
г. Санкт-Петербург,Шорцы,16
г. Санкт-Петербург,"Эвенки (унгус, тунгусы, эвенк)",45
г. Санкт-Петербург,Эвены (эвен),46
г. Санкт-Петербург,Энцы,3
г. Санкт-Петербург,Эскимосы,8
г. Санкт-Петербург,Эстонцы (чухонцы),845
г. Санкт-Петербург,Сету (сето),10
г. Санкт-Петербург,Юкагиры,4
г. Санкт-Петербург,Якуты (саха) (ессейские якуты),675
г. Санкт-Петербург,Японцы,43
г. Санкт-Петербург,Указавшие другие ответы о национальной принадлежности (не перечисленные выше),146678
г. Санкт-Петербург,Нет национальной принадлежности,100500
г. Санкт-Петербург,"Лица, в переписных листах которых национальная принадлежность не указана",884678
г. Санкт-Петербург,отказавшиеся отвечать на вопрос о национальной принадлежности,562519
Республика Адыгея,Все население,496934
Республика Адыгея,Указавшие национальную принадлежность,446630
Республика Адыгея,Абазины,90
Республика Адыгея,Абхазы,251
Республика Адыгея,Аварцы,425
Республика Адыгея,Андийцы,2
Республика Адыгея,Дидойцы,3
Республика Адыгея,Агулы (агульцы),41
Республика Адыгея,"Адыгейцы (абадзехи, адыгейцы-черкесы, адыги, адыгэ, сирийские адыгейцы, адыги-черкесы, черкесы-бжедуги)",98138
Республика Адыгея,Азербайджанцы (азер),2270
Республика Адыгея,Алтайцы,1
Республика Адыгея,Американцы (афроамериканцы),3
Республика Адыгея,"Арабы (алжирцы, египтяне, иорданцы, иракцы, йеменцы, катарцы, ливанцы, ливийцы, марокканцы, палестинцы, сирийцы)",422
Республика Адыгея,Армяне (русские армяне),14810
Республика Адыгея,Черкесогаи,4
Республика Адыгея,Ассирийцы,104
Республика Адыгея,"Афганцы (афганистанцы, пуштуны, хазарейцы)",68
Республика Адыгея,Балкарцы,15
Республика Адыгея,Башкиры,141
Республика Адыгея,Белорусы (беларусы),532
Республика Адыгея,Болгары,57
Республика Адыгея,Британцы (англичане),5
Республика Адыгея,Буряты,12
Республика Адыгея,Венгры,9
Республика Адыгея,Вьетнамцы,2
Республика Адыгея,Гагаузы,31
Республика Адыгея,Горские евреи,3
Республика Адыгея,"Греки (византийскийские греки, рум)",926
Республика Адыгея,Грузины,724
Республика Адыгея,Аджарцы,1
Республика Адыгея,"Мегрелы (менгрелы, мингрелы)",5
Республика Адыгея,Даргинцы,207
Республика Адыгея,Дунгане,2
Республика Адыгея,Евреи,131
Республика Адыгея,Езиды,65
Республика Адыгея,Ингуши,203
Республика Адыгея,Индийцы (индуисты),2
Республика Адыгея,Испанцы,1
Республика Адыгея,Итальянцы,3
Республика Адыгея,Ительмены,1
Республика Адыгея,Кабардинцы (адыги с языком кабардинским),397
Республика Адыгея,Казахи,341
Республика Адыгея,Калмыки,25
Республика Адыгея,Караимы,1
Республика Адыгея,"Карачаевцы (карачаево-черкесы, карачай)",62
Республика Адыгея,Карелы,3
Республика Адыгея,Кеты (остяки),1
Республика Адыгея,Киргизы (кыргыз),65
Республика Адыгея,Китайцы,4
Республика Адыгея,Коми (коми-зыряне),41
Республика Адыгея,Коми-пермяки (пермяки),14
Республика Адыгея,Корейцы,575
Республика Адыгея,Крымские татары,18
Республика Адыгея,Кубинцы,4
Республика Адыгея,Кумыки,112
Республика Адыгея,Курды (курд),5233
Республика Адыгея,"Лакцы (кулинцы, лаки)",169
Республика Адыгея,Латыши (курляндцы),20
Республика Адыгея,Лезгины,493
Республика Адыгея,Литовцы,23
Республика Адыгея,Манси,4
Республика Адыгея,"Марийцы (мари, марий)",48
Республика Адыгея,Молдаване,172
Республика Адыгея,Монголы,1
Республика Адыгея,"Мордва (мордвины, мордовцы)",101
Республика Адыгея,Мордва-эрзя (эрзя),1
Республика Адыгея,Немцы (русские немцы),440
Республика Адыгея,Ненцы,1
Республика Адыгея,Нивхи,3
Республика Адыгея,Ногайцы,78
Республика Адыгея,Осетины (аланы),313
Республика Адыгея,"Осетины-дигорцы (дигорон, дигорцы)",3
Республика Адыгея,"Пакистанцы (белуджи, белуч)",2
Республика Адыгея,Памирцы,2
Республика Адыгея,"Персы (иранцы, фарсиваны)",26
Республика Адыгея,Поляки,68
Республика Адыгея,Румыны,6
Республика Адыгея,"Русские (русаки, сибиряки)",287778
Республика Адыгея,"Казаки (кубанские казаки, русские казаки)",138
Республика Адыгея,Рутульцы (рутул),33
Республика Адыгея,Саамы (саами),1
Республика Адыгея,Сербы,2
Республика Адыгея,Словаки,1
Республика Адыгея,Словенцы,2
Республика Адыгея,"Табасараны (табасаран, табасаранцы)",303
Республика Адыгея,Таджики,864
Республика Адыгея,Талыши,15
Республика Адыгея,Татары (татар),2060
Республика Адыгея,Кряшены,5
Республика Адыгея,Таты (митагинцы),5
Республика Адыгея,Турки,119
Республика Адыгея,Туркмены,543
Республика Адыгея,Удины,2
Республика Адыгея,Удмурты,84
Республика Адыгея,Узбеки,693
Республика Адыгея,Уйгуры,7
Республика Адыгея,Украинцы,2810
Республика Адыгея,Финны,4
Республика Адыгея,Финны-ингерманландцы (ингерманландцы),1
Республика Адыгея,Хакасы,1
Республика Адыгея,Ханты,2
Республика Адыгея,Хемшилы (хемшины),7
Республика Адыгея,Хорваты,1
Республика Адыгея,Цахуры (цахурцы),6
Республика Адыгея,"Цыгане (дом, сэрвы)",2908
Республика Адыгея,"Черкесы (адыги с языком черкесским, адыгэ с языком черкесским, убыхи, адыги-черкесы с языком черкесским, сирийские адыги)",16133
Республика Адыгея,Чехи,29
Республика Адыгея,Чеченцы,671
Республика Адыгея,Чуваши,109
Республика Адыгея,Шапсуги (адыги с языком шапсугским),9
Республика Адыгея,Эвенки (эвенк),2
Республика Адыгея,Эвены (эвен),2
Республика Адыгея,Эскимосы,12
Республика Адыгея,Эстонцы,17
Республика Адыгея,Юкагиры,1
Республика Адыгея,Якуты (саха),7
Республика Адыгея,Японцы,1
Республика Адыгея,Указавшие другие ответы о национальной принадлежности (не перечисленные выше),1892
Республика Адыгея,Нет национальной принадлежности,933
Республика Адыгея,"Лица, в переписных листах которых национальная принадлежность не указана",50304
Республика Адыгея,отказавшиеся отвечать на вопрос о национальной принадлежности,16277
Республика Калмыкия,Все население,267133
Республика Калмыкия,Указавшие национальную принадлежность,254763
Республика Калмыкия,Абазины,10
Республика Калмыкия,Абхазы,7
Республика Калмыкия,Аварцы,2500
Республика Калмыкия,Андийцы,90
Республика Калмыкия,Хваршины (хваршинцы),1
Республика Калмыкия,Чамалалы (чамалинцы),1
Республика Калмыкия,Агулы (агульцы),52
Республика Калмыкия,Адыгейцы,5
Республика Калмыкия,Азербайджанцы,427
Республика Калмыкия,Алтайцы (чорос),6
Республика Калмыкия,Американцы,1
Республика Калмыкия,"Арабы (алжирцы, аравийцы, египтяне, марокканцы, сирийцы)",39
Республика Калмыкия,Армяне,566
Республика Калмыкия,Афганцы,4
Республика Калмыкия,Балкарцы,3
Республика Калмыкия,Башкиры,81
Республика Калмыкия,Белорусы (беларусы),226
Республика Калмыкия,Болгары,12
Республика Калмыкия,Буряты,108
Республика Калмыкия,Венгры,3
Республика Калмыкия,Вьетнамцы,1
Республика Калмыкия,Гагаузы,1
Республика Калмыкия,Греки,11
Республика Калмыкия,Грузины,302
Республика Калмыкия,Мегрелы,3
Республика Калмыкия,Даргинцы,7205
Республика Калмыкия,Долганы,2
Республика Калмыкия,Евреи,8
Республика Калмыкия,Езиды,48
Республика Калмыкия,Ингуши,78
Республика Калмыкия,Индийцы (индуисты),3
Республика Калмыкия,Итальянцы (итальяно-португальцы),2
Республика Калмыкия,Кабардинцы,46
Республика Калмыкия,Казахи,4376
Республика Калмыкия,"Калмыки (болдыры, калмыки-ойраты, ойрат, ойрат-калмыки, ойраты, хальмг, хойты)",159138
Республика Калмыкия,Каракалпаки,5
Республика Калмыкия,Карачаевцы,73
Республика Калмыкия,Карелы,2
Республика Калмыкия,Киргизы (кыргыз),155
Республика Калмыкия,Китайцы (тибетцы),37
Республика Калмыкия,Коми,1
Республика Калмыкия,Коми-пермяки,17
Республика Калмыкия,Корейцы,932
Республика Калмыкия,Крымские татары,1
Республика Калмыкия,Кубинцы,1
Республика Калмыкия,Кумандинцы,3
Республика Калмыкия,Кумыки,576
Республика Калмыкия,Курды (курд),129
Республика Калмыкия,Лакцы,38
Республика Калмыкия,Латыши (латвийцы),14
Республика Калмыкия,Лезгины,401
Республика Калмыкия,Литовцы,23
Республика Калмыкия,Манси,2
Республика Калмыкия,"Марийцы (мар, мари, марий)",47
Республика Калмыкия,Молдаване,54
Республика Калмыкия,Монголы,41
Республика Калмыкия,"Мордва (мордвины, мордовцы)",41
Республика Калмыкия,Мордва-эрзя (эрзя),1
Республика Калмыкия,Немцы,543
Республика Калмыкия,Ненцы,2
Республика Калмыкия,Ногайцы,30
Республика Калмыкия,Осетины,183
Республика Калмыкия,Персы (иранцы),4
Республика Калмыкия,Поляки,27
Республика Калмыкия,Румыны,8
Республика Калмыкия,Русины (гуцулы),3
Республика Калмыкия,Русские,65490
Республика Калмыкия,Казаки (донские казаки),8
Республика Калмыкия,Рутульцы,546
Республика Калмыкия,Сербы,6
Республика Калмыкия,Табасараны (табасаранцы),50
Республика Калмыкия,Таджики,133
Республика Калмыкия,Татары (татар),669
Республика Калмыкия,Сибирские татары (калмаки),4
Республика Калмыкия,Тувинцы,38
Республика Калмыкия,Турки,3949
Республика Калмыкия,Турки-месхетинцы,22
Республика Калмыкия,Туркмены,415
Республика Калмыкия,Удмурты,27
Республика Калмыкия,Узбеки,433
Республика Калмыкия,Уйгуры,1
Республика Калмыкия,Украинцы (русские украинцы),551
Республика Калмыкия,Финны,4
Республика Калмыкия,Французы,4
Республика Калмыкия,Хакасы,2
Республика Калмыкия,Ханты,2
Республика Калмыкия,Цахуры (цахурцы),51
Республика Калмыкия,Цыгане,406
Республика Калмыкия,Черкесы,27
Республика Калмыкия,Чеченцы (нохчо),2802
Республика Калмыкия,Чуваши,72
Республика Калмыкия,Чукчи,1
Республика Калмыкия,Эвенки,1
Республика Калмыкия,Эстонцы,24
Республика Калмыкия,Якуты (саха),25
Республика Калмыкия,Японцы,1
Республика Калмыкия,Указавшие другие ответы о национальной принадлежности (не перечисленные выше),252
Республика Калмыкия,Нет национальной принадлежности,95
Республика Калмыкия,"Лица, в переписных листах которых национальная принадлежность не указана",12370
Республика Калмыкия,отказавшиеся отвечать на вопрос о национальной принадлежности,1698
Республика Крым,Все население,1934630
Республика Крым,Указавшие национальную принадлежность,1777415
Республика Крым,Абазины,15
Республика Крым,Абхазы,42
Республика Крым,Аварцы,138
Республика Крым,Агулы (агульцы),8
Республика Крым,Адыгейцы (адыги),41
Республика Крым,Азербайджанцы (азер),2729
Республика Крым,Алеуты,1
Республика Крым,Алтайцы,14
Республика Крым,Американцы,12
Республика Крым,"Арабы (алжирцы, египтяне, иорданцы, иракцы, йеменцы, катарцы, ливанцы, ливийцы, марокканцы, палестинцы, сирийцы)",241
Республика Крым,"Армяне (армяно-русские, русские армяне)",7717
Республика Крым,Ассирийцы (халдеи),48
Республика Крым,"Афганцы (пушту, пуштуны)",24
Республика Крым,Балкарцы,34
Республика Крым,Башкиры (башкирцы),516
Республика Крым,"Белорусы (беларусы, поляки с языком белорусским)",8672
Республика Крым,Болгары,832
Республика Крым,Боснийцы,1
Республика Крым,"Британцы (англичане, валлийцы, шотландцы)",14
Республика Крым,Буряты (аларцы),72
Республика Крым,Венгры (мадьяры),74
Республика Крым,Вепсы,4
Республика Крым,Вьетнамцы,3
Республика Крым,Гагаузы,168
Республика Крым,Горские евреи,3
Республика Крым,"Греки (крымские греки, греко-русские, рум, румеи, русские греки)",1616
Республика Крым,Греки-урумы (урум),2
Республика Крым,Грузины,900
Республика Крым,Мегрелы (менгрелы),2
Республика Крым,Сваны,1
Республика Крым,Даргинцы,130
Республика Крым,Дунгане,3
Республика Крым,"Евреи (ашкеназ, белорусские евреи, восточные евреи, иудеи, польские евреи, русские евреи)",1655
Республика Крым,Езиды,94
Республика Крым,Ингуши,106
Республика Крым,"Индийцы (гоанцы, индуисты)",25
Республика Крым,Испанцы,18
Республика Крым,"Итальянцы (римляне, сардинцы)",59
Республика Крым,Кабардинцы,89
Республика Крым,Казахи,628
Республика Крым,Калмыки (ойрат),89
Республика Крым,Камчадалы,1
Республика Крым,Караимы (крымские караимы),295
Республика Крым,Каракалпаки,3
Республика Крым,Карачаевцы,32
Республика Крым,Карелы,38
Республика Крым,Кереки,1
Республика Крым,Кеты (остяки),1
Республика Крым,Киргизы (кыргыз),104
Республика Крым,Китайцы (хань),18
Республика Крым,Коми,93
Республика Крым,Коми-пермяки (пермяки),76
Республика Крым,Корейцы,1929
Республика Крым,Коряки,1
Республика Крым,"Крымские татары (крымтатар, крымцы, кырымлы, тат с языком крымскотатарским, татары с языком крымскотатарским)",250651
Республика Крым,Крымчаки,864
Республика Крым,Кубинцы (гаванцы),8
Республика Крым,Кумандинцы,1
Республика Крым,Кумыки,90
Республика Крым,Курды (курд),117
Республика Крым,Лакцы (лаки),61
Республика Крым,Латыши (латвийцы),132
Республика Крым,Латгальцы,5
Республика Крым,Лезгины,202
Республика Крым,Литовцы,160
Республика Крым,Македонцы,4
Республика Крым,Манси,2
Республика Крым,"Марийцы (мари, марий)",417
Республика Крым,Молдаване (молдовень),1474
Республика Крым,Монголы,5
Республика Крым,"Мордва (мордвины, мордовцы)",692
Республика Крым,Мордва-мокша (мокша),9
Республика Крым,Мордва-эрзя (эрзя),10
Республика Крым,Нагайбаки,2
Республика Крым,Нанайцы,2
Республика Крым,"Немцы (германцы, русские немцы)",922
Республика Крым,Ненцы (не),11
Республика Крым,Нивхи,1
Республика Крым,Ногайцы (ногай),240
Республика Крым,"Осетины (аланы, северо-осетины)",427
Республика Крым,Осетины-дигорцы (дигорцы),1
Республика Крым,Пакистанцы,3
Республика Крым,"Персы (иранцы, фарс)",41
Республика Крым,Поляки,1145
Республика Крым,Румыны,76
Республика Крым,"Русины (гуцулы, лемки, руснаки)",27
Республика Крым,"Русские (великороссы, гураны, киржаки, кубанцы, мещеряки, русаки, сибиряки, чалдоны, якутяне)",1296442
Республика Крым,"Казаки (донские казаки, казаки-черкасы, кубанские казаки, русские казаки)",227
Республика Крым,Рутульцы,12
Республика Крым,"Саамы (лопари, саами)",4
Республика Крым,Сербы,18
Республика Крым,Словаки,3
Республика Крым,Словенцы,4
Республика Крым,"Табасараны (табасаран, табасаранцы)",90
Республика Крым,Таджики,671
Республика Крым,Талыши,13
Республика Крым,"Татары (башкирские татары, бухарские татары, волжские татары, закамские татары, казанские татары, крымско-казанские татары, кубанские татары, поволжские татары, татар, уфимские татары)",28363
Республика Крым,Астраханские татары,1
Республика Крым,Кряшены (крещеные),3
Республика Крым,Мишари,1
Республика Крым,Сибирские татары,6
Республика Крым,Таты (тат),1
Республика Крым,Тувинцы,15
Республика Крым,Турки (крымские турки),1014
Республика Крым,"Турки-месхетинцы (ахыска, месхетинцы )",27
Республика Крым,Туркмены,77
Республика Крым,Удмурты,339
Республика Крым,Узбеки,2476
Республика Крым,Уйгуры,21
Республика Крым,"Украинцы (казаки с языком украинским, малороссы, русские украинцы)",145852
Республика Крым,Финны,21
Республика Крым,Финны-ингерманландцы (ингерманландцы),1
Республика Крым,Французы,13
Республика Крым,Хакасы,19
Республика Крым,Ханты,13
Республика Крым,Хорваты,2
Республика Крым,"Цыгане (крымские цыгане, рома, ромалэ)",1669
Республика Крым,Черкесы,31
Республика Крым,Чехи,211
Республика Крым,Чеченцы,500
Республика Крым,Чуваши (чаваш),927
Республика Крым,Чукчи,5
Республика Крым,Шорцы (шор),10
Республика Крым,"Эвенки (тунгус, тунгусы)",7
Республика Крым,Эвены (эвен),3
Республика Крым,Эскимосы,2
Республика Крым,Эстонцы,154
Республика Крым,Юкагиры,1
Республика Крым,Якуты (саха),45
Республика Крым,Японцы,2
Республика Крым,Указавшие другие ответы о национальной принадлежности (не перечисленные выше),7119
Республика Крым,Нет национальной принадлежности,4015
Республика Крым,"Лица, в переписных листах которых национальная принадлежность не указана",157215
Республика Крым,отказавшиеся отвечать на вопрос о национальной принадлежности,47108
Краснодарский край,Все население,5838273
Краснодарский край,Указавшие национальную принадлежность,5546124
Краснодарский край,Абазины,177
Краснодарский край,Абхазы,1587
Краснодарский край,Аварцы,1643
Краснодарский край,Андийцы,8
Краснодарский край,Арчинцы (арчи),2
Краснодарский край,Ахвахцы,3
Краснодарский край,Дидойцы (цезы),5
Краснодарский край,Агулы (агульцы),496
Краснодарский край,"Адыгейцы (абадзехи, адыгейцы-черкесы, адыги, адыге, бжедуги, адыги-черкесы)",10484
Краснодарский край,"Азербайджанцы (азер, бакинцы, карабахцы, шекинцы)",8804
Краснодарский край,Алеуты,1
Краснодарский край,"Алтайцы (ара, джунгары)",29
Краснодарский край,Тубалары,1
Краснодарский край,Челканцы,2
Краснодарский край,Американцы (афроамериканцы),25
Краснодарский край,"Арабы (алжирцы, арабы сирийцы, египтяне, иорданцы, иракцы, кувейтцы, ливанцы, ливийцы, мавры, марокканцы, палестинцы, сирийцы, тунисцы)",441
Краснодарский край,"Армяне (амшенские армяне, амшенцы, армяно-русские, руские армяне, русские армяне)",211132
Краснодарский край,Черкесогаи,6
Краснодарский край,Ассирийцы,1764
Краснодарский край,"Афганцы (афганистанцы, пушту, пуштуны, хазарейцы)",166
Краснодарский край,"Балкарцы (кабардино-балкарцы с языком карачаево-балкарским, карачаево-балкарцы, малкарцы, чегемцы, аланы с языком карачаево-балкарским, балкарским, карачай-малкар аланы)",179
Краснодарский край,"Башкиры (башкиро-татары, башкирцы)",1778
Краснодарский край,"Белорусы (беларусы, поляки с языком белорусским)",5923
Краснодарский край,Бесермяне,4
Краснодарский край,Болгары,742
Краснодарский край,Боснийцы,15
Краснодарский край,"Британцы (англичане, уэльсцы, шотландцы)",44
Краснодарский край,Буряты (бурят-монголы),261
Краснодарский край,"Венгры ( мадьяр, мадьяры)",41
Краснодарский край,Вепсы (чудь),13
Краснодарский край,Вьетнамцы,83
Краснодарский край,Гагаузы (гагаузы-болгары),267
Краснодарский край,Горские евреи,6
Краснодарский край,"Греки (греко-русские, понтийские греки, понтийцы, рум, румеи, русские греки, цалкинцы)",13117
Краснодарский край,Грузинские евреи,2
Краснодарский край,Грузины (кахетинцы),12451
Краснодарский край,Аджарцы,36
Краснодарский край,Ингилойцы,8
Краснодарский край,Лазы,20
Краснодарский край,"Мегрелы (менгрелы, мингрелы)",82
Краснодарский край,Сваны,1
Краснодарский край,Даргинцы (мугинцы),1043
Краснодарский край,Кубачинцы,8
Краснодарский край,Долганы,6
Краснодарский край,Дунгане,49
Краснодарский край,"Евреи (ашкеназ, иудаисты, иудеи, польские евреи, русские евреи)",1607
Краснодарский край,"Езиды (езды, иезиды, йезиды, курды-езиды, язиды)",3349
Краснодарский край,"Ингуши (галга, орстхойцы, чечено-ингуши с языком ингушским)",450
Краснодарский край,Индийцы (индуисты),137
Краснодарский край,Испанцы,22
Краснодарский край,Итальянцы (римляне),30
Краснодарский край,Ительмены,13
Краснодарский край,"Кабардинцы (адыги с языком кабардинским, адыги-черкесы с языком кабардинским)",963
Краснодарский край,Казахи,2236
Краснодарский край,Калмыки (болдыры),368
Краснодарский край,Камчадалы,5
Краснодарский край,"Караимы (карай, крымские караимы)",2
Краснодарский край,Каракалпаки,10
Краснодарский край,"Карачаевцы (карачаево-черкесы, карачай)",660
Краснодарский край,Карелы,78
Краснодарский край,"Кеты ( кето, остяки)",2
Краснодарский край,Киргизы (кыргыз),589
Краснодарский край,Китайцы (хань),89
Краснодарский край,"Коми (коми-зыряне, удорачи)",349
Краснодарский край,"Коми-ижемцы (ижемцы, изьватас)",1
Краснодарский край,Коми-пермяки  (пермяки),188
Краснодарский край,"Корейцы (корё сарам, русские корейцы)",2811
Краснодарский край,Коряки,18
Краснодарский край,Алюторцы (нымыланы),1
Краснодарский край,"Крымские татары (крымтатар, татары с языком крымскотатарским)",1880
Краснодарский край,Крымчаки,5
Краснодарский край,Кубинцы,9
Краснодарский край,Кумыки,548
Краснодарский край,Курды (курд),5609
Краснодарский край,Курманч,2
Краснодарский край,Лакцы (лак),537
Краснодарский край,"Латыши (курляндцы, латвийцы)",200
Краснодарский край,Латгальцы,4
Краснодарский край,Лезгины (лезги),2975
Краснодарский край,Литовцы,278
Краснодарский край,Македонцы,16
Краснодарский край,Манси,19
Краснодарский край,"Марийцы (мар, мари, марий, меря)",848
Краснодарский край,Горные марийцы,2
Краснодарский край,Молдаване (бессарабцы),2010
Краснодарский край,Монголы,24
Краснодарский край,"Мордва (мордвины, мордовцы, терюхане)",1174
Краснодарский край,Мордва-мокша (мокша),9
Краснодарский край,Мордва-эрзя (эрзя),45
Краснодарский край,Нагайбаки,14
Краснодарский край,Нанайцы,22
Краснодарский край,Нганасаны,2
Краснодарский край,Негидальцы,1
Краснодарский край,"Немцы ( поволжские немцы, пруссы, российские немцы, русские немцы)",5678
Краснодарский край,Ненцы (не),22
Краснодарский край,Нивхи (гиляки),10
Краснодарский край,Ногайцы (ногай),256
Краснодарский край,"Орочи (нани, ороч)",1
Краснодарский край,Осетины (аланы),2911
Краснодарский край,Осетины-иронцы,1
Краснодарский край,Пакистанцы (балуч),12
Краснодарский край,Памирцы,11
Краснодарский край,"Персы (иранцыфарс, фарси)",102
Краснодарский край,Поляки (белорусские поляки),843
Краснодарский край,Румыны,125
Краснодарский край,"Русины (гуцулы, лемки, подкарпатские русины)",34
Краснодарский край,"Русские (ведруссы, великороссы, гураны,  кубанцы, мещеряки, молокане, русаки, сибиряки, челдоны,  якутяне)",5121482
Краснодарский край,"Казаки (донские казаки, кубанские казаки, русские казаки, терские казаки, уральские казаки, яицкие казаки)",3212
Краснодарский край,Поморы (русские поморы),10
Краснодарский край,Рутульцы (рутул),354
Краснодарский край,Саамы,1
Краснодарский край,Селькупы,2
Краснодарский край,Сербы (серп),210
Краснодарский край,Словаки,6
Краснодарский край,Словенцы,2
Краснодарский край,"Табасараны (табасаран, табасаранцы)",1170
Краснодарский край,Таджики,2946
Краснодарский край,Тазы,1
Краснодарский край,Талыши,24
Краснодарский край,"Татары (башкирские татары, волжские татары , казанские татары, татар, татаро-башкиры)",18912
Краснодарский край,"Кряшены (крещенцы, крещеные татары)",12
Краснодарский край,Мишари,3
Краснодарский край,Сибирские татары,1
Краснодарский край,"Таты (гимейдинцы, тат, таты-азербайджанцы)",6
Краснодарский край,Телеуты,2
Краснодарский край,Тувинцы,106
Краснодарский край,Тувинцы-тоджинцы,61
Краснодарский край,Турки,8070
Краснодарский край,Турки-месхетинцы (месхетинцы),58
Краснодарский край,Туркмены,514
Краснодарский край,Удины (уди),415
Краснодарский край,Удмурты,979
Краснодарский край,Удэгейцы,2
Краснодарский край,"Узбеки (карлуки, кашкадарьинцы, локайцы, кипчак, кыпчак, сарты, ташкентцы, тюрк с языком узбекским, хорезмцы, хорезмлы, чирчикцы, шахриханцы)",4635
Краснодарский край,Уйгуры,49
Краснодарский край,Уйльта,1
Краснодарский край,"Украинцы (волынцы, казаки с языком украинским, малороссы, русские украинцы)",29317
Краснодарский край,Ульчи (ульча),6
Краснодарский край,"Финны (суоми, хельсинкцы)",57
Краснодарский край,"Финны-ингерманландцы (ингерманландцы, савакот)",2
Краснодарский край,Французы (нормандцы),54
Краснодарский край,"Хакасы (абаканцы, аринцы, пурус)",41
Краснодарский край,Ханты,34
Краснодарский край,Хемшилы,1414
Краснодарский край,Хорваты,14
Краснодарский край,Цахуры (цахурцы),84
Краснодарский край,"Цыгане (влахи, дом, русские цыгане, рома)",11590
Краснодарский край,"Черкесы (адыги с языком черкесским, адыгэ с языком черкесским, убыхи, адыги-черкесы с языком черкесским)",6166
Краснодарский край,Черногорцы,2
Краснодарский край,Чехи,135
Краснодарский край,Чеченцы (чечено-ингуши),2703
Краснодарский край,Чуваши,1390
Краснодарский край,Чукчи,23
Краснодарский край,Чулымцы,2
Краснодарский край,"Шапсуги (адыгейцы-шапсуги, адыги с языком шапсугским, адыги-шапсуги, причерноморские шапсуги, хакучинцы)",1878
Краснодарский край,Шорцы,9
Краснодарский край,"Эвенки (тунгус, тунгусы, эвенк)",48
Краснодарский край,Эвены (эвен),12
Краснодарский край,Эскимосы,4
Краснодарский край,Эстонцы,278
Краснодарский край,Сету (сето),1
Краснодарский край,"Юкагиры (алаи, ваду, одул)",1
Краснодарский край,Якуты (саха),174
Краснодарский край,Японцы,13
Краснодарский край,Указавшие другие ответы о национальной принадлежности (не перечисленные выше),10110
Краснодарский край,Нет национальной принадлежности,7693
Краснодарский край,"Лица, в переписных листах которых национальная принадлежность не указана",292149
Краснодарский край,отказавшиеся отвечать на вопрос о национальной принадлежности,223295
Астраханская область,Все население,960142
Астраханская область,Указавшие национальную принадлежность,815683
Астраханская область,Абазины,8
Астраханская область,Абхазы,11
Астраханская область,Аварцы,3527
Астраханская область,Андийцы,25
Астраханская область,Арчинцы,1
Астраханская область,Дидойцы (цунтинцы),1
Астраханская область,Каратинцы,1
Астраханская область,Чамалалы,1
Астраханская область,Агулы (агульцы),52
Астраханская область,Адыгейцы,36
Астраханская область,"Азербайджанцы (азер, бакинцы, каджары, тюрк с языком азербайджанским)",6187
Астраханская область,Алтайцы,1
Астраханская область,Американцы (афроамериканцы),6
Астраханская область,"Арабы (египтяне, йеменцы, марокканцы, палестинцы, сирийцы, тунисцы)",191
Астраханская область,Армяне (русские армяне),4152
Астраханская область,Ассирийцы,4
Астраханская область,Афганцы,3
Астраханская область,Балкарцы,10
Астраханская область,Башкиры,284
Астраханская область,"Белорусы (беларусы, поляки с языком белорусским)",649
Астраханская область,Болгары,41
Астраханская область,Боснийцы,1
Астраханская область,"Британцы (англичане, англосаксы, шотландцы)",8
Астраханская область,Буряты,20
Астраханская область,Венгры (мадьяр),15
Астраханская область,Вепсы,1
Астраханская область,Вьетнамцы (таи),41
Астраханская область,Гагаузы,10
Астраханская область,"Греки (рум, русские греки)",73
Астраханская область,Грузины,657
Астраханская область,Мегрелы (менгрелы),1
Астраханская область,"Даргинцы (акушинц, кункинцы, мугинцы)",4255
Астраханская область,Долганы,1
Астраханская область,Дунгане,4
Астраханская область,Евреи (русские евреи),422
Астраханская область,Езиды,46
Астраханская область,"Ингуши (орстхо, орстхой)",343
Астраханская область,Индийцы (индуисты),7
Астраханская область,Испанцы (испанороссияне),4
Астраханская область,Итальянцы (римляне),8
Астраханская область,Кабардинцы,95
Астраханская область,"Казахи (астраханские казахи, жаппас, ногай с языком казахским)",143717
Астраханская область,"Калмыки (болдыры, казаки с языком калмыцким, ойраты)",5320
Астраханская область,Каракалпаки (калпак),51
Астраханская область,Карачаевцы,84
Астраханская область,Карелы,5
Астраханская область,Киргизы (кыргыз),244
Астраханская область,Китайцы,36
Астраханская область,Коми,18
Астраханская область,Коми-пермяки (коми с языком коми-пермяцким),17
Астраханская область,Корейцы (русские корейцы),1761
Астраханская область,Крымские татары,6
Астраханская область,Крымчаки,1
Астраханская область,Кубинцы,5
Астраханская область,Кумыки,1240
Астраханская область,Курды (курд),14
Астраханская область,Лакцы (лак),445
Астраханская область,Латыши (латвийцы),27
Астраханская область,Лезгины (лезги),3607
Астраханская область,Литовцы,32
Астраханская область,Манси,3
Астраханская область,"Марийцы (мар, мари, марий, меря)",158
Астраханская область,Молдаване,274
Астраханская область,Монголы,3
Астраханская область,"Мордва (мордвины, мордовцы)",231
Астраханская область,Мордва-мокша (мокша),3
Астраханская область,Мордва-эрзя (эрзя),2
Астраханская область,Нагайбаки,2
Астраханская область,Нанайцы,3
Астраханская область,"Немцы (российские немцы, русские немцы)",407
Астраханская область,Ненцы,1
Астраханская область,Нивхи (гиляки),2
Астраханская область,"Ногайцы (ногай, ногайцы кундрау, терские ногайцы, ногайцы-юртовцы, нугай, юртовские ногаи, юртовские ногайцы, юртовцы, юртский нугай)",9320
Астраханская область,"Карагаши (астраханские ногайцы, ногай-карагаш, ногайцы-карагаши)",211
Астраханская область,Осетины,327
Астраханская область,Пакистанцы,8
Астраханская область,"Памирцы (бадахшанцы, ваханцы, вахи, памирские таджики, рухни, шугнанцы, язгулемцы)",1
Астраханская область,Персы (иранцы),67
Астраханская область,Поляки,54
Астраханская область,Румыны,15
Астраханская область,Русины (гуцулы),6
Астраханская область,"Русские (великороссы, русаки, чалдоны)",547320
Астраханская область,"Казаки (астраханские казаки, донские казаки, кубанские казаки, русские казаки)",638
Астраханская область,Поморы,1
Астраханская область,Рутульцы (рутул),102
Астраханская область,Селькупы,1
Астраханская область,Сербы,8
Астраханская область,Словаки,2
Астраханская область,Словенцы,2
Астраханская область,Сойоты (сойот),1
Астраханская область,Среднеазиатские евреи,1
Астраханская область,"Табасараны (табасаран, табасаранцы)",915
Астраханская область,Таджики (тоджик),1256
Астраханская область,Талыши,78
Астраханская область,"Татары (дагестанские татары, казанские татары, крымские татары, пермские татары, татар, нугай с языком татарским)",48313
Астраханская область,Астраханские татары (алабугатские татары),13
Астраханская область,"Кряшены (крещеные, крещеные татары)",6
Астраханская область,"Мишари (мишар, мишары)",4
Астраханская область,Таты (тат),5
Астраханская область,Тувинцы,41
Астраханская область,Турки,1031
Астраханская область,Турки-месхетинцы (месхетинцы),521
Астраханская область,Туркмены (трухмены),2777
Астраханская область,Удины,39
Астраханская область,Удмурты,72
Астраханская область,Узбеки,3186
Астраханская область,Уйгуры,18
Астраханская область,"Украинцы (казаки с языком украинским, русские украинцы)",3173
Астраханская область,Финны,6
Астраханская область,Французы,5
Астраханская область,Хакасы,8
Астраханская область,Цахуры (цахурцы),111
Астраханская область,Цыгане,3950
Астраханская область,Черкесы,43
Астраханская область,Чехи,3
Астраханская область,Чеченцы,6873
Астраханская область,Чуваши,424
Астраханская область,Чукчи,5
Астраханская область,Шорцы,4
Астраханская область,Эвенки (тунгус),3
Астраханская область,Эвены (эвен),3
Астраханская область,Эстонцы,16
Астраханская область,Якуты (саха),6
Астраханская область,Японцы,7
Астраханская область,Указавшие другие ответы о национальной принадлежности (не перечисленные выше),4624
Астраханская область,Нет национальной принадлежности,2045
Астраханская область,"Лица, в переписных листах которых национальная принадлежность не указана",144459
Астраханская область,отказавшиеся отвечать на вопрос о национальной принадлежности,32350
Волгоградская область,Все население,2500781
Волгоградская область,Указавшие национальную принадлежность,2232524
Волгоградская область,Абазины,9
Волгоградская область,Абхазы,80
Волгоградская область,Аварцы,1113
Волгоградская область,Андийцы,1
Волгоградская область,Арчинцы,3
Волгоградская область,Тиндалы,1
Волгоградская область,Хваршины,2
Волгоградская область,Агулы (агульцы),111
Волгоградская область,Адыгейцы (адыги),46
Волгоградская область,"Азербайджанцы (азер, теркеме, тюрк с языком азербайджанским)",8341
Волгоградская область,Алтайцы,8
Волгоградская область,Теленгиты,1
Волгоградская область,Американцы,6
Волгоградская область,"Арабы (алжирцы, арабы Объединенных Арабских Эмиратов, аравийцы, египтяне, иорданцы, иракцы, ливанцы, мавританцы, палестинцы, сирийцы, саудовцы)",237
Волгоградская область,Армяне,15891
Волгоградская область,Ассирийцы (арамеи),14
Волгоградская область,"Афганцы (афганистанцы, паштуны, пушту, пуштуны)",55
Волгоградская область,Балкарцы,26
Волгоградская область,"Башкиры (башкирцы, башкорт)",390
Волгоградская область,"Белорусы (беларусы, поляки с языком белорусским)",1838
Волгоградская область,Бесермяне,1
Волгоградская область,Болгары,87
Волгоградская область,Боснийцы,1
Волгоградская область,Британцы (англичане),3
Волгоградская область,Буряты,39
Волгоградская область,Венгры (мадьяр),12
Волгоградская область,Вепсы (чудь),2
Волгоградская область,Водь,2
Волгоградская область,Вьетнамцы,80
Волгоградская область,Гагаузы,60
Волгоградская область,Горские евреи (дагестанские евреи),3
Волгоградская область,"Греки (понтийцы, рум, румеи, русские греки)",240
Волгоградская область,Грузины (кахетинцы),1386
Волгоградская область,Аджарцы,6
Волгоградская область,Ингилойцы,6
Волгоградская область,Сваны,4
Волгоградская область,Даргинцы,2726
Волгоградская область,Дунгане,9
Волгоградская область,Евреи (русские евреи),537
Волгоградская область,Езиды (иезиды),964
Волгоградская область,Ингуши,179
Волгоградская область,"Индийцы (индуисты, маратхи, телугу, хинди)",114
Волгоградская область,Испанцы,16
Волгоградская область,"Итальянцы (англо-итальянцы, генуэзцы, итальяно-португальцы, лангобарды, римляне, сардинцы, сицилийцы, флорентийцы)",14
Волгоградская область,Кабардинцы,127
Волгоградская область,Казахи,37576
Волгоградская область,Калмыки,919
Волгоградская область,"Каракалпаки (калпак, каролпак)",100
Волгоградская область,Карачаевцы,58
Волгоградская область,Карелы,16
Волгоградская область,Киргизы,257
Волгоградская область,Китайцы,229
Волгоградская область,Коми,43
Волгоградская область,"Коми-пермяки (коми с языком коми-пермяцким, пермяки)",65
Волгоградская область,Корейцы (русские корейцы),3246
Волгоградская область,Коряки,3
Волгоградская область,Алюторцы,1
Волгоградская область,Крымские татары,18
Волгоградская область,Кубинцы,7
Волгоградская область,Кумыки,515
Волгоградская область,"Курды (курд, армянские курды)",629
Волгоградская область,Лакцы,109
Волгоградская область,Латыши (курляндцы),39
Волгоградская область,Латгальцы,1
Волгоградская область,Лезгины,842
Волгоградская область,Литовцы,80
Волгоградская область,Манси (вогулы),4
Волгоградская область,"Марийцы (мар, мари, марий)",1385
Волгоградская область,"Молдаване (бессарабцы, бессарабы)",709
Волгоградская область,Монголы,22
Волгоградская область,"Мордва (мордвины, мордовцы)",597
Волгоградская область,Мордва-мокша (мокша),4
Волгоградская область,Мордва-эрзя (эрзя),6
Волгоградская область,"Немцы (германцы, калмыцкие немцы, российские немцы)",4222
Волгоградская область,Ненцы,7
Волгоградская область,Нивхи,2
Волгоградская область,Ногайцы (ногай),58
Волгоградская область,Карагаши,1
Волгоградская область,Осетины (аланы),394
Волгоградская область,Пакистанцы (панджабцы),14
Волгоградская область,Памирцы (язгулемцы),6
Волгоградская область,"Персы (иранцы, парсиваны, фарси)",28
Волгоградская область,Поляки,227
Волгоградская область,Румыны,20
Волгоградская область,Русины (гуцулы),10
Волгоградская область,"Русские (великороссы, кулугуры, молокане, русаки, сибиряки, чалдоны)",2065446
Волгоградская область,"Казаки (донские казаки, кубанские казаки, запорожские казаки, русские казаки, терские казаки, яицкие казаки)",14472
Волгоградская область,Поморы,1
Волгоградская область,Рутульцы (рутул),151
Волгоградская область,Селькупы,3
Волгоградская область,Сербы,10
Волгоградская область,Словаки,2
Волгоградская область,"Табасараны (табасаран, табасаранцы)",535
Волгоградская область,Таджики (тоджик),3250
Волгоградская область,"Талыши (талыш-лезгины, толыш)",34
Волгоградская область,"Татары (казанские татары, крымско-казанские татары, кубанские татары, литовские татары, татаро-русские с языком татарским)",13115
Волгоградская область,Кряшены,1
Волгоградская область,Тувинцы (тува),11
Волгоградская область,Турки,5063
Волгоградская область,Турки-месхетинцы (месхетинцы),372
Волгоградская область,Туркмены,208
Волгоградская область,Удины,223
Волгоградская область,Удмурты (вотяки),630
Волгоградская область,Удэгейцы,1
Волгоградская область,Узбеки,2826
Волгоградская область,Уйгуры,21
Волгоградская область,"Украинцы (казаки с языком украинским, малороссийцы, малороссы)",8339
Волгоградская область,Ульчи,2
Волгоградская область,Финны,11
Волгоградская область,Французы,12
Волгоградская область,Хакасы,13
Волгоградская область,Ханты,5
Волгоградская область,Хорваты,3
Волгоградская область,Цахуры (цахурцы),161
Волгоградская область,"Цыгане (крымские цыгане, рома, ромалэ, русские цыгане)",3632
Волгоградская область,Черкесы,38
Волгоградская область,Чехи,7
Волгоградская область,Чеченцы,8038
Волгоградская область,Чуваши (чаваш),1935
Волгоградская область,Чукчи,21
Волгоградская область,Шорцы,5
Волгоградская область,Эвенки,3
Волгоградская область,Эстонцы,44
Волгоградская область,Якуты (саха),19
Волгоградская область,Японцы,8
Волгоградская область,Указавшие другие ответы о национальной принадлежности (не перечисленные выше),20567
Волгоградская область,Нет национальной принадлежности,10537
Волгоградская область,"Лица, в переписных листах которых национальная принадлежность не указана",268257
Волгоградская область,отказавшиеся отвечать на вопрос о национальной принадлежности,103036
Ростовская область,Все население,4200729
Ростовская область,Указавшие национальную принадлежность,3933019
Ростовская область,Абазины,51
Ростовская область,Абхазы (апсуа),450
Ростовская область,Аварцы (закатальцы),4285
Ростовская область,Андийцы,176
Ростовская область,Арчинцы,4
Ростовская область,Гунзибцы (гарбутлинцы),1
Ростовская область,"Дидойцы (хушетинцы, цунтинцы)",4
Ростовская область,Каратинцы,6
Ростовская область,Агулы (агульцы),339
Ростовская область,"Адыгейцы (адыги, адыги с языком черкесским, адыги-черкесы с языком черкесским)",234
Ростовская область,"Азербайджанцы (азер, терекеме, теркеме)",12083
Ростовская область,"Алтайцы (кыпчак с языком алтайским, ойротским, чуйским)",14
Ростовская область,Американцы (англоамериканцы),16
Ростовская область,"Арабы (алжирцы, аравийцы, египтяне, иорданцы, иракцы, йеменцы, ливанцы, ливийцы, марокканцы, палестинцы, сирийцы, тунисцы)",449
Ростовская область,"Армяне (армяне-таты, армяно-русские, ассирийские армяне, донские армяне,  крымские армяне,  русские армяне, русско-армяне с языком армянским)",86265
Ростовская область,Ассирийцы,711
Ростовская область,"Афганцы (афганистанцы, нуристанцы, патаны, пашаи, пуштуны, хазарейцы)",280
Ростовская область,Балкарцы,68
Ростовская область,Башкиры (башкирцы),538
Ростовская область,"Белорусы (беларусы, белорусо-татары, поляки с языком белорусским)",4686
Ростовская область,Болгары,240
Ростовская область,Боснийцы,1
Ростовская область,Британцы (англичане),22
Ростовская область,Буряты (аларцы),102
Ростовская область,Венгры (мадьяры),49
Ростовская область,Водь,1
Ростовская область,"Вьетнамцы (тхо, тхыонги)",65
Ростовская область,Гагаузы,133
Ростовская область,Горские евреи (дагестанские евреи),3
Ростовская область,"Греки (рум, румеи, русские греки)",1146
Ростовская область,Грузины,5318
Ростовская область,Аджарцы,9
Ростовская область,Лазы,37
Ростовская область,"Мегрелы (менгрелы, мингрелы)",30
Ростовская область,"Даргинцы (акушинцы, мугинцы)",9397
Ростовская область,Долганы,2
Ростовская область,Дунгане,15
Ростовская область,"Евреи (армянские евреи, восточные евреи, иудеи, польские евреи, русские евреи)",1686
Ростовская область,"Езиды (езды, иезиды, курды-езиды, язиды)",1062
Ростовская область,Ингуши (орстхо),775
Ростовская область,"Индийцы (индуисты, маратхи, тамильцы, телугу)",55
Ростовская область,Испанцы,26
Ростовская область,Итальянцы (генуэзцы),30
Ростовская область,Ительмены,5
Ростовская область,Кабардинцы (кабардино-балкарцы),411
Ростовская область,"Казахи (жаппас, уйсун)",2474
Ростовская область,"Калмыки (болдыры, ойрат)",504
Ростовская область,Камчадалы,4
Ростовская область,Караимы,8
Ростовская область,Каракалпаки,6
Ростовская область,Карачаевцы (карачай),271
Ростовская область,Карелы,28
Ростовская область,Киргизы (кыргыз),2334
Ростовская область,"Китайцы (мяо, хань, ханьцы)",144
Ростовская область,"Коми (зыряне, коми-зыряне)",85
Ростовская область,Коми-пермяки (пермяки),309
Ростовская область,Корейцы (русские корейцы),7435
Ростовская область,Коряки,4
Ростовская область,Алюторцы,1
Ростовская область,Крымские татары (татары с языком крымскотатарским),217
Ростовская область,Крымчаки,1
Ростовская область,Кубинцы,5
Ростовская область,Кумандинцы,1
Ростовская область,Кумыки,1100
Ростовская область,Курды (курд),961
Ростовская область,Лакцы,313
Ростовская область,"Латыши (курляндцы, латвийцы)",106
Ростовская область,Лезгины,2372
Ростовская область,Литовцы,123
Ростовская область,Македонцы,2
Ростовская область,Манси,1
Ростовская область,"Марийцы (мар, мари, марий, черемисы)",664
Ростовская область,Лугово-восточные марийцы,3
Ростовская область,Молдаване (бессарабы),1924
Ростовская область,Монголы,2
Ростовская область,Мордва,771
Ростовская область,Мордва-мокша,6
Ростовская область,Мордва-эрзя,13
Ростовская область,Нагайбаки,2
Ростовская область,Нанайцы,2
Ростовская область,Нганасаны,2
Ростовская область,"Немцы (германцы, русские немцы)",1699
Ростовская область,Ненцы,13
Ростовская область,"Нивхи (гиляки,)",1
Ростовская область,Ногайцы (кундрау),125
Ростовская область,Осетины (аланы),1398
Ростовская область,Пакистанцы (джаты),11
Ростовская область,Памирцы,3
Ростовская область,"Персы (иранцы, фарс, фарси, хазарейцы с языком персидским, хорасани)",40
Ростовская область,Поляки,402
Ростовская область,Румыны,93
Ростовская область,Русины (гуцулы),15
Ростовская область,"Русские (великороссы, русаки, сибиряки)",3606327
Ростовская область,"Казаки (волжские казаки, донские казаки, запорожские казаки, кубанские казаки, нижнедонские казаки, православные казаки, русские казаки, терские казаки, уральские казаки, уссурийские казаки, уссурийцы)",21304
Ростовская область,Поморы,7
Ростовская область,"Рутульцы (ихрекцы, рутул)",846
Ростовская область,Саамы,4
Ростовская область,Сербы,21
Ростовская область,Словаки,2
Ростовская область,"Табасараны (табасаранцы, табасаран)",1812
Ростовская область,Таджики,4302
Ростовская область,Талыши,25
Ростовская область,"Татары (башкирские татары, казанские татары, татар, татаро-башкиры, татары с языком крымскотатарским, белорусо-татары с любым языком кроме татарского, сибирские татары)",7232
Ростовская область,Кряшены,4
Ростовская область,Сибирские татары,1
Ростовская область,Таты (таты-азербайджанцы),5
Ростовская область,Тувинцы,12
Ростовская область,Турки (тюрк с языком турецким),40450
Ростовская область,"Турки-месхетинцы (ахыска, ахыска-турки, месхетинцы)",1068
Ростовская область,Туркмены,581
Ростовская область,Удины,1239
Ростовская область,Удмурты,767
Ростовская область,Узбеки,4313
Ростовская область,Уйгуры,33
Ростовская область,Уйльта,1
Ростовская область,"Украинцы (казаки с языком украинским, малороссы, русские украинцы)",26000
Ростовская область,Ульчи,2
Ростовская область,Финны,14
Ростовская область,Финны-ингерманландцы,1
Ростовская область,Французы,36
Ростовская область,Хакасы (аринцы),11
Ростовская область,Ханты,8
Ростовская область,Хемшилы,296
Ростовская область,Хорваты,3
Ростовская область,Цахуры (цахурцы),214
Ростовская область,"Цыгане (рома, ромалэ, русские цыгане)",14625
Ростовская область,Черкесы (адыги с языком черкесским),243
Ростовская область,Чехи,12
Ростовская область,"Чеченцы (нохчий, чечено-осетины)",14316
Ростовская область,Чуванцы,3
Ростовская область,Чуваши (чаваш),805
Ростовская область,Чукчи,15
Ростовская область,"Шорцы ( шор с любым языком, кроме алтайского кумандинского)",4
Ростовская область,Эвенки,8
Ростовская область,Эвены,2
Ростовская область,Эскимосы,3
Ростовская область,Эстонцы,70
Ростовская область,Якуты (саха) (якутяне),43
Ростовская область,Японцы,7
Ростовская область,Указавшие другие ответы о национальной принадлежности (не перечисленные выше),35988
Ростовская область,Нет национальной принадлежности,14263
Ростовская область,"Лица, в переписных листах которых национальная принадлежность не указана",267710
Ростовская область,отказавшиеся отвечать на вопрос о национальной принадлежности,127183
г. Севастополь,Все население,547820
г. Севастополь,Указавшие национальную принадлежность,455256
г. Севастополь,Абазины,4
г. Севастополь,Абхазы,14
г. Севастополь,Аварцы,94
г. Севастополь,Агулы (агульцы),4
г. Севастополь,Адыгейцы (адыги),24
г. Севастополь,"Азербайджанцы (азер, бакинцы)",546
г. Севастополь,Алтайцы,4
г. Севастополь,Американцы,10
г. Севастополь,"Арабы (арабы Объединенных Арабских Эмиратов, арабы сирийцы, египтяне, ливанцы, сирийцы)",39
г. Севастополь,Армяне (крымские армяне),1299
г. Севастополь,Афганцы (афганистанцы),1
г. Севастополь,Балкарцы,7
г. Севастополь,Башкиры,152
г. Севастополь,"Белорусы (беларусы, поляки с языком белорусским)",1927
г. Севастополь,Бесермяне,1
г. Севастополь,Болгары,173
г. Севастополь,Британцы (англичане),19
г. Севастополь,Буряты,35
г. Севастополь,Венгры,5
г. Севастополь,Вьетнамцы,16
г. Севастополь,Гагаузы,26
г. Севастополь,"Греки (крымские греки, рум)",175
г. Севастополь,Грузины,253
г. Севастополь,Аджарцы,1
г. Севастополь,Лазы,1
г. Севастополь,Сваны,2
г. Севастополь,Даргинцы,45
г. Севастополь,Долганы (долган),1
г. Севастополь,"Евреи (иудеи, русские евреи, хасиды)",482
г. Севастополь,Ингуши,22
г. Севастополь,Индийцы (индийцы),2
г. Севастополь,Испанцы,6
г. Севастополь,Итальянцы,23
г. Севастополь,Кабардинцы,17
г. Севастополь,Казахи (адай),178
г. Севастополь,Калмыки,33
г. Севастополь,Камчадалы,1
г. Севастополь,Караимы (крымские караимы),23
г. Севастополь,Карачаевцы,13
г. Севастополь,Карелы,17
г. Севастополь,Киргизы (кыргыз),77
г. Севастополь,Китайцы,7
г. Севастополь,Коми,23
г. Севастополь,Коми-пермяки (пермяки),15
г. Севастополь,Корейцы,81
г. Севастополь,Коряки,3
г. Севастополь,"Крымские татары (крымтатар, крымчане)",2919
г. Севастополь,Крымчаки,35
г. Севастополь,Кумыки,31
г. Севастополь,Курды (курд),2
г. Севастополь,Лакцы,21
г. Севастополь,Латыши (латвийцы),53
г. Севастополь,Лезгины,64
г. Севастополь,Литовцы,50
г. Севастополь,Македонцы,2
г. Севастополь,Манси,2
г. Севастополь,"Марийцы (мари, марий)",79
г. Севастополь,Молдаване,337
г. Севастополь,Монголы,1
г. Севастополь,"Мордва (мордвины, мордовцы)",147
г. Севастополь,"Мордва-эрзя (мордва-шокша, шокша, эрзя, эрзя-мурза)",2
г. Севастополь,"Немцы (поволжские немцы, русские немцы)",220
г. Севастополь,Ненцы,2
г. Севастополь,Ногайцы,12
г. Севастополь,Осетины,134
г. Севастополь,Персы (иранцы),3
г. Севастополь,Поляки,259
г. Севастополь,Румыны,12
г. Севастополь,Русины,6
г. Севастополь,"Русские (великороссы, русаки, сибиряки)",410220
г. Севастополь,"Казаки (донские казаки, кубанские казаки, русские казаки)",124
г. Севастополь,Поморы,3
г. Севастополь,Рутульцы,15
г. Севастополь,Сербы,12
г. Севастополь,Словаки,8
г. Севастополь,"Табасараны (табасаран,табасаранцы)",66
г. Севастополь,Таджики,203
г. Севастополь,"Татары (башкирские татары, булгаро-татары, казанские татары, волго-уральские татары, поволжские татары, татар, татаро-русские с языком татарским)",2589
г. Севастополь,Кряшены,1
г. Севастополь,Мишари,1
г. Севастополь,Телеуты,1
г. Севастополь,"Тувинцы (тува, тыва)",5
г. Севастополь,Турки,37
г. Севастополь,Туркмены,21
г. Севастополь,Удины,1
г. Севастополь,Удмурты,63
г. Севастополь,Узбеки,351
г. Севастополь,Уйгуры,10
г. Севастополь,"Украинцы (малороссы, русские украинцы)",25308
г. Севастополь,Финны (суоми),7
г. Севастополь,Французы,10
г. Севастополь,Хакасы (пурус),11
г. Севастополь,Ханты,4
г. Севастополь,Хорваты,1
г. Севастополь,Цыгане,18
г. Севастополь,Черкесы,17
г. Севастополь,Чехи,20
г. Севастополь,Чеченцы,113
г. Севастополь,Чуваши (сувары),349
г. Севастополь,Чукчи,2
г. Севастополь,Шорцы,1
г. Севастополь,Эвенки (эвенк),3
г. Севастополь,Эвены,1
г. Севастополь,Эстонцы,28
г. Севастополь,Якуты (саха),18
г. Севастополь,Японцы,3
г. Севастополь,Указавшие другие ответы о национальной принадлежности (не перечисленные выше),2282
г. Севастополь,Нет национальной принадлежности,3170
г. Севастополь,"Лица, в переписных листах которых национальная принадлежность не указана",92564
г. Севастополь,отказавшиеся отвечать на вопрос о национальной принадлежности,36530
Республика Дагестан,Все население,3182054
Республика Дагестан,Указавшие национальную принадлежность,3134249
Республика Дагестан,Абазины (абаза),25
Республика Дагестан,Абхазы (апсуа),20
Республика Дагестан,"Аварцы (аварал, аваро-даргинцы, аваро-кумыки, аваро-лезгины, аваро-чеченцы, аварцы белоканские, маарулал, телетлинцы, тляратинцы, хунзахцы)",956831
Республика Дагестан,Андийцы,16245
Республика Дагестан,Арчинцы (арчиб),1677
Республика Дагестан,"Ахвахцы (ашвадо, ратлубцы, хучадинцы)",5266
Республика Дагестан,"Багулалы (багвалинцы, кванадинцы, тлондодинцы)",11
Республика Дагестан,"Бежтинцы (бежитинцы, капучины, тлядальцы, хашархотинцы)",6858
Республика Дагестан,Ботлихцы (буйхади),3788
Республика Дагестан,Гинухцы,624
Республика Дагестан,Годоберинцы,2170
Республика Дагестан,Гунзибцы (нахада),2361
Республика Дагестан,"Дидойцы (цезы, цунтинцы)",14770
Республика Дагестан,"Каратинцы (анчихцы, тукитинцы)",7305
Республика Дагестан,"Тиндалы (акнадинцы, ангидинцы, идари, тиндальцы, тиндинцы, эчединцы)",1151
Республика Дагестан,"Хваршины (инхокваринцы, квантладинцы, сантладинцы, хваршинцы)",798
Республика Дагестан,"Чамалалы (гигатлинцы, чамалинцы)",71
Республика Дагестан,Агулы (агульцы),29253
Республика Дагестан,Адыгейцы (адыги),55
Республика Дагестан,"Азербайджанцы (азер, азери, каджары, терекеме, теркеме, тюрк с языком азербайджанским)",116907
Республика Дагестан,Алтайцы,22
Республика Дагестан,Теленгиты,1
Республика Дагестан,Челканцы,1
Республика Дагестан,Американцы,2
Республика Дагестан,"Арабы (арабы Объединенных Арабских Эмиратов, аравийцы, палестинцы, сирийцы, тунисцы)",184
Республика Дагестан,Армяне (русские армяне),3274
Республика Дагестан,"Ассирийцы (айсоры, арамеи, халдеи)",6
Республика Дагестан,"Афганцы (пуштуны, хазарейцы)",17
Республика Дагестан,Балкарцы,48
Республика Дагестан,Башкиры (башкирцы),91
Республика Дагестан,Белорусы (беларусы),68
Республика Дагестан,Болгары,13
Республика Дагестан,Боснийцы (бошняки),3
Республика Дагестан,Британцы (англичане),58
Республика Дагестан,Буряты (аларцы),41
Республика Дагестан,Гагаузы,4
Республика Дагестан,Горские евреи (джалганцы),60
Республика Дагестан,Греки,71
Республика Дагестан,Грузины (турко-грузины (с языком грузинским)),398
Республика Дагестан,Аджарцы,1
Республика Дагестан,Ингилойцы,1
Республика Дагестан,Лазы (чаны),13
Республика Дагестан,Сваны,1
Республика Дагестан,"Даргинцы (акушинцы, аштынцы, губденцы, дарган, кадарцы, левашинцы, мегебцы, мекегинцы, мугинцы, мюрегинцы, цудахарцы)",521381
Республика Дагестан,"Кайтагцы (кайтаги, хайдаклан)",32
Республика Дагестан,Кубачинцы,500
Республика Дагестан,"Евреи (европейские евреи, иудеи)",863
Республика Дагестан,Езиды,1
Республика Дагестан,Ингуши (орстхо),256
Республика Дагестан,Индийцы (индуисты),12
Республика Дагестан,Испанцы,2
Республика Дагестан,Итальянцы,1
Республика Дагестан,Ительмены,1
Республика Дагестан,Кабардинцы,294
Республика Дагестан,Казахи,560
Республика Дагестан,Калмыки,254
Республика Дагестан,Караимы,3
Республика Дагестан,Карачаевцы (карачай),84
Республика Дагестан,Карелы,1
Республика Дагестан,Киргизы (кыргыз),67
Республика Дагестан,Китайцы,19
Республика Дагестан,Коми,15
Республика Дагестан,Коми-пермяки (кудымкарцы),1
Республика Дагестан,Корейцы,101
Республика Дагестан,Крымские татары,4
Республика Дагестан,Кумандинцы,3
Республика Дагестан,"Кумыки (доргелинцы, карабудахкентцы, костекцы, кумук)",496455
Республика Дагестан,Курды (курд),46
Республика Дагестан,"Лакцы (лак, лаки, лаккучу, лакучу)",162518
Республика Дагестан,Латыши,5
Республика Дагестан,Латгальцы (латгалы),1
Республика Дагестан,"Лезгины (аваро-лезгины с языком лезгинским, ахтинцы, ахтынцы, кусарцы, лезги, табасараны-лезгины с языком лезгинским, талыш-лезгины с языком лезгинским)",416963
Республика Дагестан,Литовцы,10
Республика Дагестан,"Марийцы (мари, марий)",34
Республика Дагестан,Горные марийцы,3
Республика Дагестан,Лугово-восточные марийцы (луговые марийцы),1
Республика Дагестан,Молдаване,88
Республика Дагестан,"Мордва (мордвины, мордовцы)",22
Республика Дагестан,Мордва-мокша (мокша),2
Республика Дагестан,Мордва-эрзя (эрзя),1
Республика Дагестан,Немцы,113
Республика Дагестан,Ненцы (не),5
Республика Дагестан,"Ногайцы (караногайцы, ногай)",36944
Республика Дагестан,Осетины,521
Республика Дагестан,Осетины-дигорцы (дигорцы),5
Республика Дагестан,"Пакистанцы (балуч, белуджи, белуч, брагуи, джаты, калаши, панджабцы, пенджабцы, синдхи, шина)",1
Республика Дагестан,"Памирцы (бадахшанцы, ваханцы, вахи, памирские таджики, рухни, шугнанцы, язгулемцы)",2
Республика Дагестан,"Персы (иранцы, фарси, хазарейцы с языком персидским)",234
Республика Дагестан,Поляки,16
Республика Дагестан,Румыны,5
Республика Дагестан,"Русские (горяне, русаки, челдоны)",102243
Республика Дагестан,"Казаки (донские казаки, русские казаки)",64
Республика Дагестан,"Рутульцы (ихрекцы, катрухцы, рутул, хновцы)",27043
Республика Дагестан,Сербы,5
Республика Дагестан,Среднеазиатские евреи (бухарские евреи),1
Республика Дагестан,"Табасараны (табасаран, табасаранцы)",126319
Республика Дагестан,Таджики,314
Республика Дагестан,"Талыши (талыш-лезгины, толыш)",20
Республика Дагестан,"Татары (казанские татары, татар)",2473
Республика Дагестан,Сибирские татары (калмаки),2
Республика Дагестан,Таты (тат),214
Республика Дагестан,"Тувинцы (кызылчане, тува, тыва, урянхай)",20
Республика Дагестан,Турки (турко-грузины ),257
Республика Дагестан,"Турки-месхетинцы (ахыска, ахыска-турки, месхетинцы, турки-ахыска)",6
Республика Дагестан,Туркмены (тюрк с языком туркменским),123
Республика Дагестан,Удины,6
Республика Дагестан,Удмурты,36
Республика Дагестан,Удэгейцы,1
Республика Дагестан,Узбеки,520
Республика Дагестан,Уйгуры,12
Республика Дагестан,Украинцы,580
Республика Дагестан,Французы,3
Республика Дагестан,Хакасы,4
Республика Дагестан,Хорваты,1
Республика Дагестан,"Цахуры (йыхбы, цахурцы)",10320
Республика Дагестан,Цыгане,206
Республика Дагестан,Черкесы,74
Республика Дагестан,Чехи,6
Республика Дагестан,"Чеченцы (нохчий, нохчо, чечено-кумыки)",99320
Республика Дагестан,"Чеченцы-аккинцы (аккинцы, ауховцы, чеченцы-акинцы)",27
Республика Дагестан,Чуваши,63
Республика Дагестан,Чукчи,1
Республика Дагестан,Шорцы,2
Республика Дагестан,Эвены,3
Республика Дагестан,Эскимосы,1
Республика Дагестан,Эстонцы,5
Республика Дагестан,Якуты (саха),4
Республика Дагестан,Указавшие другие ответы о национальной принадлежности (не перечисленные выше),11711
Республика Дагестан,Нет национальной принадлежности,6976
Республика Дагестан,"Лица, в переписных листах которых национальная принадлежность не указана",47805
Республика Дагестан,отказавшиеся отвечать на вопрос о национальной принадлежности,36995
Республика Ингушетия,Все население,509541
Республика Ингушетия,Указавшие национальную принадлежность,491137
Республика Ингушетия,Абазины,3
Республика Ингушетия,Абхазы,3
Республика Ингушетия,Аварцы,63
Республика Ингушетия,Гинухцы,1
Республика Ингушетия,Агулы (агульцы),8
Республика Ингушетия,Адыгейцы,3
Республика Ингушетия,Азербайджанцы (азер),86
Республика Ингушетия,Алтайцы,3
Республика Ингушетия,Арабы,9
Республика Ингушетия,Армяне,24
Республика Ингушетия,Балкарцы,50
Республика Ингушетия,Башкиры,21
Республика Ингушетия,Белорусы (беларусы),6
Республика Ингушетия,Буряты,7
Республика Ингушетия,Греки,3
Республика Ингушетия,Грузины,40
Республика Ингушетия,Ингилойцы (ингилой),1
Республика Ингушетия,"Мегрелы (менгрелы, мингрелы)",4
Республика Ингушетия,Даргинцы,43
Республика Ингушетия,Евреи,2
Республика Ингушетия,"Ингуши (галга, галгаи, карабулакцы, мелхи с языком ингушским, мелхистинцы, нарт-орстхойцы, ортсхой, орстхо, орцхо, аланы с языком ингушским, вайнахи с языком ингушским, чечено-ингуши с языком ингушским)",473440
Республика Ингушетия,Кабардинцы,71
Республика Ингушетия,Казахи,88
Республика Ингушетия,Калмыки,20
Республика Ингушетия,Карачаевцы (карачай),33
Республика Ингушетия,"Киргизы (бишкекцы, катаган, кыргыз)",9
Республика Ингушетия,"Китайцы (баоани, мяо, тайванцы, тибетцы, хань, ханьцы, хмонги, хунхузы, юньнаньцы)",1
Республика Ингушетия,"Корейцы (калмыцкие корейцы, корё сарам, русские корейцы, северокорейцы)",2
Республика Ингушетия,Кумыки,82
Республика Ингушетия,"Курды (курд, армянские курды)",1
Республика Ингушетия,"Лакцы (кулинцы, лак, лаки, лаккучу, лакучу)",38
Республика Ингушетия,"Латыши (курляндцы, ливы, латвиеши, латвийцы, лифляндцы)",1
Республика Ингушетия,Лезгины,72
Республика Ингушетия,Марийцы,5
Республика Ингушетия,Молдаване,2
Республика Ингушетия,Монголы,3
Республика Ингушетия,Мордва,4
Республика Ингушетия,Немцы,4
Республика Ингушетия,Ногайцы,10
Республика Ингушетия,Осетины,72
Республика Ингушетия,Персы (иранцы),1
Республика Ингушетия,Русские,3294
Республика Ингушетия,Казаки,3
Республика Ингушетия,"Рутульцы (борчинцы, ихрекцы, катрухцы, рутул, хновцы)",8
Республика Ингушетия,Словенцы (славянцы),1
Республика Ингушетия,Табасараны (табасаранцы),33
Республика Ингушетия,Таджики,63
Республика Ингушетия,Татары (татар),54
Республика Ингушетия,Тувинцы,7
Республика Ингушетия,Турки,242
Республика Ингушетия,Турки-месхетинцы,10
Республика Ингушетия,Туркмены,5
Республика Ингушетия,Удмурты,9
Республика Ингушетия,Узбеки,38
Республика Ингушетия,Украинцы,34
Республика Ингушетия,Цахуры,1
Республика Ингушетия,Цыгане (дом),2
Республика Ингушетия,Черкесы,10
Республика Ингушетия,Чеченцы,12240
Республика Ингушетия,Чуваши,35
Республика Ингушетия,Чукчи,1
Республика Ингушетия,Якуты (саха),1
Республика Ингушетия,Указавшие другие ответы о национальной принадлежности (не перечисленные выше),81
Республика Ингушетия,Нет национальной принадлежности,635
Республика Ингушетия,"Лица, в переписных листах которых национальная принадлежность не указана",18404
Республика Ингушетия,отказавшиеся отвечать на вопрос о национальной принадлежности,12496
Кабардино-Балкарская Республика,Все население,904200
Кабардино-Балкарская Республика,Указавшие национальную принадлежность,880911
Кабардино-Балкарская Республика,Абазины,297
Кабардино-Балкарская Республика,Абхазы,71
Кабардино-Балкарская Республика,Аварцы,552
Кабардино-Балкарская Республика,Каратинцы,1
Кабардино-Балкарская Республика,Агулы (агульцы),14
Кабардино-Балкарская Республика,"Адыгейцы (адыге, адыги, адыгэ, бжедуги, адыги-черкесы)",579
Кабардино-Балкарская Республика,Азербайджанцы (азер),1767
Кабардино-Балкарская Республика,Алеуты,1
Кабардино-Балкарская Республика,Алтайцы,5
Кабардино-Балкарская Республика,Американцы,5
Кабардино-Балкарская Республика,"Арабы (египтяне, иорданцы, йеменцы, ливанцы, марокканцы, палестинцы, сирийцы)",727
Кабардино-Балкарская Республика,Армяне (руские армяне),3987
Кабардино-Балкарская Республика,Ассирийцы,27
Кабардино-Балкарская Республика,"Афганцы (афганистанцы, пуштуны, хазарейцы)",30
Кабардино-Балкарская Республика,"Балкарцы (кабардино-балкарцы с языком карачаево-балкарским, карачаево-балкарцы, аланы с языком карачаево-балкарским, балкарским)",120898
Кабардино-Балкарская Республика,Башкиры (башкирцы),67
Кабардино-Балкарская Республика,"Белорусы (беларусы, поляки с языком белорусским)",238
Кабардино-Балкарская Республика,Болгары (моздокские болгары),99
Кабардино-Балкарская Республика,Британцы (англичане),3
Кабардино-Балкарская Республика,Буряты,13
Кабардино-Балкарская Республика,Венгры,4
Кабардино-Балкарская Республика,Вьетнамцы,9
Кабардино-Балкарская Республика,Гагаузы,10
Кабардино-Балкарская Республика,Горские евреи,47
Кабардино-Балкарская Республика,Греки,111
Кабардино-Балкарская Республика,Грузины,1279
Кабардино-Балкарская Республика,Аджарцы,3
Кабардино-Балкарская Республика,Сваны,1
Кабардино-Балкарская Республика,Даргинцы,470
Кабардино-Балкарская Республика,Кубачинцы,6
Кабардино-Балкарская Республика,Дунгане,14
Кабардино-Балкарская Республика,"Евреи (ашкеназы, иудаисты, русские евреи)",734
Кабардино-Балкарская Республика,Езиды,4
Кабардино-Балкарская Республика,"Ингуши (евлойцы, орстхо)",946
Кабардино-Балкарская Республика,"Индийцы (индуисты, хинди)",255
Кабардино-Балкарская Республика,Испанцы,2
Кабардино-Балкарская Республика,Итальянцы,12
Кабардино-Балкарская Республика,"Кабардинцы (адыге с языком кабардинским, адыги с языком кабардинским, адыги-черкесы с языком кабардинским, адыгэ с языком кабардинским, армяно-кабардинцы с языком кабардинским, кабардино-балкарцы, моздокские кабардинцы, чечено-кабардинцы с языком кабардино-черкесским)",502615
Кабардино-Балкарская Республика,Казахи (карагандинцы),261
Кабардино-Балкарская Республика,Калмыки,31
Кабардино-Балкарская Республика,Караимы,1
Кабардино-Балкарская Республика,Карачаевцы (карачай),804
Кабардино-Балкарская Республика,Карелы,2
Кабардино-Балкарская Республика,Кеты,1
Кабардино-Балкарская Республика,Киргизы (кыргыз),41
Кабардино-Балкарская Республика,Китайцы,6
Кабардино-Балкарская Республика,Коми,15
Кабардино-Балкарская Республика,Коми-пермяки,2
Кабардино-Балкарская Республика,Корейцы (русские корейцы),2926
Кабардино-Балкарская Республика,Крымские татары,20
Кабардино-Балкарская Республика,Кумыки (кумук),548
Кабардино-Балкарская Республика,Курды (курд),239
Кабардино-Балкарская Республика,Лакцы (лак),986
Кабардино-Балкарская Республика,Латыши (латвийцы),18
Кабардино-Балкарская Республика,Лезгины,534
Кабардино-Балкарская Республика,Литовцы,9
Кабардино-Балкарская Республика,Манси,2
Кабардино-Балкарская Республика,"Марийцы (мари, марий)",19
Кабардино-Балкарская Республика,Молдаване,88
Кабардино-Балкарская Республика,"Мордва (мордвины, мордовцы)",103
Кабардино-Балкарская Республика,Немцы,558
Кабардино-Балкарская Республика,Ногайцы (ногай),195
Кабардино-Балкарская Республика,Осетины (аланы),6877
Кабардино-Балкарская Республика,"Осетины-дигорцы (дигор, дигорон, дигорцы)",46
Кабардино-Балкарская Республика,Осетины-иронцы (иронцы),7
Кабардино-Балкарская Республика,Пакистанцы (пенджабцы),2
Кабардино-Балкарская Республика,Памирцы,3
Кабардино-Балкарская Республика,"Персы (иранцы, фарси)",263
Кабардино-Балкарская Республика,Поляки (белорусские поляки),41
Кабардино-Балкарская Республика,Румыны,4
Кабардино-Балкарская Республика,Русины (гуцулы),3
Кабардино-Балкарская Республика,"Русские (горяне, русаки)",174768
Кабардино-Балкарская Республика,"Казаки (донские казаки, кубанские казаки, терские казаки)",63
Кабардино-Балкарская Республика,Рутульцы,18
Кабардино-Балкарская Республика,Сербы,5
Кабардино-Балкарская Республика,"Табасараны (табасаран, табасаранцы)",159
Кабардино-Балкарская Республика,Таджики,304
Кабардино-Балкарская Республика,Талыши,3
Кабардино-Балкарская Республика,Татары (татар),1544
Кабардино-Балкарская Республика,"Таты (гимейдинцы, тат)",7
Кабардино-Балкарская Республика,Тувинцы,3
Кабардино-Балкарская Республика,Турки,16860
Кабардино-Балкарская Республика,Турки-месхетинцы (месхетинцы),145
Кабардино-Балкарская Республика,Туркмены,109
Кабардино-Балкарская Республика,Удмурты,25
Кабардино-Балкарская Республика,Узбеки (локайцы),585
Кабардино-Балкарская Республика,Уйгуры,3
Кабардино-Балкарская Республика,Украинцы (русские украинцы),1461
Кабардино-Балкарская Республика,Французы,3
Кабардино-Балкарская Республика,Цахуры (цахурцы),2
Кабардино-Балкарская Республика,"Цыгане (влахи, рома)",4122
Кабардино-Балкарская Республика,"Черкесы (адыги с языком черкесским, адыгэ с языком черкесским, убыхи, адыги-черкесы с языком черкесским)",26544
Кабардино-Балкарская Республика,Чехи,3
Кабардино-Балкарская Республика,Чеченцы (нохчо),1675
Кабардино-Балкарская Республика,Чуваши,51
Кабардино-Балкарская Республика,Шапсуги,9
Кабардино-Балкарская Республика,Эвенки,1
Кабардино-Балкарская Республика,Эстонцы,13
Кабардино-Балкарская Республика,Якуты (саха),1
Кабардино-Балкарская Республика,Японцы,6
Кабардино-Балкарская Республика,Указавшие другие ответы о национальной принадлежности (не перечисленные выше),1018
Кабардино-Балкарская Республика,Нет национальной принадлежности,970
Кабардино-Балкарская Республика,"Лица, в переписных листах которых национальная принадлежность не указана",23289
Кабардино-Балкарская Республика,отказавшиеся отвечать на вопрос о национальной принадлежности,16721
Карачаево-Черкесская Республика,Все население,469865
Карачаево-Черкесская Республика,Указавшие национальную принадлежность,463268
Карачаево-Черкесская Республика,Абазины (абаза),37664
Карачаево-Черкесская Республика,Абхазы,195
Карачаево-Черкесская Республика,Аварцы,226
Карачаево-Черкесская Республика,Агулы (агульцы),10
Карачаево-Черкесская Республика,Адыгейцы (адыги),115
Карачаево-Черкесская Республика,Азербайджанцы (азер),720
Карачаево-Черкесская Республика,"Арабы (палестинцы, тунисцы)",19
Карачаево-Черкесская Республика,Армяне,1732
Карачаево-Черкесская Республика,Ассирийцы,8
Карачаево-Черкесская Республика,Афганцы,5
Карачаево-Черкесская Республика,"Балкарцы (карачаево-балкарцы, малкарцы, аланы с языком карачаево-балкарским, балкарским, карачай-малкар аланы)",973
Карачаево-Черкесская Республика,Башкиры (башкирцы),69
Карачаево-Черкесская Республика,Белорусы (беларусы),170
Карачаево-Черкесская Республика,Болгары,34
Карачаево-Черкесская Республика,Буряты,7
Карачаево-Черкесская Республика,Венгры,1
Карачаево-Черкесская Республика,Вьетнамцы,2
Карачаево-Черкесская Республика,Гагаузы,1
Карачаево-Черкесская Республика,Греки,704
Карачаево-Черкесская Республика,Грузины,273
Карачаево-Черкесская Республика,Аджарцы,3
Карачаево-Черкесская Республика,Лазы,2
Карачаево-Черкесская Республика,Мегрелы,5
Карачаево-Черкесская Республика,Сваны,4
Карачаево-Черкесская Республика,Даргинцы,329
Карачаево-Черкесская Республика,Кубачинцы,6
Карачаево-Черкесская Республика,Долганы,1
Карачаево-Черкесская Республика,Дунгане,6
Карачаево-Черкесская Республика,Евреи,28
Карачаево-Черкесская Республика,Езиды,3
Карачаево-Черкесская Республика,Ингуши,93
Карачаево-Черкесская Республика,Кабардинцы (кабардино-балкарцы),523
Карачаево-Черкесская Республика,Казахи,134
Карачаево-Черкесская Республика,Калмыки,54
Карачаево-Черкесская Республика,Каракалпаки,10
Карачаево-Черкесская Республика,"Карачаевцы (аланы с языком карачаевским, карачаево-черкесы, карачай)",205578
Карачаево-Черкесская Республика,Карелы,1
Карачаево-Черкесская Республика,Киргизы (кыргыз),17
Карачаево-Черкесская Республика,Китайцы,1
Карачаево-Черкесская Республика,Коми,2
Карачаево-Черкесская Республика,Коми-пермяки,11
Карачаево-Черкесская Республика,Корейцы,12
Карачаево-Черкесская Республика,Крымские татары,4
Карачаево-Черкесская Республика,Кубинцы,1
Карачаево-Черкесская Республика,Кумыки (кумук),312
Карачаево-Черкесская Республика,Курды (курд),35
Карачаево-Черкесская Республика,Лакцы,107
Карачаево-Черкесская Республика,Латыши,7
Карачаево-Черкесская Республика,Лезгины,307
Карачаево-Черкесская Республика,Литовцы,10
Карачаево-Черкесская Республика,Марийцы (мари),15
Карачаево-Черкесская Республика,Молдаване,40
Карачаево-Черкесская Республика,"Мордва (мордвины, мордовцы)",11
Карачаево-Черкесская Республика,Мордва-эрзя (эрзя),1
Карачаево-Черкесская Республика,Немцы,85
Карачаево-Черкесская Республика,Ногайцы (ногай),17368
Карачаево-Черкесская Республика,Осетины,2511
Карачаево-Черкесская Республика,Осетины-дигорцы (дигорцы),3
Карачаево-Черкесская Республика,Памирцы,2
Карачаево-Черкесская Республика,Персы (иранцы),22
Карачаево-Черкесская Республика,Поляки (белорусские поляки),16
Карачаево-Черкесская Республика,Румыны,2
Карачаево-Черкесская Республика,Русины,1
Карачаево-Черкесская Республика,Русские (албазинцы),127621
Карачаево-Черкесская Республика,"Казаки (кубанские казаки, русские казаки)",90
Карачаево-Черкесская Республика,Рутульцы (рутул),15
Карачаево-Черкесская Республика,Сербы,4
Карачаево-Черкесская Республика,Сойоты,1
Карачаево-Черкесская Республика,"Табасараны (табасаран, табасаранцы)",177
Карачаево-Черкесская Республика,Таджики,187
Карачаево-Черкесская Республика,Талыши,10
Карачаево-Черкесская Республика,Татары (татар),928
Карачаево-Черкесская Республика,Тувинцы,3
Карачаево-Черкесская Республика,Турки,778
Карачаево-Черкесская Республика,Туркмены,699
Карачаево-Черкесская Республика,Удмурты,16
Карачаево-Черкесская Республика,Узбеки,427
Карачаево-Черкесская Республика,Уйгуры,1
Карачаево-Черкесская Республика,Украинцы (русские украинцы),787
Карачаево-Черкесская Республика,Финны,1
Карачаево-Черкесская Республика,Хакасы (абаканцы),2
Карачаево-Черкесская Республика,Цахуры,1
Карачаево-Черкесская Республика,Цыгане,572
Карачаево-Черкесская Республика,"Черкесы (адыги с языком черкесским, убыхи, адыги-черкесы с языком черкесским)",58825
Карачаево-Черкесская Республика,Чеченцы,422
Карачаево-Черкесская Республика,Чуваши,26
Карачаево-Черкесская Республика,Эстонцы,10
Карачаево-Черкесская Республика,Якуты (саха),1
Карачаево-Черкесская Республика,Указавшие другие ответы о национальной принадлежности (не перечисленные выше),310
Карачаево-Черкесская Республика,Нет национальной принадлежности,857
Карачаево-Черкесская Республика,"Лица, в переписных листах которых национальная принадлежность не указана",6597
Карачаево-Черкесская Республика,отказавшиеся отвечать на вопрос о национальной принадлежности,4269
РСО-Алания,Все население,687357
РСО-Алания,Указавшие национальную принадлежность,646295
РСО-Алания,Абазины,9
РСО-Алания,Абхазы,62
РСО-Алания,Аварцы,664
РСО-Алания,Андийцы,2
РСО-Алания,Агулы (агульцы),28
РСО-Алания,Адыгейцы (адыги),31
РСО-Алания,"Азербайджанцы (азербайджанлы, азер, азери)",2285
РСО-Алания,Алтайцы,15
РСО-Алания,Челканцы,4
РСО-Алания,Американцы,3
РСО-Алания,"Арабы (арабы Объединенных Арабских Эмиратов, египтяне, иорданцы, ливанцы, палестинцы, сирийцы)",191
РСО-Алания,Армяне,11668
РСО-Алания,Ассирийцы,48
РСО-Алания,Афганцы,1
РСО-Алания,Балкарцы,84
РСО-Алания,Башкиры,41
РСО-Алания,Белорусы (беларусы),163
РСО-Алания,Болгары,58
РСО-Алания,Британцы (англичане),2
РСО-Алания,Буряты,4
РСО-Алания,"Венгры (мадьяр, мадьяры)",5
РСО-Алания,Вьетнамцы,5
РСО-Алания,Гагаузы,44
РСО-Алания,"Греки (греко-осетины, эллины)",862
РСО-Алания,Грузины,6756
РСО-Алания,Аджарцы,2
РСО-Алания,Мегрелы,2
РСО-Алания,Даргинцы,350
РСО-Алания,Кубачинцы,7
РСО-Алания,Долганы (долган),1
РСО-Алания,"Евреи (польские евреи, русские евреи)",191
РСО-Алания,Езиды,19
РСО-Алания,"Ингуши (карабулакцы, орстхо, орстхой)",24285
РСО-Алания,Индийцы (индуисты),89
РСО-Алания,Испанцы,1
РСО-Алания,Итальянцы (римляне),4
РСО-Алания,Кабардинцы (адыги с языком кабардинским),2214
РСО-Алания,Казахи,121
РСО-Алания,Калмыки,29
РСО-Алания,Каракалпаки,3
РСО-Алания,Карачаевцы,36
РСО-Алания,Карелы,1
РСО-Алания,Киргизы (кыргыз),23
РСО-Алания,Китайцы,5
РСО-Алания,Коми,1
РСО-Алания,Коми-пермяки,3
РСО-Алания,Корейцы,973
РСО-Алания,Коряки,1
РСО-Алания,Крымские татары,8
РСО-Алания,Кубинцы,1
РСО-Алания,Кумандинцы,1
РСО-Алания,"Кумыки (кумук, кумыки-осетины)",18054
РСО-Алания,Курды (курд),50
РСО-Алания,Лакцы,282
РСО-Алания,Латыши (латвийцы),10
РСО-Алания,Лезгины,512
РСО-Алания,Литовцы,7
РСО-Алания,Марийцы (мари),18
РСО-Алания,Молдаване,66
РСО-Алания,Монголы,4
РСО-Алания,Мордва (мордвины),23
РСО-Алания,Мордва-эрзя,1
РСО-Алания,Немцы,289
РСО-Алания,Ногайцы (ногай),135
РСО-Алания,"Осетины (аланы, северо-осетины)",439949
РСО-Алания,"Осетины-дигорцы (дигорон, дигорцы)",1219
РСО-Алания,"Осетины-иронцы (ирон, иронцы, кударцы, юго-осетины)",291
РСО-Алания,Пакистанцы (белуджи),1
РСО-Алания,Памирцы,4
РСО-Алания,Персы (иранцы),24
РСО-Алания,Поляки,58
РСО-Алания,Румыны,1
РСО-Алания,Русины (гуцулы),1
РСО-Алания,"Русские (сибиряки, чалдоны)",122240
РСО-Алания,"Казаки (русские казаки, терские казаки)",134
РСО-Алания,Рутульцы,18
РСО-Алания,Сербы,4
РСО-Алания,Словаки,2
РСО-Алания,"Табасараны (табасаран, табасаранцы)",257
РСО-Алания,Таджики,524
РСО-Алания,Талыши,1
РСО-Алания,"Татары (казанские татары, татар, татаро-башкиры)",686
РСО-Алания,Таты,1
РСО-Алания,Тувинцы,2
РСО-Алания,Турки,3878
РСО-Алания,Турки-месхетинцы (месхетинцы),17
РСО-Алания,Туркмены,154
РСО-Алания,Удмурты,24
РСО-Алания,Удэгейцы,2
РСО-Алания,Узбеки,398
РСО-Алания,Уйгуры,3
РСО-Алания,Украинцы,925
РСО-Алания,Финны,2
РСО-Алания,Французы,4
РСО-Алания,Цахуры,7
РСО-Алания,Цыгане,2069
РСО-Алания,"Черкесы (адыги с языком черкесским, адыгэ с языком черкесским, бесленеевцы, убыхи, адыги-черкесы с языком черкесским, сирийские адыги)",144
РСО-Алания,"Чехи (мораване, пражане)",3
РСО-Алания,Чеченцы (орстхой с языком чеченским),2492
РСО-Алания,Чеченцы-аккинцы (акинцы),1
РСО-Алания,Чуваши,53
РСО-Алания,Чукчи,3
РСО-Алания,Эвены,1
РСО-Алания,Эстонцы,7
РСО-Алания,Юкагиры,1
РСО-Алания,Якуты (саха),4
РСО-Алания,Японцы,1
РСО-Алания,Указавшие другие ответы о национальной принадлежности (не перечисленные выше),1284
РСО-Алания,Нет национальной принадлежности,207
РСО-Алания,"Лица, в переписных листах которых национальная принадлежность не указана",41062
РСО-Алания,отказавшиеся отвечать на вопрос о национальной принадлежности,14599
Чеченская Республика,Все население,1510824
Чеченская Республика,Указавшие национальную принадлежность,1510824
Чеченская Республика,Абазины (абаза),10
Чеченская Республика,Аварцы,4079
Чеченская Республика,Андийцы,17
Чеченская Республика,Дидойцы,4
Чеченская Республика,Чамалалы (кенхинцы),1
Чеченская Республика,Агулы (агульцы),103
Чеченская Республика,Адыгейцы (абадзехи),10
Чеченская Республика,Азербайджанцы,1189
Чеченская Республика,Алтайцы,60
Чеченская Республика,Тубалары (тубинцы),1
Чеченская Республика,"Арабы (иорданцы, иракцы, палестинцы, сирийцы)",76
Чеченская Республика,Армяне,348
Чеченская Республика,Ассирийцы,2
Чеченская Республика,Балкарцы (чегемцы),144
Чеченская Республика,Башкиры,157
Чеченская Республика,Белорусы (беларусы),17
Чеченская Республика,Болгары,8
Чеченская Республика,Британцы (англосаксы),1
Чеченская Республика,Буряты,63
Чеченская Республика,Вьетнамцы,1
Чеченская Республика,Гагаузы,2
Чеченская Республика,Греки,6
Чеченская Республика,Грузины,188
Чеченская Республика,Лазы (чаны),2
Чеченская Республика,Даргинцы,897
Чеченская Республика,Евреи,8
Чеченская Республика,"Ингуши (карабулакцы, орштхой)",1100
Чеченская Республика,Кабардинцы,384
Чеченская Республика,Казахи (туратинские казахи),780
Чеченская Республика,Калмыки,217
Чеченская Республика,Карачаевцы,27
Чеченская Республика,Карелы,1
Чеченская Республика,Киргизы (кыргыз),68
Чеченская Республика,Китайцы,36
Чеченская Республика,Коми,7
Чеченская Республика,Коми-пермяки,4
Чеченская Республика,Корейцы,18
Чеченская Республика,Крымские татары,4
Чеченская Республика,"Кумыки (кумук, чечено-кумыки с языком кумыкским)",12184
Чеченская Республика,Курды,5
Чеченская Республика,Лакцы,191
Чеченская Республика,Латыши,1
Чеченская Республика,Латгальцы,1
Чеченская Республика,Лезгины (лезги),1450
Чеченская Республика,Литовцы,4
Чеченская Республика,Македонцы,1
Чеченская Республика,Марийцы (мари),39
Чеченская Республика,Молдаване,25
Чеченская Республика,Мордва (мордовцы),29
Чеченская Республика,Мордва-эрзя (эрзя),1
Чеченская Республика,Нагайбаки,4
Чеченская Республика,Нганасаны (авамские),1
Чеченская Республика,Немцы,37
Чеченская Республика,Ненцы,1
Чеченская Республика,Ногайцы (ногай),2819
Чеченская Республика,Осетины,686
Чеченская Республика,Осетины-дигорцы (дигорцы),1
Чеченская Республика,Памирцы (рухни),2
Чеченская Республика,"Персы (иранцы, фарс)",4
Чеченская Республика,Поляки,1
Чеченская Республика,Русины,1
Чеченская Республика,Русские,18225
Чеченская Республика,Казаки (русские казаки),42
Чеченская Республика,Рутульцы,311
Чеченская Республика,Сербы,3
Чеченская Республика,"Табасараны (табасаран, табасаранцы)",1984
Чеченская Республика,Таджики,212
Чеченская Республика,Татары (татар),1237
Чеченская Республика,Мишари,1
Чеченская Республика,"Тувинцы (тува, тыва)",89
Чеченская Республика,Турки,1302
Чеченская Республика,Турки-месхетинцы (месхетинцы),5
Чеченская Республика,Туркмены,86
Чеченская Республика,Удины,3
Чеченская Республика,Удмурты,31
Чеченская Республика,Удэгейцы,1
Чеченская Республика,Узбеки,184
Чеченская Республика,Украинцы,154
Чеченская Республика,Хакасы,11
Чеченская Республика,Цахуры (цахурцы),84
Чеченская Республика,Цыгане (дом),19
Чеченская Республика,Черкесы,23
Чеченская Республика,Чехи,8
Чеченская Республика,"Чеченцы (вайнахи, грозненцы, мелхи, нохчий, нохчо, чечено-ингуши)",1456792
Чеченская Республика,"Чеченцы-аккинцы (акинцы, аккинцы)",9
Чеченская Республика,Чуваши,109
Чеченская Республика,Чукчи,6
Чеченская Республика,Эстонцы,6
Чеченская Республика,Якуты (саха),2
Чеченская Республика,Указавшие другие ответы о национальной принадлежности (не перечисленные выше),207
Чеченская Республика,Нет национальной принадлежности,2230
Ставропольский край,Все население,2907593
Ставропольский край,Указавшие национальную принадлежность,2785764
Ставропольский край,Абазины (абаза),2470
Ставропольский край,Абхазы,158
Ставропольский край,Аварцы (аварал),10288
Ставропольский край,Андийцы,87
Ставропольский край,Бежтинцы,2
Ставропольский край,Дидойцы,16
Ставропольский край,Тиндалы,2
Ставропольский край,Агулы (агульцы),1596
Ставропольский край,"Адыгейцы (адыге, адыги)",242
Ставропольский край,"Азербайджанцы (азер, азери, бакинцы, терекеме, теркеме)",13996
Ставропольский край,Алтайцы (ара),10
Ставропольский край,Тубалары,1
Ставропольский край,Американцы,17
Ставропольский край,"Арабы (алжирцы, арабы палестинцы, аравийцы, египтяне, иорданцы, иракцы, ливанцы, марокканцы, палестинцы, сирийцы, тунисцы)",407
Ставропольский край,"Армяне (армяно-греки, армяно-грузины, армяно-карачаевцы, армяно-татары, куралю, русские армяне)",135384
Ставропольский край,Ассирийцы,387
Ставропольский край,"Афганцы (афганистанцы, барбари, бербери, паштуны, пушту, пуштуны)",212
Ставропольский край,Балкарцы (карачаево-балкарцы),634
Ставропольский край,Башкиры (башкирцы),468
Ставропольский край,"Белорусы (беларусы, поляки с языком белорусским)",2240
Ставропольский край,Бесермяне (бесерман),1
Ставропольский край,Болгары,202
Ставропольский край,Британцы (англичане),19
Ставропольский край,Буряты,75
Ставропольский край,"Венгры (мадьяр, мадьяры)",37
Ставропольский край,Вепсы,2
Ставропольский край,Вьетнамцы (вьетконговцы),250
Ставропольский край,Гагаузы,49
Ставропольский край,Горские евреи,29
Ставропольский край,"Греки (понтийские греки, понтийцы, рум, русские греки, эллины)",23943
Ставропольский край,Грузины,6476
Ставропольский край,Аджарцы,11
Ставропольский край,Лазы,1
Ставропольский край,Мегрелы (менгрелы),12
Ставропольский край,"Даргинцы (акушинцы, мекегинцы, тавлинцы, урахинцы)",58785
Ставропольский край,Кубачинцы,7
Ставропольский край,Дунгане,1
Ставропольский край,"Евреи (идишисты, иудеи, русские евреи)",1583
Ставропольский край,"Езиды (езды, иезиды, йезиды)",2350
Ставропольский край,Ингуши (орстхой),1424
Ставропольский край,Индийцы (индуисты),27
Ставропольский край,Испанцы (каталанцы),12
Ставропольский край,Итальянцы,19
Ставропольский край,Ительмены,2
Ставропольский край,Кабардинцы (адыги с языком кабардинским),7077
Ставропольский край,Казахи,1617
Ставропольский край,Калмыки,617
Ставропольский край,Камчадалы,2
Ставропольский край,Каракалпаки,9
Ставропольский край,"Карачаевцы (карачаево-черкесы, карачай)",15649
Ставропольский край,Карелы,15
Ставропольский край,Киргизы (кыргыз),300
Ставропольский край,Китайцы (хань),109
Ставропольский край,"Коми (зыряне, коми морт, коми-зыряне, коми-обдор, удорачи)",85
Ставропольский край,Коми-пермяки (пермяки),44
Ставропольский край,Корейцы (русские корейцы),4263
Ставропольский край,Коряки,6
Ставропольский край,Крымские татары (татары с языком крымскотатарским),25
Ставропольский край,Крымчаки,2
Ставропольский край,Кубинцы,4
Ставропольский край,Кумыки (кумук),5213
Ставропольский край,Курды (курд),2532
Ставропольский край,"Лакцы (лак, лаки)",1615
Ставропольский край,Латыши (латвийцы),77
Ставропольский край,Латгальцы,1
Ставропольский край,Лезгины (лезги),7031
Ставропольский край,Литовцы,102
Ставропольский край,Македонцы,1
Ставропольский край,Манси,3
Ставропольский край,"Марийцы (мар, мари, марий)",223
Ставропольский край,Молдаване,698
Ставропольский край,Монголы,11
Ставропольский край,"Мордва (мордвины, мордовцы)",390
Ставропольский край,Мордва-мокша (мокша),3
Ставропольский край,Мордва-эрзя (эрзя),16
Ставропольский край,Нагайбаки,2
Ставропольский край,Нанайцы,4
Ставропольский край,Немцы (российские немцы),1893
Ставропольский край,Ненцы (не),59
Ставропольский край,Нивхи (гиляки),4
Ставропольский край,Ногайцы (ногай),22569
Ставропольский край,Орочи (ороч),1
Ставропольский край,Осетины (аланы),5149
Ставропольский край,Осетины-дигорцы (дигорцы),11
Ставропольский край,Осетины-иронцы (юго-осетины),1
Ставропольский край,"Пакистанцы (белуджи, джаты)",17
Ставропольский край,"Персы (иранцы, фарси, хазарейцы с языком персидским)",56
Ставропольский край,Поляки (белорусские поляки),289
Ставропольский край,Румыны,60
Ставропольский край,Русины (гуцулы),3
Ставропольский край,"Русские (великороссы, горяне, гураны, кубанцы, молокане, русаки, русичи, чалдоны, якутяне)",2309460
Ставропольский край,"Казаки (гребенские казаки, донские казаки, казаки-некрасовцы, кубанские казаки, русские казаки, терские казаки)",1089
Ставропольский край,Поморы,1
Ставропольский край,"Рутульцы (рутул, хновцы)",1787
Ставропольский край,Селькупы,2
Ставропольский край,Сербы,24
Ставропольский край,Словаки,5
Ставропольский край,Словенцы,1
Ставропольский край,"Табасараны (табасаран, табасаранцы)",6765
Ставропольский край,Таджики,1620
Ставропольский край,Талыши,9
Ставропольский край,"Татары (башкирские татары, татар)",8354
Ставропольский край,Кряшены,1
Ставропольский край,Таты (тат),19
Ставропольский край,Тувинцы (тыва),30
Ставропольский край,Турки,12724
Ставропольский край,"Турки-месхетинцы (ахыска, месхетинцы)",89
Ставропольский край,Туркмены (трухмены),15100
Ставропольский край,Удины,152
Ставропольский край,Удмурты,281
Ставропольский край,Узбеки,4041
Ставропольский край,Уйгуры,13
Ставропольский край,Уйльта,3
Ставропольский край,"Украинцы (казаки с языком украинским, малороссы, русские украинцы)",9895
Ставропольский край,Финны,21
Ставропольский край,Финны-ингерманландцы (ингерманландцы),1
Ставропольский край,Французы,22
Ставропольский край,Хакасы (пурус),35
Ставропольский край,Ханты,7
Ставропольский край,Хорваты,1
Ставропольский край,Цахуры (цахурцы),320
Ставропольский край,"Цыгане (плащуны, рома, русские цыгане)",38045
Ставропольский край,"Черкесы (адыгэ с языком черкесским, убыхи, адыги-черкесы с языком черкесским)",2455
Ставропольский край,Чехи,16
Ставропольский край,Чеченцы (нохчо),13779
Ставропольский край,Чеченцы-аккинцы,1
Ставропольский край,Чуваши,396
Ставропольский край,Чукчи,7
Ставропольский край,Шапсуги,5
Ставропольский край,Шорцы,4
Ставропольский край,Эвенки (эвенк),7
Ставропольский край,Эвены (эвэн),4
Ставропольский край,Эскимосы,1
Ставропольский край,Эстонцы,124
Ставропольский край,Юкагиры,2
Ставропольский край,Якуты (саха),27
Ставропольский край,Японцы,26
Ставропольский край,Указавшие другие ответы о национальной принадлежности (не перечисленные выше),9265
Ставропольский край,Нет национальной принадлежности,9200
Ставропольский край,"Лица, в переписных листах которых национальная принадлежность не указана",121829
Ставропольский край,отказавшиеся отвечать на вопрос о национальной принадлежности,103751
Республика Башкортостан,Все население,4091423
Республика Башкортостан,Указавшие национальную принадлежность,4025367
Республика Башкортостан,Абазины,8
Республика Башкортостан,Абхазы,40
Республика Башкортостан,Аварцы,246
Республика Башкортостан,Андийцы (андии),8
Республика Башкортостан,Бежтинцы,1
Республика Башкортостан,Агулы (агульцы),10
Республика Башкортостан,Адыгейцы,13
Республика Башкортостан,"Азербайджанцы (азер, азербайджано-русские, азери)",4928
Республика Башкортостан,Алтайцы,10
Республика Башкортостан,Американцы (афроамериканцы),18
Республика Башкортостан,"Арабы (алжирцы, аравийцы, египтяне, иорданцы, иракцы, йеменцы, марокканцы, палестинцы, сирийцы, тунисцы)",866
Республика Башкортостан,"Армяне (армяно-корейцы, армяно-татары, грузинские армяне, русские армяне)",9128
Республика Башкортостан,Ассирийцы,11
Республика Башкортостан,"Афганцы (афганистанцы, паштуны, пушту, пуштуны)",107
Республика Башкортостан,Балкарцы,59
Республика Башкортостан,"Башкиры ( башкиро-русские, башкиро-татары, башкирцы, башкорт, башкурт, казаки с языком башкирским, мин, татаро-башкиры с языком башкирским, тептяри с языком башкирским, уранцы)",1268806
Республика Башкортостан,"Белорусы (беларусы, белорусо-татары, литвины, литвяки, поляки с языком белорусским)",3753
Республика Башкортостан,Бесермяне (бесерман),8
Республика Башкортостан,Болгары,146
Республика Башкортостан,"Британцы (англичане, шотландцы)",18
Республика Башкортостан,Буряты,73
Республика Башкортостан,Венгры,17
Республика Башкортостан,Вепсы,2
Республика Башкортостан,"Вьетнамцы (таи, тхо)",729
Республика Башкортостан,Гагаузы,46
Республика Башкортостан,"Греки (рум, румеи)",308
Республика Башкортостан,Грузины (тушинцы),1005
Республика Башкортостан,Аджарцы,2
Республика Башкортостан,Ингилойцы,1
Республика Башкортостан,Мегрелы (мингрелы),1
Республика Башкортостан,Даргинцы,135
Республика Башкортостан,Долганы (долган),4
Республика Башкортостан,Дунгане,17
Республика Башкортостан,Евреи (иудеи),1208
Республика Башкортостан,"Езиды (езды, йезиды, курды-езиды, язиды)",705
Республика Башкортостан,Ижорцы (ингры),1
Республика Башкортостан,Ингуши,140
Республика Башкортостан,"Индийцы (индуисты, тамилы, хинди)",520
Республика Башкортостан,Испанцы,26
Республика Башкортостан,Итальянцы (римляне),24
Республика Башкортостан,Кабардинцы,42
Республика Башкортостан,Казахи,3796
Республика Башкортостан,Калмыки,47
Республика Башкортостан,Караимы,2
Республика Башкортостан,Каракалпаки,34
Республика Башкортостан,Карачаевцы,29
Республика Башкортостан,Карелы,13
Республика Башкортостан,"Киргизы  (катаган, кыргыз)",554
Республика Башкортостан,Китайцы (баоани),123
Республика Башкортостан,Коми (коми-зыряне),76
Республика Башкортостан,"Коми-пермяки (коми с языком коми-пермяцким, пермяки)",36
Республика Башкортостан,Корейцы,492
Республика Башкортостан,Коряки,2
Республика Башкортостан,"Крымские татары (крымтатар, татары с языком крымскотатарским)",74
Республика Башкортостан,Крымчаки,1
Республика Башкортостан,Кубинцы,41
Республика Башкортостан,Кумыки,87
Республика Башкортостан,Курды (курд),42
Республика Башкортостан,Лакцы,34
Республика Башкортостан,Латыши (латвийцы),465
Республика Башкортостан,Лезгины,247
Республика Башкортостан,Литовцы,119
Республика Башкортостан,Македонцы,1
Республика Башкортостан,Манси,6
Республика Башкортостан,"Марийцы (мар, мари, марий, черемисы)",84988
Республика Башкортостан,Лугово-восточные марийцы (луговые марийцы),1
Республика Башкортостан,Молдаване (бессарабцы),479
Республика Башкортостан,Монголы,11
Республика Башкортостан,"Мордва (мордвины, мордовцы)",10970
Республика Башкортостан,Мордва-мокша (мокша),7
Республика Башкортостан,"Мордва-эрзя (эрзя, эрзя-мурза)",71
Республика Башкортостан,Нагайбаки,39
Республика Башкортостан,Нанайцы (гольды),5
Республика Башкортостан,"Немцы (немцы поволжья, русские немцы)",2845
Республика Башкортостан,Ненцы (не),8
Республика Башкортостан,Нивхи,2
Республика Башкортостан,Ногайцы,40
Республика Башкортостан,Осетины,131
Республика Башкортостан,Пакистанцы (белуджи),3
Республика Башкортостан,Памирцы,7
Республика Башкортостан,"Персы (иранцы, фарс, фарси, хазарейцы с языком персидским)",37
Республика Башкортостан,Поляки,213
Республика Башкортостан,Румыны,10
Республика Башкортостан,"Русские (великороссы, гураны, кержаки, мерещяки, молокане, русаки, русско-устьинцы, челдоны)",1509246
Республика Башкортостан,"Казаки (донские казаки, кубанские казаки, русские казаки, уральские казаки, яицкие казаки)",256
Республика Башкортостан,Поморы,5
Республика Башкортостан,Рутульцы,3
Республика Башкортостан,Саамы,1
Республика Башкортостан,Сербы,27
Республика Башкортостан,Словаки,2
Республика Башкортостан,Словенцы,1
Республика Башкортостан,"Табасараны (табасаран, табасаранцы)",71
Республика Башкортостан,Таджики,8073
Республика Башкортостан,Талыши,29
Республика Башкортостан,"Татары (башкиро-татары с языком татарским, башкирские татары, волжские татары, казанские татары, касимовские татары, поволжские татары, татар, татаплар, татаро-башкиры, татаро-русские с языком татарским, татары-мишари, тептер, типтяр)",974533
Республика Башкортостан,Астраханские татары,1
Республика Башкортостан,"Кряшены (крещенцы, крещеные, крещеные татары, крещёны, кряшены-татары)",3641
Республика Башкортостан,"Мишари (мещеряки с языком татарским, мижер, мишар, мишары, мишэр)",149
Республика Башкортостан,Сибирские татары (тарские татары),6
Республика Башкортостан,"Таты (тат, таты-азербайджанцы)",91
Республика Башкортостан,Тувинцы (тыва),12
Республика Башкортостан,Турки,364
Республика Башкортостан,Турки-месхетинцы,8
Республика Башкортостан,Туркмены,561
Республика Башкортостан,Удины,3
Республика Башкортостан,Удмурты,17149
Республика Башкортостан,Удэгейцы,1
Республика Башкортостан,"Узбеки (кипчак, ташкентцы)",10148
Республика Башкортостан,Уйгуры,62
Республика Башкортостан,"Украинцы (казаки с языком украинским, малороссы, русские украинцы)",14876
Республика Башкортостан,Финны,14
Республика Башкортостан,Финны-ингерманландцы (ингерманландцы),1
Республика Башкортостан,Французы,37
Республика Башкортостан,Хакасы (аринцы),15
Республика Башкортостан,Ханты,7
Республика Башкортостан,Цахуры  (цахурцы),8
Республика Башкортостан,Цыгане (рома),729
Республика Башкортостан,Черкесы,13
Республика Башкортостан,Чехи,11
Республика Башкортостан,Чеченцы (мелхи),767
Республика Башкортостан,Чуванцы,4
Республика Башкортостан,"Чуваши (чаваш, чутары)",79950
Республика Башкортостан,Чукчи,4
Республика Башкортостан,Шорцы,4
Республика Башкортостан,"Эвенки (тунгус, эвенк)",5
Республика Башкортостан,Эвены (эвен),10
Республика Башкортостан,Эстонцы,81
Республика Башкортостан,Юкагиры,2
Республика Башкортостан,Якуты (саха),31
Республика Башкортостан,Японцы,6
Республика Башкортостан,Указавшие другие ответы о национальной принадлежности (не перечисленные выше),3837
Республика Башкортостан,Нет национальной принадлежности,5285
Республика Башкортостан,"Лица, в переписных листах которых национальная принадлежность не указана",66056
Республика Башкортостан,отказавшиеся отвечать на вопрос о национальной принадлежности,42312
Республика Марий Эл,Все население,677097
Республика Марий Эл,Указавшие национальную принадлежность,614959
Республика Марий Эл,Абазины,2
Республика Марий Эл,Абхазы,7
Республика Марий Эл,Аварцы,107
Республика Марий Эл,Агулы,1
Республика Марий Эл,Адыгейцы,5
Республика Марий Эл,"Азербайджанцы (азер, терекеме)",707
Республика Марий Эл,Американцы,2
Республика Марий Эл,"Арабы (алжирцы, египтяне, йеменцы, ливанцы, марокканцы, палестинцы, сирийцы)",106
Республика Марий Эл,Армяне,728
Республика Марий Эл,"Афганцы (пушту, хазарейцы)",3
Республика Марий Эл,Балкарцы,1
Республика Марий Эл,Башкиры (башкирцы),193
Республика Марий Эл,Белорусы (беларусы),410
Республика Марий Эл,Болгары,21
Республика Марий Эл,Британцы (англичане),4
Республика Марий Эл,Буряты,10
Республика Марий Эл,Венгры,1
Республика Марий Эл,Вепсы,4
Республика Марий Эл,Вьетнамцы,4
Республика Марий Эл,Гагаузы,30
Республика Марий Эл,"Греки (рум, румеи)",33
Республика Марий Эл,Грузины,167
Республика Марий Эл,Аджарцы,1
Республика Марий Эл,Даргинцы (левашинцы),31
Республика Марий Эл,Евреи (польские евреи),111
Республика Марий Эл,Ингуши (орстхойцы),5
Республика Марий Эл,"Индийцы (индуисты, хинди)",396
Республика Марий Эл,Испанцы,4
Республика Марий Эл,Итальянцы,4
Республика Марий Эл,Кабардинцы,5
Республика Марий Эл,Казахи (карагандинцы),121
Республика Марий Эл,Калмыки,4
Республика Марий Эл,Караимы,1
Республика Марий Эл,Каракалпаки,16
Республика Марий Эл,Карачаевцы,1
Республика Марий Эл,Карелы,7
Республика Марий Эл,Киргизы (кыргыз),65
Республика Марий Эл,Китайцы,8
Республика Марий Эл,Коми,66
Республика Марий Эл,Коми-ижемцы,2
Республика Марий Эл,Коми-пермяки,21
Республика Марий Эл,Корейцы,32
Республика Марий Эл,Крымские татары,18
Республика Марий Эл,Кубинцы,2
Республика Марий Эл,Кумыки,10
Республика Марий Эл,Курды (курд),2
Республика Марий Эл,Лакцы,11
Республика Марий Эл,Латыши (латвийцы),17
Республика Марий Эл,Лезгины,69
Республика Марий Эл,Литовцы,21
Республика Марий Эл,Манси,12
Республика Марий Эл,"Марийцы (мар, мари, марий, меря, черемисы)",246560
Республика Марий Эл,Горные марийцы (горномарийцы),13953
Республика Марий Эл,Лугово-восточные марийцы (луговые марийцы),69
Республика Марий Эл,Молдаване (бессарабцы),179
Республика Марий Эл,Монголы,1
Республика Марий Эл,"Мордва (мордвины, мордовцы)",423
Республика Марий Эл,Мордва-мокша (мокша),2
Республика Марий Эл,Мордва-эрзя (эрзя),9
Республика Марий Эл,Нагайбаки,2
Республика Марий Эл,Нанайцы,1
Республика Марий Эл,Немцы,187
Республика Марий Эл,Ненцы (не),8
Республика Марий Эл,Ногайцы,7
Республика Марий Эл,Осетины,33
Республика Марий Эл,"Пакистанцы (белуджи, пенджабцы)",2
Республика Марий Эл,Памирцы,5
Республика Марий Эл,Персы (иранцы),5
Республика Марий Эл,Поляки,35
Республика Марий Эл,Румыны,2
Республика Марий Эл,Русины (гуцулы),5
Республика Марий Эл,"Русские (великороссы, русаки)",322932
Республика Марий Эл,"Казаки (кубанские казаки, русские казаки)",46
Республика Марий Эл,Рутульцы,1
Республика Марий Эл,Сербы,4
Республика Марий Эл,Словенцы,1
Республика Марий Эл,Табасараны (табасаранцы),7
Республика Марий Эл,Таджики,622
Республика Марий Эл,Талыши,2
Республика Марий Эл,"Татары (башкирские татары, татар, татары-мишари)",29317
Республика Марий Эл,Кряшены (крещенцы),15
Республика Марий Эл,Мишари,2
Республика Марий Эл,Тувинцы,3
Республика Марий Эл,Турки,17
Республика Марий Эл,Турки-месхетинцы,1
Республика Марий Эл,Туркмены,329
Республика Марий Эл,Удмурты,1348
Республика Марий Эл,Узбеки,751
Республика Марий Эл,Уйгуры,3
Республика Марий Эл,Украинцы,1501
Республика Марий Эл,Финны,4
Республика Марий Эл,Французы,7
Республика Марий Эл,Ханты,6
Республика Марий Эл,Хорваты,2
Республика Марий Эл,Цахуры (цахурцы),8
Республика Марий Эл,Цыгане,160
Республика Марий Эл,Цыгане среднеазиатские,1
Республика Марий Эл,Черкесы,9
Республика Марий Эл,Чехи,3
Республика Марий Эл,Чеченцы,85
Республика Марий Эл,Чуваши (чаваш),3656
Республика Марий Эл,Чукчи,5
Республика Марий Эл,Шорцы,1
Республика Марий Эл,Эвенки,4
Республика Марий Эл,Эвены (ламут),3
Республика Марий Эл,Эстонцы,4
Республика Марий Эл,Якуты (саха),11
Республика Марий Эл,Японцы,3
Республика Марий Эл,Указавшие другие ответы о национальной принадлежности (не перечисленные выше),438
Республика Марий Эл,Нет национальной принадлежности,2649
Республика Марий Эл,"Лица, в переписных листах которых национальная принадлежность не указана",62138
Республика Марий Эл,отказавшиеся отвечать на вопрос о национальной принадлежности,19028
Республика Мордовия,Все население,783552
Республика Мордовия,Указавшие национальную принадлежность,750685
Республика Мордовия,Абхазы,11
Республика Мордовия,Аварцы,25
Республика Мордовия,Андийцы,1
Республика Мордовия,Адыгейцы,5
Республика Мордовия,"Азербайджанцы (азер, терекеме)",627
Республика Мордовия,Алеуты,1
Республика Мордовия,Американцы,5
Республика Мордовия,"Арабы (алжирцы, египтяне, иорданцы, иракцы, йеменцы, ливанцы, марокканцы, сирийцы)",421
Республика Мордовия,Армяне,1356
Республика Мордовия,Ассирийцы,1
Республика Мордовия,"Афганцы (пушту, пуштуны)",22
Республика Мордовия,Балкарцы,5
Республика Мордовия,Башкиры,82
Республика Мордовия,Белорусы (беларусы),309
Республика Мордовия,Бесермяне,2
Республика Мордовия,Болгары,8
Республика Мордовия,Британцы (англичане),1
Республика Мордовия,Буряты,12
Республика Мордовия,Венгры (мадьяры),3
Республика Мордовия,Вьетнамцы,9
Республика Мордовия,Гагаузы,7
Республика Мордовия,Греки (рум),32
Республика Мордовия,Грузины,233
Республика Мордовия,Даргинцы,27
Республика Мордовия,"Евреи (иудеи, русские евреи)",93
Республика Мордовия,Езиды,30
Республика Мордовия,Ижорцы,1
Республика Мордовия,Ингуши,17
Республика Мордовия,"Индийцы (гуджаратцы, индийцы хиндиязычные, индуисты, малаяли, хинди)",393
Республика Мордовия,Испанцы (канарцы),3
Республика Мордовия,Итальянцы,1
Республика Мордовия,Кабардинцы,6
Республика Мордовия,Казахи,94
Республика Мордовия,Калмыки (ойрат-калмыки),20
Республика Мордовия,Камчадалы,2
Республика Мордовия,Карачаевцы,6
Республика Мордовия,Карелы,6
Республика Мордовия,Киргизы (кыргыз),118
Республика Мордовия,Китайцы,20
Республика Мордовия,Коми (зыряне),14
Республика Мордовия,Коми-пермяки,6
Республика Мордовия,Корейцы,37
Республика Мордовия,Крымские татары (татары с языком крымскотатарским),6
Республика Мордовия,Кубинцы,1
Республика Мордовия,Кумыки,13
Республика Мордовия,Курды (курд),5
Республика Мордовия,Лакцы,7
Республика Мордовия,Латыши (латвийцы),19
Республика Мордовия,Лезгины,45
Республика Мордовия,Литовцы,21
Республика Мордовия,"Марийцы (мар, мари, марий)",94
Республика Мордовия,Молдаване,192
Республика Мордовия,"Мордва (мордвины, мордовцы)",290750
Республика Мордовия,Мордва-мокша (мокша),10099
Республика Мордовия,"Мордва-эрзя (мордва-шокша, шокша, эрзя)",43240
Республика Мордовия,Немцы (российские немцы),120
Республика Мордовия,Ненцы (не),3
Республика Мордовия,Ногайцы (ногай),8
Республика Мордовия,Осетины,35
Республика Мордовия,Пакистанцы,3
Республика Мордовия,Персы (иранцы),23
Республика Мордовия,Поляки,37
Республика Мордовия,Румыны,3
Республика Мордовия,Русины,1
Республика Мордовия,Русские (русаки),406061
Республика Мордовия,"Казаки (донские казаки, русские казаки)",24
Республика Мордовия,Поморы,1
Республика Мордовия,Рутульцы,1
Республика Мордовия,Саамы,1
Республика Мордовия,Сербы,11
Республика Мордовия,Словенцы,1
Республика Мордовия,Табасараны (табасаранцы),9
Республика Мордовия,Таджики,1544
Республика Мордовия,Татары ( татар),39855
Республика Мордовия,Кряшены,1
Республика Мордовия,Мишари,1
Республика Мордовия,Таты (таты-азербайджанцы),1
Республика Мордовия,Тувинцы (тыва),4
Республика Мордовия,Турки,37
Республика Мордовия,Туркмены,570
Республика Мордовия,Удмурты,39
Республика Мордовия,Узбеки,1038
Республика Мордовия,Уйгуры,2
Республика Мордовия,Украинцы (русские украинцы),1414
Республика Мордовия,Финны,4
Республика Мордовия,Финны-ингерманландцы (ингерманландцы),1
Республика Мордовия,Французы,2
Республика Мордовия,Хакасы,3
Республика Мордовия,Цыгане,184
Республика Мордовия,Черкесы,3
Республика Мордовия,Чехи,1
Республика Мордовия,Чеченцы,47
Республика Мордовия,Чуванцы,2
Республика Мордовия,Чуваши,446
Республика Мордовия,Чукчи,1
Республика Мордовия,Эвенки,2
Республика Мордовия,Эстонцы,9
Республика Мордовия,Якуты (саха),6
Республика Мордовия,Указавшие другие ответы о национальной принадлежности (не перечисленные выше),2921
Республика Мордовия,Нет национальной принадлежности,1009
Республика Мордовия,"Лица, в переписных листах которых национальная принадлежность не указана",32867
Республика Мордовия,отказавшиеся отвечать на вопрос о национальной принадлежности,13570
Республика Татарстан,Все население,4004809
Республика Татарстан,Указавшие национальную принадлежность,3903367
Республика Татарстан,Абазины,3
Республика Татарстан,Абхазы,67
Республика Татарстан,Аварцы,266
Республика Татарстан,Андийцы,1
Республика Татарстан,Ахвахцы,1
Республика Татарстан,Дидойцы,3
Республика Татарстан,Агулы (агульцы),25
Республика Татарстан,"Адыгейцы (адыги, адыгэ)",17
Республика Татарстан,"Азербайджанцы (азер, бакинцы, карапапахи)",8670
Республика Татарстан,Алеуты,1
Республика Татарстан,Алтайцы (алтай),28
Республика Татарстан,Тубалары,1
Республика Татарстан,Американцы (афроамериканцы),14
Республика Татарстан,"Арабы (алжирцы, аравийцы, египтяне, иорданцы, иракцы, йеменцы, ливанцы, марокканцы, палестинцы,сирийцы, тунисцы)",662
Республика Татарстан,Армяне (армяне-таты),6289
Республика Татарстан,Ассирийцы,45
Республика Татарстан,"Афганцы (афганистанцы, паштуны, пушту, пуштуны, хазарейцы)",95
Республика Татарстан,Балкарцы,26
Республика Татарстан,"Башкиры (башкирцы, башкорт, мин, татаро-башкиры (с языком башкирским)",11029
Республика Татарстан,"Белорусы (беларусы, поляки с языком белорусским)",2270
Республика Татарстан,Бесермяне,6
Республика Татарстан,Болгары,117
Республика Татарстан,Боснийцы (бошняки),8
Республика Татарстан,Британцы (англичане),27
Республика Татарстан,"Буряты (буряад, бурят-монголы)",189
Республика Татарстан,"Венгры (мадьяр, мадьяры)",22
Республика Татарстан,Вепсы,2
Республика Татарстан,"Вьетнамцы (кинь, таи)",293
Республика Татарстан,Гагаузы,43
Республика Татарстан,"Греки (рум, русские греки)",246
Республика Татарстан,Грузины,1429
Республика Татарстан,Аджарцы,1
Республика Татарстан,Мегрелы,4
Республика Татарстан,Даргинцы,242
Республика Татарстан,Кайтагцы,1
Республика Татарстан,Дунгане,26
Республика Татарстан,"Евреи (ашкеназ, иудаисты, иудеи, русские евреи)",1791
Республика Татарстан,Езиды,42
Республика Татарстан,Ингуши,84
Республика Татарстан,"Индийцы (индуисты, маратхи, мумбайцы, тамилы, хинди)",327
Республика Татарстан,"Испанцы (каталанцы, майоркинцы)",38
Республика Татарстан,Итальянцы (римляне),34
Республика Татарстан,Ительмены,1
Республика Татарстан,Кабардинцы,77
Республика Татарстан,Казахи,2523
Республика Татарстан,Калмыки,88
Республика Татарстан,Каракалпаки,40
Республика Татарстан,Карачаевцы (карачай),27
Республика Татарстан,Карелы,27
Республика Татарстан,Кереки,1
Республика Татарстан,Киргизы (кыргыз),2406
Республика Татарстан,Китайцы (тайванцы),316
Республика Татарстан,Коми (зыряне),114
Республика Татарстан,Коми-ижемцы,1
Республика Татарстан,"Коми-пермяки (коми с языком коми-пермяцким, пермяки)",116
Республика Татарстан,Корейцы,633
Республика Татарстан,Коряки,3
Республика Татарстан,Крымские татары (татары с языком крымскотатарским),123
Республика Татарстан,Кубинцы,5
Республика Татарстан,Кумыки,117
Республика Татарстан,Курды (курд),39
Республика Татарстан,Лакцы,84
Республика Татарстан,Латыши (латвийцы),84
Республика Татарстан,Латгальцы,2
Республика Татарстан,Лезгины,630
Республика Татарстан,Литовцы,105
Республика Татарстан,Манси,8
Республика Татарстан,"Марийцы (мар, мари, марий, черемисы)",15666
Республика Татарстан,Горные марийцы (горномарийцы),7
Республика Татарстан,"Молдаване (бессарабцы, бессарабы)",525
Республика Татарстан,Монголы,9
Республика Татарстан,"Мордва (каратаи, мордвины, мордовцы)",12065
Республика Татарстан,Мордва-мокша (мокша),49
Республика Татарстан,Мордва-эрзя (эрзя),357
Республика Татарстан,Нагайбаки,11
Республика Татарстан,Нанайцы,5
Республика Татарстан,"Немцы (германцы, немцы поволжья, поволжские немцы, российские немцы, русские немцы)",1188
Республика Татарстан,Ненцы,14
Республика Татарстан,Ногайцы (ногай),50
Республика Татарстан,Осетины,246
Республика Татарстан,Осетины-иронцы,1
Республика Татарстан,"Пакистанцы (белуджи, панджабцы, пенджабцы, шина)",24
Республика Татарстан,Памирцы,5
Республика Татарстан,"Персы (иранцы, фарс, фарси)",69
Республика Татарстан,Поляки,221
Республика Татарстан,Румыны,13
Республика Татарстан,Русины (лемки),3
Республика Татарстан,"Русские (ведруссы, великороссы, древляне, сибиряки, якутяне)",1574804
Республика Татарстан,"Казаки (волжские казаки, донские казаки, казарла, кубанские казаки, севрюки, уральские казаки)",221
Республика Татарстан,Поморы (важане),5
Республика Татарстан,Рутульцы,45
Республика Татарстан,Саамы (саами),1
Республика Татарстан,Селькупы,1
Республика Татарстан,Сербы,72
Республика Татарстан,Словаки,3
Республика Татарстан,Словенцы,1
Республика Татарстан,Среднеазиатские евреи (иври),1
Республика Татарстан,"Табасараны (табасаран, табасаранцы)",100
Республика Татарстан,"Таджики (кулябцы, тоджик)",12541
Республика Татарстан,Талыши,53
Республика Татарстан,"Татары (башкирские татары, волжские татары, казанские татары, касимовские татары, поволжские татары, татар, татарлар, татаро-башкиры, татаро-русские с языком татарским, татары-мишари, тептяри, типтяр, нугай с языком татарским)",2091175
Республика Татарстан,Астраханские татары,2
Республика Татарстан,"Кряшены (керешен, крещенцы, крещеные, крещеные татары, крещёны, кряшены-русские, кряшены-татары)",25189
Республика Татарстан,"Мишари (мишар, мишары, мишэр)",374
Республика Татарстан,Сибирские татары (тарские татары),13
Республика Татарстан,"Таты (тат, таты-азербайджанцы)",17
Республика Татарстан,Телеуты,2
Республика Татарстан,Тувинцы (тыва),47
Республика Татарстан,Турки,2096
Республика Татарстан,Турки-месхетинцы,1
Республика Татарстан,Туркмены (тюрк с языком туркменским),2514
Республика Татарстан,Удины,1
Республика Татарстан,Удмурты,21327
Республика Татарстан,Удэгейцы,1
Республика Татарстан,"Узбеки (локайцы, кипчак, ташкентцы)",14970
Республика Татарстан,Уйгуры,99
Республика Татарстан,"Украинцы (малороссийцы, русские украинцы)",9350
Республика Татарстан,Финны,27
Республика Татарстан,Французы,20
Республика Татарстан,Хакасы (аринцы),11
Республика Татарстан,Ханты,6
Республика Татарстан,Хорваты,2
Республика Татарстан,Цахуры (цахурцы),8
Республика Татарстан,"Цыгане (дом, русские цыгане)",568
Республика Татарстан,Черкесы,30
Республика Татарстан,Черногорцы,16
Республика Татарстан,Чехи,4
Республика Татарстан,Чеченцы,387
Республика Татарстан,Чуванцы,8
Республика Татарстан,"Чуваши (сувары, чаваш)",90474
Республика Татарстан,Чукчи,3
Республика Татарстан,Шорцы,5
Республика Татарстан,"Эвенки (тунгус, эвенк)",8
Республика Татарстан,Эскимосы,3
Республика Татарстан,Эстонцы,62
Республика Татарстан,Якуты (саха),87
Республика Татарстан,Японцы,6
Республика Татарстан,Указавшие другие ответы о национальной принадлежности (не перечисленные выше),6676
Республика Татарстан,Нет национальной принадлежности,3580
Республика Татарстан,"Лица, в переписных листах которых национальная принадлежность не указана",101442
Республика Татарстан,отказавшиеся отвечать на вопрос о национальной принадлежности,38709
Удмуртская Республика,Все население,1452914
Удмуртская Республика,Указавшие национальную принадлежность,1242862
Удмуртская Республика,Абхазы,17
Удмуртская Республика,Аварцы,93
Удмуртская Республика,Агулы (агульцы),5
Удмуртская Республика,Адыгейцы (кемгоевцы),2
Удмуртская Республика,Азербайджанцы (азер),3113
Удмуртская Республика,Алтайцы,2
Удмуртская Республика,Челканцы,1
Удмуртская Республика,Американцы,3
Удмуртская Республика,"Арабы (алжирцы, египтяне, иракцы, йеменцы, ливийцы, марокканцы, палестинцы, сирийцы, тунисцы)",173
Удмуртская Республика,"Армяне (армяно-русские, ереванцы, русские армяне)",2445
Удмуртская Республика,Ассирийцы,2
Удмуртская Республика,Афганцы (пушту),1
Удмуртская Республика,Балкарцы,5
Удмуртская Республика,Башкиры (башкорт),1982
Удмуртская Республика,"Белорусы (беларусы, поляки с белорусским языком)",988
Удмуртская Республика,Бесермяне (бесерман),1903
Удмуртская Республика,Болгары,58
Удмуртская Республика,Британцы (англичане),3
Удмуртская Республика,Буряты,44
Удмуртская Республика,Венгры,5
Удмуртская Республика,Вепсы,3
Удмуртская Республика,Водь,8
Удмуртская Республика,Вьетнамцы,29
Удмуртская Республика,Гагаузы,36
Удмуртская Республика,Греки (рум),139
Удмуртская Республика,Грузины,359
Удмуртская Республика,Аджарцы,1
Удмуртская Республика,Мегрелы (менгрелы),8
Удмуртская Республика,Даргинцы,101
Удмуртская Республика,Дунгане,1
Удмуртская Республика,"Евреи (ашкеназ, европейские евреи, русские евреи)",428
Удмуртская Республика,Езиды (курды-езиды),103
Удмуртская Республика,Ингуши,45
Удмуртская Республика,Индийцы (индуисты),22
Удмуртская Республика,Испанцы,1
Удмуртская Республика,Итальянцы (римляне),8
Удмуртская Республика,Кабардинцы (кабардино-балкарцы),28
Удмуртская Республика,Казахи,213
Удмуртская Республика,Калмыки,20
Удмуртская Республика,Караимы,1
Удмуртская Республика,Каракалпаки,5
Удмуртская Республика,Карачаевцы,13
Удмуртская Республика,Карелы,7
Удмуртская Республика,Киргизы (кыргыз),137
Удмуртская Республика,Китайцы,18
Удмуртская Республика,Коми (зыряне),102
Удмуртская Республика,"Коми-пермяки (коми с языком коми-пермяцким, пермяки)",169
Удмуртская Республика,Корейцы,153
Удмуртская Республика,Коряки,1
Удмуртская Республика,Крымские татары (татары с языком крымскотатарским),13
Удмуртская Республика,Кубинцы,1
Удмуртская Республика,Кумыки,20
Удмуртская Республика,Курды (курд),27
Удмуртская Республика,Лакцы,12
Удмуртская Республика,Латыши (латвийцы),15
Удмуртская Республика,Лезгины,86
Удмуртская Республика,Литовцы,49
Удмуртская Республика,Македонцы,2
Удмуртская Республика,Манси,6
Удмуртская Республика,"Марийцы (мар, мари, марий)",5983
Удмуртская Республика,Лугово-восточные марийцы (луговые марийцы),1
Удмуртская Республика,Молдаване,379
Удмуртская Республика,Монголы,1
Удмуртская Республика,"Мордва (мордвины, мордовцы)",466
Удмуртская Республика,Мордва-мокша (мокша),4
Удмуртская Республика,Мордва-эрзя (эрзя),14
Удмуртская Республика,Нагайбаки,4
Удмуртская Республика,Нанайцы,1
Удмуртская Республика,"Немцы (поволжские немцы, российские немцы, русские немцы, саксонцы)",567
Удмуртская Республика,Ненцы,4
Удмуртская Республика,Ногайцы,4
Удмуртская Республика,Осетины,63
Удмуртская Республика,Пакистанцы,8
Удмуртская Республика,Памирцы (ваханцы),2
Удмуртская Республика,Персы (иранцы),23
Удмуртская Республика,Поляки (белорусские поляки),109
Удмуртская Республика,Румыны,12
Удмуртская Республика,Русины (гуцулы),3
Удмуртская Республика,"Русские (ведруссы, великороссы, древляне, кержаки, молокане, русаки, сибиряки, староверы)",841581
Удмуртская Республика,"Казаки (донские казаки, русские казаки, уральские казаки)",92
Удмуртская Республика,Поморы,4
Удмуртская Республика,Рутульцы,6
Удмуртская Республика,Сербы,6
Удмуртская Республика,Табасараны (табасаранцы),18
Удмуртская Республика,Таджики,1500
Удмуртская Республика,Талыши,16
Удмуртская Республика,"Татары (бигер, казанские татары, татар, татаро-башкиры, татмурты)",67964
Удмуртская Республика,"Кряшены (керешен, крещенцы, крещеные, крещеные татары, кряшены-татары)",277
Удмуртская Республика,Мишари,3
Удмуртская Республика,Сибирские татары,1
Удмуртская Республика,"Таты (тат, таты-азербайджанцы)",6
Удмуртская Республика,Тувинцы,7
Удмуртская Республика,Турки,60
Удмуртская Республика,Туркмены,107
Удмуртская Республика,"Удмурты (вотяки, закамские удмурты, можгинцы)",299874
Удмуртская Республика,Узбеки,1641
Удмуртская Республика,Уйгуры,14
Удмуртская Республика,Уйльта,1
Удмуртская Республика,"Украинцы (казаки с языком украинским, малороссы, русские украинцы)",3648
Удмуртская Республика,Финны,17
Удмуртская Республика,Французы,4
Удмуртская Республика,Хакасы (аринцы),7
Удмуртская Республика,Ханты,8
Удмуртская Республика,Хемшилы (хемшины),1
Удмуртская Республика,Цахуры (цахурцы),4
Удмуртская Республика,"Цыгане (кэлдэрары, рома)",821
Удмуртская Республика,Черкесы,6
Удмуртская Республика,Чеченцы,245
Удмуртская Республика,Чуваши (чаваш),1253
Удмуртская Республика,Чукчи,4
Удмуртская Республика,Шорцы,1
Удмуртская Республика,Эвенки (эвенк),2
Удмуртская Республика,Эвены (эвен),3
Удмуртская Республика,Эскимосы,2
Удмуртская Республика,Эстонцы,13
Удмуртская Республика,Якуты (саха),17
Удмуртская Республика,Японцы,6
Удмуртская Республика,Указавшие другие ответы о национальной принадлежности (не перечисленные выше),936
Удмуртская Республика,Нет национальной принадлежности,2209
Удмуртская Республика,"Лица, в переписных листах которых национальная принадлежность не указана",210052
Удмуртская Республика,отказавшиеся отвечать на вопрос о национальной принадлежности,20175
Чувашская Республика,Все население,1186909
Чувашская Республика,Указавшие национальную принадлежность,1074805
Чувашская Республика,Абазины,6
Чувашская Республика,Абхазы,9
Чувашская Республика,Аварцы,84
Чувашская Республика,Андийцы,1
Чувашская Республика,Каратинцы,1
Чувашская Республика,Агулы (агульцы),2
Чувашская Республика,"Азербайджанцы (терекеме, теркеме)",672
Чувашская Республика,Алтайцы,2
Чувашская Республика,Американцы,2
Чувашская Республика,"Арабы (алжирцы, египтяне, иорданцы, иракцы, йеменцы, ливанцы, ливийцы, мавританцы, марокканцы, палестинцы, сирийцы, тунисцы)",507
Чувашская Республика,"Армяне (армяне-таты, русские армяне)",1067
Чувашская Республика,Афганцы (пуштуны),8
Чувашская Республика,Балкарцы,1
Чувашская Республика,Башкиры,170
Чувашская Республика,"Белорусы (беларусы, поляки с языком белорусским)",601
Чувашская Республика,Болгары,40
Чувашская Республика,Британцы (англичане),10
Чувашская Республика,Буряты,11
Чувашская Республика,Венгры,5
Чувашская Республика,Вьетнамцы (кинь),9
Чувашская Республика,Гагаузы (гагаузы-болгары),22
Чувашская Республика,Греки (рум),30
Чувашская Республика,Грузины,188
Чувашская Республика,Мегрелы,2
Чувашская Республика,Даргинцы,31
Чувашская Республика,"Евреи (иудеи, русские евреи, семиты)",208
Чувашская Республика,Езиды,23
Чувашская Республика,Ингуши,6
Чувашская Республика,"Индийцы (индуисты, тамильцы, хинди, хиндустанцы)",79
Чувашская Республика,Испанцы (каталонцы),8
Чувашская Республика,Итальянцы,8
Чувашская Республика,Ительмены,1
Чувашская Республика,Кабардинцы (кабардино-балкарцы),28
Чувашская Республика,Казахи,149
Чувашская Республика,Калмыки,17
Чувашская Республика,Камчадалы,1
Чувашская Республика,Каракалпаки,4
Чувашская Республика,Карачаевцы,12
Чувашская Республика,Карелы,19
Чувашская Республика,Киргизы (кыргыз),77
Чувашская Республика,Китайцы (хань),5
Чувашская Республика,Коми (коми-зыряне),94
Чувашская Республика,Коми-пермяки (пермяки),34
Чувашская Республика,Корейцы,72
Чувашская Республика,Коряки,1
Чувашская Республика,Крымские татары,11
Чувашская Республика,Кумандинцы,6
Чувашская Республика,Кумыки,19
Чувашская Республика,Курды (курд),3
Чувашская Республика,Лакцы,10
Чувашская Республика,Латыши (латвийцы),27
Чувашская Республика,Лезгины,54
Чувашская Республика,Литовцы,41
Чувашская Республика,Манси,2
Чувашская Республика,"Марийцы (мар, мари, марий)",2904
Чувашская Республика,Горные марийцы (горномарийцы),30
Чувашская Республика,Молдаване,217
Чувашская Республика,Монголы,2
Чувашская Республика,"Мордва (мордвины, мордовцы)",7707
Чувашская Республика,Мордва-мокша (мокша),3
Чувашская Республика,Мордва-эрзя (эрзя),1136
Чувашская Республика,Нанайцы,1
Чувашская Республика,"Немцы (прусаки, русские немцы)",208
Чувашская Республика,Ненцы (не),6
Чувашская Республика,Ногайцы,5
Чувашская Республика,Осетины,34
Чувашская Республика,Пакистанцы,2
Чувашская Республика,Памирцы (вахи),1
Чувашская Республика,"Персы (иранцы, фарс)",7
Чувашская Республика,Поляки,57
Чувашская Республика,Румыны,9
Чувашская Республика,Русины (бойки),2
Чувашская Республика,"Русские (ведруссы, великороссы, нууча, чалдоны, якутяне)",329991
Чувашская Республика,"Казаки (донские казаки, русские казаки)",33
Чувашская Республика,Поморы,1
Чувашская Республика,Саамы,1
Чувашская Республика,Сербы (серп),7
Чувашская Республика,Табасараны (табасаранцы),14
Чувашская Республика,Таджики (тоджик),1274
Чувашская Республика,Талыши,3
Чувашская Республика,"Татары (татар, татары-мишари)",29092
Чувашская Республика,Кряшены (крещеные татары),7
Чувашская Республика,"Мишари (мижер, мишар)",6
Чувашская Республика,Тувинцы,2
Чувашская Республика,Турки,30
Чувашская Республика,Туркмены,450
Чувашская Республика,Удины,1
Чувашская Республика,Удмурты (удморт),214
Чувашская Республика,Узбеки (локайцы),803
Чувашская Республика,Уйгуры,1
Чувашская Республика,"Украинцы (малороссы, русские украинцы)",2178
Чувашская Республика,Финны,8
Чувашская Республика,Французы,2
Чувашская Республика,Хакасы,7
Чувашская Республика,Ханты,6
Чувашская Республика,Цыгане,861
Чувашская Республика,Черкесы,4
Чувашская Республика,Черногорцы,3
Чувашская Республика,Чехи,4
Чувашская Республика,Чеченцы,87
Чувашская Республика,"Чуваши (сувары, чаваш)",684930
Чувашская Республика,Чукчи,10
Чувашская Республика,Шорцы,2
Чувашская Республика,"Эвенки (тунгус, эвенк)",7
Чувашская Республика,Эстонцы,4
Чувашская Республика,Якуты (саха),18
Чувашская Республика,Японцы,2
Чувашская Республика,Указавшие другие ответы о национальной принадлежности (не перечисленные выше),4157
Чувашская Республика,Нет национальной принадлежности,4974
Чувашская Республика,"Лица, в переписных листах которых национальная принадлежность не указана",112104
Чувашская Республика,отказавшиеся отвечать на вопрос о национальной принадлежности,25549
Пермский край,Все население,2532405
Пермский край,Указавшие национальную принадлежность,2270867
Пермский край,Абазины,2
Пермский край,Абхазы,25
Пермский край,Аварцы,133
Пермский край,Адыгейцы (адыги),6
Пермский край,"Азербайджанцы (азер, азери, тюрк с языком азербайджанским)",3987
Пермский край,Алтайцы,8
Пермский край,Американцы (афроамериканцы),11
Пермский край,"Арабы (алжирцы, египтяне, иорданцы, иракцы, йеменцы, ливийцы, марокканцы, сирийцы, тунисцы)",364
Пермский край,Армяне (русские армяне),4431
Пермский край,Ассирийцы,3
Пермский край,"Афганцы (паштуны, пуштуны)",40
Пермский край,Балкарцы,16
Пермский край,"Башкиры (башкирцы, башкорт, гайнинцы)",16105
Пермский край,"Белорусы (беларусы, поляки с языком белорусским)",2227
Пермский край,Бесермяне,20
Пермский край,Болгары,120
Пермский край,Боснийцы,1
Пермский край,Британцы (англичане),10
Пермский край,Буряты,51
Пермский край,Венгры,14
Пермский край,Вепсы (чудь),5
Пермский край,Вьетнамцы,19
Пермский край,Гагаузы,82
Пермский край,"Греки (рум, румеи)",151
Пермский край,Грузины,736
Пермский край,Ингилойцы (ингилой),11
Пермский край,"Мегрелы (менгрелы, мингрелы)",4
Пермский край,Сваны,1
Пермский край,Даргинцы,147
Пермский край,Кайтагцы,1
Пермский край,Дунгане,2
Пермский край,"Евреи (иудеи, польские евреи, русские евреи)",901
Пермский край,Езиды,16
Пермский край,Ингуши,167
Пермский край,"Индийцы (индуисты, каннара, маратхи, хинди)",453
Пермский край,Испанцы,8
Пермский край,Итальянцы,11
Пермский край,Кабардинцы,63
Пермский край,Казахи,593
Пермский край,Калмыки,40
Пермский край,Камчадалы,1
Пермский край,Караимы,1
Пермский край,Каракалпаки,9
Пермский край,Карачаевцы,25
Пермский край,Карелы,25
Пермский край,Кеты (остяки),1
Пермский край,Киргизы (кыргыз),1025
Пермский край,Китайцы,88
Пермский край,"Коми (зыряне, коми морт, коми-зыряне)",307
Пермский край,"Коми-пермяки (коми с языком коми-пермяцким, коми-язьвинцы, пермяки)",50163
Пермский край,Корейцы (русские корейцы),225
Пермский край,Коряки,4
Пермский край,Крымские татары (татары с языком крымскотатарским),84
Пермский край,Кубинцы,3
Пермский край,Кумандинцы,9
Пермский край,Кумыки,70
Пермский край,Курды (курд),17
Пермский край,Лакцы,31
Пермский край,Латыши (латвийцы),65
Пермский край,Латгальцы,1
Пермский край,Лезгины,273
Пермский край,Литовцы,121
Пермский край,Македонцы,2
Пермский край,Манси (вогулы),15
Пермский край,"Марийцы (мар, мари, марий, черемисы)",1955
Пермский край,Лугово-восточные марийцы (луговые марийцы),1
Пермский край,"Молдаване (бессарабцы, бессарабы)",575
Пермский край,Монголы,4
Пермский край,"Мордва (мордвины, мордовцы)",462
Пермский край,Мордва-мокша (мокша),2
Пермский край,Мордва-эрзя (эрзя),6
Пермский край,Нагайбаки,2
Пермский край,"Немцы (волжские немцы, германцы, поволжские немцы, российские немцы, русские немцы)",2458
Пермский край,Ненцы  (не),11
Пермский край,Нивхи,1
Пермский край,Ногайцы,7
Пермский край,Осетины,130
Пермский край,Пакистанцы (белуджи),3
Пермский край,Памирцы (шугнанцы),7
Пермский край,Персы (иранцы),22
Пермский край,Поляки (белорусские поляки),197
Пермский край,Румыны,25
Пермский край,"Русины (гуцулы, закарпатцы)",13
Пермский край,"Русские (ведруссы, великороссы, гураны, кержаки, кубанцы, русаки, сибиряки, чалдоны, челдоны, якутяне)",2030442
Пермский край,"Казаки (кубанские казаки, русские казаки,   уральские казаки)",93
Пермский край,Поморы,5
Пермский край,Рутульцы,14
Пермский край,Саамы,1
Пермский край,Селькупы,2
Пермский край,Сербы,28
Пермский край,Словаки,2
Пермский край,Словенцы,1
Пермский край,Среднеазиатские евреи (бухарские евреи),1
Пермский край,Табасараны (табасаранцы),101
Пермский край,Таджики,6013
Пермский край,Талыши,11
Пермский край,"Татары (гайнинцы-татары, казанские татары, пермские татары, татар, татаро-башкиры)",92472
Пермский край,"Кряшены (крещенцы, крещеные, крещеные татары)",27
Пермский край,Мишари,4
Пермский край,Таты (тат),4
Пермский край,Тувинцы,32
Пермский край,Турки,161
Пермский край,Турки-месхетинцы (месхетинцы),2
Пермский край,Туркмены,235
Пермский край,Удины (уди),1
Пермский край,Удмурты (вотяки),11808
Пермский край,Удэгейцы,2
Пермский край,Узбеки,3877
Пермский край,Уйгуры,46
Пермский край,"Украинцы (малороссы, русские украинцы)",5831
Пермский край,Ульчи,1
Пермский край,Финны,38
Пермский край,Финны-ингерманландцы (ингерманландцы),2
Пермский край,Французы,5
Пермский край,Хакасы (пурус),8
Пермский край,Ханты,14
Пермский край,Хорваты,3
Пермский край,Цахуры (цахурцы),8
Пермский край,"Цыгане (ром, рома, уральские котляры)",927
Пермский край,Цыгане среднеазиатские,1
Пермский край,Черкесы,11
Пермский край,Чехи,5
Пермский край,Чеченцы,442
Пермский край,Чуванцы,4
Пермский край,Чуваши,2092
Пермский край,Чукчи,3
Пермский край,Шорцы,9
Пермский край,Эвенки (тунгус),5
Пермский край,Эскимосы,5
Пермский край,Эстонцы,38
Пермский край,Сету,2
Пермский край,Якуты (саха),16
Пермский край,Японцы,3
Пермский край,Указавшие другие ответы о национальной принадлежности (не перечисленные выше),19018
Пермский край,Нет национальной принадлежности,7720
Пермский край,"Лица, в переписных листах которых национальная принадлежность не указана",261538
Пермский край,отказавшиеся отвечать на вопрос о национальной принадлежности,65299
Кировская область,Все население,1153680
Кировская область,Указавшие национальную принадлежность,1062933
Кировская область,Абазины,2
Кировская область,Абхазы,13
Кировская область,Аварцы,110
Кировская область,Агулы (агульцы),4
Кировская область,Адыгейцы (адыги),2
Кировская область,"Азербайджанцы (азер, азери)",1495
Кировская область,Алеуты,1
Кировская область,Алтайцы,3
Кировская область,Американцы,2
Кировская область,"Арабы (алжирцы, египтяне,иракцы, йеменцы, мавры, мавританцы, сирийцы)",239
Кировская область,Армяне (русские армяне),1245
Кировская область,Афганцы,1
Кировская область,Балкарцы,8
Кировская область,Башкиры,289
Кировская область,"Белорусы (беларусы, западные белорусы, поляки с языком белорусским)",734
Кировская область,Бесермяне (бесерман),13
Кировская область,Болгары,53
Кировская область,Британцы (англичане),3
Кировская область,Буряты,27
Кировская область,Венгры,13
Кировская область,Вепсы (чудь),2
Кировская область,Вьетнамцы,26
Кировская область,Гагаузы,20
Кировская область,Греки (рум),34
Кировская область,Грузины,251
Кировская область,Ингилойцы,4
Кировская область,Мегрелы (менгрелы),2
Кировская область,Даргинцы,93
Кировская область,Дунгане,1
Кировская область,Евреи (русские евреи),147
Кировская область,Езиды (язиды),22
Кировская область,Ингуши (орстхоевцы),112
Кировская область,Индийцы (индуисты),6
Кировская область,Испанцы,2
Кировская область,Итальянцы (римляне),9
Кировская область,Ительмены,1
Кировская область,Кабардинцы,50
Кировская область,Казахи,209
Кировская область,Калмыки,15
Кировская область,Караимы,1
Кировская область,Каракалпаки,3
Кировская область,Карачаевцы,13
Кировская область,Карелы,15
Кировская область,Киргизы (кыргыз),149
Кировская область,Китайцы (хань),83
Кировская область,Коми (зыряне),526
Кировская область,Коми-ижемцы,9
Кировская область,"Коми-пермяки (коми с языком коми-пермяцким, пермяки)",166
Кировская область,Корейцы,63
Кировская область,Крымские татары,1
Кировская область,Кубинцы,3
Кировская область,Кумыки,37
Кировская область,Курды (курд),4
Кировская область,Лакцы,19
Кировская область,Латыши (латвийцы),35
Кировская область,Лезгины,100
Кировская область,Литовцы,52
Кировская область,Манси,4
Кировская область,"Марийцы (мар, мари, марий, меря, черемисы)",18766
Кировская область,Молдаване,526
Кировская область,Монголы,5
Кировская область,"Мордва (мордвины, мордовцы)",182
Кировская область,Мордва-мокша (мокша),1
Кировская область,Мордва-эрзя (эрзя),3
Кировская область,Нагайбаки,1
Кировская область,Немцы (русские немцы),470
Кировская область,Ненцы,31
Кировская область,Ногайцы,7
Кировская область,Осетины,59
Кировская область,Пакистанцы,6
Кировская область,Памирцы (шугнанцы),1
Кировская область,Персы (иранцы),8
Кировская область,Поляки,72
Кировская область,Румыны,22
Кировская область,"Русины (гуцулы, закарпатцы)",13
Кировская область,"Русские (великороссы, челдоны)",986152
Кировская область,"Казаки (донские казаки, кубанские казаки, русские казаки)",36
Кировская область,Поморы,1
Кировская область,Рутульцы,19
Кировская область,Саамы (саами),2
Кировская область,Сербы,6
Кировская область,Словаки,3
Кировская область,"Табасараны (табасаран, табасаранцы)",60
Кировская область,Таджики,567
Кировская область,Талыши,16
Кировская область,Татары (татар),26181
Кировская область,"Кряшены (керешен, крещеные, крещеные татары, кряшены-татары)",168
Кировская область,Мишари,1
Кировская область,Тувинцы,1
Кировская область,Турки,17
Кировская область,Туркмены,34
Кировская область,Удины,1
Кировская область,Удмурты (вотяки),7698
Кировская область,Узбеки,588
Кировская область,Уйгуры,3
Кировская область,"Украинцы (западенцы, казаки с языком украинским, русские украинцы)",3169
Кировская область,Финны,2
Кировская область,Французы,25
Кировская область,Хакасы (аринцы),3
Кировская область,Ханты,15
Кировская область,Цахуры (цахурцы),5
Кировская область,Цыгане (русские цыгане),987
Кировская область,Черкесы,5
Кировская область,Чехи,3
Кировская область,Чеченцы,161
Кировская область,Чуваши,752
Кировская область,Чукчи,1
Кировская область,Шорцы,1
Кировская область,Эвенки (эвенк),5
Кировская область,Эскимосы,1
Кировская область,Эстонцы,46
Кировская область,Юкагиры,1
Кировская область,Якуты (саха),9
Кировская область,Японцы,1
Кировская область,Указавшие другие ответы о национальной принадлежности (не перечисленные выше),8081
Кировская область,Нет национальной принадлежности,1612
Кировская область,"Лица, в переписных листах которых национальная принадлежность не указана",90747
Кировская область,отказавшиеся отвечать на вопрос о национальной принадлежности,14618
Нижегородская область,Все население,3119115
Нижегородская область,Указавшие национальную принадлежность,2572136
Нижегородская область,Абазины,13
Нижегородская область,Абхазы,64
Нижегородская область,Аварцы,345
Нижегородская область,Дидойцы (цунтинцы),5
Нижегородская область,Агулы (агульцы),23
Нижегородская область,"Адыгейцы (адыги, адыгэ)",21
Нижегородская область,"Азербайджанцы (азер, терекеме, тюрк с языком азербайджанским)",5041
Нижегородская область,Алтайцы (ара),17
Нижегородская область,Американцы (афроамериканцы),12
Нижегородская область,"Арабы (алжирцы, египтяне, иорданцы, иракцы, йеменцы, ливанцы, ливийцы, марокканцы, палестинцы, сирийцы, тунисцы)",296
Нижегородская область,Армяне (руские армяне),9547
Нижегородская область,Ассирийцы,49
Нижегородская область,Афганцы (пуштуны),5
Нижегородская область,Балкарцы,29
Нижегородская область,"Башкиры (башкирцы, татаро-башкиры с языком башкирским)",426
Нижегородская область,"Белорусы (беларусы, поляки с языком белорусским)",1633
Нижегородская область,Бесермяне,3
Нижегородская область,Болгары,94
Нижегородская область,Боснийцы,1
Нижегородская область,"Британцы (англичане, великобританцы)",12
Нижегородская область,Буряты (агинцы),56
Нижегородская область,Венгры,4
Нижегородская область,Вепсы (чудь),12
Нижегородская область,Вьетнамцы,28
Нижегородская область,Гагаузы,153
Нижегородская область,Горские евреи,1
Нижегородская область,Греки (рум),141
Нижегородская область,Греки-урумы (урум),1
Нижегородская область,Грузины,1077
Нижегородская область,Аджарцы,1
Нижегородская область,Мегрелы,1
Нижегородская область,Даргинцы,226
Нижегородская область,Долганы (долган),1
Нижегородская область,Дунгане,2
Нижегородская область,"Евреи (иудеи, русские евреи)",1472
Нижегородская область,"Езиды (езды, йезиды, езиды)",2103
Нижегородская область,Ингуши,137
Нижегородская область,Индийцы (индуисты),25
Нижегородская область,Испанцы,15
Нижегородская область,Итальянцы (римляне),14
Нижегородская область,Кабардинцы,171
Нижегородская область,Казахи,571
Нижегородская область,Калмыки,22
Нижегородская область,Камчадалы,2
Нижегородская область,Караимы,2
Нижегородская область,Каракалпаки,4
Нижегородская область,Карачаевцы,57
Нижегородская область,Карелы,21
Нижегородская область,Киргизы (кыргыз),1004
Нижегородская область,Китайцы (хань),69
Нижегородская область,Коми (зыряне),164
Нижегородская область,Коми-пермяки,48
Нижегородская область,Корейцы (русские корейцы),346
Нижегородская область,Коряки,1
Нижегородская область,Крымские татары,32
Нижегородская область,Кубинцы,13
Нижегородская область,Кумандинцы,1
Нижегородская область,Кумыки,164
Нижегородская область,Курды (курд),23
Нижегородская область,Лакцы,48
Нижегородская область,Латыши (латвийцы),57
Нижегородская область,Лезгины,462
Нижегородская область,Литовцы,73
Нижегородская область,Македонцы,1
Нижегородская область,Манси,4
Нижегородская область,"Марийцы (мар, мари, марий, меря)",2919
Нижегородская область,Горные марийцы (горномарийцы),22
Нижегородская область,Лугово-восточные марийцы (луговые марийцы),1
Нижегородская область,"Молдаване (бессарабцы, бессарабы)",773
Нижегородская область,Монголы,9
Нижегородская область,"Мордва (мордвины, мордовцы, терюхане, терюханские мордвины)",7432
Нижегородская область,Мордва-мокша (мокша),23
Нижегородская область,"Мордва-эрзя (мордва-шокша, шокша, эрзя)",663
Нижегородская область,Нанайцы,2
Нижегородская область,"Немцы (германцы, немцы поволжья, поволжские немцы, российские немцы, русские немцы)",552
Нижегородская область,Ненцы (не),15
Нижегородская область,Ногайцы,21
Нижегородская область,Осетины,239
Нижегородская область,Пакистанцы (панджабцы),2
Нижегородская область,Памирцы,10
Нижегородская область,"Персы (иранцы, фарс, фарси, фарсиваны)",26
Нижегородская область,Поляки,156
Нижегородская область,Румыны,17
Нижегородская область,Русины (гуцулы),11
Нижегородская область,"Русские (великороссы, кулугуры, русаки, русичи, скобари)",2448926
Нижегородская область,"Казаки (донские казаки, русские казаки)",108
Нижегородская область,Поморы,6
Нижегородская область,Рутульцы,5
Нижегородская область,Саамы (саами),4
Нижегородская область,Селькупы,2
Нижегородская область,Сербы,29
Нижегородская область,Словаки,3
Нижегородская область,Словенцы,4
Нижегородская область,"Табасараны (табасаран, табасаранцы)",100
Нижегородская область,Таджики,2915
Нижегородская область,Талыши,18
Нижегородская область,"Татары (казанские татары, татар, татаро-башкиры, татары-мишари)",26685
Нижегородская область,Кряшены (крещеные),5
Нижегородская область,Мишари,3
Нижегородская область,Сибирские татары,1
Нижегородская область,"Таты (тат, таты-азербайджанцы)",4
Нижегородская область,Тофалары (тофа),1
Нижегородская область,Тувинцы (тыва),50
Нижегородская область,Турки,127
Нижегородская область,Туркмены (трухмены),146
Нижегородская область,Удмурты (вотяки),310
Нижегородская область,Узбеки,4105
Нижегородская область,Уйгуры,11
Нижегородская область,"Украинцы (малороссы, русские украинцы)",6260
Нижегородская область,Ульчи (ульча),4
Нижегородская область,Финны,16
Нижегородская область,Финны-ингерманландцы (ингерманландцы),1
Нижегородская область,Французы,5
Нижегородская область,Хакасы (аринцы),10
Нижегородская область,Ханты,14
Нижегородская область,Хорваты,1
Нижегородская область,Цахуры (цахурцы),30
Нижегородская область,Цыгане (русские цыгане),3246
Нижегородская область,Черкесы,53
Нижегородская область,Чехи,5
Нижегородская область,Чеченцы,223
Нижегородская область,Чуваши (чаваш),4584
Нижегородская область,Чукчи,5
Нижегородская область,Шорцы,1
Нижегородская область,Эвенки (эвенк),4
Нижегородская область,Эскимосы,1
Нижегородская область,Эстонцы,31
Нижегородская область,Якуты (саха) (сахаляры),26
Нижегородская область,Японцы,1
Нижегородская область,Указавшие другие ответы о национальной принадлежности (не перечисленные выше),28123
Нижегородская область,Нет национальной принадлежности,7406
Нижегородская область,"Лица, в переписных листах которых национальная принадлежность не указана",546979
Нижегородская область,отказавшиеся отвечать на вопрос о национальной принадлежности,84721
Оренбургская область,Все население,1862767
Оренбургская область,Указавшие национальную принадлежность,1741189
Оренбургская область,Абазины,6
Оренбургская область,Абхазы,12
Оренбургская область,Аварцы,199
Оренбургская область,Агулы (агульцы),7
Оренбургская область,"Адыгейцы (адыги, адыгэ)",14
Оренбургская область,"Азербайджанцы (азер, азери, бакинцы, тюрк (с языком азербайджанским)",5714
Оренбургская область,Алтайцы,6
Оренбургская область,Тубалары,3
Оренбургская область,Американцы,4
Оренбургская область,"Арабы (египтяне, ливийцы, марокканцы, сирийцы, тунисцы)",35
Оренбургская область,Армяне (руские армяне),8747
Оренбургская область,Ассирийцы,12
Оренбургская область,"Афганцы (афганистанцы, паштуны, пушту, пуштуны, хазарейцы)",57
Оренбургская область,Балкарцы,16
Оренбургская область,"Башкиры (башкиро-татары, башкирцы, башкорт, казаки с языком башкирским, татаро-башкиры с языком башкирским)",36181
Оренбургская область,"Белорусы (беларусы, поляки с языком белорусским)",2014
Оренбургская область,Болгары,206
Оренбургская область,Британцы (англичане),7
Оренбургская область,Буряты,40
Оренбургская область,"Венгры (мадьяр, мадьяры)",306
Оренбургская область,Вепсы,1
Оренбургская область,Вьетнамцы,155
Оренбургская область,Гагаузы,60
Оренбургская область,"Греки (рум, румеи, русские греки, эллины)",230
Оренбургская область,Грузины,612
Оренбургская область,Аджарцы,1
Оренбургская область,Мегрелы (менгрелы),1
Оренбургская область,Даргинцы,477
Оренбургская область,Дунгане,2
Оренбургская область,"Евреи (иудеи, польские евреи, русские евреи)",607
Оренбургская область,Езиды (язиды),53
Оренбургская область,Ингуши (орстхо),86
Оренбургская область,Индийцы (индуисты),487
Оренбургская область,Испанцы,5
Оренбургская область,Итальянцы (римляне),13
Оренбургская область,Кабардинцы,70
Оренбургская область,Казахи,107734
Оренбургская область,Калмыки,22
Оренбургская область,Каракалпаки,41
Оренбургская область,Карачаевцы,23
Оренбургская область,Карелы,10
Оренбургская область,Киргизы (кыргыз),606
Оренбургская область,Китайцы,22
Оренбургская область,Коми (зыряне),39
Оренбургская область,Коми-пермяки (пермяки),52
Оренбургская область,Корейцы,1472
Оренбургская область,Крымские татары (татары с языком крымскотатарским),36
Оренбургская область,Кумандинцы,1
Оренбургская область,Кумыки,79
Оренбургская область,Курды (курд),44
Оренбургская область,Лакцы,44
Оренбургская область,Латыши (латвийцы),48
Оренбургская область,Лезгины,235
Оренбургская область,Литовцы,97
Оренбургская область,Македонцы,4
Оренбургская область,Манси,2
Оренбургская область,"Марийцы (мари, марий, черемисы)",423
Оренбургская область,Молдаване,554
Оренбургская область,Монголы,3
Оренбургская область,"Мордва (мордвины, мордовцы)",18300
Оренбургская область,Мордва-мокша (мокша),21
Оренбургская область,Мордва-эрзя (эрзя),139
Оренбургская область,Нагайбаки,11
Оренбургская область,Нанайцы,5
Оренбургская область,Нганасаны,1
Оренбургская область,"Немцы (германцы, прусаки, русские немцы)",6258
Оренбургская область,Меннониты,1
Оренбургская область,Ненцы,3
Оренбургская область,Нивхи,1
Оренбургская область,Ногайцы,38
Оренбургская область,Осетины,137
Оренбургская область,Памирцы,8
Оренбургская область,"Персы (иранцы, фарс, фарси, фарсиваны)",54
Оренбургская область,Поляки,178
Оренбургская область,Румыны,18
Оренбургская область,Русины (закарпатцы),6
Оренбургская область,"Русские (великороссы, мещеряки, русаки, сибиряки, чалдоны)",1380674
Оренбургская область,"Казаки (донские казаки, оренбургские казаки,  русские казаки, уральские казаки, яицкие казаки)",395
Оренбургская область,Рутульцы (рутул),161
Оренбургская область,Саамы (саами),1
Оренбургская область,Сербы,10
Оренбургская область,Словаки,2
Оренбургская область,"Табасараны (табасаран, табасаранцы)",48
Оренбургская область,Таджики,5080
Оренбургская область,Талыши,51
Оренбургская область,"Татары (башкиро-татары с языком татарским, татар, татаро-башкиры)",116605
Оренбургская область,"Кряшены (крещенцы, крещеные, крещеные татары)",30
Оренбургская область,Мишари (мишар),37
Оренбургская область,"Таты (тат, таты-азербайджанцы)",4
Оренбургская область,Тувинцы,65
Оренбургская область,Турки,1154
Оренбургская область,Турки-месхетинцы (месхетинцы),38
Оренбургская область,Туркмены,182
Оренбургская область,Удмурты (удморт),541
Оренбургская область,Удэгейцы,1
Оренбургская область,"Узбеки (карлуки, локайцы, кипчак, хорезмцы)",5942
Оренбургская область,Уйгуры,25
Оренбургская область,"Украинцы (казаки c языком украинским, малороссы, русские украинцы)",16639
Оренбургская область,Финны,5
Оренбургская область,Французы,2
Оренбургская область,"Хакасы (аринцы, пурус)",18
Оренбургская область,Ханты,7
Оренбургская область,Цахуры (цахурцы),5
Оренбургская область,"Цыгане (венгерские цыгане, русские цыгане)",1679
Оренбургская область,Цыгане среднеазиатские,1
Оренбургская область,Черкесы,7
Оренбургская область,Черногорцы,3
Оренбургская область,Чехи,40
Оренбургская область,Чеченцы,818
Оренбургская область,Чуваши  (чаваш),6090
Оренбургская область,Чукчи,5
Оренбургская область,Шапсуги (абреки),1
Оренбургская область,Шорцы,3
Оренбургская область,"Эвенки (тунгус, эвенк)",3
Оренбургская область,Эстонцы,34
Оренбургская область,Якуты (саха),11
Оренбургская область,Японцы,1
Оренбургская область,Указавшие другие ответы о национальной принадлежности (не перечисленные выше),7544
Оренбургская область,Нет национальной принадлежности,4639
Оренбургская область,"Лица, в переписных листах которых национальная принадлежность не указана",121578
Оренбургская область,отказавшиеся отвечать на вопрос о национальной принадлежности,45666
Пензенская область,Все население,1266348
Пензенская область,Указавшие национальную принадлежность,1150603
Пензенская область,Абхазы,21
Пензенская область,Аварцы,155
Пензенская область,Дидойцы,6
Пензенская область,Агулы (агульцы),8
Пензенская область,Адыгейцы (адыги),11
Пензенская область,"Азербайджанцы (азер, тюрк с языком азербайджанским)",1500
Пензенская область,Американцы,1
Пензенская область,"Арабы (алжирцы, египтяне, иорданцы, ливанцы, ливийцы, марокканцы, палестинцы, сирийцы)",129
Пензенская область,Армяне (руские армяне),3756
Пензенская область,Ассирийцы,26
Пензенская область,"Афганцы (пуштуны, хазарейцы)",37
Пензенская область,Балкарцы,4
Пензенская область,Башкиры (башкирцы),205
Пензенская область,"Белорусы (беларусы, поляки с языком белорусским)",597
Пензенская область,Болгары,41
Пензенская область,Британцы  (англичане),2
Пензенская область,Буряты,15
Пензенская область,Венгры,3
Пензенская область,Вьетнамцы (таи),96
Пензенская область,Гагаузы,19
Пензенская область,Горские евреи,1
Пензенская область,Греки (рум),67
Пензенская область,Грузины,291
Пензенская область,Даргинцы,123
Пензенская область,Дунгане,304
Пензенская область,"Евреи (иудеи, русские евреи)",269
Пензенская область,Езиды (язиды),347
Пензенская область,Ингуши,81
Пензенская область,Индийцы (индуисты),359
Пензенская область,Испанцы,3
Пензенская область,Итальянцы,4
Пензенская область,Кабардинцы,20
Пензенская область,Казахи (жаппас),351
Пензенская область,Калмыки,12
Пензенская область,Каракалпаки,5
Пензенская область,Карачаевцы (карачай),22
Пензенская область,Карелы,7
Пензенская область,Киргизы (кыргыз),663
Пензенская область,Китайцы,70
Пензенская область,Коми,19
Пензенская область,Коми-пермяки,14
Пензенская область,Корейцы,125
Пензенская область,Крымские татары (татары с языком крымскотатарским),6
Пензенская область,Крымчаки,1
Пензенская область,Кубинцы,4
Пензенская область,Кумыки,37
Пензенская область,Курды (курд),10
Пензенская область,Лакцы,12
Пензенская область,Латыши,19
Пензенская область,Лезгины,201
Пензенская область,Литовцы,34
Пензенская область,Македонцы,2
Пензенская область,Манси,1
Пензенская область,"Марийцы (мари, марий, меря, черемисы)",82
Пензенская область,Горные марийцы (горномарийцы),1
Пензенская область,"Молдаване (бессарабцы, бессарабы)",364
Пензенская область,Монголы,15
Пензенская область,"Мордва (мордвины, мордовцы, чуматары)",28361
Пензенская область,Мордва-мокша (мокша),323
Пензенская область,Мордва-эрзя (эрзя),1178
Пензенская область,"Немцы (поволжские немцы, русские немцы)",358
Пензенская область,Ненцы,1
Пензенская область,Нивхи,2
Пензенская область,Ногайцы,8
Пензенская область,Осетины,96
Пензенская область,Пакистанцы,3
Пензенская область,"Персы (иранцы, фарс)",10
Пензенская область,Поляки,58
Пензенская область,Румыны,6
Пензенская область,Русины,3
Пензенская область,"Русские (ведруссы, великороссы, кулугуры, русаки, сибиряки)",1007598
Пензенская область,"Казаки (донские казаки, кубанские казаки, уральские казаки)",63
Пензенская область,Поморы,2
Пензенская область,Рутульцы,3
Пензенская область,Саамы,1
Пензенская область,Сербы,3
Пензенская область,"Табасараны (табасаран, табасаранцы)",70
Пензенская область,Таджики,3467
Пензенская область,Талыши,4
Пензенская область,"Татары (татар, чуматары с языком татарским)",74083
Пензенская область,Мишари (мишар),5
Пензенская область,Тувинцы,2
Пензенская область,Турки,136
Пензенская область,Турки-месхетинцы,1
Пензенская область,Туркмены (ашхабадцы),293
Пензенская область,Удмурты,70
Пензенская область,Узбеки,3092
Пензенская область,Уйгуры,15
Пензенская область,"Украинцы (казаки с языком украинским, малороссы, русские украинцы)",3393
Пензенская область,Финны,4
Пензенская область,Французы,3
Пензенская область,Хакасы,2
Пензенская область,Ханты,1
Пензенская область,Хорваты,2
Пензенская область,"Цыгане (ромалэ, русские цыгане)",4272
Пензенская область,Черкесы,12
Пензенская область,Чехи,4
Пензенская область,Чеченцы,492
Пензенская область,Чуваши (чаваш),4034
Пензенская область,Чукчи,1
Пензенская область,Эвенки,1
Пензенская область,Эвены (ламут),1
Пензенская область,Эстонцы,7
Пензенская область,Якуты (саха),9
Пензенская область,Японцы,1
Пензенская область,Указавшие другие ответы о национальной принадлежности (не перечисленные выше),7633
Пензенская область,Нет национальной принадлежности,2416
Пензенская область,"Лица, в переписных листах которых национальная принадлежность не указана",115745
Пензенская область,отказавшиеся отвечать на вопрос о национальной принадлежности,36798
Самарская область,Все население,3172925
Самарская область,Указавшие национальную принадлежность,2968040
Самарская область,Абазины,15
Самарская область,Абхазы,42
Самарская область,Аварцы,304
Самарская область,Андийцы,1
Самарская область,Дидойцы,1
Самарская область,Чамалалы (урухцы),1
Самарская область,Агулы (агульцы),28
Самарская область,Адыгейцы (адыги),14
Самарская область,"Азербайджанцы (азер, терекеме, теркеме, тюрк с языком азербайджанским)",10596
Самарская область,Алеуты,1
Самарская область,Алтайцы,16
Самарская область,Американцы (афроамериканцы),10
Самарская область,"Арабы (алжирцы, аравийцы, египтяне, иракцы, йеменцы, катарцы, ливанцы, марокканцы, сирийцы)",215
Самарская область,"Армяне (армяно-русские, руские армяне)",19732
Самарская область,Ассирийцы (айсоры),17
Самарская область,"Афганцы (пуштуны, хазарейцы)",4
Самарская область,Балкарцы,18
Самарская область,"Башкиры (башкирцы, башкорт, бушман)",5254
Самарская область,"Белорусы (беларусы, литвины)",3054
Самарская область,Бесермяне,2
Самарская область,Болгары,180
Самарская область,Боснийцы,6
Самарская область,"Британцы (англичане, валлийцы, уэльсцы, шотландцы)",29
Самарская область,Буряты,68
Самарская область,Венгры (мадьяр),19
Самарская область,Вепсы,6
Самарская область,Вьетнамцы,80
Самарская область,Гагаузы,37
Самарская область,Горские евреи,2
Самарская область,Греки (рум),283
Самарская область,Грузины,2301
Самарская область,Аджарцы,2
Самарская область,Мегрелы (менгрелы),4
Самарская область,Даргинцы (дарган),155
Самарская область,Долганы,1
Самарская область,Дунгане,13
Самарская область,"Евреи (иудеи, русские евреи)",2260
Самарская область,"Езиды (езды, йезиды, язиды)",714
Самарская область,Ингуши,105
Самарская область,"Индийцы (индуисты, хинди)",14
Самарская область,Испанцы (андалузцы),9
Самарская область,Итальянцы (римляне),26
Самарская область,Ительмены,3
Самарская область,Кабардинцы,87
Самарская область,Казахи,15058
Самарская область,Калмыки,50
Самарская область,Камчадалы,1
Самарская область,Каракалпаки,13
Самарская область,Карачаевцы,34
Самарская область,Карелы,45
Самарская область,Кереки,4
Самарская область,Кеты (остяки),1
Самарская область,Киргизы (кыргыз),2406
Самарская область,Китайцы,37
Самарская область,"Коми (зыряне, коми-зыряне)",66
Самарская область,"Коми-пермяки (зюздинцы, пермяки)",81
Самарская область,Корейцы (русские корейцы),935
Самарская область,Коряки,1
Самарская область,Крымские татары,38
Самарская область,Крымчаки,4
Самарская область,Кубинцы,5
Самарская область,Кумандинцы,1
Самарская область,Кумыки,113
Самарская область,Курды (курд),62
Самарская область,Лакцы,67
Самарская область,Латыши (латвийцы),153
Самарская область,Латгальцы,4
Самарская область,Лезгины (аныхцы),634
Самарская область,Литовцы,143
Самарская область,Македонцы,1
Самарская область,Манси,5
Самарская область,"Марийцы (мари, марий)",1286
Самарская область,Горные марийцы (горномарийцы),2
Самарская область,"Молдаване (бессарабцы, бессарабы)",837
Самарская область,Монголы,8
Самарская область,"Мордва (каратаи, мордвины, мордовцы, чуматары, чумордосы, чумотары)",29659
Самарская область,Мордва-мокша (мокша),81
Самарская область,"Мордва-эрзя (шокша, эрзя)",428
Самарская область,Нагайбаки,2
Самарская область,"Немцы (немцы поволжья, поволжские немцы, российские немцы, русские немцы)",3059
Самарская область,Ненцы (не),18
Самарская область,Нивхи,4
Самарская область,Ногайцы,21
Самарская область,Осетины (аланы),421
Самарская область,Пакистанцы,5
Самарская область,Памирцы,26
Самарская область,"Персы (иранцы, парси, фарс)",49
Самарская область,Поляки,395
Самарская область,Румыны,24
Самарская область,Русины (гуцулы),13
Самарская область,"Русские (великороссы, древляне,кубанцы, мещеряки, русаки)",2659734
Самарская область,"Казаки (донские казаки, запорожские казаки, кубанские казаки, оренбургские казаки, русские казаки, уральские казаки, яицкие казаки)",263
Самарская область,Поморы,10
Самарская область,Рутульцы (рутул),12
Самарская область,Саамы (саами),1
Самарская область,Сербы,48
Самарская область,Словаки,6
Самарская область,"Табасараны (табасаран, табасаранцы)",120
Самарская область,Таджики,12844
Самарская область,Талыши,95
Самарская область,"Татары (башкирские татары, казанские татары, кукморцы, татар, татаро-русские с языком татарским, татары-мишари)",94452
Самарская область,Кряшены (крещеные татары),163
Самарская область,"Мишари (мижер, мишар)",6
Самарская область,"Таты (тат, таты-азербайджанцы)",6
Самарская область,Телеуты,1
Самарская область,Тофалары,1
Самарская область,Тувинцы (тыва),26
Самарская область,Турки (османы),231
Самарская область,Турки-месхетинцы (турки-ахыска),7
Самарская область,Туркмены,565
Самарская область,Удины,2
Самарская область,Удмурты,543
Самарская область,Удэгейцы,1
Самарская область,"Узбеки (кашкадарьинцы, локайцы, ташкентцы)",13048
Самарская область,Уйгуры,41
Самарская область,"Украинцы (малороссы, русские украинцы)",14292
Самарская область,Финны,36
Самарская область,Финны-ингерманландцы (ингерманландцы),2
Самарская область,Французы,43
Самарская область,"Хакасы (аринцы, пурус)",21
Самарская область,Ханты,9
Самарская область,Хорваты,3
Самарская область,Цахуры (цахурцы),37
Самарская область,"Цыгане (рома, русские цыгане)",3456
Самарская область,Черкесы,35
Самарская область,Черногорцы,2
Самарская область,Чехи,27
Самарская область,Чеченцы,965
Самарская область,Чуванцы,25
Самарская область,"Чуваши (сувары, чаваш)",46222
Самарская область,Чукчи,24
Самарская область,Шорцы,4
Самарская область,"Эвенки (тунгус, тунгусы)",8
Самарская область,Эвены,6
Самарская область,Эстонцы (чухонцы),108
Самарская область,Юкагиры,1
Самарская область,Якуты (саха),35
Самарская область,Японцы,3
Самарская область,Указавшие другие ответы о национальной принадлежности (не перечисленные выше),9722
Самарская область,Нет национальной принадлежности,9667
Самарская область,"Лица, в переписных листах которых национальная принадлежность не указана",204885
Самарская область,отказавшиеся отвечать на вопрос о национальной принадлежности,126872
Саратовская область,Все население,2442575
Саратовская область,Указавшие национальную принадлежность,2211271
Саратовская область,Абазины,20
Саратовская область,Абхазы,88
Саратовская область,Аварцы,1117
Саратовская область,Андийцы (андал),7
Саратовская область,Дидойцы,6
Саратовская область,Каратинцы,3
Саратовская область,Агулы (агульцы),299
Саратовская область,Адыгейцы (адыги),23
Саратовская область,"Азербайджанцы (азер, кашкайцы, теркеме, тюрк с языком азербайджанским)",12362
Саратовская область,Алтайцы,3
Саратовская область,Тубалары (туба),1
Саратовская область,Американцы (афроамериканцы),14
Саратовская область,"Арабы (алжирцы, арабы Объединенных Арабских Эмиратов, бедуины, египтяне, иорданцы, иракцы, йеменцы, ливанцы, мавританцы, марокканцы, палестинцы, сирийцы, тунисцы)",187
Саратовская область,Армяне (русские армяне),18465
Саратовская область,Ассирийцы,27
Саратовская область,Афганцы (пуштуны),12
Саратовская область,Балкарцы,40
Саратовская область,"Башкиры (башкиро-татары, башкирцы, бушман)",2129
Саратовская область,"Белорусы (беларусы, поляки с языком белорусским)",2723
Саратовская область,Болгары,110
Саратовская область,Британцы (англичане),8
Саратовская область,Буряты,57
Саратовская область,Венгры (мадьяры),40
Саратовская область,Вепсы,2
Саратовская область,Вьетнамцы (таи),16
Саратовская область,Гагаузы,38
Саратовская область,Горские евреи (горские),1
Саратовская область,"Греки (рум, румеи, русские греки)",302
Саратовская область,Грузины,1248
Саратовская область,Аджарцы,2
Саратовская область,Мегрелы (мингрелы),8
Саратовская область,Даргинцы,489
Саратовская область,Долганы,1
Саратовская область,Дунгане,1740
Саратовская область,"Евреи (иудеи, польские евреи, русские евреи)",1148
Саратовская область,"Езиды (езды, иезиды, язиды)",1254
Саратовская область,Ингуши (орстхо),223
Саратовская область,"Индийцы (индуисты, маратхи)",22
Саратовская область,Испанцы,6
Саратовская область,Итальянцы,12
Саратовская область,Ительмены,3
Саратовская область,Кабардинцы,167
Саратовская область,Казахи,64065
Саратовская область,Калмыки,151
Саратовская область,Караимы,2
Саратовская область,Каракалпаки,36
Саратовская область,Карачаевцы,120
Саратовская область,Карелы,17
Саратовская область,Кеты,1
Саратовская область,Киргизы (кыргыз),708
Саратовская область,Китайцы,12
Саратовская область,Коми (зыряне),56
Саратовская область,Коми-пермяки (пермяки),53
Саратовская область,Корейцы (русские корейцы),2746
Саратовская область,Коряки,1
Саратовская область,Крымские татары (татары с языком крымскотатарским),15
Саратовская область,Крымчаки,2
Саратовская область,Кубинцы,1
Саратовская область,Кумандинцы (тадар),1
Саратовская область,Кумыки (кумук),300
Саратовская область,Курды (курд),3266
Саратовская область,Лакцы,132
Саратовская область,"Латыши (курляндцы, латвийцы)",65
Саратовская область,Лезгины,3371
Саратовская область,Литовцы,106
Саратовская область,Македонцы,4
Саратовская область,Манси,1
Саратовская область,"Марийцы (мари, марий, меря)",1335
Саратовская область,Горные марийцы,1
Саратовская область,Молдаване (молдовень),1390
Саратовская область,Монголы,8
Саратовская область,"Мордва (каратаи, мордвины, мордовцы, чуматары)",4021
Саратовская область,Мордва-мокша (мокша),15
Саратовская область,"Мордва-эрзя (шокша, эрзя)",31
Саратовская область,Нагайбаки,1
Саратовская область,Нанайцы,6
Саратовская область,"Немцы (немцы поволжья, немцы России, поволжские немцы, российские немцы, русские немцы)",3367
Саратовская область,Ненцы (не),3
Саратовская область,Нивхи,1
Саратовская область,Ногайцы (ногай),173
Саратовская область,Осетины,242
Саратовская область,Пакистанцы (калаши),1
Саратовская область,"Персы (иранцы, фарс)",19
Саратовская область,Поляки,243
Саратовская область,Румыны,20
Саратовская область,Русины (гуцулы),7
Саратовская область,"Русские (великороссы, древляне, кубанцы, кулугуры, мещеряки, молокане, русаки, сибиряки)",1983533
Саратовская область,"Казаки (волжские казаки, донские казаки, кубанские казаки, русские казаки, уральские казаки)",167
Саратовская область,Рутульцы,150
Саратовская область,Саамы,2
Саратовская область,Сербы,5
Саратовская область,Словаки,1
Саратовская область,Словенцы,22
Саратовская область,"Табасараны (табасаран, табасаранцы)",799
Саратовская область,Таджики,2993
Саратовская область,Талыши,37
Саратовская область,"Татары (казанские татары, кубанские татары, татар, чуматары с языком татарским)",37806
Саратовская область,Кряшены,1
Саратовская область,Мишари (мижер),3
Саратовская область,Таты (тат),3
Саратовская область,Телеуты,2
Саратовская область,Тувинцы (тыва),37
Саратовская область,Турки,358
Саратовская область,Турки-месхетинцы (месхетинцы),4
Саратовская область,Туркмены,730
Саратовская область,Удины,12
Саратовская область,Удмурты,450
Саратовская область,Узбеки,3358
Саратовская область,Уйгуры,27
Саратовская область,Уйльта (орок),1
Саратовская область,"Украинцы (малороссы, русские украинцы)",12254
Саратовская область,Ульчи (ульча),1
Саратовская область,Финны,12
Саратовская область,Французы,13
Саратовская область,Хакасы,9
Саратовская область,Ханты,1
Саратовская область,Цахуры (цахурцы),73
Саратовская область,Цыгане (русские цыгане),2731
Саратовская область,Цыгане среднеазиатские,1
Саратовская область,Черкесы,87
Саратовская область,Черногорцы,3
Саратовская область,Чехи,8
Саратовская область,Чеченцы (нохчо),5748
Саратовская область,"Чуваши (чаваш, чувтары)",5384
Саратовская область,Чукчи,8
Саратовская область,Шорцы,1
Саратовская область,Эвенки (эвенк),4
Саратовская область,Эскимосы,1
Саратовская область,Эстонцы,62
Саратовская область,Якуты (саха),25
Саратовская область,Японцы,2
Саратовская область,Указавшие другие ответы о национальной принадлежности (не перечисленные выше),14644
Саратовская область,Нет национальной принадлежности,9404
Саратовская область,"Лица, в переписных листах которых национальная принадлежность не указана",231304
Саратовская область,отказавшиеся отвечать на вопрос о национальной принадлежности,130922
Ульяновская область,Все население,1196745
Ульяновская область,Указавшие национальную принадлежность,1006827
Ульяновская область,Абазины,1
Ульяновская область,Абхазы,13
Ульяновская область,Аварцы,163
Ульяновская область,Андийцы,1
Ульяновская область,Агулы,3
Ульяновская область,Адыгейцы,3
Ульяновская область,"Азербайджанцы (азер, азери, тюрк с языком азербайджанским)",3518
Ульяновская область,Алтайцы (алтай),3
Ульяновская область,Американцы,1
Ульяновская область,"Арабы (алжирцы, египтяне, иорданцы, иракцы, йеменцы, ливанцы, марокканцы, палестинцы, сирийцы)",149
Ульяновская область,Армяне (русские армяне),3290
Ульяновская область,Афганцы (пуштуны),12
Ульяновская область,Балкарцы,12
Ульяновская область,Башкиры (башкирцы),572
Ульяновская область,"Белорусы (беларусы, поляки с языком белорусским)",875
Ульяновская область,Болгары,43
Ульяновская область,Боснийцы,1
Ульяновская область,"Британцы (англичане, шотландцы)",9
Ульяновская область,"Буряты (аларцы, тангуты)",20
Ульяновская область,"Венгры (мадьяр, мадьяры)",6
Ульяновская область,Вепсы,2
Ульяновская область,Вьетнамцы,289
Ульяновская область,Гагаузы,19
Ульяновская область,Греки (рум),99
Ульяновская область,Грузины,292
Ульяновская область,Лазы,1
Ульяновская область,Мегрелы (мингрелы),1
Ульяновская область,Даргинцы,35
Ульяновская область,Долганы,1
Ульяновская область,Дунгане,3
Ульяновская область,Евреи (русские евреи),308
Ульяновская область,Езиды,258
Ульяновская область,Ингуши,82
Ульяновская область,Индийцы (индуисты),26
Ульяновская область,Испанцы,3
Ульяновская область,Итальянцы,3
Ульяновская область,Кабардинцы,45
Ульяновская область,Казахи,393
Ульяновская область,Калмыки,12
Ульяновская область,Каракалпаки,7
Ульяновская область,Карачаевцы,16
Ульяновская область,Карелы,9
Ульяновская область,Киргизы (кыргыз),188
Ульяновская область,Китайцы,18
Ульяновская область,Коми (коми-зыряне),31
Ульяновская область,Коми-пермяки (пермяки),43
Ульяновская область,Корейцы,124
Ульяновская область,Коряки,1
Ульяновская область,Крымские татары (татары с языком крымскотатарским),17
Ульяновская область,Крымчаки,1
Ульяновская область,Кубинцы,3
Ульяновская область,Кумыки,59
Ульяновская область,"Курды (курд, армянские курды)",19
Ульяновская область,Лакцы,36
Ульяновская область,Латыши (латвийцы),63
Ульяновская область,Лезгины,209
Ульяновская область,Литовцы,46
Ульяновская область,Македонцы,1
Ульяновская область,Манси,2
Ульяновская область,"Марийцы (мар, мари, марий, меря)",313
Ульяновская область,Молдаване (бессарабцы),289
Ульяновская область,"Мордва (мордвины, мордовцы, чуматары)",22437
Ульяновская область,Мордва-мокша (мокша),342
Ульяновская область,"Мордва-эрзя (шокша, эрзя)",1311
Ульяновская область,"Немцы (поволжские немцы, русские немцы)",877
Ульяновская область,Ненцы (не),5
Ульяновская область,"Ногайцы (ногай, нугай)",20
Ульяновская область,Орочи (ороч),2
Ульяновская область,Осетины,157
Ульяновская область,Пакистанцы,4
Ульяновская область,Памирцы,1
Ульяновская область,"Персы (иранцы, фарс)",6
Ульяновская область,Поляки,73
Ульяновская область,Румыны,6
Ульяновская область,Русины,1
Ульяновская область,"Русские (ведруссы, вилежане, великороссы, кулугуры, мещеряки, русаки, сибиряки, чалдоны)",780171
Ульяновская область,"Казаки (донские казаки, кубанские казаки)",65
Ульяновская область,Поморы,3
Ульяновская область,Рутульцы,3
Ульяновская область,Саамы (саами),1
Ульяновская область,Сербы,9
Ульяновская область,"Табасараны (табасаран, табасаранцы)",54
Ульяновская область,Таджики,3122
Ульяновская область,Талыши,22
Ульяновская область,"Татары (татар, татаро-башкиры, татары-мишари)",111365
Ульяновская область,"Кряшены (крещеные, крещеные татары)",8
Ульяновская область,"Мишари (мижер, мишар, мишэр)",21
Ульяновская область,Сибирские татары,1
Ульяновская область,Тувинцы,2
Ульяновская область,Турки,205
Ульяновская область,Туркмены,497
Ульяновская область,Удины,17
Ульяновская область,Удмурты,165
Ульяновская область,Узбеки (кипчак),1725
Ульяновская область,Уйгуры,9
Ульяновская область,"Украинцы (казаки с языком украинским, русские украинцы)",3863
Ульяновская область,Ульчи (ульча),1
Ульяновская область,Финны,6
Ульяновская область,Французы (лангедокцы),4
Ульяновская область,Хакасы,7
Ульяновская область,Ханты,3
Ульяновская область,Цахуры (цахурцы),8
Ульяновская область,"Цыгане (крымские цыгане, русские цыгане)",4341
Ульяновская область,Черкесы,5
Ульяновская область,Чехи,3
Ульяновская область,Чеченцы,303
Ульяновская область,Чуванцы,9
Ульяновская область,"Чуваши (балгаро-чуваши с языком чувашским, сувары, чаваш, чутары)",58206
Ульяновская область,Чукчи,2
Ульяновская область,Шорцы,1
Ульяновская область,Эвенки (эвенк),2
Ульяновская область,Эстонцы,81
Ульяновская область,Юкагиры,1
Ульяновская область,Якуты (саха),10
Ульяновская область,Японцы,2
Ульяновская область,Указавшие другие ответы о национальной принадлежности (не перечисленные выше),2515
Ульяновская область,Нет национальной принадлежности,4439
Ульяновская область,"Лица, в переписных листах которых национальная принадлежность не указана",189918
Ульяновская область,отказавшиеся отвечать на вопрос о национальной принадлежности,45867
Курганская область,Все население,776661
Курганская область,Указавшие национальную принадлежность,681858
Курганская область,Абхазы,6
Курганская область,Аварцы,60
Курганская область,Агулы (агульцы),3
Курганская область,Адыгейцы (адыги),2
Курганская область,Азербайджанцы (азер),1161
Курганская область,Алтайцы,1
Курганская область,"Арабы (египтяне, иорданцы, марокканцы, сирийцы)",9
Курганская область,Армяне,1188
Курганская область,Афганцы (афганистанцы),12
Курганская область,Балкарцы,3
Курганская область,"Башкиры (башкорт, зауральские башкиры)",8026
Курганская область,Белорусы (беларусы),879
Курганская область,Болгары,31
Курганская область,Британцы (англичане),1
Курганская область,Буряты,24
Курганская область,Венгры,3
Курганская область,Вепсы,1
Курганская область,Вьетнамцы,1
Курганская область,Гагаузы,15
Курганская область,Греки (рум),28
Курганская область,Грузины,230
Курганская область,Мегрелы (менгрелы),1
Курганская область,Даргинцы,10
Курганская область,Долганы,1
Курганская область,Евреи,88
Курганская область,Езиды (язиды),22
Курганская область,Ингуши,91
Курганская область,Индийцы,1
Курганская область,Итальянцы,1
Курганская область,Кабардинцы,12
Курганская область,Казахи,8231
Курганская область,Калмыки,5
Курганская область,Каракалпаки,1
Курганская область,Карачаевцы,7
Курганская область,Карелы,12
Курганская область,Кеты (остяки),2
Курганская область,Киргизы (кыргыз),290
Курганская область,Китайцы,14
Курганская область,"Коми (зыряне, коми-зыряне)",18
Курганская область,Коми-пермяки (пермяки),65
Курганская область,Корейцы,76
Курганская область,Крымские татары,2
Курганская область,Кубинцы,1
Курганская область,Кумандинцы,1
Курганская область,Кумыки,9
Курганская область,Курды (курд),94
Курганская область,Лакцы,11
Курганская область,Латыши,17
Курганская область,Лезгины,148
Курганская область,Литовцы,52
Курганская область,Манси,10
Курганская область,"Марийцы (мари, марий)",143
Курганская область,Молдаване,295
Курганская область,Монголы,2
Курганская область,"Мордва (мордвины, мордовцы)",265
Курганская область,Мордва-эрзя,2
Курганская область,Нагайбаки,5
Курганская область,Немцы (русские немцы),811
Курганская область,Ненцы (не),16
Курганская область,Ногайцы,3
Курганская область,Осетины,61
Курганская область,Пакистанцы,1
Курганская область,"Персы (иранцы, фарс)",5
Курганская область,Поляки,127
Курганская область,Румыны,5
Курганская область,"Русские (великороссы, русаки, сибиряки, чалдоны)",636880
Курганская область,"Казаки (донские казаки, русские казаки)",43
Курганская область,Рутульцы,2
Курганская область,Табасараны (табасаранцы),23
Курганская область,Таджики,866
Курганская область,Талыши,12
Курганская область,"Татары (казанские татары, татар, татаро-башкиры)",11609
Курганская область,Кряшены,1
Курганская область,"Мишари (мишар, мишары)",12
Курганская область,Таты (тат),1
Курганская область,Тувинцы,16
Курганская область,Турки,9
Курганская область,Туркмены,118
Курганская область,Удмурты,718
Курганская область,Узбеки,544
Курганская область,Уйгуры,7
Курганская область,Украинцы,2384
Курганская область,Финны,5
Курганская область,Французы,3
Курганская область,Хакасы (аринцы),4
Курганская область,Ханты,13
Курганская область,"Цыгане (крымские цыгане, русские цыгане)",574
Курганская область,Черкесы,4
Курганская область,Чехи,2
Курганская область,Чеченцы,304
Курганская область,Чуванцы,1
Курганская область,Чуваши (чаваш),519
Курганская область,Чукчи,3
Курганская область,Шорцы,1
Курганская область,"Эвенки (тунгус, эвенк)",2
Курганская область,Эвены,1
Курганская область,Эстонцы,12
Курганская область,Якуты (саха),6
Курганская область,Японцы,1
Курганская область,Указавшие другие ответы о национальной принадлежности (не перечисленные выше),1928
Курганская область,Нет национальной принадлежности,2571
Курганская область,"Лица, в переписных листах которых национальная принадлежность не указана",94803
Курганская область,отказавшиеся отвечать на вопрос о национальной принадлежности,10494
Свердловская область,Все население,4268998
Свердловская область,Указавшие национальную принадлежность,3902190
Свердловская область,Абазины,10
Свердловская область,Абхазы,53
Свердловская область,Аварцы (маарулал),386
Свердловская область,Бежтинцы,3
Свердловская область,Дидойцы (цезы),2
Свердловская область,Чамалалы (урухцы),1
Свердловская область,Агулы,29
Свердловская область,Адыгейцы,23
Свердловская область,"Азербайджанцы (азер, азери, сумгаитцы)",10217
Свердловская область,Алеуты,1
Свердловская область,Алтайцы,18
Свердловская область,Тубалары,2
Свердловская область,Челканцы,1
Свердловская область,Американцы (афроамериканцы),16
Свердловская область,"Арабы (алжирцы, египтяне, иорданцы, иракцы, йеменцы, катарцы, ливанцы, ливийцы, мавританцы, марокканцы, палестинцы, сирийцы, тунисцы)",283
Свердловская область,"Армяне (армяно-украинцы, армяно-чуваши, русские армяне, русско-армяне с языком армянским)",9296
Свердловская область,Ассирийцы,47
Свердловская область,"Афганцы (афганистанцы, пушту, пуштуны, хазарейцы)",30
Свердловская область,Балкарцы,13
Свердловская область,"Башкиры (башкиро-татары, башкирцы, башкорт)",17286
Свердловская область,"Белорусы (беларусы, литвины)",4317
Свердловская область,Бесермяне,25
Свердловская область,Болгары,278
Свердловская область,Боснийцы,12
Свердловская область,"Британцы (англичане, англосаксы, шотландцы)",16
Свердловская область,Буряты,264
Свердловская область,Венгры,24
Свердловская область,Вепсы,5
Свердловская область,Вьетнамцы (таи),172
Свердловская область,Гагаузы,85
Свердловская область,Горские евреи,3
Свердловская область,"Греки (рум, румеи, русские греки, эллины)",799
Свердловская область,Грузины,1399
Свердловская область,Аджарцы,5
Свердловская область,Мегрелы (менгрелы),9
Свердловская область,Сваны,1
Свердловская область,Даргинцы,225
Свердловская область,Дунгане,7
Свердловская область,"Евреи (ашкеназы, белорусские евреи, иудеи, польские евреи, русские евреи, семиты)",2348
Свердловская область,Езиды (язиды),737
Свердловская область,Ижорцы (ижора),3
Свердловская область,Ингуши (орцхо),179
Свердловская область,"Индийцы (гоанцы, индуисты)",27
Свердловская область,Испанцы (саламанкцы),8
Свердловская область,Итальянцы,35
Свердловская область,Кабардинцы,125
Свердловская область,Казахи,4778
Свердловская область,Калмыки,66
Свердловская область,Камчадалы,1
Свердловская область,Караимы,9
Свердловская область,Каракалпаки,15
Свердловская область,Карачаевцы,45
Свердловская область,Карелы,47
Свердловская область,Кеты (остяки),4
Свердловская область,Юги,1
Свердловская область,Киргизы (кыргыз),10300
Свердловская область,"Китайцы (хань, ханьцы)",464
Свердловская область,"Коми (зыряне, коми-зыряне)",241
Свердловская область,Коми-ижемцы,2
Свердловская область,Коми-пермяки (пермяки),604
Свердловская область,Корейцы (русские корейцы),631
Свердловская область,Коряки,7
Свердловская область,Крымские татары (татары с языком крымскотатарским),51
Свердловская область,Крымчаки,3
Свердловская область,Кубинцы,15
Свердловская область,Кумандинцы (со),4
Свердловская область,Кумыки,215
Свердловская область,Курды (курд),69
Свердловская область,Курманч (курмандж),1
Свердловская область,Лакцы (лак),121
Свердловская область,Латыши (латвийцы),137
Свердловская область,Лезгины (лезги),834
Свердловская область,Литовцы (литувей),223
Свердловская область,Македонцы,3
Свердловская область,Манси (вогулы),334
Свердловская область,"Марийцы (мар, мари, марий, черемисы)",13995
Свердловская область,Лугово-восточные марийцы (уральские марийцы),3
Свердловская область,Молдаване (бессарабы),1069
Свердловская область,Монголы,26
Свердловская область,"Мордва (мордвины, мордовцы)",2292
Свердловская область,Мордва-мокша (мокша),7
Свердловская область,Мордва-эрзя (эрзя),49
Свердловская область,Нагайбаки,32
Свердловская область,Нанайцы,1
Свердловская область,"Немцы (германцы, поволжские немцы, пруссы, российские немцы, русские немцы)",7165
Свердловская область,Ненцы (не),32
Свердловская область,Нивхи (гиляки),3
Свердловская область,Ногайцы,53
Свердловская область,"Осетины (владикавказцы, северо-осетины)",314
Свердловская область,Осетины-иронцы (иронцы),2
Свердловская область,Пакистанцы (белуджи),4
Свердловская область,Памирцы,37
Свердловская область,"Персы (иранцы, фарс, фарси, фарсиваны)",38
Свердловская область,Поляки (белорусские поляки),654
Свердловская область,Румыны,48
Свердловская область,Русины (гуцулы),18
Свердловская область,"Русские (великороссы, гураны, древляне,  кержаки, семейские, сибиряки, скобари, староверы, чалдоны, челдоны)",3602400
Свердловская область,"Казаки (кубанские казаки, русские казаки, уральские казаки, яицкие казаки)",268
Свердловская область,Поморы,1
Свердловская область,Рутульцы (рутул),55
Свердловская область,Саамы (саами),7
Свердловская область,Селькупы,4
Свердловская область,Сербы (серп),56
Свердловская область,Словаки,1
Свердловская область,Словенцы (славянцы),1
Свердловская область,"Табасараны (табасаран, табасаранцы, табасараны-лезгины)",205
Свердловская область,Таджики,21803
Свердловская область,Талыши,185
Свердловская область,"Татары (татаро-башкиры, тептяри)",93516
Свердловская область,"Кряшены (крещеные, крещеные татары)",25
Свердловская область,"Мишари (мишар, мишары)",16
Свердловская область,Сибирские татары (сибир),12
Свердловская область,"Таты (тат, таты-азербайджанцы)",7
Свердловская область,Тувинцы (тыва),98
Свердловская область,Турки,116
Свердловская область,Туркмены,238
Свердловская область,Удины,76
Свердловская область,Удмурты (вотяки),6108
Свердловская область,Удэгейцы,3
Свердловская область,Узбеки,9948
Свердловская область,Уйгуры,94
Свердловская область,Украинцы,13337
Свердловская область,Финны,58
Свердловская область,Финны-ингерманландцы (ингерманландцы),1
Свердловская область,Французы,30
Свердловская область,"Хакасы (аринцы, пурус)",70
Свердловская область,Ханты,109
Свердловская область,Хорваты,2
Свердловская область,Цахуры (цахурцы),79
Свердловская область,Цыгане,1569
Свердловская область,Черкесы,37
Свердловская область,Чехи,31
Свердловская область,Чеченцы (вайнахи),441
Свердловская область,Чуваши (чаваш),3366
Свердловская область,Чукчи,11
Свердловская область,Шорцы,4
Свердловская область,"Эвенки (орочён с языком эвенкийским, тунгус, тунгусы, эвенк)",15
Свердловская область,"Эвены (ламут, эвен, эвэн)",6
Свердловская область,Эстонцы (чухонцы),115
Свердловская область,Сету,2
Свердловская область,Юкагиры,1
Свердловская область,Якуты (саха),109
Свердловская область,Японцы,15
Свердловская область,Указавшие другие ответы о национальной принадлежности (не перечисленные выше),40459
Свердловская область,Нет национальной принадлежности,13602
Свердловская область,"Лица, в переписных листах которых национальная принадлежность не указана",366808
Свердловская область,отказавшиеся отвечать на вопрос о национальной принадлежности,165471
Тюменская область,Все население,3823910
Тюменская область,Указавшие национальную принадлежность,3061649
Тюменская область,Абазины,382
Тюменская область,Абхазы,88
Тюменская область,Аварцы,3614
Тюменская область,Андийцы (андал),21
Тюменская область,Бежтинцы,3
Тюменская область,Каратинцы,1
Тюменская область,Тиндалы,1
Тюменская область,Агулы (агульцы),335
Тюменская область,Адыгейцы (адыги),135
Тюменская область,"Азербайджанцы (азер, грузинские азербайджанцы)",34835
Тюменская область,Алеуты,2
Тюменская область,Алтайцы,195
Тюменская область,Теленгиты,6
Тюменская область,Тубалары,2
Тюменская область,Американцы,9
Тюменская область,"Арабы (алжирцы, египтяне, ливанцы, палестинцы, саудовцы, сирийцы, тунисцы)",112
Тюменская область,"Армяне (армяно-грузины, армяно-казахи, русские армяне)",12434
Тюменская область,Ассирийцы,33
Тюменская область,"Афганцы (пуштуны, хазарейцы)",38
Тюменская область,Балкарцы (чегемцы),63
Тюменская область,"Башкиры (башкиро-татары, башкирцы, башкорт, мин, татаро-башкиры с языком башкирским)",38829
Тюменская область,"Белорусы (беларусы, поляки с языком белорусским)",10878
Тюменская область,Бесермяне,11
Тюменская область,Болгары,1554
Тюменская область,Боснийцы,4
Тюменская область,"Британцы (альбионцы, англичане, шотландцы)",18
Тюменская область,"Буряты (бурят-монголы, хамниганы)",603
Тюменская область,Венгры (мадьяр),49
Тюменская область,Вепсы,12
Тюменская область,Вьетнамцы,22
Тюменская область,Гагаузы,1603
Тюменская область,Горские евреи (джуур),3
Тюменская область,"Греки (крымские греки, ромеи, рум)",986
Тюменская область,Греки-урумы (урум),3
Тюменская область,Грузины,2037
Тюменская область,Ингилойцы,27
Тюменская область,Мегрелы,9
Тюменская область,Даргинцы (левашинцы),3940
Тюменская область,Долганы,1
Тюменская область,Дунгане,13
Тюменская область,"Евреи (ашкеназы, русские евреи)",832
Тюменская область,Езиды,158
Тюменская область,"Ингуши (орстхо, орстхой)",2083
Тюменская область,"Индийцы (индуисты, телугу)",31
Тюменская область,Испанцы (каталонцы),9
Тюменская область,Итальянцы,11
Тюменская область,Ительмены,4
Тюменская область,Кабардинцы,225
Тюменская область,Казахи,20611
Тюменская область,Калмыки,1774
Тюменская область,Караимы,10
Тюменская область,Каракалпаки,20
Тюменская область,Карачаевцы,228
Тюменская область,Карелы,55
Тюменская область,Кереки,1
Тюменская область,"Кеты (кето, остяки)",9
Тюменская область,Киргизы (кыргыз),10800
Тюменская область,Китайцы,43
Тюменская область,"Коми (зыряне, коми-зыряне)",5646
Тюменская область,Коми-ижемцы (изьватас),26
Тюменская область,"Коми-пермяки (коми с языком коми-пермяцким, пермяки)",1328
Тюменская область,Корейцы,934
Тюменская область,Коряки,11
Тюменская область,Алюторцы (нымыланы),1
Тюменская область,Крымские татары (татары с языком крымскотатарским),111
Тюменская область,Кубинцы,8
Тюменская область,Кумандинцы,13
Тюменская область,Кумыки,18834
Тюменская область,Курды (курд),172
Тюменская область,Лакцы,1239
Тюменская область,Латыши (латвийцы),218
Тюменская область,Латгальцы,2
Тюменская область,Лезгины (лезги),17694
Тюменская область,Литовцы,358
Тюменская область,Македонцы,4
Тюменская область,"Манси (вогулы, кондинские манси)",11583
Тюменская область,"Марийцы (мари, марий)",7610
Тюменская область,Горные марийцы,5
Тюменская область,Лугово-восточные марийцы,2
Тюменская область,"Молдаване (бессарабцы, бессарабы)",8578
Тюменская область,Монголы,18
Тюменская область,"Мордва (мордвины, мордовцы)",3498
Тюменская область,Мордва-мокша (мокша),25
Тюменская область,Мордва-эрзя (эрзя),80
Тюменская область,Нагайбаки,121
Тюменская область,Нанайцы,9
Тюменская область,Нганасаны,1
Тюменская область,"Немцы (баварцы, поволжские немцы, российские немцы, русские немцы)",11574
Тюменская область,Ненцы (не),37685
Тюменская область,Нивхи,3
Тюменская область,Ногайцы (ногай),13815
Тюменская область,"Карагаши (астраханские ногайцы, ногай-карагаш, ногайцы-карагаши)",1
Тюменская область,Осетины,1072
Тюменская область,Осетины-дигорцы,1
Тюменская область,Пакистанцы,1
Тюменская область,Памирцы,21
Тюменская область,Персы (иранцы),83
Тюменская область,Поляки,1252
Тюменская область,Румыны,104
Тюменская область,Русины (лемки),33
Тюменская область,"Русские (ведруссы, великороссы, русаки, сибиряки, чалдоны, челдоны)",2339401
Тюменская область,"Казаки (донские казаки, кубанские казаки, русские казаки, сибирские казаки)",401
Тюменская область,Поморы,16
Тюменская область,Рутульцы (катрухцы),619
Тюменская область,Саамы,3
Тюменская область,Селькупы,2073
Тюменская область,Сербы,92
Тюменская область,Словаки,6
Тюменская область,Словенцы,2
Тюменская область,"Табасараны (табасаран, табасаранцы)",1268
Тюменская область,Таджики,29792
Тюменская область,Тазы,1
Тюменская область,Талыши,800
Тюменская область,"Татары (башкирские татары, бухарские татары, закамские татары, казанские татары, татар, татаро-башкиры)",195231
Тюменская область,Кряшены,92
Тюменская область,Мишари (мишар),13
Тюменская область,"Сибирские татары (бухарцы, заболотные татары, сибир)",5991
Тюменская область,"Таты (тат, таты-азербайджанцы)",44
Тюменская область,Телеуты,1
Тюменская область,Тофалары,1
Тюменская область,Тувинцы,313
Тюменская область,Тувинцы-тоджинцы,7
Тюменская область,Турки,307
Тюменская область,Турки-месхетинцы,2
Тюменская область,Туркмены,351
Тюменская область,Удины,12
Тюменская область,Удмурты,2882
Тюменская область,Удэгейцы,2
Тюменская область,Узбеки (кипчак),18378
Тюменская область,Уйгуры,260
Тюменская область,"Украинцы (малороссы, русские украинцы)",70783
Тюменская область,Ульчи,6
Тюменская область,Финны,154
Тюменская область,Финны-ингерманландцы,2
Тюменская область,Французы,15
Тюменская область,Хакасы (аринцы),199
Тюменская область,Ханты (хантэ),30242
Тюменская область,Хорваты,6
Тюменская область,Цахуры (цахурцы),245
Тюменская область,Цыгане (влахи),1164
Тюменская область,Черкесы,530
Тюменская область,Черногорцы,2
Тюменская область,Чехи,50
Тюменская область,Чеченцы,10188
Тюменская область,Чеченцы-аккинцы,12
Тюменская область,Чуванцы,1
Тюменская область,Чуваши (чаваш),14397
Тюменская область,Чукчи,11
Тюменская область,Шорцы,60
Тюменская область,"Эвенки (тунгус, эвенк)",77
Тюменская область,Эвены,6
Тюменская область,Энцы,1
Тюменская область,Эскимосы,1
Тюменская область,Эстонцы,164
Тюменская область,Юкагиры,3
Тюменская область,Якуты (саха),69
Тюменская область,Японцы,1
Тюменская область,Указавшие другие ответы о национальной принадлежности (не перечисленные выше),38897
Тюменская область,Нет национальной принадлежности,9163
Тюменская область,"Лица, в переписных листах которых национальная принадлежность не указана",762261
Тюменская область,отказавшиеся отвечать на вопрос о национальной принадлежности,257906
Тюменская область без АО,Все население,1601940
Тюменская область без АО,Указавшие национальную принадлежность,1394763
Тюменская область без АО,Абазины,5
Тюменская область без АО,Абхазы,33
Тюменская область без АО,Аварцы,237
Тюменская область без АО,Андийцы (андал),2
Тюменская область без АО,Агулы (агульцы),24
Тюменская область без АО,Адыгейцы (адыги),13
Тюменская область без АО,"Азербайджанцы (азер, грузинские азербайджанцы)",6880
Тюменская область без АО,Алтайцы,20
Тюменская область без АО,Теленгиты,1
Тюменская область без АО,Тубалары,1
Тюменская область без АО,Американцы,5
Тюменская область без АО,"Арабы (алжирцы, египтяне, ливанцы, палестинцы, саудовцы, сирийцы, тунисцы)",74
Тюменская область без АО,"Армяне (армяно-грузины, армяно-казахи, русские армяне)",6746
Тюменская область без АО,Ассирийцы,4
Тюменская область без АО,"Афганцы (пуштуны, хазарейцы)",35
Тюменская область без АО,Балкарцы (чегемцы),21
Тюменская область без АО,"Башкиры (башкиро-татары, башкирцы, башкорт, мин, татаро-башкиры с языком башкирским)",3001
Тюменская область без АО,"Белорусы (беларусы, поляки с языком белорусским)",2386
Тюменская область без АО,Бесермяне,3
Тюменская область без АО,Болгары,318
Тюменская область без АО,Боснийцы,4
Тюменская область без АО,"Британцы (альбионцы, англичане, шотландцы)",10
Тюменская область без АО,"Буряты (бурят-монголы, хамниганы)",136
Тюменская область без АО,Венгры (мадьяр),8
Тюменская область без АО,Вепсы,2
Тюменская область без АО,Вьетнамцы,20
Тюменская область без АО,Гагаузы,102
Тюменская область без АО,"Греки (крымские греки, ромеи, рум)",350
Тюменская область без АО,Грузины,1142
Тюменская область без АО,Ингилойцы,4
Тюменская область без АО,Мегрелы,1
Тюменская область без АО,Даргинцы (левашинцы),184
Тюменская область без АО,Долганы,1
Тюменская область без АО,Дунгане,2
Тюменская область без АО,"Евреи (ашкеназы, русские евреи)",361
Тюменская область без АО,Езиды,63
Тюменская область без АО,"Ингуши (орстхо, орстхой)",1130
Тюменская область без АО,"Индийцы (индуисты, телугу)",30
Тюменская область без АО,Испанцы (каталонцы),7
Тюменская область без АО,Итальянцы,5
Тюменская область без АО,Ительмены,2
Тюменская область без АО,Кабардинцы,31
Тюменская область без АО,Казахи,14435
Тюменская область без АО,Калмыки,62
Тюменская область без АО,Караимы,1
Тюменская область без АО,Каракалпаки,4
Тюменская область без АО,Карачаевцы,6
Тюменская область без АО,Карелы,24
Тюменская область без АО,Кереки,1
Тюменская область без АО,"Кеты (кето, остяки)",2
Тюменская область без АО,Киргизы (кыргыз),3082
Тюменская область без АО,Китайцы,16
Тюменская область без АО,"Коми (зыряне, коми-зыряне)",598
Тюменская область без АО,Коми-ижемцы (изьватас),1
Тюменская область без АО,"Коми-пермяки (коми с языком коми-пермяцким, пермяки)",202
Тюменская область без АО,Корейцы,309
Тюменская область без АО,Коряки,1
Тюменская область без АО,Алюторцы (нымыланы),1
Тюменская область без АО,Крымские татары (татары с языком крымскотатарским),10
Тюменская область без АО,Кубинцы,5
Тюменская область без АО,Кумандинцы,3
Тюменская область без АО,Кумыки,327
Тюменская область без АО,Курды (курд),97
Тюменская область без АО,Лакцы,78
Тюменская область без АО,Латыши (латвийцы),69
Тюменская область без АО,Латгальцы,1
Тюменская область без АО,Лезгины (лезги),910
Тюменская область без АО,Литовцы,133
Тюменская область без АО,Македонцы,2
Тюменская область без АО,"Манси (вогулы, кондинские манси)",407
Тюменская область без АО,"Марийцы (мари, марий)",1004
Тюменская область без АО,"Молдаване (бессарабцы, бессарабы)",1035
Тюменская область без АО,Монголы,14
Тюменская область без АО,"Мордва (мордвины, мордовцы)",710
Тюменская область без АО,Мордва-мокша (мокша),12
Тюменская область без АО,Мордва-эрзя (эрзя),17
Тюменская область без АО,Нагайбаки,16
Тюменская область без АО,Нанайцы,1
Тюменская область без АО,"Немцы (баварцы, поволжские немцы, российские немцы, русские немцы)",6966
Тюменская область без АО,Ненцы (не),387
Тюменская область без АО,Ногайцы (ногай),85
Тюменская область без АО,"Карагаши (астраханские ногайцы, ногай-карагаш, ногайцы-карагаши)",1
Тюменская область без АО,Осетины,260
Тюменская область без АО,Памирцы,13
Тюменская область без АО,Персы (иранцы),12
Тюменская область без АО,Поляки,465
Тюменская область без АО,Румыны,18
Тюменская область без АО,Русины (лемки),8
Тюменская область без АО,"Русские (ведруссы, великороссы, русаки, сибиряки, челдоны, чолдоны)",1197435
Тюменская область без АО,"Казаки (донские казаки, кубанские казаки, русские казаки, сибирские казаки)",133
Тюменская область без АО,Поморы,6
Тюменская область без АО,Рутульцы (катрухцы),30
Тюменская область без АО,Селькупы,55
Тюменская область без АО,Сербы,54
Тюменская область без АО,Словаки,3
Тюменская область без АО,"Табасараны (табасаран, табасаранцы)",92
Тюменская область без АО,Таджики,6027
Тюменская область без АО,Талыши,85
Тюменская область без АО,"Татары (башкирские татары, бухарские татары, закамские татары, казанские татары, татар, татаро-башкиры)",96592
Тюменская область без АО,Кряшены,5
Тюменская область без АО,Мишари (мишар),4
Тюменская область без АО,"Сибирские татары (бухарцы, заболотные татары, сибир)",5711
Тюменская область без АО,"Таты (тат, таты-азербайджанцы)",5
Тюменская область без АО,Телеуты,1
Тюменская область без АО,Тофалары,1
Тюменская область без АО,Тувинцы,55
Тюменская область без АО,Турки,116
Тюменская область без АО,Туркмены,103
Тюменская область без АО,Удины,6
Тюменская область без АО,Удмурты,818
Тюменская область без АО,Узбеки (кипчак),4082
Тюменская область без АО,Уйгуры,38
Тюменская область без АО,"Украинцы (малороссы, русские украинцы)",10953
Тюменская область без АО,Финны,40
Тюменская область без АО,Французы,11
Тюменская область без АО,Хакасы (аринцы),24
Тюменская область без АО,Ханты (хантэ),689
Тюменская область без АО,Хорваты,4
Тюменская область без АО,Цахуры (цахурцы),11
Тюменская область без АО,Цыгане (влахи),1047
Тюменская область без АО,Черкесы,23
Тюменская область без АО,Черногорцы,1
Тюменская область без АО,Чехи,13
Тюменская область без АО,Чеченцы,992
Тюменская область без АО,Чуваши (чаваш),4605
Тюменская область без АО,Чукчи,3
Тюменская область без АО,Шорцы,11
Тюменская область без АО,"Эвенки (тунгус, эвенк)",10
Тюменская область без АО,Эскимосы,1
Тюменская область без АО,Эстонцы,81
Тюменская область без АО,Якуты (саха),28
Тюменская область без АО,Указавшие другие ответы о национальной принадлежности (не перечисленные выше),12172
Тюменская область без АО,Нет национальной принадлежности,3273
Тюменская область без АО,"Лица, в переписных листах которых национальная принадлежность не указана",207177
Тюменская область без АО,отказавшиеся отвечать на вопрос о национальной принадлежности,108451
ХМАО,Все население,1711480
ХМАО,Указавшие национальную принадлежность,1264080
ХМАО,Абазины (абаза),230
ХМАО,Абхазы,49
ХМАО,Аварцы (аваро-украинцы),2550
ХМАО,Андийцы,6
ХМАО,Бежтинцы,3
ХМАО,Агулы (агульцы),265
ХМАО,Адыгейцы (адыги),83
ХМАО,"Азербайджанцы (азер, тюрк с языком азербайджанским)",21259
ХМАО,Алеуты,1
ХМАО,Алтайцы (тьабак),92
ХМАО,Теленгиты,2
ХМАО,Американцы,3
ХМАО,"Арабы (аравийцы, египтяне, марокканцы, оманцы, сирийцы, тунисцы)",23
ХМАО,Армяне (русские армяне),4533
ХМАО,"Ассирийцы (айсоры, арамеи)",13
ХМАО,"Афганцы (дари, пуштуны)",3
ХМАО,Балкарцы,29
ХМАО,"Башкиры (башкир усерган, башкирцы, башкорт, татаро-башкиры с языком башкирским, тептяри с языком башкирским)",29717
ХМАО,"Белорусы (беларусы, литвины, поляки с языком белорусским)",6156
ХМАО,Бесермяне,5
ХМАО,Болгары,775
ХМАО,"Британцы (англичане, шотландцы)",8
ХМАО,"Буряты (аларцы, буряад, бурят-монголы)",250
ХМАО,Венгры (мадьяры),30
ХМАО,Вепсы,8
ХМАО,Вьетнамцы,2
ХМАО,Гагаузы,1009
ХМАО,Горские евреи,3
ХМАО,Греки (рум),515
ХМАО,Греки-урумы (урум),3
ХМАО,Грузины,623
ХМАО,Ингилойцы (ингилой),11
ХМАО,"Мегрелы (менгрелы, мингрелы)",6
ХМАО,Даргинцы (дарган),2955
ХМАО,Дунгане,9
ХМАО,"Евреи (иудаисты, русские евреи)",346
ХМАО,Езиды (язиды),88
ХМАО,Ингуши,688
ХМАО,Испанцы,2
ХМАО,Итальянцы,6
ХМАО,Ительмены,2
ХМАО,Кабардинцы,116
ХМАО,Казахи,4497
ХМАО,Калмыки,620
ХМАО,Караимы (крымские караимы),8
ХМАО,Каракалпаки,13
ХМАО,Карачаевцы (карачай),56
ХМАО,Карелы,22
ХМАО,Кеты (остяки),3
ХМАО,Киргизы (кыргыз),5562
ХМАО,Китайцы,26
ХМАО,"Коми (зыряне, коми-зыряне, коми-обдор)",1558
ХМАО,Коми-ижемцы (изьватас),4
ХМАО,"Коми-пермяки (коми с языком коми-пермяцким, пермяки)",1060
ХМАО,Корейцы (русские корейцы),480
ХМАО,Коряки,8
ХМАО,"Крымские татары (кырымлы, татары с языком крымскотатарским)",72
ХМАО,Кубинцы,2
ХМАО,Кумандинцы,8
ХМАО,Кумыки (кумук),13669
ХМАО,Курды (курд),58
ХМАО,"Лакцы (лак, лаки)",926
ХМАО,Латыши (латвийцы),109
ХМАО,Латгальцы,1
ХМАО,Лезгины (лезги),15268
ХМАО,Литовцы,176
ХМАО,Македонцы,1
ХМАО,Манси (вогулы),11065
ХМАО,"Марийцы (мар, мари, марий, меря)",4982
ХМАО,Лугово-восточные марийцы,2
ХМАО,Молдаване,5297
ХМАО,Монголы,2
ХМАО,"Мордва (мордвины, мордовцы)",2231
ХМАО,Мордва-мокша (мокша),11
ХМАО,Мордва-эрзя (эрзя),55
ХМАО,Нагайбаки,83
ХМАО,Нанайцы,7
ХМАО,Нганасаны,1
ХМАО,"Немцы (российские немцы, русские немцы)",3626
ХМАО,"Ненцы (не, ненэйне)",1381
ХМАО,Нивхи,3
ХМАО,Ногайцы (ногай),9990
ХМАО,Осетины,532
ХМАО,Пакистанцы (белуджи),1
ХМАО,Памирцы,8
ХМАО,"Персы (иранцы, фарс, фарси)",28
ХМАО,Поляки,619
ХМАО,Румыны,68
ХМАО,Русины (гуцулы),13
ХМАО,"Русские (великороссы, гураны, кержаки, молокане, русаки, русичи, сибиряки, чалдоны)",888660
ХМАО,"Казаки (донские казаки, кубанские казаки, русские казаки, терские казаки)",204
ХМАО,Поморы (устьцилемы),6
ХМАО,Рутульцы (рутул),369
ХМАО,Саамы (лапландцы),1
ХМАО,Селькупы,17
ХМАО,Сербы,31
ХМАО,Словаки,2
ХМАО,Словенцы,2
ХМАО,"Табасараны (табасаран, табасаранцы)",832
ХМАО,Таджики (тоджик),21791
ХМАО,Тазы,1
ХМАО,Талыши (толыш),429
ХМАО,"Татары (гребенские татары, казанские татары, караинские татары, татар, татаро-башкиры, тептяри, типтяр)",79727
ХМАО,"Кряшены (керешен, крещенцы, крещеные, крещеные татары)",66
ХМАО,"Мишари (мишар, мишэр)",9
ХМАО,"Сибирские татары (сибир, тобольские татары)",182
ХМАО,"Таты (гимейдинцы, тат, таты-азербайджанцы, фарси с языком татским)",33
ХМАО,Тувинцы (тыва),66
ХМАО,Турки,160
ХМАО,Турки-месхетинцы,2
ХМАО,Туркмены,200
ХМАО,Удины,6
ХМАО,Удмурты,1725
ХМАО,Удэгейцы,2
ХМАО,Узбеки,12361
ХМАО,Уйгуры,167
ХМАО,"Украинцы (малороссы, русские украинцы, сумские)",41596
ХМАО,Ульчи (ульча),5
ХМАО,"Финны (суоми, хельсинкцы)",81
ХМАО,Финны-ингерманландцы,1
ХМАО,Французы,2
ХМАО,Хакасы (аринцы),95
ХМАО,Ханты (хантэ),19568
ХМАО,Хорваты,1
ХМАО,Цахуры (цахурцы),176
ХМАО,Цыгане,83
ХМАО,Черкесы (адыги с языком черкесским),292
ХМАО,Чехи,30
ХМАО,Чеченцы (вайнахи),7085
ХМАО,"Чеченцы-аккинцы (акинцы, аккинцы)",12
ХМАО,Чуваши (чаваш),7786
ХМАО,Чукчи,3
ХМАО,Шорцы,42
ХМАО,"Эвенки (тунгус, тунгусы, эвенк)",35
ХМАО,Эвены,2
ХМАО,Эстонцы,57
ХМАО,"Юкагиры (алаи, ваду)",2
ХМАО,Якуты (саха),26
ХМАО,Японцы,1
ХМАО,Указавшие другие ответы о национальной принадлежности (не перечисленные выше),19329
ХМАО,Нет национальной принадлежности,4614
ХМАО,"Лица, в переписных листах которых национальная принадлежность не указана",447400
ХМАО,отказавшиеся отвечать на вопрос о национальной принадлежности,111003
ЯНАО,Все население,510490
ЯНАО,Указавшие национальную принадлежность,402806
ЯНАО,Абазины,147
ЯНАО,Абхазы,6
ЯНАО,Аварцы,827
ЯНАО,Андийцы (андии),13
ЯНАО,Каратинцы,1
ЯНАО,Тиндалы (тиндинцы),1
ЯНАО,Агулы (агульцы),46
ЯНАО,"Адыгейцы (адыге, адыги)",39
ЯНАО,"Азербайджанцы (азер, теркеме)",6696
ЯНАО,Алеуты,1
ЯНАО,Алтайцы,83
ЯНАО,Теленгиты,3
ЯНАО,Тубалары,1
ЯНАО,Американцы,1
ЯНАО,"Арабы (алжирцы, египтяне)",15
ЯНАО,Армяне (русские армяне),1155
ЯНАО,Ассирийцы,16
ЯНАО,Балкарцы,13
ЯНАО,"Башкиры (башкирцы, башкорт)",6111
ЯНАО,"Белорусы (беларусы, поляки с языком белорусским)",2336
ЯНАО,Бесермяне,3
ЯНАО,Болгары,461
ЯНАО,Буряты (бурят-монголы),217
ЯНАО,Венгры,11
ЯНАО,Вепсы,2
ЯНАО,Гагаузы,492
ЯНАО,Греки,121
ЯНАО,Грузины,272
ЯНАО,Ингилойцы,12
ЯНАО,Мегрелы,2
ЯНАО,Даргинцы,801
ЯНАО,Дунгане,2
ЯНАО,Евреи (польские евреи),125
ЯНАО,Езиды,7
ЯНАО,Ингуши,265
ЯНАО,Индийцы,1
ЯНАО,Кабардинцы,78
ЯНАО,Казахи (ногай с языком казахским),1679
ЯНАО,Калмыки,1092
ЯНАО,Караимы,1
ЯНАО,Каракалпаки,3
ЯНАО,Карачаевцы (карачай),166
ЯНАО,Карелы,9
ЯНАО,Кеты (кето),4
ЯНАО,Киргизы (кыргыз),2156
ЯНАО,Китайцы,1
ЯНАО,"Коми (зыряне, коми-зыряне)",3490
ЯНАО,Коми-ижемцы (изьватас),21
ЯНАО,Коми-пермяки (пермяки),66
ЯНАО,Корейцы,145
ЯНАО,Коряки,2
ЯНАО,Крымские татары,29
ЯНАО,Кубинцы,1
ЯНАО,Кумандинцы,2
ЯНАО,Кумыки (кумук),4838
ЯНАО,Курды (курд),17
ЯНАО,Лакцы,235
ЯНАО,Латыши (латвийцы),40
ЯНАО,Лезгины,1516
ЯНАО,Литовцы,49
ЯНАО,Македонцы,1
ЯНАО,Манси,111
ЯНАО,"Марийцы (мари, марий)",1624
ЯНАО,Горные марийцы (горномарийцы),5
ЯНАО,Молдаване,2246
ЯНАО,Монголы,2
ЯНАО,"Мордва (мордвины, мордовцы)",557
ЯНАО,Мордва-мокша (мокша),2
ЯНАО,Мордва-эрзя (эрзя),8
ЯНАО,Нагайбаки,22
ЯНАО,Нанайцы,1
ЯНАО,Немцы (русские немцы),982
ЯНАО,"Ненцы (лесные ненцы, малоземельские ненцы, не, ненэйне, неща, неща лесные, тундровые ненцы, ненэця)",35917
ЯНАО,Ногайцы (ногай),3740
ЯНАО,Осетины (аланы),280
ЯНАО,Осетины-дигорцы (дигорцы),1
ЯНАО,"Персы (иранцы, фарс, фарси, хазарейцы с языком персидским)",43
ЯНАО,Поляки,168
ЯНАО,Румыны,18
ЯНАО,Русины (гуцулы),12
ЯНАО,"Русские (великороссы, кривичи, русаки, сибиряки, чалдоны, челдоны)",253306
ЯНАО,Казаки (донские казаки),64
ЯНАО,Поморы,4
ЯНАО,Рутульцы (борчинцы),220
ЯНАО,Саамы (саами),2
ЯНАО,Селькупы (сëлькуп),2001
ЯНАО,Сербы,7
ЯНАО,Словаки,1
ЯНАО,"Табасараны (табасаран, табасаранцы)",344
ЯНАО,Таджики,1974
ЯНАО,Талыши,286
ЯНАО,"Татары (гайнинцы-татары, казанские татары, татар, татаро-башкиры, тептяри, типтяр)",18912
ЯНАО,"Кряшены (керешен, крещеные, крещеные татары)",21
ЯНАО,Сибирские татары (бараба),98
ЯНАО,Таты (тат),6
ЯНАО,Тувинцы (тыва),192
ЯНАО,Тувинцы-тоджинцы,7
ЯНАО,Турки (османы),31
ЯНАО,Туркмены,48
ЯНАО,Удмурты,339
ЯНАО,Узбеки,1935
ЯНАО,Уйгуры,55
ЯНАО,"Украинцы (малороссы, русские украинцы)",18234
ЯНАО,Ульчи (ульча),1
ЯНАО,Финны,33
ЯНАО,Финны-ингерманландцы (ингерманландцы),1
ЯНАО,Французы,2
ЯНАО,Хакасы,80
ЯНАО,Ханты (хантэ),9985
ЯНАО,Хорваты,1
ЯНАО,Цахуры (цахурцы),58
ЯНАО,Цыгане,34
ЯНАО,Черкесы (адыги с языком черкесским),215
ЯНАО,Черногорцы,1
ЯНАО,Чехи,7
ЯНАО,Чеченцы (нохчо),2111
ЯНАО,Чуванцы,1
ЯНАО,Чуваши (чаваш),2006
ЯНАО,Чукчи,5
ЯНАО,Шорцы (шор),7
ЯНАО,Эвенки (эвенк),32
ЯНАО,"Эвены (ламут, эвен)",4
ЯНАО,Энцы,1
ЯНАО,Эстонцы,26
ЯНАО,Юкагиры,1
ЯНАО,Якуты (саха),15
ЯНАО,Указавшие другие ответы о национальной принадлежности (не перечисленные выше),7396
ЯНАО,Нет национальной принадлежности,1276
ЯНАО,"Лица, в переписных листах которых национальная принадлежность не указана",107684
ЯНАО,отказавшиеся отвечать на вопрос о национальной принадлежности,38452
Челябинская область,Все население,3431224
Челябинская область,Указавшие национальную принадлежность,2926024
Челябинская область,Абазины,3
Челябинская область,Абхазы,54
Челябинская область,Аварцы,240
Челябинская область,Дидойцы,1
Челябинская область,Тиндалы,1
Челябинская область,Агулы (агульцы),5
Челябинская область,Адыгейцы (адыги),9
Челябинская область,Азербайджанцы (азер),5349
Челябинская область,Алтайцы,18
Челябинская область,Тубалары,2
Челябинская область,Американцы (афроамериканцы),13
Челябинская область,"Арабы (алжирцы, египтяне, иорданцы, иракцы, йеменцы, ливанцы, мавританцы, марокканцы, палестинцы, сирийцы, тунисцы)",212
Челябинская область,Армяне (русские армяне),7614
Челябинская область,Ассирийцы (арамеи),10
Челябинская область,Афганцы (паштуны),19
Челябинская область,Балкарцы,16
Челябинская область,"Башкиры (бакалинцы, башкир кыпсак, башкиро-татары, башкирцы, башкорт, башкурт, казаки с языком башкирским, татаро-башкиры с языком башкирским)",128071
Челябинская область,"Белорусы (беларусы, поляки с языком белорусским)",4542
Челябинская область,Болгары,257
Челябинская область,"Британцы (англичане, шотландцы)",4
Челябинская область,Буряты,138
Челябинская область,Венгры (мадьяры),13
Челябинская область,Вепсы,6
Челябинская область,Вьетнамцы,111
Челябинская область,Гагаузы,50
Челябинская область,Греки (рум),350
Челябинская область,Грузинские евреи,2
Челябинская область,Грузины,987
Челябинская область,Аджарцы,1
Челябинская область,Мегрелы (мингрелы),2
Челябинская область,Даргинцы,216
Челябинская область,Дунгане,15
Челябинская область,"Евреи (ашкеназы, иудеи, польские евреи, русские евреи)",1675
Челябинская область,Езиды (курды-езиды),158
Челябинская область,Ижорцы (ижора),1
Челябинская область,Ингуши (орстхо),143
Челябинская область,"Индийцы (индуисты, кашмирцы)",26
Челябинская область,Испанцы,12
Челябинская область,"Итальянцы (лангобарды, римляне)",21
Челябинская область,Ительмены,3
Челябинская область,Кабардинцы,106
Челябинская область,Казахи,29057
Челябинская область,Калмыки,44
Челябинская область,Камчадалы,1
Челябинская область,Караимы,7
Челябинская область,Каракалпаки,15
Челябинская область,Карачаевцы,26
Челябинская область,Карелы,22
Челябинская область,Киргизы (кыргыз),1430
Челябинская область,"Китайцы (баоани, ханьцы)",191
Челябинская область,Коми (зыряне),68
Челябинская область,Коми-пермяки (пермяки),148
Челябинская область,"Корейцы (корё сарам, русские корейцы)",471
Челябинская область,Коряки,2
Челябинская область,Крымские татары (татары с языком крымскотатарским),26
Челябинская область,Кубинцы,6
Челябинская область,Кумандинцы,1
Челябинская область,Кумыки,108
Челябинская область,Курды (курд),41
Челябинская область,Лакцы,29
Челябинская область,"Латыши (ливы, латвийцы)",132
Челябинская область,Латгальцы (латгалы),1
Челябинская область,Лезгины,294
Челябинская область,Литовцы,167
Челябинская область,Манси (вогулы),12
Челябинская область,"Марийцы (мари, марий, черемисы)",1460
Челябинская область,Молдаване (бессарабцы),580
Челябинская область,Монголы,13
Челябинская область,"Мордва (мордвины, мордовцы)",4623
Челябинская область,Мордва-мокша (мокша),20
Челябинская область,Мордва-эрзя (эрзя),40
Челябинская область,Нагайбаки,5343
Челябинская область,Нанайцы (гольды),4
Челябинская область,Негидальцы (нигедальцы),2
Челябинская область,"Немцы (германцы, поволжские немцы, российские немцы, русские немцы)",9041
Челябинская область,"Ненцы (не, ненэйне)",27
Челябинская область,Ногайцы,15
Челябинская область,Орочи (ороч),3
Челябинская область,Осетины (аланы),204
Челябинская область,Осетины-дигорцы (дигорцы),1
Челябинская область,Пакистанцы,1
Челябинская область,Памирцы (ваханцы),6
Челябинская область,"Персы (иранцы, фарс)",14
Челябинская область,Поляки,513
Челябинская область,Румыны,25
Челябинская область,Русины (гуцулы),3
Челябинская область,"Русские (великороссы, мещеряки, русаки, сибиряки, чалдоны, якутяне)",2526414
Челябинская область,"Казаки (донские казаки, кубанские казаки, оренбургские казаки, русские казаки, уральские казаки, уссурийцы)",343
Челябинская область,Поморы,2
Челябинская область,Рутульцы (рутул),13
Челябинская область,Саамы (саами),1
Челябинская область,Селькупы,2
Челябинская область,Сербы,24
Челябинская область,Словаки,1
Челябинская область,Словенцы,2
Челябинская область,"Табасараны (табасаран, табасаранцы)",86
Челябинская область,Таджики (тоджик),12308
Челябинская область,Талыши,68
Челябинская область,"Татары (башкиро-татары с языком татарским, волжские татары, казанские татары, татар, татаро-башкиры, тептяри, типтяр)",120242
Челябинская область,Кряшены (крещеные татары),16
Челябинская область,"Мишари (мещеряки с языком татарским, мижер, мишар, мишары)",59
Челябинская область,Таты (таты-азербайджанцы),1
Челябинская область,"Тувинцы (кызылчане, тыва)",79
Челябинская область,Турки,110
Челябинская область,Турки-месхетинцы (месхетинцы),1
Челябинская область,Туркмены,205
Челябинская область,Удины,8
Челябинская область,Удмурты,1089
Челябинская область,Удэгейцы,1
Челябинская область,Узбеки (ташкентцы),7628
Челябинская область,Уйгуры,82
Челябинская область,"Украинцы (казаки с языком украинским, малороссы, русские украинцы)",17154
Челябинская область,Финны,58
Челябинская область,Французы (бретонцы),16
Челябинская область,Хакасы (аринцы),18
Челябинская область,Ханты,23
Челябинская область,Хемшилы,3
Челябинская область,Хорваты,4
Челябинская область,Цахуры (цахурцы),37
Челябинская область,Цыгане (ром),2508
Челябинская область,Цыгане среднеазиатские,1
Челябинская область,Черкесы,30
Челябинская область,Чехи,10
Челябинская область,Чеченцы,574
Челябинская область,Чуваши (чаваш),2644
Челябинская область,Чукчи,20
Челябинская область,Шорцы,4
Челябинская область,Эвенки (эвенк),8
Челябинская область,Эскимосы,1
Челябинская область,Эстонцы,145
Челябинская область,Юкагиры,1
Челябинская область,Якуты (саха),34
Челябинская область,Японцы,9
Челябинская область,Указавшие другие ответы о национальной принадлежности (не перечисленные выше),19225
Челябинская область,Нет национальной принадлежности,10488
Челябинская область,"Лица, в переписных листах которых национальная принадлежность не указана",505200
Челябинская область,отказавшиеся отвечать на вопрос о национальной принадлежности,132451
Республика Алтай,Все население,210924
Республика Алтай,Указавшие национальную принадлежность,197888
Республика Алтай,Аварцы,27
Республика Алтай,Агулы (агульцы),9
Республика Алтай,Азербайджанцы,226
Республика Алтай,"Алтайцы (алтай, алтай-кижи, кыпчак с языком алтайским, ойротским, чуйским, кюзен, майман, меркит, мундус, ойрат с языком алтайским, ойрот, ойроты, тодош, тонжоон, чапты, шор с языком алтайским)",73242
Республика Алтай,"Теленгиты (алтай-теленгит, алтай-телёс, алтайцы-теленгиты, теленит)",2587
Республика Алтай,"Тубалары (алтай-туба, алтайцы-тубалары, туба)",3424
Республика Алтай,"Челканцы (алтайцы-челканцы, чалканцы)",1170
Республика Алтай,Американцы,3
Республика Алтай,Арабы,1
Республика Алтай,Армяне,496
Республика Алтай,Башкиры (башкорт),34
Республика Алтай,Белорусы (беларусы),107
Республика Алтай,Болгары,6
Республика Алтай,Буряты (баяд),83
Республика Алтай,Венгры,2
Республика Алтай,Вепсы (чудь),7
Республика Алтай,Гагаузы,4
Республика Алтай,Греки,18
Республика Алтай,Грузины,67
Республика Алтай,Даргинцы,12
Республика Алтай,Долганы (долган),1
Республика Алтай,Дунгане,4
Республика Алтай,Евреи,15
Республика Алтай,Езиды,4
Республика Алтай,Ингуши,29
Республика Алтай,Индийцы,1
Республика Алтай,Казахи,12647
Республика Алтай,Калмыки,20
Республика Алтай,Караимы,1
Республика Алтай,Карачаевцы,4
Республика Алтай,Карелы,3
Республика Алтай,Кеты (кето),1
Республика Алтай,Киргизы (кыргыз),222
Республика Алтай,Китайцы,3
Республика Алтай,Коми (зыряне),3
Республика Алтай,Коми-пермяки (пермяки),2
Республика Алтай,Корейцы,105
Республика Алтай,Крымские татары,8
Республика Алтай,"Кумандинцы (алтай с языком кумандинским, алтайцы-кумандинцы, куманды)",1037
Республика Алтай,Кумыки,7
Республика Алтай,Лакцы,3
Республика Алтай,Латыши,2
Республика Алтай,Лезгины,16
Республика Алтай,Литовцы,13
Республика Алтай,"Марийцы (мари, марий)",23
Республика Алтай,Горные марийцы,1
Республика Алтай,Молдаване,97
Республика Алтай,"Мордва (мордвины, мордовцы)",33
Республика Алтай,Мордва-эрзя (эрзя),4
Республика Алтай,Немцы,425
Республика Алтай,Ненцы,2
Республика Алтай,Ногайцы,2
Республика Алтай,Осетины,13
Республика Алтай,Поляки,20
Республика Алтай,Румыны,2
Республика Алтай,"Русские (киржаки,русаки, сибиряки, староверы, челдоны, якутяне)",106258
Республика Алтай,Казаки,34
Республика Алтай,Рутульцы,6
Республика Алтай,"Табасараны (табасаран, табасаранцы)",4
Республика Алтай,Таджики,96
Республика Алтай,Талыши,3
Республика Алтай,"Татары (казанские татары, татар)",317
Республика Алтай,Таты (тат),1
Республика Алтай,Телеуты,51
Республика Алтай,Тувинцы (тыва),116
Республика Алтай,Турки,2
Республика Алтай,Туркмены,13
Республика Алтай,Удмурты,29
Республика Алтай,Узбеки,204
Республика Алтай,Уйгуры,49
Республика Алтай,Украинцы,446
Республика Алтай,Финны,1
Республика Алтай,Французы,2
Республика Алтай,Хакасы (койбалы),35
Республика Алтай,Ханты,2
Республика Алтай,Цыгане,22
Республика Алтай,Черкесы,1
Республика Алтай,Чехи,1
Республика Алтай,Чеченцы,18
Республика Алтай,Чуваши,49
Республика Алтай,Чукчи,2
Республика Алтай,Шорцы,91
Республика Алтай,Эвенки,4
Республика Алтай,Эстонцы,7
Республика Алтай,Якуты (саха),22
Республика Алтай,Японцы,1
Республика Алтай,Указавшие другие ответы о национальной принадлежности (не перечисленные выше),718
Республика Алтай,Нет национальной принадлежности,205
Республика Алтай,"Лица, в переписных листах которых национальная принадлежность не указана",13036
Республика Алтай,отказавшиеся отвечать на вопрос о национальной принадлежности,1581
Республика Тыва,Все население,336651
Республика Тыва,Указавшие национальную принадлежность,315558
Республика Тыва,Аварцы,21
Республика Тыва,Азербайджанцы (азер),76
Республика Тыва,Алтайцы (алтай),78
Республика Тыва,Арабы,1
Республика Тыва,Армяне,289
Республика Тыва,Балкарцы,1
Республика Тыва,"Башкиры (башкиро-татары, башкирцы)",46
Республика Тыва,Белорусы (беларусы),20
Республика Тыва,Буряты,180
Республика Тыва,Вьетнамцы,12
Республика Тыва,Греки,17
Республика Тыва,Грузины,52
Республика Тыва,Даргинцы,20
Республика Тыва,Долганы,2
Республика Тыва,Евреи,6
Республика Тыва,Езиды,1
Республика Тыва,Ингуши,9
Республика Тыва,Итальянцы,1
Республика Тыва,Кабардинцы,2
Республика Тыва,Казахи,73
Республика Тыва,Калмыки,19
Республика Тыва,Карачаевцы,4
Республика Тыва,Кеты (кето),1
Республика Тыва,Киргизы (кыргыз),378
Республика Тыва,Китайцы (тибетцы),223
Республика Тыва,Коми-пермяки,1
Республика Тыва,Корейцы,57
Республика Тыва,Кубинцы,1
Республика Тыва,Кумандинцы,4
Республика Тыва,Кумыки,4
Республика Тыва,Лакцы,5
Республика Тыва,Латыши,7
Республика Тыва,Лезгины,4
Республика Тыва,Литовцы (литвины с языком литовским),7
Республика Тыва,Марийцы (мари),18
Республика Тыва,Молдаване,8
Республика Тыва,Монголы,34
Республика Тыва,Мордва,13
Республика Тыва,Мордва-мокша (мокша),1
Республика Тыва,Мордва-эрзя (эрзя),1
Республика Тыва,Немцы,26
Республика Тыва,Осетины,11
Республика Тыва,Поляки,4
Республика Тыва,Румыны,1
Республика Тыва,"Русские (ведруссы, сибиряки, якутяне)",31927
Республика Тыва,Казаки,5
Республика Тыва,Сербы,1
Республика Тыва,Сойоты (сойот),2
Республика Тыва,Табасараны (табасаранцы),3
Республика Тыва,Таджики,53
Республика Тыва,Татары (татар),180
Республика Тыва,Телеуты,1
Республика Тыва,Тофалары,3
Республика Тыва,"Тувинцы (тува, тыва, урянхай)",279789
Республика Тыва,Тувинцы-тоджинцы (тоджинцы),7189
Республика Тыва,Турки,12
Республика Тыва,Турки-месхетинцы,1
Республика Тыва,Туркмены,3
Республика Тыва,Удмурты,5
Республика Тыва,Узбеки,99
Республика Тыва,Уйгуры,2
Республика Тыва,Украинцы,107
Республика Тыва,Финны,1
Республика Тыва,Хакасы,359
Республика Тыва,Цыгане (дом),3
Республика Тыва,Черкесы,2
Республика Тыва,Чеченцы,5
Республика Тыва,Чуваши,45
Республика Тыва,Шорцы (шор),20
Республика Тыва,Эвенки (эвенк),3
Республика Тыва,Эстонцы,5
Республика Тыва,Якуты (саха),29
Республика Тыва,Японцы,1
Республика Тыва,Указавшие другие ответы о национальной принадлежности (не перечисленные выше),604
Республика Тыва,Нет национальной принадлежности,556
Республика Тыва,"Лица, в переписных листах которых национальная принадлежность не указана",21093
Республика Тыва,отказавшиеся отвечать на вопрос о национальной принадлежности,2214
Республика Хакасия,Все население,534795
Республика Хакасия,Указавшие национальную принадлежность,433781
Республика Хакасия,Абхазы,1
Республика Хакасия,Аварцы,59
Республика Хакасия,Агулы,1
Республика Хакасия,Азербайджанцы,1042
Республика Хакасия,Алтайцы,33
Республика Хакасия,"Арабы (ливанцы, марокканцы, сирийцы)",5
Республика Хакасия,Армяне,547
Республика Хакасия,Афганцы (хазарейцы),2
Республика Хакасия,Балкарцы,5
Республика Хакасия,Башкиры (башкирцы),130
Республика Хакасия,Белорусы (беларусы),526
Республика Хакасия,Болгары,45
Республика Хакасия,Британцы (шотландцы),1
Республика Хакасия,Буряты,137
Республика Хакасия,Венгры,1
Республика Хакасия,Вепсы (чудь),1
Республика Хакасия,Вьетнамцы,10
Республика Хакасия,Гагаузы,11
Республика Хакасия,Греки,52
Республика Хакасия,Грузины,139
Республика Хакасия,Даргинцы,35
Республика Хакасия,Долганы,7
Республика Хакасия,Дунгане,11
Республика Хакасия,Евреи (русские евреи),51
Республика Хакасия,Езиды,7
Республика Хакасия,Ингуши,19
Республика Хакасия,Итальянцы,1
Республика Хакасия,Ительмены,2
Республика Хакасия,Кабардинцы (кабардино-балкарцы),12
Республика Хакасия,Казахи,248
Республика Хакасия,Калмыки,60
Республика Хакасия,Каракалпаки,4
Республика Хакасия,Карачаевцы,7
Республика Хакасия,Карелы,7
Республика Хакасия,"Кеты (кето, остяки)",2
Республика Хакасия,Киргизы (кыргыз),1140
Республика Хакасия,Китайцы,41
Республика Хакасия,"Коми (зыряне, коми-зыряне)",31
Республика Хакасия,Коми-пермяки (пермяки),25
Республика Хакасия,Корейцы,270
Республика Хакасия,Коряки,2
Республика Хакасия,Крымские татары,2
Республика Хакасия,Кубинцы,3
Республика Хакасия,Кумандинцы (тадар),3
Республика Хакасия,Кумыки,20
Республика Хакасия,Курды (курд),7
Республика Хакасия,Лакцы,2
Республика Хакасия,Латыши (латвийцы),85
Республика Хакасия,Латгальцы,11
Республика Хакасия,Лезгины,80
Республика Хакасия,Литовцы,90
Республика Хакасия,"Марийцы (мари, марий)",183
Республика Хакасия,Молдаване,109
Республика Хакасия,Монголы,4
Республика Хакасия,"Мордва (мордвины, мордовцы)",414
Республика Хакасия,Мордва-мокша (мокша),1
Республика Хакасия,Мордва-эрзя ( эрзя),3
Республика Хакасия,Нагайбаки,1
Республика Хакасия,Нганасаны,1
Республика Хакасия,Немцы (русские немцы),2831
Республика Хакасия,Ненцы,2
Республика Хакасия,Нивхи,2
Республика Хакасия,Ногайцы,5
Республика Хакасия,Осетины (аланы),47
Республика Хакасия,Поляки,97
Республика Хакасия,Румыны,1
Республика Хакасия,"Русские (великороссы, гураны, сибиряки, чалдоны)",356325
Республика Хакасия,"Казаки (донские казаки, русские казаки, сибирские казаки, терские казаки)",32
Республика Хакасия,Поморы,2
Республика Хакасия,Рутульцы,11
Республика Хакасия,Селькупы,1
Республика Хакасия,Сербы,3
Республика Хакасия,Словенцы (славянцы),2
Республика Хакасия,Табасараны (табасаранцы),25
Республика Хакасия,Таджики,621
Республика Хакасия,Талыши,2
Республика Хакасия,Татары (татар),1590
Республика Хакасия,Кряшены,1
Республика Хакасия,Телеуты,5
Республика Хакасия,Тофалары (тофа),1
Республика Хакасия,Тувинцы,2051
Республика Хакасия,Тувинцы-тоджинцы,2
Республика Хакасия,Турки,4
Республика Хакасия,Туркмены,21
Республика Хакасия,Удмурты,77
Республика Хакасия,Удэгейцы,1
Республика Хакасия,Узбеки,855
Республика Хакасия,Уйгуры,27
Республика Хакасия,"Украинцы (казаки с языком украинским, русские украинцы)",1800
Республика Хакасия,Финны,24
Республика Хакасия,Французы,1
Республика Хакасия,"Хакасы (сагайцы, тадар с языком хакасским, хаас)",55144
Республика Хакасия,Ханты,2
Республика Хакасия,Цахуры (цахурцы),5
Республика Хакасия,Цыгане,475
Республика Хакасия,Черкесы,3
Республика Хакасия,Чехи,1
Республика Хакасия,Чеченцы,40
Республика Хакасия,Чуваши (чаваш),902
Республика Хакасия,Чукчи,2
Республика Хакасия,Шорцы (шор),1445
Республика Хакасия,"Эвенки (тунгусы, эвенк)",17
Республика Хакасия,Эвены (эвен),3
Республика Хакасия,Эскимосы,1
Республика Хакасия,Эстонцы,90
Республика Хакасия,Сету,1
Республика Хакасия,Якуты (саха),25
Республика Хакасия,Указавшие другие ответы о национальной принадлежности (не перечисленные выше),2460
Республика Хакасия,Нет национальной принадлежности,1000
Республика Хакасия,"Лица, в переписных листах которых национальная принадлежность не указана",101014
Республика Хакасия,отказавшиеся отвечать на вопрос о национальной принадлежности,12734
Алтайский край,Все население,2163693
Алтайский край,Указавшие национальную принадлежность,1952433
Алтайский край,Абазины,2
Алтайский край,Абхазы,25
Алтайский край,Аварцы,171
Алтайский край,Андийцы,2
Алтайский край,Ахвахцы,2
Алтайский край,Тиндалы (тиндинцы),1
Алтайский край,Агулы (агульцы),3
Алтайский край,"Адыгейцы (адыге, адыги)",4
Алтайский край,Азербайджанцы (азер),3142
Алтайский край,Алеуты,4
Алтайский край,"Алтайцы (алтай, алтай-кижи, тьабак)",1037
Алтайский край,Теленгиты (телёс),19
Алтайский край,Тубалары (туба),90
Алтайский край,Челканцы,40
Алтайский край,Американцы,12
Алтайский край,"Арабы (египтяне, иракцы, марокканцы, саудовцы, сирийцы)",59
Алтайский край,"Армяне (нахичеванцы с языком армянским, русским, русские армяне)",5100
Алтайский край,Ассирийцы,2
Алтайский край,Афганцы (пуштуны),31
Алтайский край,Балкарцы,9
Алтайский край,Башкиры (башкорт),261
Алтайский край,"Белорусы (беларусы, поляки с языком белорусским)",1573
Алтайский край,Болгары,132
Алтайский край,"Британцы (англичане, валлийцы)",2
Алтайский край,Буряты,145
Алтайский край,Венгры (австровенгры),15
Алтайский край,Вепсы,3
Алтайский край,Вьетнамцы,20
Алтайский край,Гагаузы,21
Алтайский край,"Греки (рум, русские греки)",78
Алтайский край,Грузинские евреи,1
Алтайский край,Грузины,429
Алтайский край,Даргинцы,64
Алтайский край,Дунгане,303
Алтайский край,"Евреи (иудеи, русские евреи)",379
Алтайский край,Езиды,17
Алтайский край,Ингуши,70
Алтайский край,Индийцы  (индуисты),26
Алтайский край,Итальянцы,2
Алтайский край,Кабардинцы,54
Алтайский край,Казахи,5586
Алтайский край,Калмыки,29
Алтайский край,Камчадалы,1
Алтайский край,Караимы,2
Алтайский край,Каракалпаки,5
Алтайский край,Карачаевцы  (карачай),23
Алтайский край,Карелы,11
Алтайский край,Кеты (остяки),2
Алтайский край,Киргизы (кыргыз),535
Алтайский край,Китайцы (хунхузы),70
Алтайский край,"Коми (зыряне, коми-зыряне)",41
Алтайский край,"Коми-пермяки (коми с языком коми-пермяцким, пермяки)",45
Алтайский край,Корейцы (русские корейцы),672
Алтайский край,Коряки,3
Алтайский край,Крымские татары (татары с языком крымскотатарским),8
Алтайский край,Кубинцы,1
Алтайский край,Кумандинцы,1089
Алтайский край,Кумыки,29
Алтайский край,Курды (курд),26
Алтайский край,Лакцы,18
Алтайский край,Латыши (курляндцы),51
Алтайский край,Лезгины,127
Алтайский край,Литовцы,137
Алтайский край,Манси,5
Алтайский край,"Марийцы (мар, мари, марий)",209
Алтайский край,Молдаване,403
Алтайский край,Монголы,8
Алтайский край,"Мордва (мордвины, мордовцы)",1153
Алтайский край,Мордва-мокша (мокша),5
Алтайский край,Мордва-эрзя (эрзя),287
Алтайский край,Нагайбаки,1
Алтайский край,Нанайцы,8
Алтайский край,"Немцы (российские немцы, русские немцы, швабы)",25361
Алтайский край,Ненцы (не),5
Алтайский край,Нивхи,2
Алтайский край,Ногайцы,19
Алтайский край,Орочи (ороч),2
Алтайский край,Осетины (аланы),144
Алтайский край,Пакистанцы,8
Алтайский край,Памирцы,11
Алтайский край,Персы (иранцы),12
Алтайский край,Поляки,246
Алтайский край,Румыны,11
Алтайский край,Русины (гуцулы),5
Алтайский край,"Русские  (гураны, кержаки, русаки, сибиряки, чалдоны, челдоны)",1863686
Алтайский край,"Казаки (донские казаки, кубанские казаки, православные казаки, русские казаки, сибирские казаки, терские казаки)",70
Алтайский край,Поморы,1
Алтайский край,Рутульцы,8
Алтайский край,Селькупы,1
Алтайский край,Сербы,5
Алтайский край,Словаки,4
Алтайский край,"Табасараны (табасаран, табасаранцы)",54
Алтайский край,Таджики,5230
Алтайский край,Талыши,69
Алтайский край,"Татары (исашные татары, казанские татары, татар)",3623
Алтайский край,Кряшены (крещеные татары),5
Алтайский край,Сибирские татары,2
Алтайский край,Таты (тат),3
Алтайский край,Телеуты,12
Алтайский край,Тофалары (тофа),2
Алтайский край,Тувинцы (тыва),293
Алтайский край,Тувинцы-тоджинцы,3
Алтайский край,Турки,38
Алтайский край,Туркмены,71
Алтайский край,Удины,5
Алтайский край,Удмурты,228
Алтайский край,Узбеки,2220
Алтайский край,Уйгуры,62
Алтайский край,"Украинцы (малороссы, русские украинцы)",10614
Алтайский край,Ульчи (ульча),2
Алтайский край,Финны,16
Алтайский край,Французы,5
Алтайский край,Хакасы (аринцы),80
Алтайский край,Ханты,11
Алтайский край,Хорваты,1
Алтайский край,Цахуры (цахурцы),5
Алтайский край,Цыгане  (русские цыгане),2099
Алтайский край,Черкесы,24
Алтайский край,Чехи,11
Алтайский край,Чеченцы,374
Алтайский край,Чуванцы,1
Алтайский край,Чуваши,851
Алтайский край,Чукчи,7
Алтайский край,Шорцы,64
Алтайский край,"Эвенки (тунгус, эвенк)",9
Алтайский край,"Эвены (ламут, эвен)",5
Алтайский край,Эскимосы,2
Алтайский край,Эстонцы,81
Алтайский край,Юкагиры,1
Алтайский край,Якуты (саха),64
Алтайский край,Японцы,7
Алтайский край,Указавшие другие ответы о национальной принадлежности (не перечисленные выше),9657
Алтайский край,Нет национальной принадлежности,3508
Алтайский край,"Лица, в переписных листах которых национальная принадлежность не указана",211260
Алтайский край,отказавшиеся отвечать на вопрос о национальной принадлежности,30200
Красноярский край,Все население,2856971
Красноярский край,Указавшие национальную принадлежность,2544665
Красноярский край,Абазины,20
Красноярский край,Абхазы,34
Красноярский край,Аварцы,338
Красноярский край,Агулы (агульцы),42
Красноярский край,"Адыгейцы (адыгейские казаки, адыги)",30
Красноярский край,"Азербайджанцы (азер, азери, бакинцы)",11658
Красноярский край,"Алтайцы (ойрот, ойроты)",182
Красноярский край,Теленгиты (алтайцы-теленгиты),13
Красноярский край,Тубалары,12
Красноярский край,Челканцы (чалканцы),7
Красноярский край,Американцы,23
Красноярский край,"Арабы (египтяне, иракцы, йеменцы, ливанцы, ливийцы, мавры, марокканцы, тунисцы)",62
Красноярский край,Армяне (русские армяне),7718
Красноярский край,Ассирийцы (арамеи),8
Красноярский край,Афганцы,7
Красноярский край,Балкарцы,29
Красноярский край,"Башкиры (башкирцы, башкорт, уранцы)",2595
Красноярский край,"Белорусы (беларусы, поляки с языком белорусским)",3049
Красноярский край,Бесермяне,3
Красноярский край,Болгары,146
Красноярский край,"Британцы (англичане, шотландцы)",11
Красноярский край,"Буряты (аларцы, буряад, бурят-монголы)",1187
Красноярский край,Венгры,14
Красноярский край,Вепсы,2
Красноярский край,"Вьетнамцы (вьетконговцы, кинь)",69
Красноярский край,Гагаузы,131
Красноярский край,Греки (рум),241
Красноярский край,Греки-урумы (урум),1
Красноярский край,Грузины (гурийцы),1053
Красноярский край,Ингилойцы (ингилой),134
Красноярский край,Мегрелы (мингрелы),3
Красноярский край,Даргинцы,226
Красноярский край,Кубачинцы (угбуг),1
Красноярский край,"Долганы (долган, дулган, саха с языком долганским)",5867
Красноярский край,Дунгане,7
Красноярский край,"Евреи (ашкеназы,иудеи, русские евреи)",618
Красноярский край,Езиды,124
Красноярский край,Ижорцы,1
Красноярский край,Ингуши,204
Красноярский край,Индийцы (индуисты),11
Красноярский край,Испанцы (каталонцы),9
Красноярский край,Итальянцы (римляне),10
Красноярский край,Ительмены,2
Красноярский край,Кабардинцы,108
Красноярский край,Казахи,2389
Красноярский край,Калмыки,137
Красноярский край,Камчадалы,1
Красноярский край,Караимы,3
Красноярский край,Каракалпаки (калпак),21
Красноярский край,Карачаевцы,19
Красноярский край,Карелы,27
Красноярский край,"Кеты (кето, остяки)",911
Красноярский край,Киргизы (кыргыз),10652
Красноярский край,Китайцы,651
Красноярский край,Коми (зыряне),58
Красноярский край,"Коми-пермяки (коми с языком коми-пермяцким, пермяки)",105
Красноярский край,Корейцы (русские корейцы),449
Красноярский край,Коряки (каменцы),7
Красноярский край,Алюторцы (нымыланы),1
Красноярский край,Крымские татары (татары с языком крымскотатарским),24
Красноярский край,Кубинцы,7
Красноярский край,Кумандинцы,4
Красноярский край,Кумыки,422
Красноярский край,Курды (курд),20
Красноярский край,Лакцы,211
Красноярский край,Латыши (латвийцы),747
Красноярский край,Латгальцы (латгалы),170
Красноярский край,Лезгины (лезги),2206
Красноярский край,Литовцы (литувей),485
Красноярский край,Македонцы,2
Красноярский край,"Марийцы (мар, мари, марий)",1256
Красноярский край,Горные марийцы (горномарийцы),1
Красноярский край,Лугово-восточные марийцы (луговые марийцы),1
Красноярский край,Молдаване (бессарабы ),1006
Красноярский край,Монголы,25
Красноярский край,"Мордва (мордвины, мордовцы)",1395
Красноярский край,Мордва-мокша (мокша),10
Красноярский край,Мордва-эрзя (эрзя),18
Красноярский край,Нагайбаки,1
Красноярский край,Нанайцы,10
Красноярский край,Нганасаны,663
Красноярский край,"Немцы (германцы, голендры, российские немцы, русские немцы, харбинские немцы)",8936
Красноярский край,Ненцы (не),3836
Красноярский край,Нивхи,4
Красноярский край,Ногайцы,1772
Красноярский край,Осетины (аланы),1282
Красноярский край,Осетины-дигорцы (дигорцы),5
Красноярский край,Пакистанцы,1
Красноярский край,Памирцы,6
Красноярский край,"Персы (иранцы, фарс, фарси)",21
Красноярский край,Поляки,393
Красноярский край,Румыны,26
Красноярский край,Русины (гуцулы),8
Красноярский край,"Русские (мещеряки, русаки, сибиряки, чалдоны, челдоны, якутяне)",2382723
Красноярский край,"Казаки (донские казаки, кубанские казаки, русские казаки, уральские казаки)",159
Красноярский край,Поморы,5
Красноярский край,Рутульцы,28
Красноярский край,Селькупы,314
Красноярский край,Сербы,25
Красноярский край,Словенцы,4
Красноярский край,Сойоты (сойот),1
Красноярский край,"Табасараны (табасаран, табасаранцы)",239
Красноярский край,Таджики (тоджик),12968
Красноярский край,Талыши,93
Красноярский край,"Татары (казанские татары, татар, татаро-башкиры, татаро-русские с языком татарским)",19418
Красноярский край,Кряшены (крещеные татары),73
Красноярский край,Мишари,2
Красноярский край,"Сибирские татары (бухарцы, сибирь)",5
Красноярский край,Таты (тат),1
Красноярский край,Телеуты,2
Красноярский край,Тофалары (тофа),15
Красноярский край,"Тувинцы (тува, тыва)",2719
Красноярский край,Турки,78
Красноярский край,Турки-месхетинцы,1
Красноярский край,Туркмены,606
Красноярский край,Удины,11
Красноярский край,Удмурты,675
Красноярский край,Удэгейцы,1
Красноярский край,Узбеки (локайцы),7523
Красноярский край,Уйгуры,59
Красноярский край,"Украинцы (казаки с языком украинским, малороссы, русские украинцы)",11601
Красноярский край,Ульчи (ульча),4
Красноярский край,Финны (суоми),84
Красноярский край,Финны-ингерманландцы,2
Красноярский край,Французы,6
Красноярский край,"Хакасы (пурус, сагайцы, хаас)",2741
Красноярский край,Ханты,11
Красноярский край,Хорваты,2
Красноярский край,Цахуры (цахурцы),19
Красноярский край,Цыгане (русские цыгане),1441
Красноярский край,Черкесы,65
Красноярский край,Чехи,8
Красноярский край,Чеченцы (нохчий),536
Красноярский край,Чуванцы,1
Красноярский край,Чуваши (чаваш),4391
Красноярский край,Чукчи,14
Красноярский край,Чулымцы (исашные),145
Красноярский край,Шорцы (шор),100
Красноярский край,"Эвенки (тунгусы, эвенк)",3612
Красноярский край,"Эвены (эвен, эвон, эвэн, эвены)",20
Красноярский край,Энцы,195
Красноярский край,Эскимосы,4
Красноярский край,Эстонцы,873
Красноярский край,"Сету (сето, эстонцы-сету)",58
Красноярский край,Юкагиры,4
Красноярский край,"Якуты (саха) (ессейские якуты, сахаляры)",1236
Красноярский край,Японцы,12
Красноярский край,Указавшие другие ответы о национальной принадлежности (не перечисленные выше),5184
Красноярский край,Нет национальной принадлежности,8814
Красноярский край,"Лица, в переписных листах которых национальная принадлежность не указана",312306
Красноярский край,отказавшиеся отвечать на вопрос о национальной принадлежности,101673
Иркутская область,Все население,2370102
Иркутская область,Указавшие национальную принадлежность,2079287
Иркутская область,Абазины,6
Иркутская область,Абхазы,13
Иркутская область,Аварцы,166
Иркутская область,Андийцы,3
Иркутская область,Хваршины,1
Иркутская область,Агулы,5
Иркутская область,Адыгейцы (адыги),98
Иркутская область,Азербайджанцы (азер),3147
Иркутская область,Алтайцы (ойрот),64
Иркутская область,Тубалары,4
Иркутская область,Американцы,5
Иркутская область,"Арабы (алжирцы, египтяне, ливанцы, марокканцы, палестинцы, сирийцы)",108
Иркутская область,Армяне (русские армяне),5238
Иркутская область,Ассирийцы,5
Иркутская область,"Афганцы (пуштуны, хазарейцы)",8
Иркутская область,Балкарцы,12
Иркутская область,"Башкиры (башкирцы, башкорт, башкурт, уранцы)",797
Иркутская область,"Белорусы (беларусы, литвины, пинчуки, поляки с языком белорусским)",2434
Иркутская область,Болгары,82
Иркутская область,"Британцы (англичане, шотландцы)",7
Иркутская область,"Буряты (аларцы, булагаты, буряад, бурят-монголы, буряты-азербайджанцы, гураны с языком бурятским, курымкане, сонголы, хамниганы)",74746
Иркутская область,Венгры (мадьяр),11
Иркутская область,Вепсы (чудь),18
Иркутская область,Вьетнамцы (кинь),57
Иркутская область,Гагаузы,98
Иркутская область,Горские евреи,1
Иркутская область,Греки (рум),81
Иркутская область,Грузины,625
Иркутская область,"Мегрелы (менгрелы, мингрелы)",5
Иркутская область,Даргинцы,86
Иркутская область,Долганы (долган),1
Иркутская область,Дунгане,13
Иркутская область,"Евреи (иудеи, польские евреи, русские евреи)",791
Иркутская область,"Езиды (езды, язиды)",175
Иркутская область,Ижорцы,2
Иркутская область,Ингуши,119
Иркутская область,Индийцы (индуисты),74
Иркутская область,Испанцы,2
Иркутская область,Итальянцы (римляне),1
Иркутская область,Кабардинцы,26
Иркутская область,Казахи (кереиты),842
Иркутская область,Калмыки,30
Иркутская область,Камчадалы,1
Иркутская область,Каракалпаки,2
Иркутская область,Карачаевцы,22
Иркутская область,Карелы,36
Иркутская область,Кеты (кето),2
Иркутская область,Киргизы (кыргыз),3974
Иркутская область,Китайцы,504
Иркутская область,Коми (зыряне),35
Иркутская область,"Коми-пермяки (коми с языком коми-пермяцким, пермяки)",120
Иркутская область,Корейцы,617
Иркутская область,Коряки,4
Иркутская область,Крымские татары,13
Иркутская область,Кубинцы,1
Иркутская область,Кумандинцы,5
Иркутская область,Кумыки,57
Иркутская область,Курды (курд),10
Иркутская область,Лакцы,14
Иркутская область,Латыши (латвийцы),84
Иркутская область,Латгальцы,4
Иркутская область,Лезгины,166
Иркутская область,Литовцы,347
Иркутская область,Македонцы,3
Иркутская область,Манси,4
Иркутская область,"Марийцы (мари, марий)",350
Иркутская область,Молдаване,555
Иркутская область,Монголы,52
Иркутская область,"Мордва (мордвины, мордовцы, терюхане)",751
Иркутская область,Мордва-мокша (мокша),5
Иркутская область,Мордва-эрзя (эрзя),14
Иркутская область,Нагайбаки,5
Иркутская область,Нанайцы,10
Иркутская область,Нганасаны,4
Иркутская область,"Немцы (бужские голендры, голендры, поволжские немцы, польские немцы, российские немцы, русские немцы)",1389
Иркутская область,Ненцы (не),15
Иркутская область,Нивхи,2
Иркутская область,Ногайцы,43
Иркутская область,Осетины,237
Иркутская область,Пакистанцы,3
Иркутская область,Памирцы,11
Иркутская область,"Персы (иранцы, фарс, фарси)",24
Иркутская область,Поляки,657
Иркутская область,Румыны,24
Иркутская область,Русины (гуцулы),4
Иркутская область,"Русские (великороссы, гураны, нууча, русаки, семейские, сибиряки, староверы, чалдоны, челдоны, якутяне)",1917265
Иркутская область,"Казаки (донские казаки, забайкальские казаки, кубанские казаки, сибирские казаки, терские казаки)",102
Иркутская область,Поморы,2
Иркутская область,Рутульцы,8
Иркутская область,Саамы (лопари),1
Иркутская область,Селькупы,1
Иркутская область,Сербы,19
Иркутская область,Словаки,2
Иркутская область,Словенцы,1
Иркутская область,Сойоты (сойот),16
Иркутская область,"Табасараны (табасаран, табасаранцы)",21
Иркутская область,Таджики,7092
Иркутская область,Талыши,65
Иркутская область,"Татары ( казанские татары, татар)",12130
Иркутская область,Кряшены (кряшены-татары),33
Иркутская область,Сибирские татары (сибирь),2
Иркутская область,Тофалары (тофа),659
Иркутская область,"Тувинцы (тува, тыва)",990
Иркутская область,Тувинцы-тоджинцы,3
Иркутская область,Турки,764
Иркутская область,Турки-месхетинцы,1
Иркутская область,Туркмены,105
Иркутская область,Удины,1
Иркутская область,Удмурты,416
Иркутская область,Удэгейцы (удэхейцы),3
Иркутская область,Узбеки,5109
Иркутская область,Уйгуры,13
Иркутская область,Уйльта (орочён),1
Иркутская область,"Украинцы (малороссы, русские украинцы)",9506
Иркутская область,Финны,41
Иркутская область,Французы,6
Иркутская область,Хакасы,115
Иркутская область,Ханты,8
Иркутская область,Хорваты,2
Иркутская область,Цахуры (цахурцы),21
Иркутская область,Цыгане,633
Иркутская область,Черкесы,11
Иркутская область,Черногорцы,1
Иркутская область,Чехи,5
Иркутская область,Чеченцы,237
Иркутская область,Чуванцы,1
Иркутская область,Чуваши (чаваш),1798
Иркутская область,Чукчи,17
Иркутская область,Шорцы,19
Иркутская область,"Эвенки (тунгус, тунгусы, эвенк)",1144
Иркутская область,"Эвены (эвен, эвон, эвэн)",22
Иркутская область,Эскимосы,1
Иркутская область,Эстонцы,56
Иркутская область,Сету,1
Иркутская область,Юкагиры,2
Иркутская область,Якуты (саха) (сахаляры),468
Иркутская область,Японцы,14
Иркутская область,Указавшие другие ответы о национальной принадлежности (не перечисленные выше),16248
Иркутская область,Нет национальной принадлежности,4077
Иркутская область,"Лица, в переписных листах которых национальная принадлежность не указана",290815
Иркутская область,отказавшиеся отвечать на вопрос о национальной принадлежности,45284
Кемеровская область - Кузбасс,Все население,2600923
Кемеровская область - Кузбасс,Указавшие национальную принадлежность,2393166
Кемеровская область - Кузбасс,Абазины,8
Кемеровская область - Кузбасс,Абхазы,10
Кемеровская область - Кузбасс,Аварцы,186
Кемеровская область - Кузбасс,Бежтинцы (капучины),1
Кемеровская область - Кузбасс,Агулы,7
Кемеровская область - Кузбасс,Адыгейцы,5
Кемеровская область - Кузбасс,Азербайджанцы (азер),4106
Кемеровская область - Кузбасс,Алеуты,1
Кемеровская область - Кузбасс,"Алтайцы (алтай, ойрот, шор с языком алтайским)",364
Кемеровская область - Кузбасс,Теленгиты,5
Кемеровская область - Кузбасс,Тубалары (туба),5
Кемеровская область - Кузбасс,Челканцы,24
Кемеровская область - Кузбасс,Американцы,3
Кемеровская область - Кузбасс,"Арабы (египтяне, марокканцы, палестинцы, тунисцы)",57
Кемеровская область - Кузбасс,Армяне (русские армяне),8811
Кемеровская область - Кузбасс,Ассирийцы,1
Кемеровская область - Кузбасс,Афганцы (пуштуны),7
Кемеровская область - Кузбасс,Балкарцы,18
Кемеровская область - Кузбасс,"Башкиры (башкиро-татары, башкирцы)",1080
Кемеровская область - Кузбасс,"Белорусы (беларусы, поляки с языком белорусским)",2032
Кемеровская область - Кузбасс,Болгары,174
Кемеровская область - Кузбасс,Боснийцы,1
Кемеровская область - Кузбасс,Британцы (англичане),5
Кемеровская область - Кузбасс,Буряты (буряты-азербайджанцы),206
Кемеровская область - Кузбасс,Венгры (мадьяры),13
Кемеровская область - Кузбасс,Вепсы (чухари),25
Кемеровская область - Кузбасс,Вьетнамцы,33
Кемеровская область - Кузбасс,Гагаузы,27
Кемеровская область - Кузбасс,Горские евреи,1
Кемеровская область - Кузбасс,"Греки (крымские греки, рум)",144
Кемеровская область - Кузбасс,Грузины,498
Кемеровская область - Кузбасс,Мегрелы (менгрелы),1
Кемеровская область - Кузбасс,Даргинцы,35
Кемеровская область - Кузбасс,Долганы,2
Кемеровская область - Кузбасс,Дунгане,12
Кемеровская область - Кузбасс,"Евреи (польские евреи, русские евреи)",497
Кемеровская область - Кузбасс,Езиды,72
Кемеровская область - Кузбасс,Ингуши,394
Кемеровская область - Кузбасс,"Индийцы (индуисты, хинди)",120
Кемеровская область - Кузбасс,Испанцы,3
Кемеровская область - Кузбасс,Итальянцы,6
Кемеровская область - Кузбасс,Ительмены,1
Кемеровская область - Кузбасс,Кабардинцы,59
Кемеровская область - Кузбасс,Казахи,1513
Кемеровская область - Кузбасс,Калмыки,31
Кемеровская область - Кузбасс,Камчадалы,2
Кемеровская область - Кузбасс,Караимы,1
Кемеровская область - Кузбасс,Каракалпаки,13
Кемеровская область - Кузбасс,Карачаевцы,17
Кемеровская область - Кузбасс,Карелы,45
Кемеровская область - Кузбасс,Кеты (остяки),2
Кемеровская область - Кузбасс,Киргизы (кыргыз),1732
Кемеровская область - Кузбасс,Китайцы,201
Кемеровская область - Кузбасс,"Коми (зыряне, коми-зыряне)",57
Кемеровская область - Кузбасс,Коми-пермяки (пермяки),63
Кемеровская область - Кузбасс,Корейцы,426
Кемеровская область - Кузбасс,Коряки,2
Кемеровская область - Кузбасс,Крымские татары,13
Кемеровская область - Кузбасс,Кубинцы,5
Кемеровская область - Кузбасс,"Кумандинцы (куманды, со)",123
Кемеровская область - Кузбасс,Кумыки,31
Кемеровская область - Кузбасс,Курды (курд),28
Кемеровская область - Кузбасс,Лакцы,29
Кемеровская область - Кузбасс,Латыши (латвийцы),130
Кемеровская область - Кузбасс,Латгальцы (латгалы),15
Кемеровская область - Кузбасс,Лезгины,168
Кемеровская область - Кузбасс,Литовцы,133
Кемеровская область - Кузбасс,Македонцы,3
Кемеровская область - Кузбасс,Манси,5
Кемеровская область - Кузбасс,"Марийцы (мари, марий)",438
Кемеровская область - Кузбасс,"Молдаване (бессарабцы, бессарабы)",417
Кемеровская область - Кузбасс,Монголы,8
Кемеровская область - Кузбасс,"Мордва (мордвины, мордовцы)",1315
Кемеровская область - Кузбасс,Мордва-мокша (мокша),6
Кемеровская область - Кузбасс,Мордва-эрзя (эрзя),17
Кемеровская область - Кузбасс,Нагайбаки,6
Кемеровская область - Кузбасс,Нганасаны,1
Кемеровская область - Кузбасс,"Немцы (баварцы, пруссы, российские немцы, русские немцы)",10132
Кемеровская область - Кузбасс,Ненцы (не),9
Кемеровская область - Кузбасс,Ногайцы,23
Кемеровская область - Кузбасс,Орочи,1
Кемеровская область - Кузбасс,Осетины,134
Кемеровская область - Кузбасс,Памирцы,18
Кемеровская область - Кузбасс,"Персы (иранцы, фарси)",11
Кемеровская область - Кузбасс,Поляки,295
Кемеровская область - Кузбасс,Румыны,31
Кемеровская область - Кузбасс,Русины,4
Кемеровская область - Кузбасс,"Русские (албазинцы, ведруссы, великороссы, гураны, кержаки, русаки, сибиряки, староверы, чалдоны, челдоны, якутяне)",2280108
Кемеровская область - Кузбасс,"Казаки (донские казаки, кубанские казаки, русские казаки, сибирские казаки)",105
Кемеровская область - Кузбасс,Поморы,1
Кемеровская область - Кузбасс,Рутульцы,8
Кемеровская область - Кузбасс,Селькупы,4
Кемеровская область - Кузбасс,Сербы,11
Кемеровская область - Кузбасс,Словаки,3
Кемеровская область - Кузбасс,Словенцы,1
Кемеровская область - Кузбасс,"Табасараны (табасаран, табасаранцы)",28
Кемеровская область - Кузбасс,Таджики (тоджик),8070
Кемеровская область - Кузбасс,Талыши,108
Кемеровская область - Кузбасс,"Татары (казанские татары, татар)",22077
Кемеровская область - Кузбасс,Кряшены,4
Кемеровская область - Кузбасс,Сибирские татары (сибир),6
Кемеровская область - Кузбасс,Телеуты,2060
Кемеровская область - Кузбасс,Тофалары (тофа),1
Кемеровская область - Кузбасс,Тувинцы (тыва),822
Кемеровская область - Кузбасс,Турки,80
Кемеровская область - Кузбасс,Турки-месхетинцы (месхетинцы),1
Кемеровская область - Кузбасс,Туркмены,89
Кемеровская область - Кузбасс,Удины,7
Кемеровская область - Кузбасс,Удмурты,543
Кемеровская область - Кузбасс,Удэгейцы,1
Кемеровская область - Кузбасс,Узбеки (хорезмцы),4181
Кемеровская область - Кузбасс,Уйгуры,59
Кемеровская область - Кузбасс,Уйльта,1
Кемеровская область - Кузбасс,"Украинцы (казаки с языком украинским, малороссы, полтавцы, русские украинцы)",7260
Кемеровская область - Кузбасс,Ульчи (ульча),1
Кемеровская область - Кузбасс,Финны,65
Кемеровская область - Кузбасс,Финны-ингерманландцы (савакот),4
Кемеровская область - Кузбасс,Французы,11
Кемеровская область - Кузбасс,Хакасы (аринцы),264
Кемеровская область - Кузбасс,Ханты,10
Кемеровская область - Кузбасс,Хорваты,7
Кемеровская область - Кузбасс,Цахуры (цахурцы),16
Кемеровская область - Кузбасс,"Цыгане (белорусские цыгане, польские цыгане, румынские цыгане, русские цыгане)",1560
Кемеровская область - Кузбасс,Черкесы,11
Кемеровская область - Кузбасс,Чехи,5
Кемеровская область - Кузбасс,Чеченцы,539
Кемеровская область - Кузбасс,Чуванцы,1
Кемеровская область - Кузбасс,Чуваши (чаваш),3468
Кемеровская область - Кузбасс,Чукчи,8
Кемеровская область - Кузбасс,"Шорцы (абинцы, шор)",8324
Кемеровская область - Кузбасс,Эвенки (эвенк),20
Кемеровская область - Кузбасс,Эвены (эвен),3
Кемеровская область - Кузбасс,Эстонцы,157
Кемеровская область - Кузбасс,Якуты (саха),41
Кемеровская область - Кузбасс,Японцы (рюкюсцы),6
Кемеровская область - Кузбасс,Указавшие другие ответы о национальной принадлежности (не перечисленные выше),11375
Кемеровская область - Кузбасс,Нет национальной принадлежности,5111
Кемеровская область - Кузбасс,"Лица, в переписных листах которых национальная принадлежность не указана",207757
Кемеровская область - Кузбасс,отказавшиеся отвечать на вопрос о национальной принадлежности,57454
Новосибирская область,Все население,2797176
Новосибирская область,Указавшие национальную принадлежность,2321488
Новосибирская область,Абазины,9
Новосибирская область,Абхазы,13
Новосибирская область,Аварцы,186
Новосибирская область,Андийцы,2
Новосибирская область,Тиндалы (тиндинцы),1
Новосибирская область,Агулы (агульцы),16
Новосибирская область,Адыгейцы,7
Новосибирская область,Азербайджанцы (азер),4373
Новосибирская область,"Алтайцы (алтай, ойроты)",504
Новосибирская область,Теленгиты (алтайцы-теленгиты),13
Новосибирская область,"Тубалары (алтайцы-тубалары, тубинцы)",23
Новосибирская область,Челканцы (чалканцы),12
Новосибирская область,Американцы (афроамериканцы),9
Новосибирская область,"Арабы (алжирцы, аравийцы, египтяне, иракцы, йеменцы, ливийцы, палестинцы, сирийцы, тунисцы)",96
Новосибирская область,Армяне (русские армяне),5579
Новосибирская область,Ассирийцы,8
Новосибирская область,Афганцы (пуштуны),8
Новосибирская область,Балкарцы,18
Новосибирская область,Башкиры (башкирцы),602
Новосибирская область,"Белорусы (беларусы, литвины, поляки с языком белорусским)",2154
Новосибирская область,Болгары,117
Новосибирская область,Боснийцы,1
Новосибирская область,"Британцы (англичане, шотландцы)",22
Новосибирская область,"Буряты (буряад, бурят-монголы, курымкане, хамниганы)",1373
Новосибирская область,Венгры,6
Новосибирская область,Вепсы (чудь),7
Новосибирская область,Вьетнамцы,38
Новосибирская область,Гагаузы,29
Новосибирская область,Горские евреи (таты-горцы),1
Новосибирская область,"Греки (рум, эллины)",166
Новосибирская область,Грузины,541
Новосибирская область,Лазы,1
Новосибирская область,Мегрелы (мингрелы),4
Новосибирская область,Даргинцы,61
Новосибирская область,Кубачинцы,1
Новосибирская область,Долганы,5
Новосибирская область,Дунгане,22
Новосибирская область,"Евреи (иудеи, русские евреи)",1149
Новосибирская область,Езиды (йезиды),1057
Новосибирская область,Ижорцы,3
Новосибирская область,Ингуши (орстхоевцы),357
Новосибирская область,Индийцы (индуисты),24
Новосибирская область,Испанцы,16
Новосибирская область,Итальянцы,15
Новосибирская область,Ительмены,1
Новосибирская область,Кабардинцы,47
Новосибирская область,Казахи,8670
Новосибирская область,Калмыки,76
Новосибирская область,Камчадалы,2
Новосибирская область,Караимы,5
Новосибирская область,Каракалпаки,18
Новосибирская область,Карачаевцы (карачай),13
Новосибирская область,Карелы,17
Новосибирская область,Кереки,1
Новосибирская область,Кеты (остяки),2
Новосибирская область,Киргизы (кыргыз),6047
Новосибирская область,Китайцы (хань),532
Новосибирская область,"Коми (зыряне, коми-зыряне)",48
Новосибирская область,Коми-пермяки (пермяки),63
Новосибирская область,Корейцы (русские корейцы),1315
Новосибирская область,Коряки,6
Новосибирская область,Крымские татары (татары с языком крымскотатарским),39
Новосибирская область,Кубинцы,3
Новосибирская область,Кумандинцы,21
Новосибирская область,Кумыки (кумук),54
Новосибирская область,Курды (курд),19
Новосибирская область,Лакцы,34
Новосибирская область,Латыши (латвийцы),201
Новосибирская область,Латгальцы (латгалы),76
Новосибирская область,Лезгины,263
Новосибирская область,Литовцы,162
Новосибирская область,Манси,17
Новосибирская область,"Марийцы (мари, марий)",499
Новосибирская область,Молдаване (бессарабы),371
Новосибирская область,Монголы (халха),31
Новосибирская область,"Мордва (мордвины, мордовцы)",663
Новосибирская область,Мордва-мокша (мокша),11
Новосибирская область,Мордва-эрзя (эрзя),12
Новосибирская область,Нагайбаки,3
Новосибирская область,Нанайцы (гольды),9
Новосибирская область,"Немцы (алеманны, германцы, поволжские немцы, российские немцы, русские немцы)",15997
Новосибирская область,Ненцы (не),14
Новосибирская область,Ногайцы,64
Новосибирская область,Орочи (ороч),2
Новосибирская область,Осетины,219
Новосибирская область,Пакистанцы,2
Новосибирская область,Памирцы,10
Новосибирская область,Персы (иранцы),30
Новосибирская область,Поляки,443
Новосибирская область,Румыны,29
Новосибирская область,"Русины (гуцулы, лемки)",17
Новосибирская область,"Русские (великороссы, древляне, кержаки, кривичи, кубанцы, русаки, семейские, сибиряки, староверы, чалдоны, челдоны, якутяне)",2185710
Новосибирская область,"Казаки (амурские казаки, донские казаки, запорожские казаки, кубанские казаки, русские казаки, терские казаки)",172
Новосибирская область,Поморы,6
Новосибирская область,Рутульцы,18
Новосибирская область,Селькупы,17
Новосибирская область,Сербы,10
Новосибирская область,Словенцы,2
Новосибирская область,Сойоты (сойот),1
Новосибирская область,"Табасараны (табасаран, табасаранцы)",71
Новосибирская область,"Таджики (тоджик, фарс с языком таджикским)",9192
Новосибирская область,Талыши,56
Новосибирская область,"Татары (башкирские татары, татар, татаро-башкиры)",16332
Новосибирская область,Кряшены,3
Новосибирская область,Мишари,3
Новосибирская область,"Сибирские татары (бараба, барабинские татары, сибирь)",24
Новосибирская область,"Таты (тат, таты-азербайджанцы)",6
Новосибирская область,Телеуты,25
Новосибирская область,"Тувинцы (тува, тыва)",1308
Новосибирская область,Турки,75
Новосибирская область,Туркмены,136
Новосибирская область,Удины,2
Новосибирская область,Удмурты,315
Новосибирская область,Удэгейцы,1
Новосибирская область,Узбеки (ташкентцы),8199
Новосибирская область,Уйгуры,124
Новосибирская область,"Украинцы (восточные украинцы, малороссы, русские украинцы)",9000
Новосибирская область,Ульчи (ульча),3
Новосибирская область,Финны,44
Новосибирская область,Финны-ингерманландцы (ингерманландцы),1
Новосибирская область,Французы (парижане),20
Новосибирская область,Хакасы (аринцы),290
Новосибирская область,Ханты,37
Новосибирская область,Хемшилы,1
Новосибирская область,Хорваты,1
Новосибирская область,Цахуры (цахурцы),30
Новосибирская область,Цыгане (русские цыгане),1814
Новосибирская область,Цыгане среднеазиатские,5
Новосибирская область,Черкесы,17
Новосибирская область,Черногорцы,1
Новосибирская область,Чехи,8
Новосибирская область,Чеченцы (чечено-ингуши),183
Новосибирская область,Чуванцы,1
Новосибирская область,Чуваши (чаваш),1210
Новосибирская область,Чукчи,6
Новосибирская область,Чулымцы,2
Новосибирская область,Шорцы,73
Новосибирская область,Эвенки (эвенк),45
Новосибирская область,Эвены (эвен),10
Новосибирская область,Эскимосы,2
Новосибирская область,Эстонцы (чухонцы),361
Новосибирская область,Сету (сето),3
Новосибирская область,Юкагиры,6
Новосибирская область,Якуты (саха) (сахаляры),440
Новосибирская область,Японцы,5
Новосибирская область,Указавшие другие ответы о национальной принадлежности (не перечисленные выше),21648
Новосибирская область,Нет национальной принадлежности,9954
Новосибирская область,"Лица, в переписных листах которых национальная принадлежность не указана",475688
Новосибирская область,отказавшиеся отвечать на вопрос о национальной принадлежности,90627
Омская область,Все население,1858798
Омская область,Указавшие национальную принадлежность,1678302
Омская область,Абазины,1
Омская область,Абхазы,48
Омская область,Аварцы,155
Омская область,Андийцы,1
Омская область,Тиндалы (акнадинцы),1
Омская область,Агулы (агульцы),2
Омская область,Адыгейцы,3
Омская область,Азербайджанцы (азер),2866
Омская область,Алтайцы,50
Омская область,Челканцы,3
Омская область,Американцы,5
Омская область,"Арабы (алжирцы, египтяне, иорданцы, марокканцы, палестинцы, саудовцы, тунисцы)",43
Омская область,"Армяне (армяно-русские, русские армяне)",5339
Омская область,Ассирийцы,3
Омская область,Афганцы,1
Омская область,Балкарцы,13
Омская область,"Башкиры (башкирцы, башкорт)",490
Омская область,"Белорусы (беларусы, поляки с языком белорусским)",2486
Омская область,Болгары,109
Омская область,"Британцы (англичане, шотландцы)",8
Омская область,Буряты (хамниганы),113
Омская область,Венгры,15
Омская область,Вепсы,1
Омская область,Вьетнамцы,69
Омская область,Гагаузы,19
Омская область,Греки (рум),258
Омская область,Грузины,756
Омская область,Мегрелы (менгрелы),2
Омская область,Даргинцы,50
Омская область,Долганы (долган),3
Омская область,Дунгане,2
Омская область,"Евреи  (польские евреи, русские евреи)",765
Омская область,Езиды (язиды),93
Омская область,Ингуши,105
Омская область,Индийцы (индуисты),6
Омская область,Испанцы,5
Омская область,Итальянцы (римляне),11
Омская область,"Кабардинцы (адыги с языком кабардинским, кабардино-балкарцы)",47
Омская область,Казахи (керей),69407
Омская область,Калмыки,46
Омская область,Камчадалы,1
Омская область,Каракалпаки,11
Омская область,Карачаевцы,11
Омская область,Карелы,14
Омская область,Кереки,1
Омская область,Кеты (остяки),1
Омская область,Киргизы (кыргыз),900
Омская область,Китайцы,2470
Омская область,"Коми (зыряне, коми-зыряне)",130
Омская область,Коми-пермяки (пермяки),139
Омская область,Корейцы,411
Омская область,Коряки,1
Омская область,Крымские татары,22
Омская область,Кубинцы,2
Омская область,Кумандинцы,9
Омская область,Кумыки,44
Омская область,Курды (курд),129
Омская область,Лакцы,6
Омская область,Латыши (ливы),628
Омская область,Латгальцы,11
Омская область,Лезгины,169
Омская область,Литовцы,154
Омская область,Манси,19
Омская область,"Марийцы (мари, марий, черемисы)",252
Омская область,Молдаване (бессарабцы),505
Омская область,Монголы,15
Омская область,"Мордва (мордвины, мордовцы)",444
Омская область,Мордва-эрзя (эрзя),6
Омская область,Нагайбаки,2
Омская область,Нанайцы,6
Омская область,"Немцы (германцы, российские немцы, русские немцы)",29298
Омская область,Меннониты,3
Омская область,Ненцы (не),25
Омская область,Нивхи,2
Омская область,Ногайцы,25
Омская область,Орочи (ороч),3
Омская область,Осетины,151
Омская область,Пакистанцы (белуджи),3
Омская область,Памирцы,11
Омская область,"Персы (иранцы, фарси)",9
Омская область,Поляки,1365
Омская область,Румыны,35
Омская область,Русины (гуцулы),6
Омская область,"Русские (великороссы, гураны, кубанцы,молокане, нууча, русичи, сибиряки, чалдоны, челдоны, якутяне)",1488842
Омская область,"Казаки (донские казаки, кубанские казаки, русские казаки, сибирские казаки, терские казаки)",177
Омская область,Поморы,2
Омская область,Рутульцы,20
Омская область,Селькупы,1
Омская область,Сербы,26
Омская область,Словаки,1
Омская область,Словенцы,1
Омская область,"Табасараны (табасаран, табасаранцы)",45
Омская область,Таджики,1428
Омская область,Талыши,17
Омская область,"Татары (казанские татары, татар, татары-мишари, тоболо-иртышские татары)",27470
Омская область,Кряшены,1
Омская область,"Сибирские татары (сибир, сибирь)",138
Омская область,Таты ( тат),3
Омская область,Телеуты,2
Омская область,Тувинцы (тыва),168
Омская область,Турки,109
Омская область,Турки-месхетинцы (месхетинцы),1
Омская область,Туркмены,88
Омская область,Удины,3
Омская область,Удмурты,358
Омская область,Удэгейцы,1
Омская область,Узбеки,2541
Омская область,Уйгуры,18
Омская область,"Украинцы (малороссы, русские украинцы)",18058
Омская область,Ульчи (ульча),1
Омская область,Финны,96
Омская область,Финны-ингерманландцы,2
Омская область,Французы,6
Омская область,Хакасы (сагайцы),42
Омская область,Ханты,33
Омская область,Хорваты,1
Омская область,Цахуры (цахурцы),21
Омская область,Цыгане (русские цыгане),1558
Омская область,Черкесы,13
Омская область,Черногорцы,2
Омская область,Чехи,59
Омская область,Чеченцы,421
Омская область,Чуванцы,1
Омская область,Чуваши (чаваш),1323
Омская область,Чукчи,15
Омская область,Чулымцы,1
Омская область,Шорцы,9
Омская область,"Эвенки (тунгус, эвенк)",9
Омская область,Эвены (эвен),1
Омская область,Эскимосы,7
Омская область,Эстонцы,964
Омская область,Сету,1
Омская область,Юкагиры,2
Омская область,Якуты (саха),82
Омская область,Японцы,7
Омская область,Указавшие другие ответы о национальной принадлежности (не перечисленные выше),8750
Омская область,Нет национальной принадлежности,4855
Омская область,"Лица, в переписных листах которых национальная принадлежность не указана",180496
Омская область,отказавшиеся отвечать на вопрос о национальной принадлежности,40639
Томская область,Все население,1062666
Томская область,Указавшие национальную принадлежность,859664
Томская область,Абазины,1
Томская область,Абхазы,3
Томская область,Аварцы,204
Томская область,Адыгейцы,8
Томская область,Азербайджанцы (азер),2903
Томская область,Алеуты,3
Томская область,Алтайцы,235
Томская область,Теленгиты,2
Томская область,Тубалары,12
Томская область,Челканцы,5
Томская область,Американцы (афроамериканцы),22
Томская область,"Арабы (алжирцы, египтяне, иракцы, ливанцы, марокканцы, сирийцы)",100
Томская область,Армяне,1819
Томская область,Ассирийцы,19
Томская область,"Афганцы (афганистанцы, паштуны)",5
Томская область,Балкарцы,9
Томская область,Башкиры (башкирцы),1125
Томская область,"Белорусы (беларусы, поляки с языком белорусским)",1312
Томская область,Болгары,39
Томская область,Британцы (англичане),5
Томская область,Буряты (булагаты),642
Томская область,Венгры,6
Томская область,Вепсы,1
Томская область,Вьетнамцы,66
Томская область,Гагаузы,27
Томская область,Греки ( рум),86
Томская область,Грузины,294
Томская область,Аджарцы,2
Томская область,Лазы,2
Томская область,Даргинцы,70
Томская область,Дунгане,58
Томская область,"Евреи (иудеи, русские евреи, семиты)",344
Томская область,Езиды,54
Томская область,Ингуши,111
Томская область,"Индийцы (индуисты, хинди, хиндустанцы)",120
Томская область,Испанцы (каталанцы),14
Томская область,Итальянцы,5
Томская область,Кабардинцы,8
Томская область,Казахи (казахо-русские),1307
Томская область,Калмыки,40
Томская область,Каракалпаки,3
Томская область,Карачаевцы,12
Томская область,Карелы,8
Томская область,Кереки,1
Томская область,"Кеты (кето, остяки)",110
Томская область,Юги,1
Томская область,Киргизы (кыргыз),1301
Томская область,"Китайцы (хань, ханьцы, хмонги)",218
Томская область,"Коми (зыряне, коми-зыряне)",37
Томская область,Коми-пермяки (пермяки),25
Томская область,Корейцы,762
Томская область,Крымские татары (татары с языком крымскотатарским),26
Томская область,Кумандинцы,7
Томская область,Кумыки,38
Томская область,Курды (курд),6
Томская область,Лакцы,23
Томская область,Латыши (латвийцы),173
Томская область,Латгальцы (латгалы),29
Томская область,Лезгины,232
Томская область,Литовцы,114
Томская область,Манси,10
Томская область,"Марийцы (мари, меря)",313
Томская область,Лугово-восточные марийцы (луговые марийцы),1
Томская область,Молдаване (бессарабы),397
Томская область,Монголы,14
Томская область,"Мордва (мордвины, мордовцы)",435
Томская область,Мордва-мокша (мокша),5
Томская область,Мордва-эрзя (эрзя),7
Томская область,Нагайбаки,4
Томская область,Нанайцы,7
Томская область,Нганасаны,1
Томская область,"Немцы (российские немцы, русские немцы)",4472
Томская область,Ненцы (не),3
Томская область,Ногайцы,3
Томская область,Осетины,95
Томская область,Пакистанцы,4
Томская область,Памирцы,4
Томская область,"Персы (иранцы, фарс, хазарейцы с языком персидским)",7
Томская область,Поляки,348
Томская область,Румыны,17
Томская область,"Русины (гуцулы, закарпатцы)",6
Томская область,"Русские (великороссы, кержаки, нууча, русаки, семейские, сибиряки, староверы, чалдоны, челдоны, якутяне)",802719
Томская область,"Казаки (донские казаки, русские казаки, терские казаки)",43
Томская область,Рутульцы,9
Томская область,Селькупы (сëлькуп),997
Томская область,Сербы,9
Томская область,Словаки,1
Томская область,Словенцы,1
Томская область,"Табасараны (табасаран, табасаранцы)",83
Томская область,Таджики,1330
Томская область,Талыши,27
Томская область,"Татары (казанские татары, татар, уфимские татары)",10358
Томская область,Астраханские татары (алабугатские татары),10
Томская область,Кряшены (кряшены-русские),7
Томская область,Сибирские татары,12
Томская область,Таты (таты-азербайджанцы),1
Томская область,Телеуты,9
Томская область,Тофалары (карагасы),21
Томская область,Тувинцы (тыва),694
Томская область,Тувинцы-тоджинцы,1
Томская область,Турки,99
Томская область,Туркмены,97
Томская область,Удины,5
Томская область,Удмурты,525
Томская область,Узбеки,2733
Томская область,Уйгуры,32
Томская область,"Украинцы (малороссы, русские украинцы)",4413
Томская область,Ульчи (ульча),1
Томская область,Финны,18
Томская область,Французы,18
Томская область,Хакасы (аринцы),297
Томская область,Ханты (хантэ),495
Томская область,Цахуры (цахурцы),25
Томская область,"Цыгане (румынские цыгане, русские цыгане)",348
Томская область,Черкесы,12
Томская область,Чехи,2
Томская область,Чеченцы,371
Томская область,Чуваши (чаваш),1862
Томская область,Чукчи,4
Томская область,"Чулымцы (причулымские татары, средне-чулымцы)",228
Томская область,Шорцы,21
Томская область,"Эвенки (тунгус, эвенк)",41
Томская область,"Эвены (ламут, эвен, эвон)",28
Томская область,Эскимосы,2
Томская область,Эстонцы,295
Томская область,Сету,1
Томская область,Юкагиры,1
Томская область,Якуты (саха) (сахаляры),162
Томская область,Японцы,2
Томская область,Указавшие другие ответы о национальной принадлежности (не перечисленные выше),8916
Томская область,Нет национальной принадлежности,2051
Томская область,"Лица, в переписных листах которых национальная принадлежность не указана",203002
Томская область,отказавшиеся отвечать на вопрос о национальной принадлежности,19537
Республика Бурятия,Все население,978588
Республика Бурятия,Указавшие национальную принадлежность,909715
Республика Бурятия,Абазины,3
Республика Бурятия,Абхазы,7
Республика Бурятия,Аварцы,212
Республика Бурятия,Арчинцы,1
Республика Бурятия,Агулы (агульцы),4
Республика Бурятия,Азербайджанцы (азер),1433
Республика Бурятия,"Алтайцы (алтай, меркит)",61
Республика Бурятия,Челканцы (шалганы),1
Республика Бурятия,Американцы,13
Республика Бурятия,Арабы,5
Республика Бурятия,Армяне (русские армяне),1639
Республика Бурятия,Ассирийцы,1
Республика Бурятия,"Афганцы (пуштуны, хазарейцы)",22
Республика Бурятия,Балкарцы,7
Республика Бурятия,Башкиры (башкирцы),249
Республика Бурятия,"Белорусы (беларусы, поляки с языком белорусским)",467
Республика Бурятия,Болгары,11
Республика Бурятия,Британцы (англичане),2
Республика Бурятия,"Буряты (аларцы, аргадинцы, баргуты, буряад, бурят-монголы, буряты-хонгодоры, западные буряты, иркутские буряты, монголо-буряты, сартулы, сонголы, табангуты, хамниганы, хойхо, хонгодоры, хори, хори буряты, хори-буряты, хоринцы, эхириты)",295273
Республика Бурятия,Венгры (мадьяры),6
Республика Бурятия,Вепсы (чудь),1
Республика Бурятия,Вьетнамцы,15
Республика Бурятия,Гагаузы,12
Республика Бурятия,Греки (рум),26
Республика Бурятия,Грузины,204
Республика Бурятия,Даргинцы,90
Республика Бурятия,Долганы (долган),19
Республика Бурятия,Дунгане,24
Республика Бурятия,"Евреи (иудеи, русские евреи)",195
Республика Бурятия,Езиды,1
Республика Бурятия,Ингуши (галгаи),26
Республика Бурятия,Индийцы (индуисты),7
Республика Бурятия,Испанцы,1
Республика Бурятия,Итальянцы (римляне),5
Республика Бурятия,Ительмены,4
Республика Бурятия,Кабардинцы,56
Республика Бурятия,Казахи,451
Республика Бурятия,"Калмыки (калмыки-ойраты, ойрат)",106
Республика Бурятия,Камчадалы,3
Республика Бурятия,Каракалпаки,2
Республика Бурятия,Карачаевцы,2
Республика Бурятия,Карелы,5
Республика Бурятия,Кеты (остяки),2
Республика Бурятия,Киргизы (кыргыз),1343
Республика Бурятия,"Китайцы (тибетцы, хань, ханьцы)",407
Республика Бурятия,Коми (зыряне),9
Республика Бурятия,Коми-пермяки,10
Республика Бурятия,Корейцы (русские корейцы),316
Республика Бурятия,Коряки,2
Республика Бурятия,Крымские татары,1
Республика Бурятия,Кумандинцы,3
Республика Бурятия,Кумыки,71
Республика Бурятия,Курды (курд),3
Республика Бурятия,Лакцы,14
Республика Бурятия,Латыши,22
Республика Бурятия,Лезгины,134
Республика Бурятия,Литовцы,88
Республика Бурятия,Македонцы,1
Республика Бурятия,Манси,2
Республика Бурятия,"Марийцы (мари, марий, черемисы)",98
Республика Бурятия,Молдаване,146
Республика Бурятия,Монголы (халха),232
Республика Бурятия,"Мордва (мордвины, мордовцы)",139
Республика Бурятия,Мордва-мокша (мокша),1
Республика Бурятия,Мордва-эрзя (эрзя),4
Республика Бурятия,Нагайбаки,2
Республика Бурятия,Нанайцы,9
Республика Бурятия,Негидальцы,3
Республика Бурятия,Немцы (русские немцы),452
Республика Бурятия,Ненцы,5
Республика Бурятия,Ногайцы,10
Республика Бурятия,Орочи,1
Республика Бурятия,Осетины,85
Республика Бурятия,Пакистанцы,1
Республика Бурятия,Памирцы,4
Республика Бурятия,Поляки,65
Республика Бурятия,Румыны,11
Республика Бурятия,Русины,1
Республика Бурятия,"Русские (гураны, русаки, семейские, сибиряки, челдоны, якутяне)",581764
Республика Бурятия,"Казаки (забайкальские казаки, православные казаки, русские казаки, уральские казаки, уссурийские казаки)",98
Республика Бурятия,Поморы,2
Республика Бурятия,Рутульцы,12
Республика Бурятия,Селькупы,1
Республика Бурятия,Сербы,3
Республика Бурятия,"Сойоты (бурят-сойоты, сойот)",4316
Республика Бурятия,"Табасараны (табасаран, табасаранцы)",51
Республика Бурятия,Таджики,850
Республика Бурятия,Талыши,10
Республика Бурятия,"Татары (татар, татаро-башкиры)",4035
Республика Бурятия,Сибирские татары,2
Республика Бурятия,Таты (тат),1
Республика Бурятия,Тофалары,1
Республика Бурятия,Тувинцы (тыва),1124
Республика Бурятия,Тувинцы-тоджинцы,3
Республика Бурятия,Турки,54
Республика Бурятия,Туркмены,17
Республика Бурятия,Удмурты,83
Республика Бурятия,Узбеки,1942
Республика Бурятия,Уйгуры,9
Республика Бурятия,Уйльта (орочён),5
Республика Бурятия,Украинцы,2007
Республика Бурятия,Ульчи,15
Республика Бурятия,Финны,3
Республика Бурятия,Французы,1
Республика Бурятия,Хакасы,74
Республика Бурятия,Ханты,5
Республика Бурятия,Цыгане (ромалэ),172
Республика Бурятия,Черкесы,4
Республика Бурятия,Чехи,4
Республика Бурятия,Чеченцы,60
Республика Бурятия,Чуванцы,2
Республика Бурятия,Чуваши,312
Республика Бурятия,Чукчи,6
Республика Бурятия,Шапсуги (абреки),1
Республика Бурятия,Шорцы,2
Республика Бурятия,"Эвенки (тунгус, тунгусы, эвенк)",2995
Республика Бурятия,Эвены (эвен),51
Республика Бурятия,Эскимосы,1
Республика Бурятия,Эстонцы,16
Республика Бурятия,Юкагиры,3
Республика Бурятия,Якуты (саха),320
Республика Бурятия,Японцы,4
Республика Бурятия,Указавшие другие ответы о национальной принадлежности (не перечисленные выше),3663
Республика Бурятия,Нет национальной принадлежности,1354
Республика Бурятия,"Лица, в переписных листах которых национальная принадлежность не указана",68873
Республика Бурятия,отказавшиеся отвечать на вопрос о национальной принадлежности,11717
Республика Саха (Якутия),Все население,995686
Республика Саха (Якутия),Указавшие национальную принадлежность,848768
Республика Саха (Якутия),Абазины,10
Республика Саха (Якутия),Абхазы,7
Республика Саха (Якутия),Аварцы (аваро-американцы),227
Республика Саха (Якутия),Ахвахцы,5
Республика Саха (Якутия),Бежтинцы (хашархотинцы),9
Республика Саха (Якутия),Хваршины (инхокваринцы),1
Республика Саха (Якутия),Агулы (агульцы),3
Республика Саха (Якутия),Адыгейцы (адыги),3
Республика Саха (Якутия),Азербайджанцы (азер),1706
Республика Саха (Якутия),Алеуты,2
Республика Саха (Якутия),"Алтайцы (алтай, ойроты, тумат, тьабак)",140
Республика Саха (Якутия),Тубалары (тубинцы),4
Республика Саха (Якутия),Американцы,18
Республика Саха (Якутия),"Арабы (египтяне, тунисцы)",16
Республика Саха (Якутия),Армяне (русские армяне),3904
Республика Саха (Якутия),Ассирийцы,4
Республика Саха (Якутия),Афганцы,11
Республика Саха (Якутия),Балкарцы,13
Республика Саха (Якутия),"Башкиры (башкорт, мин, уранцы)",1109
Республика Саха (Якутия),"Белорусы (беларусы, поляки с языком белорусским)",891
Республика Саха (Якутия),Болгары,68
Республика Саха (Якутия),Британцы (англичане),2
Республика Саха (Якутия),"Буряты (буряад, бурят-монголы, сонголы, хамниганы)",6572
Республика Саха (Якутия),Венгры (мадьяр),7
Республика Саха (Якутия),Вепсы (чудь),2
Республика Саха (Якутия),Вьетнамцы (таи),22
Республика Саха (Якутия),Гагаузы,102
Республика Саха (Якутия),Греки (рум),106
Республика Саха (Якутия),Грузины,203
Республика Саха (Якутия),Ингилойцы,14
Республика Саха (Якутия),Даргинцы,57
Республика Саха (Якутия),Долганы (долган),2147
Республика Саха (Якутия),Дунгане,6
Республика Саха (Якутия),Евреи (русские евреи),116
Республика Саха (Якутия),Езиды (язиды),37
Республика Саха (Якутия),Ингуши (орстхо),356
Республика Саха (Якутия),Индийцы (индуисты),7
Республика Саха (Якутия),Испанцы,1
Республика Саха (Якутия),Итальянцы,3
Республика Саха (Якутия),Ительмены,1
Республика Саха (Якутия),Кабардинцы,24
Республика Саха (Якутия),Казахи,1121
Республика Саха (Якутия),Калмыки,149
Республика Саха (Якутия),Камчадалы,2
Республика Саха (Якутия),Каракалпаки,6
Республика Саха (Якутия),Карачаевцы (карачай),31
Республика Саха (Якутия),Карелы,9
Республика Саха (Якутия),Кеты,3
Республика Саха (Якутия),Юги,2
Республика Саха (Якутия),Киргизы (кыргыз),11203
Республика Саха (Якутия),Китайцы,3544
Республика Саха (Якутия),Коми (зыряне),16
Республика Саха (Якутия),Коми-пермяки (пермяки),29
Республика Саха (Якутия),Корейцы (русские корейцы),737
Республика Саха (Якутия),Коряки,8
Республика Саха (Якутия),Крымские татары,4
Республика Саха (Якутия),Кубинцы,4
Республика Саха (Якутия),Кумандинцы,3
Республика Саха (Якутия),Кумыки,182
Республика Саха (Якутия),Курды (курд),11
Республика Саха (Якутия),Лакцы,80
Республика Саха (Якутия),Латыши,34
Республика Саха (Якутия),Лезгины,182
Республика Саха (Якутия),Литовцы,84
Республика Саха (Якутия),Македонцы,1
Республика Саха (Якутия),Манси,6
Республика Саха (Якутия),"Марийцы (мари, марий)",182
Республика Саха (Якутия),Молдаване,728
Республика Саха (Якутия),Монголы,39
Республика Саха (Якутия),"Мордва (мордвины, мордовцы)",637
Республика Саха (Якутия),Мордва-мокша (мокша),1
Республика Саха (Якутия),Мордва-эрзя (эрзя),6
Республика Саха (Якутия),Нагайбаки,37
Республика Саха (Якутия),Нанайцы,33
Республика Саха (Якутия),Нганасаны,1
Республика Саха (Якутия),Немцы,635
Республика Саха (Якутия),Ненцы,20
Республика Саха (Якутия),Нивхи,9
Республика Саха (Якутия),Ногайцы (ногай),185
Республика Саха (Якутия),Осетины (аланы),360
Республика Саха (Якутия),Осетины-дигорцы (дигорцы),5
Республика Саха (Якутия),Персы (иранцы),1
Республика Саха (Якутия),Поляки,108
Республика Саха (Якутия),Румыны,45
Республика Саха (Якутия),"Русские (великороссы, гураны, нууча, русско-устьинцы, семейские, сибиряки, чалдоны, якутяне)",276986
Республика Саха (Якутия),"Казаки (донские казаки, русские казаки, терские казаки)",84
Республика Саха (Якутия),Поморы,1
Республика Саха (Якутия),Рутульцы (рутул),46
Республика Саха (Якутия),Саамы,1
Республика Саха (Якутия),Сербы,3
Республика Саха (Якутия),Словаки,5
Республика Саха (Якутия),Сойоты (сойот),8
Республика Саха (Якутия),Среднеазиатские евреи,1
Республика Саха (Якутия),Табасараны (табасаранцы),24
Республика Саха (Якутия),Таджики,5620
Республика Саха (Якутия),Талыши,12
Республика Саха (Якутия),"Татары (татар, татаро-башкиры)",4262
Республика Саха (Якутия),Мишари,1
Республика Саха (Якутия),Сибирские татары (калмаки),1
Республика Саха (Якутия),Телеуты,22
Республика Саха (Якутия),Тофалары (тофа),5
Республика Саха (Якутия),"Тувинцы (тува, тыва, урянхай)",338
Республика Саха (Якутия),Тувинцы-тоджинцы,5
Республика Саха (Якутия),Турки,48
Республика Саха (Якутия),Туркмены,40
Республика Саха (Якутия),Удины,3
Республика Саха (Якутия),Удмурты (вотяки),108
Республика Саха (Якутия),Удэгейцы,3
Республика Саха (Якутия),Узбеки,3491
Республика Саха (Якутия),Уйгуры,36
Республика Саха (Якутия),Уйльта,3
Республика Саха (Якутия),"Украинцы (казаки с языком украинским, русские украинцы)",7169
Республика Саха (Якутия),Ульчи (ульча),7
Республика Саха (Якутия),Финны,38
Республика Саха (Якутия),Финны-ингерманландцы,3
Республика Саха (Якутия),Французы (гваделупцы),7
Республика Саха (Якутия),Хакасы,121
Республика Саха (Якутия),Ханты,8
Республика Саха (Якутия),Цахуры (цахурцы),9
Республика Саха (Якутия),Цыгане,48
Республика Саха (Якутия),Черкесы,46
Республика Саха (Якутия),Чехи,1
Республика Саха (Якутия),Чеченцы (нохчий),301
Республика Саха (Якутия),Чуванцы,4
Республика Саха (Якутия),Чуваши,394
Республика Саха (Якутия),Чукчи (луораветлан),709
Республика Саха (Якутия),Шорцы,27
Республика Саха (Якутия),"Эвенки (тунгус, тунгусы, эвенк)",24334
Республика Саха (Якутия),"Эвены (илкан, ламут, эбэн, эвен, эвон, эвэн)",13233
Республика Саха (Якутия),Эскимосы,4
Республика Саха (Якутия),Эстонцы,13
Республика Саха (Якутия),Сету,1
Республика Саха (Якутия),Юкагиры (одул),1510
Республика Саха (Якутия),"Якуты (саха) (саха-курыканы, сахабуры, сахабын, сахалар, сахаляры)",469348
Республика Саха (Якутия),Японцы,9
Республика Саха (Якутия),Указавшие другие ответы о национальной принадлежности (не перечисленные выше),631
Республика Саха (Якутия),Нет национальной принадлежности,1360
Республика Саха (Якутия),"Лица, в переписных листах которых национальная принадлежность не указана",146918
Республика Саха (Якутия),отказавшиеся отвечать на вопрос о национальной принадлежности,12460
Забайкальский край,Все население,1004125
Забайкальский край,Указавшие национальную принадлежность,885648
Забайкальский край,Абазины,5
Забайкальский край,Абхазы,9
Забайкальский край,Аварцы,202
Забайкальский край,Андийцы,1
Забайкальский край,Агулы (агульцы),3
Забайкальский край,Адыгейцы (адыги),2
Забайкальский край,"Азербайджанцы (азербайджанлы, азер)",1168
Забайкальский край,Алтайцы (казах кыпчак),50
Забайкальский край,Арабы,2
Забайкальский край,Армяне (амшенские армяне),2651
Забайкальский край,Ассирийцы,2
Забайкальский край,Афганцы,1
Забайкальский край,Балкарцы,14
Забайкальский край,Башкиры (башкорт),534
Забайкальский край,"Белорусы (беларусы, поляки с языком белорусским)",431
Забайкальский край,Болгары,11
Забайкальский край,Боснийцы,1
Забайкальский край,"Буряты (баргуты, булагаты, буряад, бурят-монголы, галзууд, монголо-буряты, хамниганы, хоринцы)",65590
Забайкальский край,Венгры (австровенгры),6
Забайкальский край,Вепсы,1
Забайкальский край,Вьетнамцы,49
Забайкальский край,Гагаузы,26
Забайкальский край,Греки,18
Забайкальский край,Грузины,207
Забайкальский край,Сваны,1
Забайкальский край,Даргинцы (тавлинцы),448
Забайкальский край,Долганы (дулган),2
Забайкальский край,Дунгане,2
Забайкальский край,Евреи,85
Забайкальский край,Езиды,1
Забайкальский край,Ингуши,62
Забайкальский край,Индийцы (индуисты),16
Забайкальский край,Испанцы,3
Забайкальский край,Итальянцы (римляне),3
Забайкальский край,Ительмены,1
Забайкальский край,Кабардинцы,56
Забайкальский край,Казахи,311
Забайкальский край,Калмыки,28
Забайкальский край,Каракалпаки,6
Забайкальский край,Карачаевцы,13
Забайкальский край,Карелы,5
Забайкальский край,Киргизы (кыргыз),1547
Забайкальский край,Китайцы (тибетцы),889
Забайкальский край,Коми,6
Забайкальский край,Коми-пермяки,9
Забайкальский край,Корейцы,120
Забайкальский край,Коряки,1
Забайкальский край,Кумандинцы,1
Забайкальский край,Кумыки,120
Забайкальский край,Курды,1
Забайкальский край,Лакцы,35
Забайкальский край,Латыши,16
Забайкальский край,Латгальцы,2
Забайкальский край,Лезгины,131
Забайкальский край,Литовцы,39
Забайкальский край,"Марийцы (мари, марий)",99
Забайкальский край,Молдаване,215
Забайкальский край,Монголы (хори монголы),57
Забайкальский край,"Мордва (мордвины, мордовцы)",119
Забайкальский край,Мордва-эрзя (эрзя),4
Забайкальский край,Нагайбаки,1
Забайкальский край,Нанайцы,15
Забайкальский край,"Немцы (померанцы, российские немцы)",244
Забайкальский край,Ненцы,1
Забайкальский край,Нивхи,1
Забайкальский край,Ногайцы,6
Забайкальский край,Осетины,69
Забайкальский край,Памирцы,1
Забайкальский край,Персы (фарси),3
Забайкальский край,Поляки,50
Забайкальский край,Румыны,2
Забайкальский край,Русины (лемки),1
Забайкальский край,"Русские (великороссы, гураны, русаки, семейские, сибиряки, чалдоны)",790207
Забайкальский край,"Казаки (забайкальские казаки, русские казаки)",42
Забайкальский край,Рутульцы,10
Забайкальский край,Сербы,1
Забайкальский край,Сойоты (сойот),5
Забайкальский край,"Табасараны (табасаран, табасаранцы)",112
Забайкальский край,Таджики,1314
Забайкальский край,Талыши,23
Забайкальский край,Татары (татар),2489
Забайкальский край,Астраханские татары,1
Забайкальский край,Кряшены (кряшены-татары),1
Забайкальский край,Сибирские татары,1
Забайкальский край,Телеуты,1
Забайкальский край,"Тувинцы (тува, тыва)",171
Забайкальский край,Турки,219
Забайкальский край,Туркмены,36
Забайкальский край,Удмурты,113
Забайкальский край,Удэгейцы,1
Забайкальский край,Узбеки,1407
Забайкальский край,Уйгуры,5
Забайкальский край,Уйльта (орочён),3
Забайкальский край,Украинцы (русские украинцы),1750
Забайкальский край,Финны,1
Забайкальский край,Французы,2
Забайкальский край,Хакасы,21
Забайкальский край,Ханты,6
Забайкальский край,"Цахуры (йыхбы, цахурцы)",1
Забайкальский край,Цыгане,73
Забайкальский край,Черкесы,24
Забайкальский край,Чехи,5
Забайкальский край,Чеченцы,117
Забайкальский край,Чуваши,219
Забайкальский край,Чукчи,5
Забайкальский край,Чулымцы,1
Забайкальский край,Шорцы,5
Забайкальский край,"Эвенки (тунгус, тунгусы, эвенк)",957
Забайкальский край,"Эвены (эвен, эвон, эвены ламуты)",42
Забайкальский край,Эстонцы,4
Забайкальский край,Якуты (саха),147
Забайкальский край,Японцы,1
Забайкальский край,Указавшие другие ответы о национальной принадлежности (не перечисленные выше),5255
Забайкальский край,Нет национальной принадлежности,5071
Забайкальский край,"Лица, в переписных листах которых национальная принадлежность не указана",118477
Забайкальский край,отказавшиеся отвечать на вопрос о национальной принадлежности,14533
Камчатский край,Все население,291705
Камчатский край,Указавшие национальную принадлежность,264102
Камчатский край,Абазины,16
Камчатский край,Абхазы,8
Камчатский край,Аварцы,149
Камчатский край,Дидойцы,5
Камчатский край,Чамалалы (урухцы),1
Камчатский край,Агулы (агульцы),18
Камчатский край,Адыгейцы,10
Камчатский край,Азербайджанцы (азер),1005
Камчатский край,Алеуты,345
Камчатский край,Алтайцы (алтай),165
Камчатский край,Теленгиты,20
Камчатский край,Тубалары,2
Камчатский край,Челканцы,1
Камчатский край,Американцы,1
Камчатский край,Арабы (аравийцы),2
Камчатский край,Армяне,839
Камчатский край,Ассирийцы,8
Камчатский край,Афганцы,4
Камчатский край,Балкарцы,1
Камчатский край,Башкиры (башкорт),334
Камчатский край,Белорусы (беларусы),637
Камчатский край,Болгары,37
Камчатский край,Британцы (англичане),2
Камчатский край,Буряты (буряад),487
Камчатский край,Венгры,6
Камчатский край,Гагаузы,12
Камчатский край,"Греки (рум, русские греки)",32
Камчатский край,Грузины,92
Камчатский край,Ингилойцы,1
Камчатский край,Сваны,1
Камчатский край,Даргинцы,70
Камчатский край,Долганы,2
Камчатский край,Дунгане,2
Камчатский край,Евреи (русские евреи),93
Камчатский край,Езиды,71
Камчатский край,Ингуши,41
Камчатский край,Индийцы (индуисты),1
Камчатский край,Итальянцы,2
Камчатский край,Ительмены (камчадалы с языком ительменским),1910
Камчатский край,Кабардинцы,30
Камчатский край,Казахи,340
Камчатский край,Калмыки,109
Камчатский край,Камчадалы,1311
Камчатский край,Карачаевцы,18
Камчатский край,Карелы,3
Камчатский край,Киргизы (кыргыз),1407
Камчатский край,Китайцы,48
Камчатский край,Коми (зыряне),21
Камчатский край,Коми-пермяки (пермяки),14
Камчатский край,Корейцы (русские корейцы),665
Камчатский край,Коряки,6413
Камчатский край,"Алюторцы (карагинцы, намыланы, нымыланы)",88
Камчатский край,Крымские татары (татары с языком крымскотатарским),5
Камчатский край,Кубинцы,1
Камчатский край,Кумандинцы,5
Камчатский край,Кумыки,36
Камчатский край,Курды (курд),11
Камчатский край,"Лакцы (лак, лаки)",45
Камчатский край,Латыши (латвийцы),21
Камчатский край,Лезгины,134
Камчатский край,Литовцы,27
Камчатский край,Манси,1
Камчатский край,"Марийцы (мари, марий)",126
Камчатский край,Молдаване,199
Камчатский край,"Мордва (мордвины, мордовцы)",210
Камчатский край,Мордва-мокша (мокша),1
Камчатский край,Мордва-эрзя (эрзя),1
Камчатский край,Нанайцы,69
Камчатский край,Негидальцы,1
Камчатский край,Немцы,202
Камчатский край,Ненцы,2
Камчатский край,Нивхи,9
Камчатский край,Ногайцы,19
Камчатский край,Осетины (аланы),127
Камчатский край,Памирцы,1
Камчатский край,Персы (иранцы),2
Камчатский край,Поляки,59
Камчатский край,Румыны,14
Камчатский край,Русины (гуцулы),6
Камчатский край,"Русские (великороссы, гураны, мещеряки, сибиряки, чалдоны, якутяне)",233198
Камчатский край,"Казаки (донские казаки, кубанские казаки, русские казаки, терские казаки)",67
Камчатский край,Поморы,3
Камчатский край,Рутульцы,8
Камчатский край,Селькупы,6
Камчатский край,Сербы,3
Камчатский край,"Табасараны (табасаран, табасаранцы)",52
Камчатский край,Таджики,346
Камчатский край,Талыши,23
Камчатский край,"Татары (казанские татары, татар, татаро-башкиры)",1351
Камчатский край,Кряшены (крещенцы),1
Камчатский край,Сибирские татары,1
Камчатский край,Телеуты,1
Камчатский край,"Тувинцы (тува, тыва)",279
Камчатский край,Турки,21
Камчатский край,Туркмены,24
Камчатский край,Удины,1
Камчатский край,Удмурты,123
Камчатский край,Удэгейцы,5
Камчатский край,Узбеки,1706
Камчатский край,Уйгуры,19
Камчатский край,"Украинцы (малороссы, русские украинцы)",3873
Камчатский край,Ульчи (ульча),4
Камчатский край,Финны,2
Камчатский край,Французы,4
Камчатский край,Хакасы,209
Камчатский край,Ханты,3
Камчатский край,Цахуры (цахурцы),5
Камчатский край,Цыгане,3
Камчатский край,Черкесы,18
Камчатский край,Чехи,2
Камчатский край,Чеченцы (мелхи),84
Камчатский край,Чуванцы,25
Камчатский край,Чуваши,359
Камчатский край,Чукчи (луораветлан),1222
Камчатский край,Шорцы (шор),14
Камчатский край,Эвенки (эвенк),49
Камчатский край,"Эвены (ламут, эвен, эвэн)",1777
Камчатский край,Эскимосы,27
Камчатский край,Эстонцы,17
Камчатский край,Юкагиры (алаи),5
Камчатский край,Якуты (саха),53
Камчатский край,Японцы,2
Камчатский край,Указавшие другие ответы о национальной принадлежности (не перечисленные выше),1038
Камчатский край,Нет национальной принадлежности,28
Камчатский край,"Лица, в переписных листах которых национальная принадлежность не указана",27603
Камчатский край,отказавшиеся отвечать на вопрос о национальной принадлежности,5243
Приморский край,Все население,1845165
Приморский край,Указавшие национальную принадлежность,1473979
Приморский край,Абазины,11
Приморский край,Абхазы,13
Приморский край,Аварцы,241
Приморский край,Андийцы,1
Приморский край,Годоберинцы,1
Приморский край,Агулы (агульцы),12
Приморский край,Адыгейцы,9
Приморский край,"Азербайджанцы (азер, азери, бакинцы)",2050
Приморский край,Алеуты,3
Приморский край,Алтайцы,67
Приморский край,Теленгиты (теленит),2
Приморский край,Тубалары,1
Приморский край,Челканцы,2
Приморский край,Американцы (афроамериканцы),14
Приморский край,"Арабы (алжирцы, египтяне, мавры)",30
Приморский край,Армяне (армяно-татары),4378
Приморский край,Ассирийцы,1
Приморский край,Афганцы (пуштуны),12
Приморский край,Балкарцы,15
Приморский край,"Башкиры (башкиро-татары, башкорт)",606
Приморский край,"Белорусы (беларусы, поляки с языком белорусским)",1443
Приморский край,Болгары,60
Приморский край,Британцы (англичане),5
Приморский край,"Буряты (буряад, бурят-монголы, сонголы, хамниганы)",659
Приморский край,Венгры (мадьяры),21
Приморский край,Вепсы,3
Приморский край,Вьетнамцы,337
Приморский край,Гагаузы,38
Приморский край,Горские евреи (джалганцы),1
Приморский край,"Греки (рум, румеи)",32
Приморский край,Грузины,266
Приморский край,Аджарцы,1
Приморский край,Мегрелы (менгрелы),1
Приморский край,Даргинцы,177
Приморский край,Долганы (долган),4
Приморский край,Дунгане,2
Приморский край,"Евреи (иудеи, польские евреи, русские евреи)",306
Приморский край,Езиды,36
Приморский край,Ингуши,124
Приморский край,"Индийцы (индуисты, телугу)",139
Приморский край,Испанцы,10
Приморский край,Итальянцы (римляне),9
Приморский край,Ительмены,10
Приморский край,Кабардинцы,80
Приморский край,Казахи,701
Приморский край,Калмыки,45
Приморский край,Камчадалы,1
Приморский край,Караимы,1
Приморский край,Карачаевцы,8
Приморский край,Карелы,13
Приморский край,Кеты,2
Приморский край,Юги,2
Приморский край,Киргизы (кыргыз),751
Приморский край,"Китайцы (тайванцы, ханьцы)",1644
Приморский край,Коми,27
Приморский край,Коми-пермяки (пермяки),31
Приморский край,Корейцы (русские корейцы),7785
Приморский край,Коряки,26
Приморский край,Алюторцы (нымыланы),1
Приморский край,Крымские татары,5
Приморский край,Кумандинцы,3
Приморский край,Кумыки,101
Приморский край,Курды (курд),49
Приморский край,Лакцы (лак),57
Приморский край,Латыши (латвийцы),75
Приморский край,Латгальцы,2
Приморский край,Лезгины,294
Приморский край,Литовцы,78
Приморский край,Манси,5
Приморский край,"Марийцы (мари, марий)",215
Приморский край,Молдаване,400
Приморский край,Монголы,6
Приморский край,"Мордва (мордвины, мордовцы)",413
Приморский край,Мордва-мокша (мокша),4
Приморский край,Мордва-эрзя (эрзя),8
Приморский край,Нанайцы (гольды),296
Приморский край,Нганасаны,1
Приморский край,"Немцы (германцы, поволжские немцы, пруссы, российские немцы, русские немцы)",599
Приморский край,Ненцы (не),7
Приморский край,Нивхи,22
Приморский край,Ногайцы,23
Приморский край,"Орочи (нани, ороч)",16
Приморский край,Осетины,243
Приморский край,Осетины-иронцы (юго-осетины),1
Приморский край,Пакистанцы (шина),2
Приморский край,Памирцы,1
Приморский край,"Персы (иранцы, фарс)",21
Приморский край,Поляки,146
Приморский край,Румыны,25
Приморский край,Русины,1
Приморский край,"Русские (ведруссы, великороссы, гураны, древляне, русаки, сибиряки, староверы, якутяне)",1391736
Приморский край,"Казаки (донские казаки, кубанские казаки, кубанско-донские казаки, севрюки, сибирские казаки, уссурийские казаки, уссурийцы)",176
Приморский край,Поморы,1
Приморский край,Рутульцы (рутул),15
Приморский край,Сербы,9
Приморский край,Словаки,5
Приморский край,"Табасараны (табасаран, табасаранцы)",124
Приморский край,Таджики (тоджик),2467
Приморский край,Тазы,220
Приморский край,Талыши,21
Приморский край,"Татары (башкирские татары, казанские татары, татар, татаро-башкиры)",3946
Приморский край,Тофалары,1
Приморский край,"Тувинцы (тува, тыва)",201
Приморский край,Тувинцы-тоджинцы (туга),1
Приморский край,Турки,48
Приморский край,Турки-месхетинцы,1
Приморский край,Туркмены,41
Приморский край,Удмурты (вотяки),172
Приморский край,"Удэгейцы (удэхе, удэхейцы)",713
Приморский край,"Узбеки (локайцы, ташкентцы)",6365
Приморский край,Уйгуры,21
Приморский край,Уйльта (орочён),2
Приморский край,"Украинцы (малороссы, русские украинцы)",11337
Приморский край,Ульчи (ульча),15
Приморский край,Финны,14
Приморский край,Финны-ингерманландцы (ингерманландцы),1
Приморский край,Французы,6
Приморский край,Хакасы,70
Приморский край,Ханты,8
Приморский край,Хорваты,1
Приморский край,Цахуры (цахурцы),7
Приморский край,Цыгане (крымские цыгане),158
Приморский край,Черкесы,35
Приморский край,Чехи,1
Приморский край,Чеченцы,239
Приморский край,Чуванцы,2
Приморский край,Чуваши,483
Приморский край,Чукчи,36
Приморский край,Шорцы,1
Приморский край,"Эвенки (тунгус,эвенк)",77
Приморский край,"Эвены (ламут, эвен)",27
Приморский край,Эскимосы,4
Приморский край,Эстонцы,53
Приморский край,Юкагиры,3
Приморский край,Якуты (саха) (сахаляры),675
Приморский край,Японцы,36
Приморский край,Указавшие другие ответы о национальной принадлежности (не перечисленные выше),20854
Приморский край,Нет национальной принадлежности,8366
Приморский край,"Лица, в переписных листах которых национальная принадлежность не указана",371186
Приморский край,отказавшиеся отвечать на вопрос о национальной принадлежности,58082
Хабаровский край,Все население,1292944
Хабаровский край,Указавшие национальную принадлежность,1127765
Хабаровский край,Абазины,2
Хабаровский край,Абхазы,14
Хабаровский край,Аварцы,207
Хабаровский край,Агулы (агульцы),14
Хабаровский край,Адыгейцы (адыги),14
Хабаровский край,"Азербайджанцы (азер,бакинцы)",2376
Хабаровский край,Алеуты,2
Хабаровский край,Алтайцы (алтай),136
Хабаровский край,Теленгиты (алтай-теленгит),2
Хабаровский край,Тубалары,1
Хабаровский край,Челканцы,1
Хабаровский край,Американцы,4
Хабаровский край,"Арабы (алжирцы, аравийцы, египтяне, сирийцы)",14
Хабаровский край,Армяне,2263
Хабаровский край,Ассирийцы,1
Хабаровский край,Афганцы (афганистанцы),1
Хабаровский край,Балкарцы,23
Хабаровский край,"Башкиры (башкиро-татары, уранцы)",502
Хабаровский край,Белорусы (беларусы),1332
Хабаровский край,Болгары,61
Хабаровский край,"Британцы (англичане, шотландцы)",4
Хабаровский край,"Буряты (буряад, табангуты)",1143
Хабаровский край,Венгры,9
Хабаровский край,Вепсы (чудь),3
Хабаровский край,Вьетнамцы,125
Хабаровский край,Гагаузы,53
Хабаровский край,Горские евреи,1
Хабаровский край,Греки (рум),56
Хабаровский край,Грузины,348
Хабаровский край,Даргинцы,127
Хабаровский край,Долганы (долган),7
Хабаровский край,Дунгане,4
Хабаровский край,"Евреи (иудеи, польские евреи, русские евреи)",626
Хабаровский край,Езиды,13
Хабаровский край,Ингуши,182
Хабаровский край,Индийцы (индуисты),5
Хабаровский край,Испанцы,3
Хабаровский край,Итальянцы,3
Хабаровский край,Ительмены,21
Хабаровский край,Кабардинцы,81
Хабаровский край,Казахи,597
Хабаровский край,Калмыки,48
Хабаровский край,Камчадалы,5
Хабаровский край,Караимы,2
Хабаровский край,Каракалпаки,2
Хабаровский край,Карачаевцы (карачай),15
Хабаровский край,Карелы,10
Хабаровский край,Киргизы (кыргыз),701
Хабаровский край,Китайцы (ханьцы),667
Хабаровский край,Коми (зыряне),25
Хабаровский край,Коми-пермяки,19
Хабаровский край,Корейцы (русские корейцы),3740
Хабаровский край,Коряки,32
Хабаровский край,Алюторцы (нымыланы),1
Хабаровский край,Крымские татары,18
Хабаровский край,Кумандинцы (со),2
Хабаровский край,Кумыки,116
Хабаровский край,Курды (курд),5
Хабаровский край,Лакцы,28
Хабаровский край,Латыши (латвийцы),41
Хабаровский край,Латгальцы,2
Хабаровский край,Лезгины (лезги),200
Хабаровский край,Литовцы,76
Хабаровский край,Манси,3
Хабаровский край,"Марийцы (мари, марий)",140
Хабаровский край,"Молдаване (бессарабцы, бессарабы)",326
Хабаровский край,Монголы,8
Хабаровский край,"Мордва (мордвины, мордовцы)",413
Хабаровский край,Мордва-мокша (мокша),4
Хабаровский край,Мордва-эрзя (эрзя),8
Хабаровский край,"Нанайцы (гольды, нанай)",10813
Хабаровский край,Негидальцы (нигедальцы),467
Хабаровский край,"Немцы (прусаки, русские немцы)",606
Хабаровский край,"Ненцы (не, ненэчэ)",8
Хабаровский край,Нивхи (гиляки),1842
Хабаровский край,Ногайцы,33
Хабаровский край,Орочи (ороч),376
Хабаровский край,Осетины,196
Хабаровский край,Пакистанцы,1
Хабаровский край,Памирцы,1
Хабаровский край,"Персы (иранцы, фарс)",15
Хабаровский край,Поляки,159
Хабаровский край,Румыны,11
Хабаровский край,Русины (гуцулы),9
Хабаровский край,"Русские ( великороссы, гураны, мещеряки, русаки, сибиряки, чалдоны, якутяне)",1047221
Хабаровский край,"Казаки (донские казаки, терские казаки)",85
Хабаровский край,Поморы,1
Хабаровский край,Рутульцы,12
Хабаровский край,Сербы,5
Хабаровский край,Словаки,1
Хабаровский край,Сойоты (сойот),1
Хабаровский край,"Табасараны (табасаран, табасаранцы)",107
Хабаровский край,Таджики (тоджик),4332
Хабаровский край,Тазы (удэ с языком китайским или русским),8
Хабаровский край,Талыши,17
Хабаровский край,"Татары (башкирские татары, татар, татаро-башкиры)",3283
Хабаровский край,Кряшены (крещеные татары),2
Хабаровский край,Мишари,1
Хабаровский край,Телеуты,1
Хабаровский край,Тувинцы (тыва),312
Хабаровский край,Турки,31
Хабаровский край,Туркмены,32
Хабаровский край,Удины,1
Хабаровский край,Удмурты,148
Хабаровский край,"Удэгейцы (удэхе, удэхейцы)",548
Хабаровский край,Узбеки (локайцы),3656
Хабаровский край,Уйгуры,10
Хабаровский край,"Уйльта (орок, ороки, орочён)",12
Хабаровский край,"Украинцы (дальневосточные украинцы, русские украинцы)",7170
Хабаровский край,Ульчи (ульча),2375
Хабаровский край,Финны,10
Хабаровский край,Финны-ингерманландцы,1
Хабаровский край,Французы,3
Хабаровский край,Хакасы,73
Хабаровский край,Ханты,12
Хабаровский край,Цахуры,1
Хабаровский край,Цыгане,236
Хабаровский край,Черкесы,9
Хабаровский край,Чехи,3
Хабаровский край,Чеченцы (нохчо),123
Хабаровский край,Чуванцы,4
Хабаровский край,Чуваши (чаваш),356
Хабаровский край,Чукчи,111
Хабаровский край,Шорцы,9
Хабаровский край,"Эвенки (тунгус, эвенк)",3709
Хабаровский край,"Эвены (ламут, эвен, эвон, эвэн)",999
Хабаровский край,Эскимосы,13
Хабаровский край,Эстонцы,32
Хабаровский край,Юкагиры,6
Хабаровский край,Якуты (саха),987
Хабаровский край,Японцы,18
Хабаровский край,Указавшие другие ответы о национальной принадлежности (не перечисленные выше),16394
Хабаровский край,Нет национальной принадлежности,3818
Хабаровский край,"Лица, в переписных листах которых национальная принадлежность не указана",165179
Хабаровский край,отказавшиеся отвечать на вопрос о национальной принадлежности,60094
Амурская область,Все население,766912
Амурская область,Указавшие национальную принадлежность,724843
Амурская область,Абазины,1
Амурская область,Абхазы,18
Амурская область,Аварцы,81
Амурская область,Агулы,2
Амурская область,Адыгейцы (адыги),7
Амурская область,"Азербайджанцы (азер, терекеме)",1709
Амурская область,Алтайцы,32
Амурская область,Теленгиты,1
Амурская область,Американцы,1
Амурская область,"Арабы (алжирцы, иракцы, йеменцы, марокканцы, палестинцы, саудовцы)",60
Амурская область,Армяне (русские армяне),2988
Амурская область,Ассирийцы,2
Амурская область,Афганцы,5
Амурская область,Балкарцы,4
Амурская область,Башкиры,429
Амурская область,"Белорусы (беларусы, поляки с языком белорусским)",1224
Амурская область,Болгары,32
Амурская область,Британцы (англичане),6
Амурская область,Буряты (хамниганы),418
Амурская область,Венгры (мадьяр),11
Амурская область,Вьетнамцы,30
Амурская область,Гагаузы,28
Амурская область,Горские евреи,1
Амурская область,Греки (рум),50
Амурская область,Грузины,211
Амурская область,Даргинцы,72
Амурская область,Долганы,1
Амурская область,Дунгане,3
Амурская область,Евреи (иудеи),60
Амурская область,Езиды,4
Амурская область,Ингуши (калгаи),56
Амурская область,Индийцы (индуисты),2
Амурская область,Ительмены,1
Амурская область,Кабардинцы,16
Амурская область,Казахи,314
Амурская область,Калмыки,18
Амурская область,Каракалпаки,5
Амурская область,Карачаевцы,7
Амурская область,Карелы,5
Амурская область,Киргизы (кыргыз),506
Амурская область,Китайцы,1089
Амурская область,Коми,11
Амурская область,Коми-пермяки,11
Амурская область,Корейцы,215
Амурская область,Коряки,1
Амурская область,Крымские татары,11
Амурская область,Кубинцы,3
Амурская область,Кумандинцы,2
Амурская область,Кумыки,29
Амурская область,Курды (курд),8
Амурская область,Лакцы,13
Амурская область,Латыши (латвийцы),38
Амурская область,Латгальцы,1
Амурская область,Лезгины,130
Амурская область,Литовцы,44
Амурская область,Македонцы,1
Амурская область,"Марийцы (мари, марий)",118
Амурская область,Горные марийцы,1
Амурская область,Молдаване,276
Амурская область,Монголы,1
Амурская область,"Мордва (мордвины, мордовцы)",131
Амурская область,Мордва-эрзя,3
Амурская область,Нанайцы,18
Амурская область,Немцы (русские немцы),370
Амурская область,Ненцы,2
Амурская область,Нивхи (нибах),7
Амурская область,Ногайцы,11
Амурская область,Осетины,145
Амурская область,Осетины-дигорцы (дигорцы),1
Амурская область,Памирцы,1
Амурская область,Персы (иранцы),2
Амурская область,Поляки,74
Амурская область,Румыны,7
Амурская область,"Русские (великороссы, гураны, русаки, сибиряки, якутяне)",689864
Амурская область,Казаки (русские казаки),33
Амурская область,Поморы (архангельские поморы),1
Амурская область,Рутульцы,1
Амурская область,Селькупы,1
Амурская область,Сербы,12
Амурская область,Сойоты (сойот),1
Амурская область,Табасараны (табасаранцы),44
Амурская область,Таджики,1474
Амурская область,Талыши,15
Амурская область,Татары (татар),1546
Амурская область,"Тувинцы (тува, тыва)",232
Амурская область,Тувинцы-тоджинцы,2
Амурская область,Турки,62
Амурская область,Туркмены,101
Амурская область,Удмурты,89
Амурская область,Удэгейцы,2
Амурская область,Узбеки,2328
Амурская область,Уйгуры,5
Амурская область,Украинцы (русские украинцы),4422
Амурская область,Финны (суоми),3
Амурская область,Финны-ингерманландцы (ингерманландцы),1
Амурская область,Французы,3
Амурская область,Хакасы,40
Амурская область,Ханты,1
Амурская область,Цахуры (цахурцы),28
Амурская область,Цыгане,161
Амурская область,Черкесы,9
Амурская область,Чеченцы,89
Амурская область,Чуванцы,1
Амурская область,Чуваши,221
Амурская область,Чукчи,3
Амурская область,Шорцы,4
Амурская область,"Эвенки (тунгус, тунгусы, эвенк)",1405
Амурская область,"Эвены (ламут, эвен, эвон)",34
Амурская область,Эскимосы,1
Амурская область,Эстонцы,20
Амурская область,Якуты (саха) (сахаляры),240
Амурская область,Японцы,3
Амурская область,Указавшие другие ответы о национальной принадлежности (не перечисленные выше),7975
Амурская область,Нет национальной принадлежности,3214
Амурская область,"Лица, в переписных листах которых национальная принадлежность не указана",42069
Амурская область,отказавшиеся отвечать на вопрос о национальной принадлежности,16811
Магаданская область,Все население,136085
Магаданская область,Указавшие национальную принадлежность,125159
Магаданская область,Абазины,6
Магаданская область,Абхазы,3
Магаданская область,Аварцы,20
Магаданская область,Адыгейцы,8
Магаданская область,Азербайджанцы (азер),404
Магаданская область,Алеуты,4
Магаданская область,Алтайцы (алтай),154
Магаданская область,Теленгиты (алтайцы-теленгиты),3
Магаданская область,Тубалары,5
Магаданская область,Челканцы,1
Магаданская область,Американцы,1
Магаданская область,Армяне,262
Магаданская область,Балкарцы,11
Магаданская область,"Башкиры (башкирцы,уранцы)",153
Магаданская область,"Белорусы (беларусы, поляки с языком белорусским)",339
Магаданская область,Болгары,23
Магаданская область,Британцы (шотландцы),1
Магаданская область,Буряты (бурят-монголы),639
Магаданская область,Венгры,3
Магаданская область,Вепсы (чудь),2
Магаданская область,Гагаузы,11
Магаданская область,Греки,38
Магаданская область,Грузины,85
Магаданская область,Ингилойцы,2
Магаданская область,Даргинцы,14
Магаданская область,"Евреи (белорусские евреи, хасиды)",59
Магаданская область,Езиды,1
Магаданская область,Ингуши (орстхо),499
Магаданская область,Индийцы (индуисты),1
Магаданская область,Ительмены,541
Магаданская область,Кабардинцы,27
Магаданская область,Казахи,135
Магаданская область,Калмыки,92
Магаданская область,Камчадалы,156
Магаданская область,Караимы,1
Магаданская область,Карелы,1
Магаданская область,Киргизы (кыргыз),179
Магаданская область,Китайцы,30
Магаданская область,Коми,8
Магаданская область,Коми-пермяки,6
Магаданская область,Корейцы,70
Магаданская область,Коряки,742
Магаданская область,Крымские татары,6
Магаданская область,Крымчаки,1
Магаданская область,Кумандинцы,12
Магаданская область,Кумыки,9
Магаданская область,Лакцы,10
Магаданская область,Латыши,24
Магаданская область,Лезгины,66
Магаданская область,Литовцы,35
Магаданская область,"Марийцы (мари, марий)",38
Магаданская область,Молдаване,132
Магаданская область,Монголы,3
Магаданская область,Мордва (мордвины),37
Магаданская область,Нанайцы (гольды),5
Магаданская область,"Немцы (российские немцы, русские немцы)",137
Магаданская область,Ненцы,2
Магаданская область,Нивхи,13
Магаданская область,Ногайцы,22
Магаданская область,Орочи (ороч),94
Магаданская область,Осетины,275
Магаданская область,Осетины-дигорцы (дигорцы),4
Магаданская область,"Персы (иранцы, фарс, фарси)",17
Магаданская область,Поляки,36
Магаданская область,Румыны,1
Магаданская область,Русины,2
Магаданская область,"Русские (великороссы, кержаки)",109773
Магаданская область,"Казаки (донские казаки, русские казаки)",14
Магаданская область,Поморы,1
Магаданская область,Сербы,4
Магаданская область,Сойоты (сойот),1
Магаданская область,Табасараны (табасаранцы),10
Магаданская область,Таджики,188
Магаданская область,Талыши,2
Магаданская область,Татары (татар),622
Магаданская область,Тувинцы (тува),49
Магаданская область,Турки,3
Магаданская область,Туркмены,9
Магаданская область,Удмурты,33
Магаданская область,Удэгейцы,2
Магаданская область,Узбеки,904
Магаданская область,Уйгуры,2
Магаданская область,"Уйльта (ороки, орочён)",4
Магаданская область,"Украинцы (малороссы, русские украинцы)",3380
Магаданская область,Ульчи (ульча),1
Магаданская область,Финны,3
Магаданская область,Хакасы,44
Магаданская область,Цахуры (цахурцы),8
Магаданская область,Цыгане,7
Магаданская область,Черкесы,6
Магаданская область,Чехи,1
Магаданская область,Чеченцы,30
Магаданская область,Чуванцы,33
Магаданская область,Чуваши,68
Магаданская область,Чукчи,292
Магаданская область,Чулымцы,2
Магаданская область,Шорцы,4
Магаданская область,"Эвенки (тунгус, эвенк)",12
Магаданская область,"Эвены (ламут, ороч с языком эвенским, орочёл, орочи с языком эвенским, эвен, эвон, эвэн, эвены ламуты)",2062
Магаданская область,Эскимосы,41
Магаданская область,Эстонцы,16
Магаданская область,Юкагиры,69
Магаданская область,"Якуты (саха) (есейские якуты, ессейские якуты)",212
Магаданская область,Японцы,3
Магаданская область,Указавшие другие ответы о национальной принадлежности (не перечисленные выше),1293
Магаданская область,Нет национальной принадлежности,260
Магаданская область,"Лица, в переписных листах которых национальная принадлежность не указана",10926
Магаданская область,отказавшиеся отвечать на вопрос о национальной принадлежности,3589
Сахалинская область,Все население,466609
Сахалинская область,Указавшие национальную принадлежность,432876
Сахалинская область,Абазины,9
Сахалинская область,Абхазы,5
Сахалинская область,Аварцы,133
Сахалинская область,Бежтинцы,3
Сахалинская область,Агулы (агульцы),21
Сахалинская область,Адыгейцы (адыги),5
Сахалинская область,Азербайджанцы (азер),689
Сахалинская область,Алеуты,2
Сахалинская область,"Алтайцы (алтай, алтай-кижи)",532
Сахалинская область,Теленгиты,35
Сахалинская область,Тубалары,3
Сахалинская область,Американцы,5
Сахалинская область,"Арабы (иорданцы, палестинцы, сирийцы)",8
Сахалинская область,Армяне,1003
Сахалинская область,Ассирийцы,1
Сахалинская область,Афганцы,1
Сахалинская область,Балкарцы,7
Сахалинская область,"Башкиры (башкирцы, бушман)",290
Сахалинская область,"Белорусы (беларусы, поляки с языком белорусским)",836
Сахалинская область,Болгары,32
Сахалинская область,Британцы (англичане),1
Сахалинская область,"Буряты (буряад, бурят-монголы)",621
Сахалинская область,Венгры (мадьяр),8
Сахалинская область,Вьетнамцы,1
Сахалинская область,Гагаузы,4
Сахалинская область,Греки (рум),21
Сахалинская область,Грузины,112
Сахалинская область,Даргинцы,43
Сахалинская область,Дунгане (хуэй),1
Сахалинская область,"Евреи (польские евреи, русские евреи)",136
Сахалинская область,Езиды,4
Сахалинская область,Ингуши,40
Сахалинская область,Индийцы (индуисты),7
Сахалинская область,Испанцы,1
Сахалинская область,Итальянцы,2
Сахалинская область,Ительмены,1
Сахалинская область,Кабардинцы,32
Сахалинская область,Казахи,449
Сахалинская область,Калмыки (ойрат),96
Сахалинская область,Карачаевцы,4
Сахалинская область,Карелы,7
Сахалинская область,Киргизы (кыргыз),1954
Сахалинская область,Китайцы,35
Сахалинская область,Коми,21
Сахалинская область,Коми-пермяки,6
Сахалинская область,Корейцы (русские корейцы),16060
Сахалинская область,Коряки,6
Сахалинская область,Крымские татары,12
Сахалинская область,Кумандинцы,4
Сахалинская область,Кумыки,53
Сахалинская область,Курды (курд),1
Сахалинская область,Лакцы,20
Сахалинская область,Латыши (латвийцы),27
Сахалинская область,Лезгины,128
Сахалинская область,Литовцы,42
Сахалинская область,Македонцы,1
Сахалинская область,Манси,1
Сахалинская область,"Марийцы (мар, мари, марий)",100
Сахалинская область,Молдаване,185
Сахалинская область,Монголы,1
Сахалинская область,"Мордва (мордвины, мордовцы)",504
Сахалинская область,Мордва-эрзя (эрзя),8
Сахалинская область,Нагайбаки,2
Сахалинская область,Нанайцы,130
Сахалинская область,Негидальцы,1
Сахалинская область,Немцы (российские немцы),181
Сахалинская область,Ненцы (не),3
Сахалинская область,Нивхи,1848
Сахалинская область,Ногайцы,18
Сахалинская область,Орочи (ороч),17
Сахалинская область,Осетины (аланы),262
Сахалинская область,Памирцы,3
Сахалинская область,Персы (иранцы),3
Сахалинская область,Поляки,64
Сахалинская область,Румыны,1
Сахалинская область,Русины (гуцулы),5
Сахалинская область,"Русские (великороссы, гураны, сибиряки)",394794
Сахалинская область,Казаки (русские казаки),39
Сахалинская область,Поморы,3
Сахалинская область,Рутульцы (рутул),8
Сахалинская область,Сербы,4
Сахалинская область,Сойоты (сойот),3
Сахалинская область,"Табасараны (табасаран, табасаранцы)",89
Сахалинская область,Таджики,817
Сахалинская область,Тазы,2
Сахалинская область,Талыши,3
Сахалинская область,Татары (татар),2295
Сахалинская область,Тофалары,1
Сахалинская область,Тувинцы (тыва),508
Сахалинская область,Турки,16
Сахалинская область,Туркмены,72
Сахалинская область,Удмурты (вотяки),57
Сахалинская область,Удэгейцы,4
Сахалинская область,Узбеки,1414
Сахалинская область,Уйгуры,6
Сахалинская область,"Уйльта (орок, орочены-уийльта, орочён, ульта)",216
Сахалинская область,"Украинцы (малороссы, русские украинцы)",3634
Сахалинская область,Ульчи (ульча),5
Сахалинская область,Финны,2
Сахалинская область,Французы,5
Сахалинская область,Хакасы,75
Сахалинская область,Ханты,3
Сахалинская область,Хорваты,1
Сахалинская область,Цахуры (цахурцы),14
Сахалинская область,Цыгане (греческие цыгане),82
Сахалинская область,Черкесы,26
Сахалинская область,Чехи,1
Сахалинская область,Чеченцы (чечено-ингуши),193
Сахалинская область,Чуваши,306
Сахалинская область,Чукчи,6
Сахалинская область,Шорцы,7
Сахалинская область,"Эвенки (орочён с языком эвенкийским, тунгус, эвенк)",171
Сахалинская область,"Эвены (ламут, эвен, эвэн)",42
Сахалинская область,Эскимосы,4
Сахалинская область,Эстонцы,19
Сахалинская область,Якуты (саха),67
Сахалинская область,Японцы,93
Сахалинская область,Указавшие другие ответы о национальной принадлежности (не перечисленные выше),645
Сахалинская область,Нет национальной принадлежности,297
Сахалинская область,"Лица, в переписных листах которых национальная принадлежность не указана",33733
Сахалинская область,отказавшиеся отвечать на вопрос о национальной принадлежности,17644
Еврейская автономная область,Все население,150453
Еврейская автономная область,Указавшие национальную принадлежность,139679
Еврейская автономная область,Абхазы,1
Еврейская автономная область,Аварцы,52
Еврейская автономная область,Агулы,2
Еврейская автономная область,Азербайджанцы (азер),411
Еврейская автономная область,Алтайцы,4
Еврейская автономная область,Теленгиты,1
Еврейская автономная область,Арабы,6
Еврейская автономная область,Армяне,161
Еврейская автономная область,Башкиры,78
Еврейская автономная область,Белорусы (беларусы),179
Еврейская автономная область,Болгары,9
Еврейская автономная область,Боснийцы,1
Еврейская автономная область,Буряты (аларцы),46
Еврейская автономная область,Венгры,1
Еврейская автономная область,Гагаузы,8
Еврейская автономная область,Греки,8
Еврейская автономная область,Грузины,23
Еврейская автономная область,Аджарцы,1
Еврейская автономная область,Даргинцы,39
Еврейская автономная область,Дунгане,1
Еврейская автономная область,"Евреи (иудеи, русские евреи)",837
Еврейская автономная область,Ингуши,10
Еврейская автономная область,Ительмены,3
Еврейская автономная область,Кабардинцы,15
Еврейская автономная область,Казахи,58
Еврейская автономная область,Калмыки,7
Еврейская автономная область,Камчадалы,1
Еврейская автономная область,Киргизы (кыргыз),33
Еврейская автономная область,Китайцы,43
Еврейская автономная область,Коми,1
Еврейская автономная область,Коми-пермяки (пермяки),3
Еврейская автономная область,Корейцы,128
Еврейская автономная область,Коряки,7
Еврейская автономная область,Крымские татары,1
Еврейская автономная область,Кумыки,20
Еврейская автономная область,Курды (курд),12
Еврейская автономная область,Лакцы,4
Еврейская автономная область,Латыши (латвийцы),7
Еврейская автономная область,Лезгины,23
Еврейская автономная область,Литовцы,19
Еврейская автономная область,Марийцы (мари),26
Еврейская автономная область,Молдаване,187
Еврейская автономная область,"Мордва (мордвины, мордовцы)",51
Еврейская автономная область,Нанайцы,30
Еврейская автономная область,Нганасаны,1
Еврейская автономная область,Негидальцы (нигедальцы),3
Еврейская автономная область,Немцы (немцы поволжья),82
Еврейская автономная область,Ненцы,4
Еврейская автономная область,Нивхи,6
Еврейская автономная область,Ногайцы,7
Еврейская автономная область,Осетины,42
Еврейская автономная область,Персы,2
Еврейская автономная область,Поляки,28
Еврейская автономная область,Румыны,2
Еврейская автономная область,Русские (гураны),133625
Еврейская автономная область,Казаки (русские казаки),9
Еврейская автономная область,Табасараны (табасаранцы),15
Еврейская автономная область,Таджики,371
Еврейская автономная область,Талыши,5
Еврейская автономная область,Татары (татар),431
Еврейская автономная область,Тувинцы,35
Еврейская автономная область,Турки,2
Еврейская автономная область,Туркмены,3
Еврейская автономная область,Удмурты (вотяки),22
Еврейская автономная область,Удэгейцы,2
Еврейская автономная область,Узбеки,82
Еврейская автономная область,Уйгуры,3
Еврейская автономная область,Украинцы,1292
Еврейская автономная область,Ульчи (ульча),7
Еврейская автономная область,Французы (нормандцы),1
Еврейская автономная область,Хакасы,12
Еврейская автономная область,Ханты,1
Еврейская автономная область,Цыгане,65
Еврейская автономная область,Черкесы,3
Еврейская автономная область,Чеченцы,12
Еврейская автономная область,Чеченцы-аккинцы (акинцы),1
Еврейская автономная область,Чуваши,74
Еврейская автономная область,Чукчи,4
Еврейская автономная область,Эвенки (эвенк),38
Еврейская автономная область,"Эвены (ламут, эвен)",9
Еврейская автономная область,Эстонцы,1
Еврейская автономная область,Якуты (саха),20
Еврейская автономная область,Японцы,1
Еврейская автономная область,Указавшие другие ответы о национальной принадлежности (не перечисленные выше),351
Еврейская автономная область,Нет национальной принадлежности,459
Еврейская автономная область,"Лица, в переписных листах которых национальная принадлежность не указана",10774
Еврейская автономная область,отказавшиеся отвечать на вопрос о национальной принадлежности,4365
Чукотский автономный округ,Все население,47490
Чукотский автономный округ,Указавшие национальную принадлежность,47044
Чукотский автономный округ,Абхазы,2
Чукотский автономный округ,Аварцы,16
Чукотский автономный округ,Агулы (агульцы),2
Чукотский автономный округ,Адыгейцы,4
Чукотский автономный округ,Азербайджанцы,60
Чукотский автономный округ,Алеуты,1
Чукотский автономный округ,Алтайцы,98
Чукотский автономный округ,Теленгиты,9
Чукотский автономный округ,Тубалары,1
Чукотский автономный округ,Армяне,97
Чукотский автономный округ,Ассирийцы,1
Чукотский автономный округ,Балкарцы,10
Чукотский автономный округ,Башкиры,107
Чукотский автономный округ,Белорусы (беларусы),165
Чукотский автономный округ,Болгары,9
Чукотский автономный округ,Буряты (бурят-монголы),229
Чукотский автономный округ,Гагаузы,3
Чукотский автономный округ,Греки,16
Чукотский автономный округ,Грузины,22
Чукотский автономный округ,Аджарцы,1
Чукотский автономный округ,Даргинцы,50
Чукотский автономный округ,Долганы (долган),6
Чукотский автономный округ,Дунгане,1
Чукотский автономный округ,Евреи,16
Чукотский автономный округ,Ингуши,13
Чукотский автономный округ,Индийцы,1
Чукотский автономный округ,Ительмены,5
Чукотский автономный округ,Кабардинцы,26
Чукотский автономный округ,Казахи,137
Чукотский автономный округ,Калмыки,398
Чукотский автономный округ,Камчадалы,7
Чукотский автономный округ,Карачаевцы,3
Чукотский автономный округ,Карелы,1
Чукотский автономный округ,Кереки,6
Чукотский автономный округ,Кеты,1
Чукотский автономный округ,Юги (югын),1
Чукотский автономный округ,Киргизы (кыргыз),35
Чукотский автономный округ,Коми,2
Чукотский автономный округ,Коми-пермяки (пермяки),4
Чукотский автономный округ,Корейцы,19
Чукотский автономный округ,Коряки,54
Чукотский автономный округ,Крымские татары,1
Чукотский автономный округ,Кумандинцы,4
Чукотский автономный округ,Кумыки,4
Чукотский автономный округ,Лакцы,18
Чукотский автономный округ,Латыши,6
Чукотский автономный округ,Лезгины,16
Чукотский автономный округ,Литовцы (литвины с языком литовским),7
Чукотский автономный округ,Манси,1
Чукотский автономный округ,"Марийцы (мари, марий)",88
Чукотский автономный округ,Молдаване,57
Чукотский автономный округ,Мордва (мордвины),21
Чукотский автономный округ,Нанайцы,6
Чукотский автономный округ,Немцы,56
Чукотский автономный округ,Ненцы,16
Чукотский автономный округ,Нивхи,1
Чукотский автономный округ,Ногайцы,8
Чукотский автономный округ,Осетины,79
Чукотский автономный округ,Поляки,14
Чукотский автономный округ,"Русские (кубанцы, мещеряки)",25503
Чукотский автономный округ,Казаки (кубанские казаки),9
Чукотский автономный округ,Рутульцы,3
Чукотский автономный округ,Сербы,9
Чукотский автономный округ,"Табасараны (табасаран, табасаранцы)",31
Чукотский автономный округ,Таджики,33
Чукотский автономный округ,Талыши,5
Чукотский автономный округ,Татары (татар),345
Чукотский автономный округ,Мишари (мещеряки с языком татарским),1
Чукотский автономный округ,Тувинцы (тыва),27
Чукотский автономный округ,Турки,11
Чукотский автономный округ,Туркмены,7
Чукотский автономный округ,Удмурты,7
Чукотский автономный округ,Узбеки,182
Чукотский автономный округ,Уйгуры,1
Чукотский автономный округ,Украинцы,1526
Чукотский автономный округ,Ульчи (ульча),2
Чукотский автономный округ,Хакасы,47
Чукотский автономный округ,Ханты,1
Чукотский автономный округ,Цыгане,9
Чукотский автономный округ,Черкесы,5
Чукотский автономный округ,Чеченцы,8
Чукотский автономный округ,Чуванцы,742
Чукотский автономный округ,Чуваши,114
Чукотский автономный округ,"Чукчи (лыгъоравэтлъан, чаучу)",13292
Чукотский автономный округ,Шорцы,6
Чукотский автономный округ,Эвенки (эвенк),13
Чукотский автономный округ,"Эвены (ламут, ороч с языком эвенским, эвен, эвон, эвэн, эвены ламуты)",1285
Чукотский автономный округ,Эскимосы,1460
Чукотский автономный округ,Эстонцы,3
Чукотский автономный округ,Юкагиры,151
Чукотский автономный округ,Якуты (саха),47
Чукотский автономный округ,Указавшие другие ответы о национальной принадлежности (не перечисленные выше),126
Чукотский автономный округ,Нет национальной принадлежности,13
Чукотский автономный округ,"Лица, в переписных листах которых национальная принадлежность не указана",446
Чукотский автономный округ,отказавшиеся отвечать на вопрос о национальной принадлежности,215
